<?xml version="1.0" encoding="UTF-8"?>
<kml xmlns="http://www.opengis.net/kml/2.2"><Document><name>Balloon prediction</name>
<Placemark><name>predicted path</name><LineString><altitudeMode>absolute</altitudeMode>
<coordinates>-117.000000,35.000000,700 -116.999878,35.000030,711 -116.999755,35.000059,721 -116.999631,35.000089,732 -116.999506,35.000119,743 -116.999380,35.000149,754 -116.999253,35.000180,764 -116.999126,35.000210,775 -116.998997,35.000240,786 -116.998867,35.000271,796 -116.998737,35.000302,807 -116.998605,35.000333,818 -116.998473,35.000363,829 -116.998339,35.000394,839 -116.998205,35.000426,850 -116.998070,35.000457,861 -116.997934,35.000488,871 -116.997797,35.000520,882 -116.997659,35.000551,893 -116.997520,35.000583,904 -116.997380,35.000615,914 -116.997239,35.000647,925 -116.997097,35.000678,936 -116.996954,35.000711,947 -116.996810,35.000743,957 -116.996666,35.000775,968 -116.996520,35.000807,979 -116.996373,35.000840,990 -116.996226,35.000872,1000 -116.996077,35.000905,1011 -116.995928,35.000937,1022 -116.995779,35.000970,1033 -116.995628,35.001003,1043 -116.995477,35.001036,1054 -116.995326,35.001069,1065 -116.995174,35.001102,1076 -116.995021,35.001135,1086 -116.994868,35.001168,1097 -116.994714,35.001201,1108 -116.994560,35.001234,1119 -116.994405,35.001268,1129 -116.994249,35.001301,1140 -116.994093,35.001334,1151 -116.993937,35.001368,1162 -116.993779,35.001401,1173 -116.993621,35.001435,1183 -116.993463,35.001469,1194 -116.993304,35.001502,1205 -116.993144,35.001536,1216 -116.992984,35.001570,1227 -116.992823,35.001604,1237 -116.992661,35.001638,1248 -116.992499,35.001672,1259 -116.992337,35.001706,1270 -116.992173,35.001740,1281 -116.992009,35.001775,1291 -116.991845,35.001809,1302 -116.991680,35.001843,1313 -116.991514,35.001878,1324 -116.991348,35.001912,1335 -116.991181,35.001946,1345 -116.991014,35.001981,1356 -116.990846,35.002016,1367 -116.990677,35.002050,1378 -116.990508,35.002085,1389 -116.990338,35.002120,1399 -116.990168,35.002155,1410 -116.989997,35.002189,1421 -116.989825,35.002224,1432 -116.989653,35.002259,1443 -116.989480,35.002294,1454 -116.989307,35.002329,1464 -116.989133,35.002364,1475 -116.988958,35.002400,1486 -116.988783,35.002435,1497 -116.988607,35.002470,1508 -116.988431,35.002505,1519 -116.988254,35.002541,1529 -116.988076,35.002576,1540 -116.987898,35.002612,1551 -116.987719,35.002647,1562 -116.987540,35.002683,1573 -116.987360,35.002718,1584 -116.987179,35.002754,1595 -116.986998,35.002789,1605 -116.986816,35.002825,1616 -116.986634,35.002861,1627 -116.986451,35.002897,1638 -116.986267,35.002933,1649 -116.986083,35.002968,1660 -116.985898,35.003004,1671 -116.985713,35.003040,1682 -116.985527,35.003076,1692 -116.985340,35.003112,1703 -116.985153,35.003148,1714 -116.984965,35.003185,1725 -116.984777,35.003221,1736 -116.984588,35.003257,1747 -116.984398,35.003293,1758 -116.984208,35.003329,1769 -116.984017,35.003366,1779 -116.983826,35.003402,1790 -116.983634,35.003438,1801 -116.983441,35.003475,1812 -116.983248,35.003511,1823 -116.983054,35.003548,1834 -116.982860,35.003584,1845 -116.982665,35.003621,1856 -116.982469,35.003658,1867 -116.982273,35.003694,1878 -116.982076,35.003731,1888 -116.981879,35.003767,1899 -116.981681,35.003804,1910 -116.981482,35.003841,1921 -116.981283,35.003878,1932 -116.981083,35.003915,1943 -116.980882,35.003951,1954 -116.980681,35.003988,1965 -116.980479,35.004025,1976 -116.980277,35.004062,1987 -116.980074,35.004099,1998 -116.979871,35.004136,2009 -116.979667,35.004173,2020 -116.979462,35.004210,2030 -116.979256,35.004247,2041 -116.979051,35.004284,2052 -116.978844,35.004321,2063 -116.978637,35.004358,2074 -116.978429,35.004396,2085 -116.978221,35.004433,2096 -116.978012,35.004470,2107 -116.977802,35.004507,2118 -116.977592,35.004544,2129 -116.977381,35.004582,2140 -116.977170,35.004619,2151 -116.976958,35.004656,2162 -116.976745,35.004694,2173 -116.976532,35.004731,2184 -116.976318,35.004768,2195 -116.976103,35.004806,2206 -116.975888,35.004843,2217 -116.975672,35.004881,2228 -116.975456,35.004918,2239 -116.975239,35.004955,2250 -116.975022,35.004993,2261 -116.974804,35.005030,2272 -116.974585,35.005068,2283 -116.974365,35.005105,2294 -116.974145,35.005143,2305 -116.973925,35.005180,2316 -116.973704,35.005218,2327 -116.973482,35.005256,2337 -116.973259,35.005293,2348 -116.973036,35.005331,2359 -116.972813,35.005368,2370 -116.972588,35.005406,2381 -116.972363,35.005444,2392 -116.972138,35.005481,2403 -116.971912,35.005519,2415 -116.971685,35.005557,2426 -116.971458,35.005594,2437 -116.971230,35.005632,2448 -116.971001,35.005670,2459 -116.970772,35.005707,2470 -116.970542,35.005745,2481 -116.970312,35.005783,2492 -116.970081,35.005821,2503 -116.969849,35.005858,2514 -116.969617,35.005896,2525 -116.969384,35.005934,2536 -116.969150,35.005971,2547 -116.968916,35.006009,2558 -116.968682,35.006047,2569 -116.968446,35.006085,2580 -116.968210,35.006122,2591 -116.967974,35.006160,2602 -116.967736,35.006198,2613 -116.967499,35.006236,2624 -116.967260,35.006273,2635 -116.967021,35.006311,2646 -116.966782,35.006349,2657 -116.966541,35.006387,2668 -116.966300,35.006424,2679 -116.966059,35.006462,2690 -116.965817,35.006500,2701 -116.965574,35.006538,2712 -116.965330,35.006575,2724 -116.965086,35.006613,2735 -116.964842,35.006651,2746 -116.964597,35.006689,2757 -116.964351,35.006726,2768 -116.964104,35.006764,2779 -116.963857,35.006802,2790 -116.963609,35.006839,2801 -116.963361,35.006877,2812 -116.963112,35.006915,2823 -116.962863,35.006953,2834 -116.962612,35.006990,2845 -116.962362,35.007028,2856 -116.962110,35.007065,2868 -116.961858,35.007103,2879 -116.961605,35.007141,2890 -116.961352,35.007178,2901 -116.961098,35.007216,2912 -116.960844,35.007254,2923 -116.960588,35.007291,2934 -116.960333,35.007329,2945 -116.960076,35.007366,2956 -116.959819,35.007404,2967 -116.959561,35.007441,2979 -116.959303,35.007479,2990 -116.959044,35.007516,3001 -116.958785,35.007554,3012 -116.958525,35.007591,3023 -116.958264,35.007629,3034 -116.958002,35.007666,3045 -116.957740,35.007704,3056 -116.957477,35.007742,3068 -116.957214,35.007779,3079 -116.956950,35.007817,3090 -116.956685,35.007854,3101 -116.956419,35.007892,3112 -116.956153,35.007930,3123 -116.955887,35.007968,3134 -116.955619,35.008005,3146 -116.955351,35.008043,3157 -116.955082,35.008081,3168 -116.954813,35.008119,3179 -116.954543,35.008157,3190 -116.954272,35.008194,3201 -116.954001,35.008232,3212 -116.953729,35.008270,3224 -116.953456,35.008308,3235 -116.953183,35.008346,3246 -116.952909,35.008384,3257 -116.952634,35.008422,3268 -116.952359,35.008460,3279 -116.952083,35.008498,3291 -116.951806,35.008536,3302 -116.951529,35.008574,3313 -116.951251,35.008612,3324 -116.950972,35.008650,3335 -116.950693,35.008688,3347 -116.950413,35.008726,3358 -116.950132,35.008764,3369 -116.949851,35.008802,3380 -116.949569,35.008840,3391 -116.949287,35.008878,3402 -116.949003,35.008916,3414 -116.948719,35.008954,3425 -116.948435,35.008993,3436 -116.948149,35.009031,3447 -116.947864,35.009069,3459 -116.947577,35.009107,3470 -116.947290,35.009145,3481 -116.947002,35.009183,3492 -116.946713,35.009222,3503 -116.946424,35.009260,3515 -116.946134,35.009298,3526 -116.945844,35.009336,3537 -116.945552,35.009374,3548 -116.945261,35.009413,3559 -116.944968,35.009451,3571 -116.944675,35.009489,3582 -116.944381,35.009527,3593 -116.944086,35.009566,3604 -116.943791,35.009604,3616 -116.943495,35.009642,3627 -116.943199,35.009681,3638 -116.942902,35.009719,3649 -116.942604,35.009757,3661 -116.942305,35.009795,3672 -116.942006,35.009834,3683 -116.941706,35.009872,3694 -116.941406,35.009910,3706 -116.941104,35.009949,3717 -116.940803,35.009987,3728 -116.940500,35.010025,3739 -116.940197,35.010064,3751 -116.939893,35.010102,3762 -116.939588,35.010140,3773 -116.939283,35.010178,3784 -116.938977,35.010217,3796 -116.938671,35.010255,3807 -116.938364,35.010293,3818 -116.938056,35.010332,3830 -116.937747,35.010370,3841 -116.937438,35.010408,3852 -116.937128,35.010447,3863 -116.936818,35.010485,3875 -116.936506,35.010523,3886 -116.936195,35.010561,3897 -116.935882,35.010600,3909 -116.935569,35.010638,3920 -116.935255,35.010676,3931 -116.934940,35.010715,3942 -116.934625,35.010753,3954 -116.934309,35.010791,3965 -116.933993,35.010829,3976 -116.933675,35.010868,3988 -116.933357,35.010906,3999 -116.933039,35.010944,4010 -116.932720,35.010982,4022 -116.932400,35.011020,4033 -116.932079,35.011059,4044 -116.931758,35.011097,4056 -116.931436,35.011135,4067 -116.931113,35.011173,4078 -116.930790,35.011211,4090 -116.930466,35.011250,4101 -116.930141,35.011288,4112 -116.929816,35.011326,4124 -116.929490,35.011364,4135 -116.929164,35.011402,4146 -116.928836,35.011440,4158 -116.928508,35.011478,4169 -116.928180,35.011516,4180 -116.927850,35.011555,4192 -116.927520,35.011593,4203 -116.927190,35.011631,4214 -116.926858,35.011669,4226 -116.926526,35.011707,4237 -116.926194,35.011745,4248 -116.925860,35.011783,4260 -116.925526,35.011821,4271 -116.925191,35.011859,4282 -116.924856,35.011897,4294 -116.924520,35.011934,4305 -116.924183,35.011972,4317 -116.923846,35.012010,4328 -116.923508,35.012048,4339 -116.923169,35.012086,4351 -116.922829,35.012124,4362 -116.922489,35.012162,4374 -116.922148,35.012199,4385 -116.921807,35.012237,4396 -116.921465,35.012275,4408 -116.921122,35.012313,4419 -116.920778,35.012350,4430 -116.920434,35.012388,4442 -116.920089,35.012426,4453 -116.919744,35.012463,4465 -116.919398,35.012501,4476 -116.919051,35.012539,4488 -116.918703,35.012576,4499 -116.918355,35.012614,4510 -116.918006,35.012651,4522 -116.917656,35.012689,4533 -116.917306,35.012726,4545 -116.916955,35.012764,4556 -116.916604,35.012801,4567 -116.916251,35.012839,4579 -116.915898,35.012876,4590 -116.915545,35.012914,4602 -116.915190,35.012951,4613 -116.914835,35.012988,4625 -116.914479,35.013025,4636 -116.914123,35.013063,4648 -116.913766,35.013100,4659 -116.913408,35.013137,4670 -116.913050,35.013174,4682 -116.912691,35.013211,4693 -116.912331,35.013249,4705 -116.911970,35.013286,4716 -116.911609,35.013323,4728 -116.911247,35.013360,4739 -116.910885,35.013397,4751 -116.910522,35.013434,4762 -116.910158,35.013471,4774 -116.909793,35.013508,4785 -116.909428,35.013544,4796 -116.909062,35.013581,4808 -116.908695,35.013618,4819 -116.908328,35.013655,4831 -116.907960,35.013692,4842 -116.907592,35.013728,4854 -116.907222,35.013765,4865 -116.906852,35.013802,4877 -116.906482,35.013838,4888 -116.906110,35.013875,4900 -116.905738,35.013911,4911 -116.905365,35.013948,4923 -116.904992,35.013984,4934 -116.904618,35.014021,4946 -116.904243,35.014057,4957 -116.903867,35.014093,4969 -116.903491,35.014130,4980 -116.903114,35.014166,4992 -116.902737,35.014202,5003 -116.902359,35.014238,5015 -116.901980,35.014274,5026 -116.901600,35.014311,5038 -116.901220,35.014347,5049 -116.900839,35.014383,5061 -116.900457,35.014419,5073 -116.900075,35.014455,5084 -116.899692,35.014490,5096 -116.899308,35.014526,5107 -116.898924,35.014562,5119 -116.898539,35.014598,5130 -116.898153,35.014634,5142 -116.897767,35.014669,5153 -116.897379,35.014705,5165 -116.896992,35.014740,5176 -116.896603,35.014776,5188 -116.896214,35.014811,5200 -116.895824,35.014847,5211 -116.895433,35.014882,5223 -116.895042,35.014918,5234 -116.894650,35.014953,5246 -116.894258,35.014988,5257 -116.893864,35.015023,5269 -116.893470,35.015059,5281 -116.893076,35.015094,5292 -116.892680,35.015129,5304 -116.892284,35.015164,5315 -116.891887,35.015199,5327 -116.891490,35.015234,5338 -116.891092,35.015269,5350 -116.890693,35.015303,5362 -116.890293,35.015338,5373 -116.889893,35.015373,5385 -116.889492,35.015408,5396 -116.889091,35.015442,5408 -116.888688,35.015477,5420 -116.888285,35.015511,5431 -116.887882,35.015546,5443 -116.887477,35.015580,5454 -116.887072,35.015614,5466 -116.886667,35.015649,5478 -116.886260,35.015683,5489 -116.885853,35.015717,5501 -116.885445,35.015751,5512 -116.885037,35.015785,5524 -116.884628,35.015819,5536 -116.884218,35.015853,5547 -116.883807,35.015887,5559 -116.883396,35.015921,5571 -116.882984,35.015955,5582 -116.882571,35.015989,5594 -116.882158,35.016022,5606 -116.881744,35.016056,5617 -116.881329,35.016089,5629 -116.880914,35.016123,5641 -116.880498,35.016156,5652 -116.880081,35.016190,5664 -116.879664,35.016223,5675 -116.879245,35.016256,5687 -116.878826,35.016289,5699 -116.878407,35.016322,5710 -116.877987,35.016355,5722 -116.877566,35.016388,5734 -116.877144,35.016421,5745 -116.876722,35.016454,5757 -116.876299,35.016487,5769 -116.875875,35.016520,5781 -116.875451,35.016552,5792 -116.875025,35.016585,5804 -116.874600,35.016617,5816 -116.874173,35.016650,5827 -116.873746,35.016682,5839 -116.873318,35.016715,5851 -116.872889,35.016747,5862 -116.872460,35.016779,5874 -116.872030,35.016811,5886 -116.871599,35.016843,5897 -116.871168,35.016875,5909 -116.870736,35.016907,5921 -116.870303,35.016939,5933 -116.869870,35.016971,5944 -116.869436,35.017002,5956 -116.869001,35.017034,5968 -116.868565,35.017066,5979 -116.868129,35.017097,5991 -116.867692,35.017128,6003 -116.867254,35.017160,6015 -116.866815,35.017191,6026 -116.866376,35.017222,6038 -116.865935,35.017253,6050 -116.865493,35.017285,6062 -116.865050,35.017316,6073 -116.864606,35.017347,6085 -116.864161,35.017378,6097 -116.863715,35.017409,6109 -116.863268,35.017440,6120 -116.862820,35.017470,6132 -116.862370,35.017501,6144 -116.861920,35.017532,6156 -116.861469,35.017562,6167 -116.861017,35.017593,6179 -116.860563,35.017624,6191 -116.860109,35.017654,6203 -116.859653,35.017685,6214 -116.859197,35.017715,6226 -116.858739,35.017745,6238 -116.858281,35.017775,6250 -116.857821,35.017806,6262 -116.857361,35.017836,6273 -116.856899,35.017866,6285 -116.856436,35.017896,6297 -116.855972,35.017926,6309 -116.855508,35.017956,6321 -116.855042,35.017985,6332 -116.854575,35.018015,6344 -116.854107,35.018045,6356 -116.853638,35.018074,6368 -116.853168,35.018104,6380 -116.852697,35.018133,6391 -116.852224,35.018163,6403 -116.851751,35.018192,6415 -116.851277,35.018221,6427 -116.850802,35.018251,6439 -116.850325,35.018280,6450 -116.849848,35.018309,6462 -116.849369,35.018338,6474 -116.848890,35.018367,6486 -116.848409,35.018396,6498 -116.847928,35.018424,6510 -116.847445,35.018453,6521 -116.846962,35.018482,6533 -116.846477,35.018510,6545 -116.845991,35.018539,6557 -116.845504,35.018567,6569 -116.845016,35.018595,6581 -116.844527,35.018624,6593 -116.844037,35.018652,6604 -116.843546,35.018680,6616 -116.843054,35.018708,6628 -116.842561,35.018736,6640 -116.842067,35.018764,6652 -116.841572,35.018791,6664 -116.841075,35.018819,6676 -116.840578,35.018847,6688 -116.840080,35.018874,6699 -116.839580,35.018902,6711 -116.839080,35.018929,6723 -116.838578,35.018956,6735 -116.838075,35.018983,6747 -116.837572,35.019010,6759 -116.837067,35.019037,6771 -116.836561,35.019064,6783 -116.836054,35.019091,6795 -116.835547,35.019118,6806 -116.835038,35.019144,6818 -116.834528,35.019171,6830 -116.834017,35.019197,6842 -116.833504,35.019224,6854 -116.832991,35.019250,6866 -116.832477,35.019276,6878 -116.831962,35.019302,6890 -116.831445,35.019328,6902 -116.830928,35.019354,6914 -116.830410,35.019380,6926 -116.829890,35.019406,6938 -116.829370,35.019431,6950 -116.828848,35.019457,6961 -116.828325,35.019482,6973 -116.827802,35.019508,6985 -116.827277,35.019533,6997 -116.826751,35.019558,7009 -116.826224,35.019583,7021 -116.825696,35.019608,7033 -116.825167,35.019633,7045 -116.824637,35.019657,7057 -116.824106,35.019682,7069 -116.823574,35.019707,7081 -116.823040,35.019731,7093 -116.822506,35.019755,7105 -116.821971,35.019779,7117 -116.821434,35.019804,7129 -116.820897,35.019828,7141 -116.820358,35.019851,7153 -116.819818,35.019875,7165 -116.819278,35.019899,7177 -116.818736,35.019922,7189 -116.818193,35.019946,7201 -116.817649,35.019969,7213 -116.817104,35.019992,7225 -116.816558,35.020016,7237 -116.816011,35.020039,7249 -116.815463,35.020061,7261 -116.814914,35.020084,7273 -116.814364,35.020107,7285 -116.813812,35.020129,7297 -116.813260,35.020152,7309 -116.812707,35.020174,7321 -116.812152,35.020196,7333 -116.811597,35.020218,7345 -116.811040,35.020240,7357 -116.810482,35.020262,7369 -116.809923,35.020284,7381 -116.809364,35.020306,7393 -116.808803,35.020327,7405 -116.808241,35.020348,7417 -116.807678,35.020370,7429 -116.807114,35.020391,7441 -116.806548,35.020412,7453 -116.805982,35.020433,7465 -116.805415,35.020454,7478 -116.804847,35.020474,7490 -116.804277,35.020495,7502 -116.803707,35.020515,7514 -116.803135,35.020535,7526 -116.802562,35.020555,7538 -116.801989,35.020575,7550 -116.801414,35.020595,7562 -116.800838,35.020615,7574 -116.800261,35.020635,7586 -116.799683,35.020654,7598 -116.799104,35.020673,7610 -116.798524,35.020693,7622 -116.797943,35.020712,7635 -116.797361,35.020731,7647 -116.796777,35.020750,7659 -116.796193,35.020768,7671 -116.795608,35.020787,7683 -116.795021,35.020805,7695 -116.794433,35.020823,7707 -116.793845,35.020842,7719 -116.793255,35.020860,7731 -116.792664,35.020877,7744 -116.792072,35.020895,7756 -116.791479,35.020913,7768 -116.790885,35.020930,7780 -116.790290,35.020948,7792 -116.789694,35.020965,7804 -116.789097,35.020982,7816 -116.788498,35.020999,7828 -116.787899,35.021015,7841 -116.787299,35.021032,7853 -116.786697,35.021048,7865 -116.786094,35.021065,7877 -116.785491,35.021081,7889 -116.784886,35.021097,7901 -116.784280,35.021113,7914 -116.783673,35.021128,7926 -116.783065,35.021144,7938 -116.782456,35.021159,7950 -116.781846,35.021175,7962 -116.781235,35.021190,7974 -116.780623,35.021205,7987 -116.780009,35.021220,7999 -116.779395,35.021234,8011 -116.778779,35.021249,8023 -116.778163,35.021263,8035 -116.777545,35.021277,8047 -116.776926,35.021291,8060 -116.776306,35.021305,8072 -116.775686,35.021319,8084 -116.775064,35.021333,8096 -116.774441,35.021346,8108 -116.773816,35.021359,8121 -116.773191,35.021372,8133 -116.772565,35.021385,8145 -116.771938,35.021398,8157 -116.771309,35.021411,8170 -116.770680,35.021423,8182 -116.770049,35.021436,8194 -116.769417,35.021448,8206 -116.768785,35.021460,8218 -116.768151,35.021471,8231 -116.767516,35.021483,8243 -116.766880,35.021495,8255 -116.766243,35.021506,8267 -116.765605,35.021517,8280 -116.764965,35.021528,8292 -116.764325,35.021539,8304 -116.763684,35.021549,8316 -116.763041,35.021560,8329 -116.762398,35.021570,8341 -116.761753,35.021580,8353 -116.761107,35.021590,8366 -116.760460,35.021600,8378 -116.759813,35.021610,8390 -116.759164,35.021619,8402 -116.758514,35.021628,8415 -116.757862,35.021637,8427 -116.757210,35.021646,8439 -116.756557,35.021655,8451 -116.755903,35.021664,8464 -116.755247,35.021672,8476 -116.754591,35.021680,8488 -116.753933,35.021688,8501 -116.753274,35.021696,8513 -116.752614,35.021704,8525 -116.751954,35.021711,8538 -116.751292,35.021718,8550 -116.750629,35.021726,8562 -116.749964,35.021732,8575 -116.749299,35.021739,8587 -116.748633,35.021746,8599 -116.747965,35.021752,8612 -116.747297,35.021758,8624 -116.746627,35.021764,8636 -116.745957,35.021770,8649 -116.745285,35.021776,8661 -116.744612,35.021781,8673 -116.743938,35.021786,8686 -116.743263,35.021792,8698 -116.742587,35.021796,8710 -116.741910,35.021801,8723 -116.741232,35.021806,8735 -116.740553,35.021810,8747 -116.739872,35.021814,8760 -116.739191,35.021818,8772 -116.738508,35.021822,8784 -116.737824,35.021825,8797 -116.737139,35.021828,8809 -116.736454,35.021831,8822 -116.735767,35.021834,8834 -116.735079,35.021837,8846 -116.734389,35.021840,8859 -116.733699,35.021842,8871 -116.733008,35.021844,8884 -116.732316,35.021846,8896 -116.731622,35.021848,8908 -116.730927,35.021849,8921 -116.730232,35.021851,8933 -116.729535,35.021852,8946 -116.728837,35.021853,8958 -116.728138,35.021853,8970 -116.727438,35.021854,8983 -116.726737,35.021854,8995 -116.726035,35.021854,9008 -116.725332,35.021854,9020 -116.724628,35.021854,9033 -116.723923,35.021854,9045 -116.723217,35.021854,9057 -116.722511,35.021854,9070 -116.721804,35.021854,9082 -116.721096,35.021854,9095 -116.720387,35.021854,9107 -116.719677,35.021854,9120 -116.718967,35.021854,9132 -116.718255,35.021854,9145 -116.717543,35.021854,9157 -116.716830,35.021854,9170 -116.716116,35.021854,9182 -116.715402,35.021854,9194 -116.714686,35.021854,9207 -116.713970,35.021854,9219 -116.713253,35.021854,9232 -116.712535,35.021854,9244 -116.711816,35.021854,9257 -116.711097,35.021854,9269 -116.710376,35.021854,9282 -116.709655,35.021854,9294 -116.708933,35.021854,9307 -116.708210,35.021854,9319 -116.707487,35.021854,9332 -116.706762,35.021854,9344 -116.706037,35.021854,9357 -116.705311,35.021854,9369 -116.704584,35.021854,9382 -116.703856,35.021854,9394 -116.703127,35.021854,9407 -116.702398,35.021854,9420 -116.701667,35.021854,9432 -116.700936,35.021854,9445 -116.700204,35.021854,9457 -116.699472,35.021854,9470 -116.698738,35.021854,9482 -116.698004,35.021854,9495 -116.697268,35.021854,9507 -116.696532,35.021854,9520 -116.695796,35.021854,9532 -116.695058,35.021854,9545 -116.694319,35.021854,9558 -116.693580,35.021854,9570 -116.692840,35.021854,9583 -116.692099,35.021854,9595 -116.691357,35.021854,9608 -116.690614,35.021854,9620 -116.689871,35.021854,9633 -116.689126,35.021854,9646 -116.688381,35.021854,9658 -116.687635,35.021854,9671 -116.686888,35.021854,9683 -116.686141,35.021854,9696 -116.685392,35.021854,9709 -116.684643,35.021854,9721 -116.683893,35.021854,9734 -116.683142,35.021854,9746 -116.682390,35.021854,9759 -116.681637,35.021854,9772 -116.680884,35.021854,9784 -116.680130,35.021854,9797 -116.679374,35.021854,9810 -116.678618,35.021854,9822 -116.677862,35.021854,9835 -116.677104,35.021854,9847 -116.676346,35.021854,9860 -116.675586,35.021854,9873 -116.674826,35.021854,9885 -116.674065,35.021854,9898 -116.673303,35.021854,9911 -116.672541,35.021854,9923 -116.671777,35.021854,9936 -116.671013,35.021854,9949 -116.670248,35.021854,9961 -116.669482,35.021854,9974 -116.668715,35.021854,9987 -116.667948,35.021854,9999 -116.667179,35.021854,10012 -116.666410,35.021854,10025 -116.665640,35.021854,10037 -116.664869,35.021854,10050 -116.664097,35.021854,10063 -116.663324,35.021854,10076 -116.662551,35.021854,10088 -116.661776,35.021854,10101 -116.661001,35.021854,10114 -116.660225,35.021854,10126 -116.659448,35.021854,10139 -116.658671,35.021854,10152 -116.657892,35.021854,10165 -116.657113,35.021854,10177 -116.656333,35.021854,10190 -116.655552,35.021854,10203 -116.654770,35.021854,10215 -116.653987,35.021854,10228 -116.653203,35.021854,10241 -116.652419,35.021854,10254 -116.651634,35.021854,10266 -116.650848,35.021854,10279 -116.650061,35.021854,10292 -116.649273,35.021854,10305 -116.648485,35.021854,10318 -116.647695,35.021854,10330 -116.646905,35.021854,10343 -116.646114,35.021854,10356 -116.645322,35.021854,10369 -116.644529,35.021854,10381 -116.643735,35.021854,10394 -116.642941,35.021854,10407 -116.642146,35.021854,10420 -116.641349,35.021854,10433 -116.640552,35.021854,10445 -116.639755,35.021854,10458 -116.638956,35.021854,10471 -116.638156,35.021854,10484 -116.637356,35.021854,10497 -116.636555,35.021854,10509 -116.635753,35.021854,10522 -116.634950,35.021854,10535 -116.634146,35.021854,10548 -116.633342,35.021854,10561 -116.632536,35.021854,10574 -116.631730,35.021854,10586 -116.630923,35.021854,10599 -116.630115,35.021854,10612 -116.629306,35.021854,10625 -116.628496,35.021854,10638 -116.627686,35.021854,10651 -116.626874,35.021854,10663 -116.626062,35.021854,10676 -116.625249,35.021854,10689 -116.624435,35.021854,10702 -116.623620,35.021854,10715 -116.622805,35.021854,10728 -116.621988,35.021854,10741 -116.621171,35.021854,10754 -116.620353,35.021854,10766 -116.619534,35.021854,10779 -116.618714,35.021854,10792 -116.617893,35.021854,10805 -116.617072,35.021854,10818 -116.616249,35.021854,10831 -116.615426,35.021854,10844 -116.614602,35.021854,10857 -116.613777,35.021854,10870 -116.612951,35.021854,10883 -116.612125,35.021854,10895 -116.611297,35.021854,10908 -116.610469,35.021854,10921 -116.609640,35.021854,10934 -116.608810,35.021854,10947 -116.607979,35.021854,10960 -116.607147,35.021854,10973 -116.606314,35.021854,10986 -116.605481,35.021854,10999 -116.604647,35.021854,11012 -116.603813,35.021854,11025 -116.602981,35.021854,11038 -116.602150,35.021854,11051 -116.601320,35.021854,11064 -116.600491,35.021854,11077 -116.599664,35.021854,11090 -116.598837,35.021854,11103 -116.598012,35.021854,11116 -116.597188,35.021854,11129 -116.596364,35.021854,11142 -116.595543,35.021854,11155 -116.594722,35.021854,11168 -116.593902,35.021854,11181 -116.593084,35.021854,11194 -116.592266,35.021854,11207 -116.591450,35.021854,11220 -116.590635,35.021854,11233 -116.589821,35.021854,11246 -116.589008,35.021854,11259 -116.588197,35.021854,11272 -116.587386,35.021854,11285 -116.586577,35.021854,11298 -116.585768,35.021854,11311 -116.584961,35.021854,11324 -116.584156,35.021854,11337 -116.583351,35.021854,11350 -116.582547,35.021854,11363 -116.581745,35.021854,11376 -116.580943,35.021854,11389 -116.580143,35.021854,11403 -116.579344,35.021854,11416 -116.578546,35.021854,11429 -116.577750,35.021854,11442 -116.576954,35.021854,11455 -116.576160,35.021854,11468 -116.575366,35.021854,11481 -116.574574,35.021854,11494 -116.573783,35.021854,11507 -116.572993,35.021854,11521 -116.572205,35.021854,11534 -116.571417,35.021854,11547 -116.570631,35.021854,11560 -116.569846,35.021854,11573 -116.569062,35.021854,11586 -116.568279,35.021854,11599 -116.567497,35.021854,11613 -116.566716,35.021854,11626 -116.565937,35.021854,11639 -116.565159,35.021854,11652 -116.564382,35.021854,11665 -116.563606,35.021854,11678 -116.562831,35.021854,11692 -116.562057,35.021854,11705 -116.561285,35.021854,11718 -116.560513,35.021854,11731 -116.559743,35.021854,11744 -116.558974,35.021854,11758 -116.558206,35.021854,11771 -116.557440,35.021854,11784 -116.556674,35.021854,11797 -116.555910,35.021854,11810 -116.555147,35.021854,11824 -116.554385,35.021854,11837 -116.553624,35.021854,11850 -116.552864,35.021854,11863 -116.552105,35.021854,11877 -116.551348,35.021854,11890 -116.550592,35.021854,11903 -116.549837,35.021854,11916 -116.549083,35.021854,11930 -116.548330,35.021854,11943 -116.547579,35.021854,11956 -116.546828,35.021854,11970 -116.546079,35.021854,11983 -116.545331,35.021854,11996 -116.544584,35.021854,12009 -116.543838,35.021854,12023 -116.543094,35.021854,12036 -116.542350,35.021854,12049 -116.541608,35.021854,12063 -116.540867,35.021854,12076 -116.540127,35.021854,12089 -116.539388,35.021854,12103 -116.538651,35.021854,12116 -116.537915,35.021854,12129 -116.537179,35.021854,12143 -116.536445,35.021854,12156 -116.535712,35.021854,12169 -116.534981,35.021854,12183 -116.534250,35.021854,12196 -116.533521,35.021854,12209 -116.532793,35.021854,12223 -116.532066,35.021854,12236 -116.531340,35.021854,12250 -116.530615,35.021854,12263 -116.529892,35.021854,12276 -116.529170,35.021854,12290 -116.528449,35.021854,12303 -116.527729,35.021854,12317 -116.527010,35.021854,12330 -116.526292,35.021854,12343 -116.525576,35.021854,12357 -116.524861,35.021854,12370 -116.524147,35.021854,12384 -116.523434,35.021854,12397 -116.522722,35.021854,12410 -116.522012,35.021854,12424 -116.521302,35.021854,12437 -116.520594,35.021854,12451 -116.519887,35.021854,12464 -116.519181,35.021854,12478 -116.518477,35.021854,12491 -116.517773,35.021854,12505 -116.517071,35.021854,12518 -116.516370,35.021854,12532 -116.515670,35.021854,12545 -116.514972,35.021854,12559 -116.514274,35.021854,12572 -116.513578,35.021854,12586 -116.512883,35.021854,12599 -116.512189,35.021854,12613 -116.511496,35.021854,12626 -116.510804,35.021854,12640 -116.510114,35.021854,12653 -116.509425,35.021854,12667 -116.508737,35.021854,12680 -116.508050,35.021854,12694 -116.507364,35.021854,12707 -116.506680,35.021854,12721 -116.505997,35.021854,12734 -116.505315,35.021854,12748 -116.504634,35.021854,12761 -116.503954,35.021854,12775 -116.503276,35.021854,12789 -116.502598,35.021854,12802 -116.501922,35.021854,12816 -116.501247,35.021854,12829 -116.500574,35.021854,12843 -116.499901,35.021854,12857 -116.499230,35.021854,12870 -116.498560,35.021854,12884 -116.497891,35.021854,12897 -116.497223,35.021854,12911 -116.496557,35.021854,12925 -116.495891,35.021854,12938 -116.495227,35.021854,12952 -116.494564,35.021854,12965 -116.493902,35.021854,12979 -116.493242,35.021854,12993 -116.492582,35.021854,13006 -116.491924,35.021854,13020 -116.491268,35.021854,13034 -116.490612,35.021855,13047 -116.489959,35.021855,13061 -116.489306,35.021855,13075 -116.488655,35.021856,13088 -116.488005,35.021856,13102 -116.487357,35.021857,13116 -116.486710,35.021858,13129 -116.486065,35.021858,13143 -116.485421,35.021859,13157 -116.484778,35.021860,13171 -116.484137,35.021861,13184 -116.483497,35.021862,13198 -116.482859,35.021864,13212 -116.482222,35.021865,13225 -116.481586,35.021866,13239 -116.480952,35.021868,13253 -116.480319,35.021869,13267 -116.479688,35.021871,13280 -116.479058,35.021872,13294 -116.478429,35.021874,13308 -116.477802,35.021876,13322 -116.477176,35.021878,13335 -116.476552,35.021880,13349 -116.475929,35.021882,13363 -116.475307,35.021884,13377 -116.474687,35.021886,13391 -116.474069,35.021889,13404 -116.473451,35.021891,13418 -116.472835,35.021894,13432 -116.472221,35.021896,13446 -116.471608,35.021899,13460 -116.470996,35.021901,13473 -116.470386,35.021904,13487 -116.469777,35.021907,13501 -116.469170,35.021910,13515 -116.468564,35.021913,13529 -116.467959,35.021916,13543 -116.467356,35.021919,13556 -116.466755,35.021922,13570 -116.466154,35.021925,13584 -116.465556,35.021929,13598 -116.464958,35.021932,13612 -116.464362,35.021936,13626 -116.463768,35.021939,13640 -116.463174,35.021943,13654 -116.462583,35.021947,13667 -116.461992,35.021950,13681 -116.461403,35.021954,13695 -116.460816,35.021958,13709 -116.460230,35.021962,13723 -116.459645,35.021966,13737 -116.459062,35.021970,13751 -116.458480,35.021974,13765 -116.457900,35.021978,13779 -116.457321,35.021983,13793 -116.456744,35.021987,13807 -116.456168,35.021992,13821 -116.455593,35.021996,13834 -116.455020,35.022001,13848 -116.454448,35.022005,13862 -116.453878,35.022010,13876 -116.453309,35.022015,13890 -116.452741,35.022020,13904 -116.452175,35.022024,13918 -116.451611,35.022029,13932 -116.451048,35.022034,13946 -116.450486,35.022039,13960 -116.449926,35.022045,13974 -116.449367,35.022050,13988 -116.448809,35.022055,14002 -116.448253,35.022060,14016 -116.447699,35.022066,14030 -116.447146,35.022071,14044 -116.446594,35.022077,14058 -116.446044,35.022082,14072 -116.445495,35.022088,14086 -116.444948,35.022093,14100 -116.444402,35.022099,14115 -116.443857,35.022105,14129 -116.443314,35.022111,14143 -116.442773,35.022117,14157 -116.442232,35.022123,14171 -116.441694,35.022129,14185 -116.441156,35.022135,14199 -116.440621,35.022141,14213 -116.440086,35.022147,14227 -116.439553,35.022153,14241 -116.439022,35.022160,14255 -116.438492,35.022166,14269 -116.437963,35.022172,14284 -116.437436,35.022179,14298 -116.436910,35.022185,14312 -116.436386,35.022192,14326 -116.435863,35.022198,14340 -116.435342,35.022205,14354 -116.434822,35.022212,14368 -116.434304,35.022218,14382 -116.433787,35.022225,14397 -116.433271,35.022232,14411 -116.432757,35.022239,14425 -116.432244,35.022246,14439 -116.431733,35.022253,14453 -116.431223,35.022260,14468 -116.430715,35.022267,14482 -116.430208,35.022274,14496 -116.429703,35.022282,14510 -116.429199,35.022289,14524 -116.428697,35.022296,14539 -116.428196,35.022303,14553 -116.427696,35.022311,14567 -116.427198,35.022318,14581 -116.426701,35.022326,14595 -116.426206,35.022333,14610 -116.425713,35.022341,14624 -116.425220,35.022349,14638 -116.424730,35.022356,14652 -116.424240,35.022364,14667 -116.423752,35.022372,14681 -116.423266,35.022379,14695 -116.422781,35.022387,14709 -116.422298,35.022395,14724 -116.421816,35.022403,14738 -116.421335,35.022411,14752 -116.420856,35.022419,14767 -116.420378,35.022427,14781 -116.419902,35.022435,14795 -116.419428,35.022443,14810 -116.418954,35.022451,14824 -116.418483,35.022460,14838 -116.418012,35.022468,14852 -116.417544,35.022476,14867 -116.417076,35.022485,14881 -116.416610,35.022493,14895 -116.416146,35.022501,14910 -116.415683,35.022510,14924 -116.415222,35.022518,14939 -116.414762,35.022527,14953 -116.414303,35.022535,14967 -116.413846,35.022544,14982 -116.413391,35.022552,14996 -116.412937,35.022561,15010 -116.412484,35.022570,15025 -116.412033,35.022578,15039 -116.411583,35.022587,15054 -116.411135,35.022596,15068 -116.410688,35.022605,15082 -116.410243,35.022614,15097 -116.409799,35.022622,15111 -116.409357,35.022631,15126 -116.408916,35.022640,15140 -116.408477,35.022649,15155 -116.408039,35.022658,15169 -116.407603,35.022667,15183 -116.407168,35.022676,15198 -116.406735,35.022685,15212 -116.406303,35.022694,15227 -116.405873,35.022704,15241 -116.405444,35.022713,15256 -116.405016,35.022722,15270 -116.404590,35.022731,15285 -116.404166,35.022740,15299 -116.403743,35.022750,15314 -116.403321,35.022759,15328 -116.402901,35.022768,15343 -116.402483,35.022778,15357 -116.402066,35.022787,15372 -116.401650,35.022796,15386 -116.401236,35.022806,15401 -116.400824,35.022815,15415 -116.400413,35.022825,15430 -116.400003,35.022834,15445 -116.399595,35.022844,15459 -116.399189,35.022853,15474 -116.398783,35.022863,15488 -116.398380,35.022872,15503 -116.397978,35.022882,15517 -116.397577,35.022892,15532 -116.397178,35.022901,15547 -116.396781,35.022911,15561 -116.396384,35.022921,15576 -116.395990,35.022930,15590 -116.395597,35.022940,15605 -116.395205,35.022950,15620 -116.394815,35.022959,15634 -116.394426,35.022969,15649 -116.394039,35.022979,15664 -116.393654,35.022989,15678 -116.393270,35.022999,15693 -116.392887,35.023008,15707 -116.392506,35.023018,15722 -116.392126,35.023028,15737 -116.391748,35.023038,15751 -116.391372,35.023048,15766 -116.390996,35.023058,15781 -116.390623,35.023068,15796 -116.390251,35.023078,15810 -116.389880,35.023087,15825 -116.389511,35.023097,15840 -116.389144,35.023107,15854 -116.388778,35.023117,15869 -116.388413,35.023127,15884 -116.388050,35.023137,15898 -116.387688,35.023147,15913 -116.387328,35.023157,15928 -116.386970,35.023167,15943 -116.386613,35.023177,15957 -116.386258,35.023187,15972 -116.385904,35.023197,15987 -116.385551,35.023207,16002 -116.385200,35.023217,16016 -116.384850,35.023228,16031 -116.384501,35.023238,16046 -116.384152,35.023248,16061 -116.383804,35.023259,16076 -116.383457,35.023270,16090 -116.383111,35.023280,16105 -116.382766,35.023291,16120 -116.382421,35.023302,16135 -116.382078,35.023314,16150 -116.381735,35.023325,16165 -116.381393,35.023336,16179 -116.381052,35.023348,16194 -116.380711,35.023359,16209 -116.380372,35.023371,16224 -116.380033,35.023383,16239 -116.379695,35.023395,16254 -116.379358,35.023407,16268 -116.379022,35.023419,16283 -116.378687,35.023432,16298 -116.378352,35.023444,16313 -116.378018,35.023456,16328 -116.377685,35.023469,16343 -116.377353,35.023482,16358 -116.377022,35.023495,16373 -116.376691,35.023508,16388 -116.376362,35.023521,16403 -116.376033,35.023534,16418 -116.375705,35.023547,16432 -116.375378,35.023561,16447 -116.375051,35.023574,16462 -116.374726,35.023588,16477 -116.374401,35.023602,16492 -116.374077,35.023615,16507 -116.373754,35.023629,16522 -116.373432,35.023643,16537 -116.373111,35.023658,16552 -116.372790,35.023672,16567 -116.372470,35.023686,16582 -116.372152,35.023701,16597 -116.371834,35.023715,16612 -116.371516,35.023730,16627 -116.371200,35.023745,16642 -116.370884,35.023759,16657 -116.370570,35.023774,16672 -116.370256,35.023789,16687 -116.369943,35.023804,16702 -116.369631,35.023820,16717 -116.369319,35.023835,16732 -116.369009,35.023850,16747 -116.368699,35.023866,16763 -116.368390,35.023881,16778 -116.368082,35.023897,16793 -116.367775,35.023913,16808 -116.367468,35.023929,16823 -116.367163,35.023945,16838 -116.366858,35.023961,16853 -116.366554,35.023977,16868 -116.366251,35.023993,16883 -116.365949,35.024009,16898 -116.365648,35.024026,16913 -116.365347,35.024042,16929 -116.365048,35.024059,16944 -116.364749,35.024075,16959 -116.364451,35.024092,16974 -116.364154,35.024109,16989 -116.363857,35.024126,17004 -116.363562,35.024143,17020 -116.363267,35.024160,17035 -116.362973,35.024177,17050 -116.362681,35.024194,17065 -116.362388,35.024211,17080 -116.362097,35.024229,17095 -116.361807,35.024246,17111 -116.361517,35.024264,17126 -116.361229,35.024281,17141 -116.360941,35.024299,17156 -116.360654,35.024317,17172 -116.360367,35.024334,17187 -116.360082,35.024352,17202 -116.359798,35.024370,17217 -116.359514,35.024388,17232 -116.359231,35.024406,17248 -116.358949,35.024425,17263 -116.358668,35.024443,17278 -116.358388,35.024461,17294 -116.358108,35.024479,17309 -116.357830,35.024498,17324 -116.357552,35.024516,17339 -116.357275,35.024535,17355 -116.356999,35.024554,17370 -116.356724,35.024572,17385 -116.356450,35.024591,17401 -116.356176,35.024610,17416 -116.355904,35.024629,17431 -116.355632,35.024648,17447 -116.355361,35.024667,17462 -116.355091,35.024686,17477 -116.354822,35.024705,17493 -116.354553,35.024724,17508 -116.354286,35.024743,17523 -116.354019,35.024762,17539 -116.353753,35.024782,17554 -116.353488,35.024801,17570 -116.353224,35.024821,17585 -116.352961,35.024840,17600 -116.352699,35.024860,17616 -116.352437,35.024879,17631 -116.352177,35.024899,17647 -116.351917,35.024919,17662 -116.351658,35.024939,17677 -116.351400,35.024958,17693 -116.351142,35.024978,17708 -116.350886,35.024998,17724 -116.350630,35.025018,17739 -116.350376,35.025038,17755 -116.350122,35.025058,17770 -116.349869,35.025078,17786 -116.349617,35.025098,17801 -116.349366,35.025119,17817 -116.349115,35.025139,17832 -116.348866,35.025159,17848 -116.348617,35.025179,17863 -116.348369,35.025200,17879 -116.348122,35.025220,17894 -116.347876,35.025241,17910 -116.347631,35.025261,17925 -116.347387,35.025282,17941 -116.347143,35.025302,17956 -116.346901,35.025323,17972 -116.346659,35.025343,17987 -116.346418,35.025364,18003 -116.346178,35.025385,18019 -116.345939,35.025405,18034 -116.345700,35.025426,18050 -116.345463,35.025447,18065 -116.345226,35.025468,18081 -116.344991,35.025489,18096 -116.344756,35.025509,18112 -116.344522,35.025530,18128 -116.344289,35.025551,18143 -116.344056,35.025572,18159 -116.343825,35.025593,18175 -116.343594,35.025614,18190 -116.343365,35.025635,18206 -116.343136,35.025656,18222 -116.342908,35.025677,18237 -116.342681,35.025699,18253 -116.342455,35.025720,18269 -116.342230,35.025741,18284 -116.342005,35.025762,18300 -116.341782,35.025783,18316 -116.341559,35.025804,18331 -116.341337,35.025826,18347 -116.341116,35.025847,18363 -116.340896,35.025868,18378 -116.340677,35.025889,18394 -116.340458,35.025911,18410 -116.340241,35.025932,18426 -116.340024,35.025953,18441 -116.339808,35.025975,18457 -116.339594,35.025996,18473 -116.339380,35.026017,18489 -116.339167,35.026039,18504 -116.338954,35.026060,18520 -116.338743,35.026081,18536 -116.338532,35.026103,18552 -116.338323,35.026124,18568 -116.338114,35.026146,18583 -116.337906,35.026167,18599 -116.337699,35.026188,18615 -116.337493,35.026210,18631 -116.337288,35.026231,18647 -116.337083,35.026253,18662 -116.336880,35.026274,18678 -116.336677,35.026296,18694 -116.336476,35.026317,18710 -116.336275,35.026338,18726 -116.336075,35.026360,18742 -116.335876,35.026381,18758 -116.335677,35.026403,18773 -116.335480,35.026424,18789 -116.335284,35.026446,18805 -116.335088,35.026467,18821 -116.334893,35.026488,18837 -116.334699,35.026510,18853 -116.334506,35.026531,18869 -116.334314,35.026553,18885 -116.334123,35.026574,18901 -116.333933,35.026595,18917 -116.333744,35.026617,18933 -116.333555,35.026638,18949 -116.333367,35.026659,18965 -116.333181,35.026681,18981 -116.332995,35.026702,18997 -116.332810,35.026723,19013 -116.332625,35.026744,19028 -116.332442,35.026766,19044 -116.332260,35.026787,19060 -116.332078,35.026808,19076 -116.331898,35.026829,19093 -116.331718,35.026850,19109 -116.331539,35.026872,19125 -116.331361,35.026893,19141 -116.331184,35.026914,19157 -116.331008,35.026935,19173 -116.330833,35.026956,19189 -116.330658,35.026977,19205 -116.330485,35.026998,19221 -116.330312,35.027019,19237 -116.330141,35.027040,19253 -116.329970,35.027061,19269 -116.329800,35.027082,19285 -116.329631,35.027103,19301 -116.329463,35.027124,19317 -116.329295,35.027144,19334 -116.329129,35.027165,19350 -116.328963,35.027186,19366 -116.328799,35.027207,19382 -116.328635,35.027227,19398 -116.328472,35.027248,19414 -116.328310,35.027269,19430 -116.328149,35.027289,19447 -116.327989,35.027310,19463 -116.327830,35.027330,19479 -116.327671,35.027351,19495 -116.327514,35.027371,19511 -116.327357,35.027391,19527 -116.327201,35.027412,19544 -116.327047,35.027432,19560 -116.326893,35.027452,19576 -116.326740,35.027472,19592 -116.326587,35.027493,19609 -116.326436,35.027513,19625 -116.326286,35.027533,19641 -116.326136,35.027553,19657 -116.325988,35.027573,19674 -116.325840,35.027593,19690 -116.325693,35.027612,19706 -116.325547,35.027632,19722 -116.325402,35.027652,19739 -116.325258,35.027672,19755 -116.325115,35.027691,19771 -116.324973,35.027711,19788 -116.324831,35.027731,19804 -116.324691,35.027750,19820 -116.324551,35.027769,19837 -116.324413,35.027789,19853 -116.324275,35.027808,19869 -116.324138,35.027827,19886 -116.324002,35.027847,19902 -116.323867,35.027866,19918 -116.323733,35.027885,19935 -116.323599,35.027904,19951 -116.323467,35.027923,19968 -116.323335,35.027942,19984 -116.323205,35.027960,20000 -116.323075,35.027979,20017 -116.322946,35.027999,20033 -116.322817,35.028020,20050 -116.322688,35.028042,20066 -116.322560,35.028064,20082 -116.322433,35.028088,20099 -116.322306,35.028113,20115 -116.322179,35.028139,20132 -116.322053,35.028166,20148 -116.321927,35.028194,20165 -116.321802,35.028223,20181 -116.321678,35.028253,20198 -116.321554,35.028284,20214 -116.321430,35.028316,20231 -116.321308,35.028348,20247 -116.321185,35.028382,20264 -116.321064,35.028417,20280 -116.320943,35.028453,20297 -116.320822,35.028489,20313 -116.320702,35.028527,20330 -116.320583,35.028566,20346 -116.320465,35.028605,20363 -116.320347,35.028645,20380 -116.320230,35.028687,20396 -116.320113,35.028729,20413 -116.319997,35.028772,20429 -116.319882,35.028816,20446 -116.319768,35.028861,20463 -116.319654,35.028907,20479 -116.319541,35.028953,20496 -116.319429,35.029001,20512 -116.319318,35.029049,20529 -116.319207,35.029099,20546 -116.319097,35.029149,20562 -116.318988,35.029200,20579 -116.318880,35.029251,20596 -116.318772,35.029304,20612 -116.318666,35.029357,20629 -116.318560,35.029412,20646 -116.318455,35.029467,20662 -116.318351,35.029523,20679 -116.318247,35.029579,20696 -116.318145,35.029636,20713 -116.318043,35.029695,20729 -116.317942,35.029753,20746 -116.317843,35.029813,20763 -116.317744,35.029874,20780 -116.317646,35.029935,20796 -116.317549,35.029997,20813 -116.317452,35.030059,20830 -116.317357,35.030122,20847 -116.317263,35.030186,20863 -116.317170,35.030251,20880 -116.317077,35.030316,20897 -116.316986,35.030382,20914 -116.316895,35.030449,20931 -116.316806,35.030516,20947 -116.316717,35.030584,20964 -116.316630,35.030653,20981 -116.316543,35.030722,20998 -116.316458,35.030792,21015 -116.316373,35.030863,21032 -116.316290,35.030934,21049 -116.316207,35.031005,21065 -116.316126,35.031078,21082 -116.316045,35.031151,21099 -116.315966,35.031224,21116 -116.315888,35.031298,21133 -116.315810,35.031372,21150 -116.315734,35.031447,21167 -116.315659,35.031523,21184 -116.315585,35.031599,21201 -116.315512,35.031675,21218 -116.315440,35.031753,21235 -116.315370,35.031830,21252 -116.315300,35.031908,21269 -116.315231,35.031987,21286 -116.315164,35.032065,21303 -116.315097,35.032145,21320 -116.315032,35.032225,21337 -116.314968,35.032305,21354 -116.314905,35.032386,21371 -116.314843,35.032467,21388 -116.314782,35.032548,21405 -116.314723,35.032630,21422 -116.314664,35.032712,21439 -116.314607,35.032795,21456 -116.314551,35.032877,21473 -116.314496,35.032961,21490 -116.314442,35.033044,21507 -116.314389,35.033128,21524 -116.314337,35.033212,21541 -116.314287,35.033297,21558 -116.314238,35.033382,21575 -116.314190,35.033467,21593 -116.314143,35.033552,21610 -116.314097,35.033638,21627 -116.314052,35.033723,21644 -116.314009,35.033810,21661 -116.313967,35.033896,21678 -116.313925,35.033982,21695 -116.313885,35.034069,21713 -116.313847,35.034156,21730 -116.313809,35.034243,21747 -116.313773,35.034330,21764 -116.313738,35.034418,21781 -116.313704,35.034505,21799 -116.313671,35.034593,21816 -116.313639,35.034681,21833 -116.313609,35.034769,21850 -116.313579,35.034857,21868 -116.313551,35.034945,21885 -116.313524,35.035033,21902 -116.313499,35.035122,21919 -116.313474,35.035210,21937 -116.313451,35.035298,21954 -116.313428,35.035387,21971 -116.313407,35.035475,21988 -116.313388,35.035564,22006 -116.313369,35.035653,22023 -116.313351,35.035741,22040 -116.313335,35.035830,22058 -116.313320,35.035918,22075 -116.313306,35.036007,22092 -116.313293,35.036095,22110 -116.313281,35.036184,22127 -116.313271,35.036272,22145 -116.313262,35.036360,22162 -116.313254,35.036449,22179 -116.313247,35.036537,22197 -116.313241,35.036625,22214 -116.313236,35.036713,22232 -116.313232,35.036801,22249 -116.313230,35.036888,22266 -116.313229,35.036976,22284 -116.313229,35.037063,22301 -116.313230,35.037150,22319 -116.313232,35.037237,22336 -116.313235,35.037324,22354 -116.313240,35.037411,22371 -116.313245,35.037497,22389 -116.313252,35.037584,22406 -116.313259,35.037670,22424 -116.313268,35.037755,22441 -116.313278,35.037841,22459 -116.313289,35.037926,22476 -116.313301,35.038011,22494 -116.313315,35.038096,22511 -116.313329,35.038181,22529 -116.313344,35.038265,22546 -116.313361,35.038349,22564 -116.313378,35.038433,22582 -116.313397,35.038516,22599 -116.313417,35.038599,22617 -116.313437,35.038682,22634 -116.313459,35.038764,22652 -116.313482,35.038846,22670 -116.313506,35.038928,22687 -116.313530,35.039009,22705 -116.313556,35.039090,22723 -116.313583,35.039170,22740 -116.313611,35.039250,22758 -116.313640,35.039330,22776 -116.313670,35.039409,22793 -116.313701,35.039488,22811 -116.313732,35.039566,22829 -116.313765,35.039644,22846 -116.313799,35.039722,22864 -116.313834,35.039799,22882 -116.313869,35.039876,22899 -116.313906,35.039952,22917 -116.313943,35.040027,22935 -116.313982,35.040103,22953 -116.314021,35.040177,22970 -116.314061,35.040252,22988 -116.314103,35.040325,23006 -116.314145,35.040398,23024 -116.314188,35.040471,23042 -116.314231,35.040543,23059 -116.314276,35.040615,23077 -116.314322,35.040686,23095 -116.314368,35.040756,23113 -116.314415,35.040826,23131 -116.314463,35.040896,23149 -116.314512,35.040964,23166 -116.314562,35.041033,23184 -116.314612,35.041100,23202 -116.314664,35.041167,23220 -116.314716,35.041234,23238 -116.314769,35.041300,23256 -116.314822,35.041365,23274 -116.314877,35.041429,23292 -116.314932,35.041493,23310 -116.314988,35.041557,23328 -116.315044,35.041620,23345 -116.315101,35.041682,23363 -116.315160,35.041743,23381 -116.315218,35.041804,23399 -116.315278,35.041864,23417 -116.315338,35.041923,23435 -116.315398,35.041982,23453 -116.315460,35.042040,23471 -116.315522,35.042098,23489 -116.315585,35.042155,23507 -116.315648,35.042211,23525 -116.315712,35.042266,23543 -116.315776,35.042321,23561 -116.315841,35.042375,23580 -116.315907,35.042428,23598 -116.315973,35.042481,23616 -116.316040,35.042532,23634 -116.316108,35.042584,23652 -116.316175,35.042634,23670 -116.316244,35.042684,23688 -116.316313,35.042733,23706 -116.316382,35.042781,23724 -116.316452,35.042828,23742 -116.316523,35.042875,23761 -116.316594,35.042921,23779 -116.316665,35.042966,23797 -116.316737,35.043011,23815 -116.316809,35.043055,23833 -116.316882,35.043098,23851 -116.316955,35.043140,23870 -116.317028,35.043181,23888 -116.317102,35.043222,23906 -116.317176,35.043262,23924 -116.317251,35.043301,23942 -116.317326,35.043340,23961 -116.317402,35.043377,23979 -116.317477,35.043414,23997 -116.317553,35.043450,24015 -116.317630,35.043486,24034 -116.317707,35.043522,24052 -116.317784,35.043558,24070 -116.317862,35.043595,24089 -116.317940,35.043631,24107 -116.318018,35.043667,24125 -116.318097,35.043703,24144 -116.318177,35.043739,24162 -116.318257,35.043776,24180 -116.318337,35.043812,24199 -116.318418,35.043848,24217 -116.318499,35.043885,24235 -116.318581,35.043921,24254 -116.318663,35.043957,24272 -116.318746,35.043994,24290 -116.318829,35.044030,24309 -116.318912,35.044067,24327 -116.318996,35.044103,24346 -116.319081,35.044140,24364 -116.319165,35.044176,24383 -116.319251,35.044213,24401 -116.319336,35.044249,24420 -116.319423,35.044286,24438 -116.319509,35.044322,24456 -116.319596,35.044359,24475 -116.319684,35.044396,24493 -116.319772,35.044432,24512 -116.319860,35.044469,24530 -116.319949,35.044505,24549 -116.320038,35.044542,24568 -116.320128,35.044579,24586 -116.320218,35.044615,24605 -116.320309,35.044652,24623 -116.320400,35.044688,24642 -116.320492,35.044725,24660 -116.320584,35.044761,24679 -116.320677,35.044798,24698 -116.320769,35.044835,24716 -116.320863,35.044871,24735 -116.320957,35.044908,24753 -116.321051,35.044944,24772 -116.321146,35.044981,24791 -116.321241,35.045017,24809 -116.321337,35.045054,24828 -116.321433,35.045090,24847 -116.321530,35.045127,24865 -116.321627,35.045163,24884 -116.321725,35.045199,24903 -116.321823,35.045236,24921 -116.321921,35.045272,24940 -116.322020,35.045308,24959 -116.322120,35.045345,24978 -116.322220,35.045381,24996 -116.322320,35.045417,25015 -116.322421,35.045453,25034 -116.322522,35.045490,25053 -116.322624,35.045526,25071 -116.322726,35.045562,25090 -116.322829,35.045598,25109 -116.322932,35.045634,25128 -116.323036,35.045670,25147 -116.323140,35.045706,25165 -116.323245,35.045742,25184 -116.323350,35.045777,25203 -116.323455,35.045813,25222 -116.323561,35.045849,25241 -116.323668,35.045885,25260 -116.323775,35.045920,25279 -116.323882,35.045956,25298 -116.323990,35.045991,25316 -116.324099,35.046027,25335 -116.324208,35.046062,25354 -116.324317,35.046098,25373 -116.324427,35.046133,25392 -116.324537,35.046168,25411 -116.324648,35.046203,25430 -116.324759,35.046238,25449 -116.324871,35.046273,25468 -116.324983,35.046308,25487 -116.325096,35.046343,25506 -116.325209,35.046378,25525 -116.325323,35.046413,25544 -116.325437,35.046448,25563 -116.325551,35.046482,25582 -116.325667,35.046517,25601 -116.325782,35.046551,25620 -116.325898,35.046585,25639 -116.326015,35.046620,25658 -116.326132,35.046654,25677 -116.326249,35.046688,25697 -116.326367,35.046722,25716 -116.326486,35.046756,25735 -116.326605,35.046790,25754 -116.326724,35.046824,25773 -116.326844,35.046857,25792 -116.326964,35.046891,25811 -116.327085,35.046924,25830 -116.327207,35.046958,25850 -116.327328,35.046991,25869 -116.327451,35.047024,25888 -116.327574,35.047057,25907 -116.327697,35.047090,25926 -116.327821,35.047123,25946 -116.327945,35.047156,25965 -116.328070,35.047189,25984 -116.328195,35.047221,26003 -116.328321,35.047254,26023 -116.328447,35.047286,26042 -116.328574,35.047318,26061 -116.328701,35.047350,26080 -116.328829,35.047382,26100 -116.328957,35.047414,26119 -116.329085,35.047446,26138 -116.329214,35.047477,26158 -116.329344,35.047509,26177 -116.329474,35.047540,26196 -116.329605,35.047571,26216 -116.329736,35.047602,26235 -116.329868,35.047633,26255 -116.330000,35.047664,26274 -116.330132,35.047695,26293 -116.330265,35.047726,26313 -116.330399,35.047756,26332 -116.330533,35.047786,26352 -116.330667,35.047816,26371 -116.330802,35.047846,26328 -116.330936,35.047877,26285 -116.331069,35.047907,26243 -116.331201,35.047938,26201 -116.331332,35.047969,26158 -116.331461,35.048001,26116 -116.331590,35.048033,26074 -116.331717,35.048065,26032 -116.331844,35.048097,25991 -116.331969,35.048129,25949 -116.332094,35.048162,25908 -116.332217,35.048195,25866 -116.332339,35.048228,25825 -116.332460,35.048262,25784 -116.332581,35.048295,25743 -116.332700,35.048329,25703 -116.332818,35.048363,25662 -116.332935,35.048397,25621 -116.333051,35.048432,25581 -116.333166,35.048466,25541 -116.333280,35.048501,25501 -116.333393,35.048536,25461 -116.333505,35.048571,25421 -116.333616,35.048606,25381 -116.333726,35.048641,25342 -116.333835,35.048677,25302 -116.333943,35.048712,25263 -116.334050,35.048748,25224 -116.334157,35.048783,25184 -116.334262,35.048819,25145 -116.334366,35.048855,25107 -116.334469,35.048891,25068 -116.334571,35.048927,25029 -116.334672,35.048963,24991 -116.334773,35.049000,24952 -116.334872,35.049036,24914 -116.334970,35.049072,24876 -116.335068,35.049109,24838 -116.335164,35.049145,24800 -116.335260,35.049182,24762 -116.335354,35.049218,24724 -116.335448,35.049255,24687 -116.335541,35.049291,24649 -116.335632,35.049328,24612 -116.335723,35.049365,24575 -116.335813,35.049401,24537 -116.335902,35.049438,24500 -116.335990,35.049474,24464 -116.336078,35.049511,24427 -116.336164,35.049547,24390 -116.336249,35.049584,24353 -116.336334,35.049620,24317 -116.336418,35.049657,24280 -116.336500,35.049693,24244 -116.336582,35.049730,24208 -116.336663,35.049766,24172 -116.336744,35.049802,24136 -116.336823,35.049839,24100 -116.336901,35.049875,24064 -116.336979,35.049911,24029 -116.337056,35.049947,23993 -116.337132,35.049983,23958 -116.337207,35.050021,23922 -116.337282,35.050060,23887 -116.337355,35.050101,23852 -116.337429,35.050143,23817 -116.337501,35.050187,23782 -116.337572,35.050232,23747 -116.337643,35.050279,23712 -116.337712,35.050327,23677 -116.337781,35.050376,23643 -116.337849,35.050427,23608 -116.337915,35.050479,23574 -116.337981,35.050532,23540 -116.338045,35.050587,23505 -116.338109,35.050643,23471 -116.338171,35.050701,23437 -116.338231,35.050760,23403 -116.338291,35.050820,23370 -116.338349,35.050881,23336 -116.338406,35.050943,23302 -116.338462,35.051007,23269 -116.338516,35.051072,23235 -116.338569,35.051138,23202 -116.338620,35.051205,23168 -116.338670,35.051273,23135 -116.338718,35.051342,23102 -116.338765,35.051412,23069 -116.338810,35.051484,23036 -116.338853,35.051556,23003 -116.338895,35.051629,22970 -116.338935,35.051703,22938 -116.338974,35.051779,22905 -116.339011,35.051855,22873 -116.339046,35.051931,22840 -116.339079,35.052009,22808 -116.339111,35.052088,22776 -116.339141,35.052167,22743 -116.339169,35.052247,22711 -116.339195,35.052328,22679 -116.339220,35.052409,22647 -116.339242,35.052491,22616 -116.339263,35.052574,22584 -116.339281,35.052657,22552 -116.339298,35.052741,22520 -116.339313,35.052825,22489 -116.339326,35.052910,22457 -116.339337,35.052995,22426 -116.339346,35.053081,22395 -116.339353,35.053167,22364 -116.339358,35.053254,22332 -116.339361,35.053341,22301 -116.339362,35.053428,22270 -116.339361,35.053516,22240 -116.339358,35.053603,22209 -116.339353,35.053691,22178 -116.339346,35.053779,22147 -116.339337,35.053868,22117 -116.339326,35.053956,22086 -116.339312,35.054045,22056 -116.339297,35.054133,22025 -116.339280,35.054222,21995 -116.339260,35.054310,21965 -116.339239,35.054399,21935 -116.339215,35.054487,21905 -116.339190,35.054576,21875 -116.339162,35.054664,21845 -116.339132,35.054752,21815 -116.339101,35.054840,21785 -116.339067,35.054927,21755 -116.339031,35.055015,21726 -116.338993,35.055102,21696 -116.338953,35.055188,21667 -116.338912,35.055275,21637 -116.338868,35.055361,21608 -116.338822,35.055446,21578 -116.338774,35.055531,21549 -116.338724,35.055616,21520 -116.338672,35.055700,21491 -116.338618,35.055784,21462 -116.338562,35.055867,21433 -116.338505,35.055949,21404 -116.338445,35.056031,21375 -116.338383,35.056112,21346 -116.338320,35.056193,21318 -116.338255,35.056272,21289 -116.338187,35.056351,21261 -116.338118,35.056430,21232 -116.338047,35.056507,21204 -116.337975,35.056584,21175 -116.337900,35.056660,21147 -116.337824,35.056735,21119 -116.337745,35.056809,21091 -116.337666,35.056882,21063 -116.337584,35.056954,21035 -116.337501,35.057025,21007 -116.337416,35.057095,20979 -116.337329,35.057164,20951 -116.337241,35.057233,20923 -116.337151,35.057300,20895 -116.337059,35.057366,20868 -116.336966,35.057430,20840 -116.336871,35.057494,20812 -116.336775,35.057557,20785 -116.336678,35.057618,20758 -116.336578,35.057678,20730 -116.336478,35.057737,20703 -116.336376,35.057795,20676 -116.336272,35.057851,20649 -116.336167,35.057906,20621 -116.336061,35.057960,20594 -116.335953,35.058013,20567 -116.335845,35.058064,20540 -116.335734,35.058114,20514 -116.335623,35.058162,20487 -116.335510,35.058209,20460 -116.335397,35.058255,20433 -116.335282,35.058299,20407 -116.335166,35.058342,20380 -116.335049,35.058383,20353 -116.334930,35.058423,20327 -116.334811,35.058462,20301 -116.334691,35.058498,20274 -116.334569,35.058534,20248 -116.334447,35.058568,20222 -116.334324,35.058600,20195 -116.334200,35.058631,20169 -116.334075,35.058660,20143 -116.333949,35.058687,20117 -116.333823,35.058714,20091 -116.333696,35.058738,20065 -116.333568,35.058761,20039 -116.333439,35.058782,20014 -116.333309,35.058802,19988 -116.333179,35.058820,19962 -116.333047,35.058839,19937 -116.332914,35.058858,19911 -116.332779,35.058877,19885 -116.332643,35.058897,19860 -116.332506,35.058916,19834 -116.332367,35.058935,19809 -116.332227,35.058955,19784 -116.332085,35.058974,19758 -116.331942,35.058994,19733 -116.331798,35.059014,19708 -116.331652,35.059033,19683 -116.331505,35.059053,19658 -116.331356,35.059073,19633 -116.331206,35.059093,19608 -116.331055,35.059113,19583 -116.330902,35.059134,19558 -116.330748,35.059154,19533 -116.330593,35.059174,19508 -116.330436,35.059195,19484 -116.330278,35.059215,19459 -116.330119,35.059235,19434 -116.329958,35.059256,19410 -116.329795,35.059277,19385 -116.329632,35.059297,19360 -116.329467,35.059318,19336 -116.329301,35.059339,19312 -116.329133,35.059360,19287 -116.328964,35.059381,19263 -116.328794,35.059401,19239 -116.328622,35.059422,19214 -116.328449,35.059443,19190 -116.328275,35.059464,19166 -116.328099,35.059486,19142 -116.327922,35.059507,19118 -116.327744,35.059528,19094 -116.327564,35.059549,19070 -116.327383,35.059570,19046 -116.327201,35.059591,19022 -116.327018,35.059613,18998 -116.326833,35.059634,18975 -116.326646,35.059655,18951 -116.326459,35.059677,18927 -116.326270,35.059698,18904 -116.326080,35.059719,18880 -116.325888,35.059741,18856 -116.325696,35.059762,18833 -116.325502,35.059783,18809 -116.325306,35.059805,18786 -116.325110,35.059826,18763 -116.324912,35.059848,18739 -116.324712,35.059869,18716 -116.324512,35.059890,18693 -116.324310,35.059912,18670 -116.324107,35.059933,18646 -116.323903,35.059955,18623 -116.323697,35.059976,18600 -116.323490,35.059998,18577 -116.323282,35.060019,18554 -116.323072,35.060040,18531 -116.322862,35.060062,18508 -116.322649,35.060083,18485 -116.322436,35.060105,18463 -116.322222,35.060126,18440 -116.322006,35.060147,18417 -116.321789,35.060169,18394 -116.321570,35.060190,18372 -116.321351,35.060211,18349 -116.321130,35.060232,18326 -116.320908,35.060254,18304 -116.320684,35.060275,18281 -116.320460,35.060296,18259 -116.320234,35.060317,18237 -116.320007,35.060338,18214 -116.319779,35.060359,18192 -116.319549,35.060380,18169 -116.319318,35.060401,18147 -116.319086,35.060422,18125 -116.318853,35.060443,18103 -116.318618,35.060464,18081 -116.318383,35.060485,18059 -116.318146,35.060506,18036 -116.317908,35.060526,18014 -116.317668,35.060547,17992 -116.317427,35.060568,17970 -116.317186,35.060588,17949 -116.316943,35.060609,17927 -116.316698,35.060630,17905 -116.316453,35.060650,17883 -116.316206,35.060670,17861 -116.315958,35.060691,17839 -116.315709,35.060711,17818 -116.315459,35.060731,17796 -116.315207,35.060751,17774 -116.314955,35.060772,17753 -116.314701,35.060792,17731 -116.314445,35.060812,17710 -116.314189,35.060831,17688 -116.313932,35.060851,17667 -116.313673,35.060871,17646 -116.313413,35.060891,17624 -116.313152,35.060910,17603 -116.312890,35.060930,17582 -116.312626,35.060950,17560 -116.312362,35.060969,17539 -116.312096,35.060988,17518 -116.311829,35.061008,17497 -116.311561,35.061027,17476 -116.311292,35.061046,17454 -116.311021,35.061065,17433 -116.310749,35.061084,17412 -116.310477,35.061103,17391 -116.310203,35.061122,17371 -116.309927,35.061140,17350 -116.309651,35.061159,17329 -116.309374,35.061177,17308 -116.309095,35.061196,17287 -116.308815,35.061214,17266 -116.308534,35.061232,17246 -116.308252,35.061250,17225 -116.307969,35.061269,17204 -116.307685,35.061286,17184 -116.307399,35.061304,17163 -116.307113,35.061322,17142 -116.306825,35.061340,17122 -116.306536,35.061357,17101 -116.306246,35.061375,17081 -116.305955,35.061392,17060 -116.305662,35.061409,17040 -116.305369,35.061427,17020 -116.305074,35.061444,16999 -116.304778,35.061461,16979 -116.304481,35.061477,16959 -116.304183,35.061494,16938 -116.303884,35.061511,16918 -116.303584,35.061527,16898 -116.303283,35.061544,16878 -116.302980,35.061560,16858 -116.302677,35.061576,16838 -116.302372,35.061592,16818 -116.302066,35.061608,16798 -116.301759,35.061624,16778 -116.301451,35.061639,16758 -116.301142,35.061655,16738 -116.300832,35.061670,16718 -116.300520,35.061686,16698 -116.300208,35.061701,16678 -116.299894,35.061716,16658 -116.299580,35.061731,16639 -116.299264,35.061746,16619 -116.298947,35.061760,16599 -116.298629,35.061775,16580 -116.298310,35.061789,16560 -116.297990,35.061804,16540 -116.297669,35.061818,16521 -116.297347,35.061832,16501 -116.297023,35.061846,16482 -116.296699,35.061859,16462 -116.296373,35.061873,16443 -116.296047,35.061887,16423 -116.295719,35.061900,16404 -116.295390,35.061913,16384 -116.295061,35.061926,16365 -116.294730,35.061939,16346 -116.294398,35.061952,16326 -116.294065,35.061965,16307 -116.293731,35.061977,16288 -116.293395,35.061989,16269 -116.293059,35.062002,16250 -116.292722,35.062014,16230 -116.292383,35.062026,16211 -116.292044,35.062037,16192 -116.291704,35.062049,16173 -116.291362,35.062060,16154 -116.291019,35.062072,16135 -116.290676,35.062083,16116 -116.290331,35.062094,16097 -116.289985,35.062105,16078 -116.289639,35.062115,16060 -116.289291,35.062126,16041 -116.288942,35.062136,16022 -116.288592,35.062147,16003 -116.288241,35.062157,15984 -116.287888,35.062167,15966 -116.287534,35.062177,15947 -116.287177,35.062187,15928 -116.286819,35.062197,15909 -116.286458,35.062207,15891 -116.286096,35.062217,15872 -116.285732,35.062227,15854 -116.285366,35.062237,15835 -116.284998,35.062247,15817 -116.284628,35.062257,15798 -116.284256,35.062267,15780 -116.283882,35.062276,15761 -116.283507,35.062286,15743 -116.283129,35.062296,15724 -116.282750,35.062306,15706 -116.282369,35.062316,15688 -116.281985,35.062326,15669 -116.281600,35.062335,15651 -116.281214,35.062345,15633 -116.280825,35.062355,15615 -116.280434,35.062365,15596 -116.280042,35.062374,15578 -116.279647,35.062384,15560 -116.279251,35.062394,15542 -116.278853,35.062403,15524 -116.278453,35.062413,15506 -116.278051,35.062423,15488 -116.277648,35.062432,15470 -116.277242,35.062442,15452 -116.276835,35.062451,15434 -116.276426,35.062461,15416 -116.276015,35.062470,15398 -116.275602,35.062480,15380 -116.275187,35.062489,15362 -116.274770,35.062499,15344 -116.274352,35.062508,15326 -116.273932,35.062517,15309 -116.273510,35.062526,15291 -116.273086,35.062536,15273 -116.272660,35.062545,15255 -116.272233,35.062554,15238 -116.271804,35.062563,15220 -116.271372,35.062572,15202 -116.270939,35.062582,15185 -116.270505,35.062591,15167 -116.270068,35.062600,15149 -116.269630,35.062609,15132 -116.269190,35.062618,15114 -116.268748,35.062626,15097 -116.268304,35.062635,15079 -116.267859,35.062644,15062 -116.267411,35.062653,15045 -116.266962,35.062662,15027 -116.266511,35.062670,15010 -116.266059,35.062679,14992 -116.265604,35.062688,14975 -116.265148,35.062696,14958 -116.264690,35.062705,14940 -116.264230,35.062713,14923 -116.263769,35.062722,14906 -116.263305,35.062730,14889 -116.262840,35.062739,14872 -116.262373,35.062747,14854 -116.261905,35.062755,14837 -116.261434,35.062763,14820 -116.260962,35.062772,14803 -116.260488,35.062780,14786 -116.260013,35.062788,14769 -116.259535,35.062796,14752 -116.259056,35.062804,14735 -116.258575,35.062812,14718 -116.258093,35.062820,14701 -116.257609,35.062828,14684 -116.257122,35.062835,14667 -116.256635,35.062843,14650 -116.256145,35.062851,14633 -116.255654,35.062859,14616 -116.255161,35.062866,14600 -116.254666,35.062874,14583 -116.254170,35.062881,14566 -116.253671,35.062889,14549 -116.253172,35.062896,14532 -116.252670,35.062903,14516 -116.252167,35.062911,14499 -116.251662,35.062918,14482 -116.251155,35.062925,14466 -116.250646,35.062932,14449 -116.250136,35.062939,14432 -116.249624,35.062946,14416 -116.249111,35.062953,14399 -116.248595,35.062960,14383 -116.248079,35.062967,14366 -116.247560,35.062973,14350 -116.247039,35.062980,14333 -116.246517,35.062987,14317 -116.245994,35.062993,14300 -116.245468,35.063000,14284 -116.244941,35.063006,14268 -116.244412,35.063013,14251 -116.243882,35.063019,14235 -116.243350,35.063025,14219 -116.242816,35.063032,14202 -116.242281,35.063038,14186 -116.241743,35.063044,14170 -116.241205,35.063050,14153 -116.240664,35.063056,14137 -116.240122,35.063062,14121 -116.239578,35.063067,14105 -116.239033,35.063073,14089 -116.238486,35.063079,14072 -116.237937,35.063084,14056 -116.237386,35.063090,14040 -116.236834,35.063095,14024 -116.236281,35.063101,14008 -116.235725,35.063106,13992 -116.235168,35.063111,13976 -116.234609,35.063117,13960 -116.234049,35.063122,13944 -116.233487,35.063127,13928 -116.232924,35.063132,13912 -116.232358,35.063137,13896 -116.231792,35.063142,13880 -116.231223,35.063146,13864 -116.230653,35.063151,13849 -116.230081,35.063156,13833 -116.229508,35.063160,13817 -116.228933,35.063165,13801 -116.228356,35.063169,13785 -116.227778,35.063173,13770 -116.227198,35.063178,13754 -116.226617,35.063182,13738 -116.226034,35.063186,13722 -116.225449,35.063190,13707 -116.224863,35.063194,13691 -116.224275,35.063198,13675 -116.223685,35.063202,13660 -116.223094,35.063205,13644 -116.222502,35.063209,13629 -116.221907,35.063212,13613 -116.221311,35.063216,13598 -116.220714,35.063219,13582 -116.220115,35.063223,13566 -116.219514,35.063226,13551 -116.218912,35.063229,13536 -116.218308,35.063232,13520 -116.217703,35.063235,13505 -116.217096,35.063238,13489 -116.216487,35.063241,13474 -116.215877,35.063244,13458 -116.215265,35.063246,13443 -116.214652,35.063249,13428 -116.214037,35.063251,13412 -116.213421,35.063254,13397 -116.212802,35.063256,13382 -116.212183,35.063258,13367 -116.211562,35.063261,13351 -116.210939,35.063263,13336 -116.210315,35.063265,13321 -116.209689,35.063267,13306 -116.209062,35.063268,13290 -116.208433,35.063270,13275 -116.207802,35.063272,13260 -116.207170,35.063273,13245 -116.206536,35.063275,13230 -116.205901,35.063276,13215 -116.205265,35.063278,13200 -116.204626,35.063279,13185 -116.203987,35.063280,13170 -116.203345,35.063281,13155 -116.202702,35.063282,13140 -116.202058,35.063283,13125 -116.201412,35.063284,13110 -116.200765,35.063284,13095 -116.200116,35.063285,13080 -116.199465,35.063285,13065 -116.198813,35.063286,13050 -116.198159,35.063286,13035 -116.197504,35.063286,13020 -116.196848,35.063286,13006 -116.196189,35.063286,12991 -116.195530,35.063286,12976 -116.194869,35.063286,12961 -116.194207,35.063286,12946 -116.193543,35.063286,12932 -116.192879,35.063286,12917 -116.192213,35.063286,12902 -116.191545,35.063286,12887 -116.190877,35.063286,12873 -116.190207,35.063286,12858 -116.189536,35.063286,12843 -116.188863,35.063286,12829 -116.188190,35.063286,12814 -116.187514,35.063286,12800 -116.186838,35.063286,12785 -116.186161,35.063286,12770 -116.185482,35.063286,12756 -116.184802,35.063286,12741 -116.184120,35.063286,12727 -116.183437,35.063286,12712 -116.182753,35.063286,12698 -116.182068,35.063286,12683 -116.181382,35.063286,12669 -116.180694,35.063286,12655 -116.180005,35.063286,12640 -116.179314,35.063286,12626 -116.178623,35.063286,12611 -116.177930,35.063286,12597 -116.177236,35.063286,12583 -116.176540,35.063286,12568 -116.175844,35.063286,12554 -116.175146,35.063286,12540 -116.174447,35.063286,12525 -116.173746,35.063286,12511 -116.173045,35.063286,12497 -116.172342,35.063286,12483 -116.171638,35.063286,12468 -116.170932,35.063286,12454 -116.170226,35.063286,12440 -116.169518,35.063286,12426 -116.168808,35.063286,12412 -116.168098,35.063286,12398 -116.167386,35.063286,12383 -116.166674,35.063286,12369 -116.165959,35.063286,12355 -116.165244,35.063286,12341 -116.164527,35.063286,12327 -116.163810,35.063286,12313 -116.163091,35.063286,12299 -116.162370,35.063286,12285 -116.161649,35.063286,12271 -116.160926,35.063286,12257 -116.160202,35.063286,12243 -116.159477,35.063286,12229 -116.158750,35.063286,12215 -116.158023,35.063286,12201 -116.157294,35.063286,12187 -116.156564,35.063286,12173 -116.155832,35.063286,12159 -116.155100,35.063286,12146 -116.154366,35.063286,12132 -116.153631,35.063286,12118 -116.152895,35.063286,12104 -116.152157,35.063286,12090 -116.151419,35.063286,12076 -116.150679,35.063286,12063 -116.149938,35.063286,12049 -116.149196,35.063286,12035 -116.148452,35.063286,12021 -116.147708,35.063286,12008 -116.146962,35.063286,11994 -116.146215,35.063286,11980 -116.145466,35.063286,11967 -116.144717,35.063286,11953 -116.143966,35.063286,11939 -116.143214,35.063286,11926 -116.142461,35.063286,11912 -116.141707,35.063286,11899 -116.140952,35.063286,11885 -116.140195,35.063286,11871 -116.139437,35.063286,11858 -116.138678,35.063286,11844 -116.137918,35.063286,11831 -116.137156,35.063286,11817 -116.136394,35.063286,11804 -116.135630,35.063286,11790 -116.134865,35.063286,11777 -116.134099,35.063286,11763 -116.133332,35.063286,11750 -116.132563,35.063286,11737 -116.131793,35.063286,11723 -116.131023,35.063286,11710 -116.130250,35.063286,11696 -116.129477,35.063286,11683 -116.128703,35.063286,11670 -116.127927,35.063286,11656 -116.127151,35.063286,11643 -116.126373,35.063286,11630 -116.125594,35.063286,11616 -116.124813,35.063286,11603 -116.124032,35.063286,11590 -116.123249,35.063286,11577 -116.122466,35.063286,11563 -116.121681,35.063286,11550 -116.120895,35.063286,11537 -116.120107,35.063286,11524 -116.119319,35.063286,11510 -116.118529,35.063286,11497 -116.117739,35.063286,11484 -116.116947,35.063286,11471 -116.116154,35.063286,11458 -116.115360,35.063286,11445 -116.114564,35.063286,11432 -116.113768,35.063286,11419 -116.112970,35.063286,11405 -116.112172,35.063286,11392 -116.111372,35.063286,11379 -116.110571,35.063286,11366 -116.109768,35.063286,11353 -116.108965,35.063286,11340 -116.108160,35.063286,11327 -116.107355,35.063286,11314 -116.106548,35.063286,11301 -116.105740,35.063286,11288 -116.104931,35.063286,11275 -116.104121,35.063286,11262 -116.103310,35.063286,11250 -116.102497,35.063286,11237 -116.101684,35.063286,11224 -116.100869,35.063286,11211 -116.100053,35.063286,11198 -116.099236,35.063286,11185 -116.098418,35.063286,11172 -116.097599,35.063286,11160 -116.096778,35.063286,11147 -116.095957,35.063286,11134 -116.095134,35.063286,11121 -116.094310,35.063286,11108 -116.093485,35.063286,11096 -116.092659,35.063286,11083 -116.091832,35.063286,11070 -116.091004,35.063286,11057 -116.090175,35.063286,11045 -116.089344,35.063286,11032 -116.088513,35.063286,11019 -116.087680,35.063286,11007 -116.086846,35.063286,10994 -116.086012,35.063286,10981 -116.085179,35.063286,10969 -116.084347,35.063286,10956 -116.083515,35.063286,10943 -116.082685,35.063286,10931 -116.081855,35.063286,10918 -116.081026,35.063286,10906 -116.080198,35.063286,10893 -116.079370,35.063286,10880 -116.078544,35.063286,10868 -116.077718,35.063286,10855 -116.076893,35.063286,10843 -116.076069,35.063286,10830 -116.075246,35.063286,10818 -116.074424,35.063286,10805 -116.073602,35.063286,10793 -116.072781,35.063286,10780 -116.071962,35.063286,10768 -116.071143,35.063286,10755 -116.070324,35.063286,10743 -116.069507,35.063286,10730 -116.068690,35.063286,10718 -116.067874,35.063286,10706 -116.067059,35.063286,10693 -116.066245,35.063286,10681 -116.065432,35.063286,10668 -116.064619,35.063286,10656 -116.063808,35.063286,10644 -116.062997,35.063286,10631 -116.062187,35.063286,10619 -116.061377,35.063286,10606 -116.060569,35.063286,10594 -116.059761,35.063286,10582 -116.058954,35.063286,10569 -116.058148,35.063286,10557 -116.057343,35.063286,10545 -116.056539,35.063286,10533 -116.055735,35.063286,10520 -116.054932,35.063286,10508 -116.054130,35.063286,10496 -116.053329,35.063286,10483 -116.052529,35.063286,10471 -116.051729,35.063286,10459 -116.050931,35.063286,10447 -116.050133,35.063286,10435 -116.049336,35.063286,10422 -116.048539,35.063286,10410 -116.047744,35.063286,10398 -116.046949,35.063286,10386 -116.046155,35.063286,10374 -116.045362,35.063286,10361 -116.044570,35.063286,10349 -116.043778,35.063286,10337 -116.042987,35.063286,10325 -116.042197,35.063286,10313 -116.041408,35.063286,10301 -116.040620,35.063286,10289 -116.039833,35.063286,10277 -116.039046,35.063286,10264 -116.038260,35.063286,10252 -116.037475,35.063286,10240 -116.036690,35.063286,10228 -116.035907,35.063286,10216 -116.035124,35.063286,10204 -116.034342,35.063286,10192 -116.033561,35.063286,10180 -116.032781,35.063286,10168 -116.032001,35.063286,10156 -116.031222,35.063286,10144 -116.030444,35.063286,10132 -116.029667,35.063286,10120 -116.028891,35.063286,10108 -116.028115,35.063286,10096 -116.027340,35.063286,10084 -116.026566,35.063286,10072 -116.025793,35.063286,10060 -116.025020,35.063286,10048 -116.024249,35.063286,10037 -116.023478,35.063286,10025 -116.022708,35.063286,10013 -116.021938,35.063286,10001 -116.021170,35.063286,9989 -116.020402,35.063286,9977 -116.019635,35.063286,9965 -116.018869,35.063286,9953 -116.018103,35.063286,9941 -116.017339,35.063286,9930 -116.016575,35.063286,9918 -116.015812,35.063286,9906 -116.015049,35.063286,9894 -116.014288,35.063286,9882 -116.013527,35.063286,9871 -116.012767,35.063286,9859 -116.012008,35.063286,9847 -116.011249,35.063286,9835 -116.010492,35.063286,9823 -116.009735,35.063286,9812 -116.008979,35.063286,9800 -116.008223,35.063286,9788 -116.007469,35.063286,9777 -116.006715,35.063286,9765 -116.005962,35.063286,9753 -116.005210,35.063286,9741 -116.004458,35.063286,9730 -116.003708,35.063286,9718 -116.002958,35.063286,9706 -116.002209,35.063286,9695 -116.001460,35.063286,9683 -116.000713,35.063286,9671 -115.999966,35.063286,9660 -115.999220,35.063286,9648 -115.998474,35.063286,9636 -115.997730,35.063286,9625 -115.996986,35.063286,9613 -115.996243,35.063286,9602 -115.995501,35.063286,9590 -115.994759,35.063286,9578 -115.994018,35.063286,9567 -115.993278,35.063286,9555 -115.992539,35.063286,9544 -115.991801,35.063286,9532 -115.991063,35.063286,9521 -115.990326,35.063286,9509 -115.989590,35.063286,9498 -115.988855,35.063286,9486 -115.988120,35.063286,9475 -115.987386,35.063286,9463 -115.986653,35.063286,9452 -115.985920,35.063286,9440 -115.985189,35.063286,9429 -115.984458,35.063286,9417 -115.983728,35.063286,9406 -115.982999,35.063286,9394 -115.982270,35.063286,9383 -115.981542,35.063286,9371 -115.980815,35.063286,9360 -115.980089,35.063286,9348 -115.979363,35.063286,9337 -115.978638,35.063286,9326 -115.977914,35.063286,9314 -115.977191,35.063286,9303 -115.976468,35.063286,9291 -115.975746,35.063286,9280 -115.975025,35.063286,9269 -115.974305,35.063286,9257 -115.973585,35.063286,9246 -115.972867,35.063286,9235 -115.972148,35.063286,9223 -115.971431,35.063286,9212 -115.970715,35.063286,9201 -115.969999,35.063286,9189 -115.969284,35.063286,9178 -115.968569,35.063286,9167 -115.967856,35.063286,9155 -115.967143,35.063286,9144 -115.966431,35.063286,9133 -115.965719,35.063286,9122 -115.965009,35.063286,9110 -115.964299,35.063286,9099 -115.963589,35.063286,9088 -115.962881,35.063286,9077 -115.962173,35.063286,9065 -115.961466,35.063286,9054 -115.960760,35.063286,9043 -115.960055,35.063286,9032 -115.959350,35.063286,9021 -115.958646,35.063286,9009 -115.957943,35.063286,8998 -115.957240,35.063286,8987 -115.956539,35.063287,8976 -115.955838,35.063287,8965 -115.955139,35.063288,8953 -115.954440,35.063288,8942 -115.953743,35.063289,8931 -115.953046,35.063291,8920 -115.952350,35.063292,8909 -115.951656,35.063293,8898 -115.950962,35.063295,8887 -115.950269,35.063297,8876 -115.949578,35.063299,8865 -115.948887,35.063301,8853 -115.948197,35.063304,8842 -115.947509,35.063306,8831 -115.946821,35.063309,8820 -115.946134,35.063312,8809 -115.945448,35.063315,8798 -115.944763,35.063318,8787 -115.944079,35.063322,8776 -115.943396,35.063325,8765 -115.942714,35.063329,8754 -115.942033,35.063333,8743 -115.941353,35.063337,8732 -115.940674,35.063342,8721 -115.939996,35.063346,8710 -115.939319,35.063351,8699 -115.938643,35.063356,8688 -115.937968,35.063361,8677 -115.937293,35.063366,8666 -115.936620,35.063371,8655 -115.935948,35.063377,8644 -115.935276,35.063383,8633 -115.934606,35.063388,8622 -115.933937,35.063394,8611 -115.933268,35.063401,8600 -115.932601,35.063407,8590 -115.931934,35.063414,8579 -115.931268,35.063420,8568 -115.930604,35.063427,8557 -115.929940,35.063434,8546 -115.929278,35.063441,8535 -115.928616,35.063449,8524 -115.927955,35.063456,8513 -115.927295,35.063464,8502 -115.926636,35.063472,8492 -115.925978,35.063480,8481 -115.925321,35.063488,8470 -115.924665,35.063496,8459 -115.924010,35.063504,8448 -115.923356,35.063513,8437 -115.922703,35.063522,8427 -115.922051,35.063531,8416 -115.921400,35.063540,8405 -115.920749,35.063549,8394 -115.920100,35.063558,8383 -115.919452,35.063568,8373 -115.918804,35.063578,8362 -115.918158,35.063587,8351 -115.917512,35.063597,8340 -115.916868,35.063607,8330 -115.916224,35.063618,8319 -115.915581,35.063628,8308 -115.914940,35.063639,8297 -115.914299,35.063649,8287 -115.913659,35.063660,8276 -115.913020,35.063671,8265 -115.912382,35.063683,8255 -115.911745,35.063694,8244 -115.911109,35.063705,8233 -115.910474,35.063717,8223 -115.909840,35.063729,8212 -115.909206,35.063741,8201 -115.908574,35.063753,8191 -115.907943,35.063765,8180 -115.907312,35.063777,8169 -115.906683,35.063790,8159 -115.906054,35.063802,8148 -115.905427,35.063815,8137 -115.904800,35.063828,8127 -115.904174,35.063841,8116 -115.903549,35.063854,8106 -115.902926,35.063867,8095 -115.902303,35.063881,8084 -115.901681,35.063894,8074 -115.901060,35.063908,8063 -115.900439,35.063922,8053 -115.899820,35.063936,8042 -115.899202,35.063950,8032 -115.898585,35.063964,8021 -115.897968,35.063979,8010 -115.897353,35.063993,8000 -115.896738,35.064008,7989 -115.896125,35.064023,7979 -115.895512,35.064037,7968 -115.894900,35.064052,7958 -115.894289,35.064068,7947 -115.893679,35.064083,7937 -115.893071,35.064098,7926 -115.892462,35.064114,7916 -115.891855,35.064130,7905 -115.891249,35.064145,7895 -115.890644,35.064161,7884 -115.890040,35.064177,7874 -115.889436,35.064194,7863 -115.888834,35.064210,7853 -115.888232,35.064226,7843 -115.887632,35.064243,7832 -115.887032,35.064260,7822 -115.886433,35.064277,7811 -115.885835,35.064293,7801 -115.885238,35.064311,7790 -115.884642,35.064328,7780 -115.884047,35.064345,7770 -115.883453,35.064362,7759 -115.882860,35.064380,7749 -115.882267,35.064398,7738 -115.881676,35.064415,7728 -115.881085,35.064433,7718 -115.880496,35.064451,7707 -115.879907,35.064470,7697 -115.879319,35.064488,7687 -115.878732,35.064506,7676 -115.878146,35.064525,7666 -115.877561,35.064543,7656 -115.876977,35.064562,7645 -115.876394,35.064581,7635 -115.875812,35.064600,7625 -115.875230,35.064619,7614 -115.874650,35.064638,7604 -115.874070,35.064657,7594 -115.873492,35.064677,7584 -115.872914,35.064696,7573 -115.872337,35.064716,7563 -115.871761,35.064736,7553 -115.871186,35.064755,7542 -115.870612,35.064775,7532 -115.870039,35.064795,7522 -115.869467,35.064816,7512 -115.868895,35.064836,7501 -115.868325,35.064856,7491 -115.867755,35.064877,7481 -115.867187,35.064897,7471 -115.866619,35.064918,7461 -115.866052,35.064939,7450 -115.865486,35.064960,7440 -115.864921,35.064981,7430 -115.864357,35.065002,7420 -115.863794,35.065023,7410 -115.863231,35.065044,7399 -115.862670,35.065066,7389 -115.862109,35.065087,7379 -115.861550,35.065109,7369 -115.860991,35.065131,7359 -115.860433,35.065153,7349 -115.859876,35.065175,7338 -115.859320,35.065197,7328 -115.858765,35.065219,7318 -115.858211,35.065241,7308 -115.857657,35.065263,7298 -115.857105,35.065286,7288 -115.856553,35.065308,7278 -115.856002,35.065331,7268 -115.855453,35.065354,7258 -115.854904,35.065376,7247 -115.854356,35.065399,7237 -115.853809,35.065422,7227 -115.853262,35.065445,7217 -115.852717,35.065469,7207 -115.852173,35.065492,7197 -115.851629,35.065515,7187 -115.851087,35.065539,7177 -115.850545,35.065562,7167 -115.850004,35.065586,7157 -115.849464,35.065610,7147 -115.848925,35.065633,7137 -115.848387,35.065657,7127 -115.847849,35.065681,7117 -115.847313,35.065705,7107 -115.846777,35.065730,7097 -115.846243,35.065754,7087 -115.845709,35.065778,7077 -115.845176,35.065803,7067 -115.844644,35.065827,7057 -115.844113,35.065852,7047 -115.843583,35.065877,7037 -115.843053,35.065901,7027 -115.842525,35.065926,7017 -115.841997,35.065951,7007 -115.841471,35.065976,6997 -115.840945,35.066001,6987 -115.840420,35.066027,6977 -115.839896,35.066052,6967 -115.839373,35.066077,6957 -115.838850,35.066103,6947 -115.838329,35.066128,6937 -115.837808,35.066154,6928 -115.837289,35.066179,6918 -115.836770,35.066205,6908 -115.836252,35.066231,6898 -115.835735,35.066257,6888 -115.835219,35.066283,6878 -115.834703,35.066309,6868 -115.834189,35.066335,6858 -115.833675,35.066362,6849 -115.833163,35.066388,6839 -115.832651,35.066414,6829 -115.832140,35.066441,6819 -115.831630,35.066467,6809 -115.831121,35.066494,6799 -115.830613,35.066521,6789 -115.830105,35.066547,6780 -115.829599,35.066574,6770 -115.829093,35.066601,6760 -115.828588,35.066628,6750 -115.828084,35.066655,6740 -115.827581,35.066682,6731 -115.827079,35.066709,6721 -115.826577,35.066737,6711 -115.826077,35.066764,6701 -115.825577,35.066791,6691 -115.825079,35.066819,6682 -115.824581,35.066846,6672 -115.824084,35.066874,6662 -115.823587,35.066902,6652 -115.823092,35.066930,6643 -115.822598,35.066957,6633 -115.822104,35.066985,6623 -115.821611,35.067013,6613 -115.821120,35.067041,6604 -115.820629,35.067069,6594 -115.820139,35.067097,6584 -115.819649,35.067126,6575 -115.819161,35.067154,6565 -115.818673,35.067182,6555 -115.818187,35.067211,6546 -115.817701,35.067239,6536 -115.817216,35.067268,6526 -115.816732,35.067296,6516 -115.816249,35.067325,6507 -115.815766,35.067354,6497 -115.815285,35.067382,6487 -115.814804,35.067411,6478 -115.814324,35.067440,6468 -115.813845,35.067469,6458 -115.813367,35.067498,6449 -115.812890,35.067527,6439 -115.812413,35.067556,6430 -115.811938,35.067585,6420 -115.811463,35.067615,6410 -115.810989,35.067644,6401 -115.810516,35.067673,6391 -115.810044,35.067703,6382 -115.809573,35.067732,6372 -115.809102,35.067762,6362 -115.808633,35.067791,6353 -115.808164,35.067821,6343 -115.807696,35.067851,6334 -115.807229,35.067880,6324 -115.806763,35.067910,6314 -115.806298,35.067940,6305 -115.805833,35.067970,6295 -115.805370,35.068000,6286 -115.804907,35.068030,6276 -115.804445,35.068060,6267 -115.803984,35.068090,6257 -115.803523,35.068120,6248 -115.803064,35.068150,6238 -115.802605,35.068180,6229 -115.802148,35.068211,6219 -115.801691,35.068241,6209 -115.801235,35.068271,6200 -115.800780,35.068302,6190 -115.800325,35.068332,6181 -115.799872,35.068363,6171 -115.799419,35.068393,6162 -115.798967,35.068424,6153 -115.798516,35.068455,6143 -115.798066,35.068485,6134 -115.797617,35.068516,6124 -115.797168,35.068547,6115 -115.796721,35.068578,6105 -115.796274,35.068609,6096 -115.795828,35.068640,6086 -115.795383,35.068671,6077 -115.794939,35.068702,6067 -115.794495,35.068733,6058 -115.794052,35.068764,6049 -115.793611,35.068795,6039 -115.793170,35.068826,6030 -115.792730,35.068857,6020 -115.792290,35.068889,6011 -115.791852,35.068920,6001 -115.791414,35.068951,5992 -115.790977,35.068983,5983 -115.790541,35.069014,5973 -115.790105,35.069046,5964 -115.789670,35.069077,5955 -115.789235,35.069109,5945 -115.788801,35.069141,5936 -115.788367,35.069172,5926 -115.787934,35.069204,5917 -115.787501,35.069236,5908 -115.787069,35.069268,5898 -115.786638,35.069300,5889 -115.786207,35.069332,5880 -115.785777,35.069364,5870 -115.785347,35.069396,5861 -115.784918,35.069428,5852 -115.784489,35.069461,5842 -115.784061,35.069493,5833 -115.783633,35.069525,5824 -115.783207,35.069558,5814 -115.782780,35.069590,5805 -115.782354,35.069623,5796 -115.781929,35.069655,5787 -115.781504,35.069688,5777 -115.781080,35.069721,5768 -115.780656,35.069753,5759 -115.780233,35.069786,5749 -115.779810,35.069819,5740 -115.779388,35.069852,5731 -115.778967,35.069885,5722 -115.778546,35.069918,5712 -115.778126,35.069951,5703 -115.777706,35.069984,5694 -115.777287,35.070017,5685 -115.776868,35.070050,5675 -115.776450,35.070083,5666 -115.776032,35.070117,5657 -115.775615,35.070150,5648 -115.775198,35.070183,5638 -115.774782,35.070217,5629 -115.774367,35.070250,5620 -115.773952,35.070284,5611 -115.773538,35.070317,5602 -115.773124,35.070351,5592 -115.772711,35.070385,5583 -115.772298,35.070418,5574 -115.771886,35.070452,5565 -115.771474,35.070486,5556 -115.771063,35.070520,5547 -115.770653,35.070554,5537 -115.770243,35.070588,5528 -115.769833,35.070622,5519 -115.769424,35.070656,5510 -115.769016,35.070690,5501 -115.768608,35.070724,5492 -115.768201,35.070758,5482 -115.767794,35.070792,5473 -115.767388,35.070826,5464 -115.766983,35.070861,5455 -115.766577,35.070895,5446 -115.766173,35.070929,5437 -115.765769,35.070964,5428 -115.765365,35.070998,5419 -115.764963,35.071033,5410 -115.764560,35.071067,5400 -115.764158,35.071102,5391 -115.763757,35.071137,5382 -115.763356,35.071171,5373 -115.762956,35.071206,5364 -115.762556,35.071241,5355 -115.762157,35.071276,5346 -115.761759,35.071310,5337 -115.761361,35.071345,5328 -115.760963,35.071380,5319 -115.760566,35.071415,5310 -115.760170,35.071450,5301 -115.759774,35.071485,5292 -115.759378,35.071520,5283 -115.758984,35.071555,5274 -115.758589,35.071590,5265 -115.758196,35.071626,5255 -115.757802,35.071661,5246 -115.757410,35.071696,5237 -115.757018,35.071731,5228 -115.756626,35.071767,5219 -115.756235,35.071802,5210 -115.755844,35.071838,5201 -115.755454,35.071873,5192 -115.755065,35.071908,5183 -115.754676,35.071944,5174 -115.754288,35.071980,5165 -115.753900,35.072015,5157 -115.753512,35.072051,5148 -115.753126,35.072086,5139 -115.752739,35.072122,5130 -115.752354,35.072158,5121 -115.751968,35.072194,5112 -115.751584,35.072229,5103 -115.751200,35.072265,5094 -115.750816,35.072301,5085 -115.750433,35.072337,5076 -115.750051,35.072373,5067 -115.749669,35.072409,5058 -115.749287,35.072445,5049 -115.748906,35.072481,5040 -115.748526,35.072517,5031 -115.748146,35.072553,5022 -115.747766,35.072589,5013 -115.747388,35.072625,5005 -115.747009,35.072661,4996 -115.746632,35.072698,4987 -115.746254,35.072734,4978 -115.745878,35.072770,4969 -115.745501,35.072806,4960 -115.745126,35.072843,4951 -115.744751,35.072879,4942 -115.744376,35.072916,4933 -115.744002,35.072952,4925 -115.743628,35.072988,4916 -115.743255,35.073025,4907 -115.742883,35.073061,4898 -115.742511,35.073098,4889 -115.742140,35.073134,4880 -115.741769,35.073171,4872 -115.741398,35.073208,4863 -115.741028,35.073244,4854 -115.740659,35.073281,4845 -115.740290,35.073318,4836 -115.739922,35.073354,4827 -115.739554,35.073391,4819 -115.739187,35.073428,4810 -115.738820,35.073465,4801 -115.738454,35.073501,4792 -115.738088,35.073538,4783 -115.737723,35.073575,4775 -115.737359,35.073612,4766 -115.736995,35.073649,4757 -115.736631,35.073686,4748 -115.736268,35.073723,4739 -115.735905,35.073760,4731 -115.735543,35.073797,4722 -115.735182,35.073834,4713 -115.734821,35.073871,4704 -115.734460,35.073908,4696 -115.734101,35.073945,4687 -115.733741,35.073982,4678 -115.733382,35.074020,4669 -115.733024,35.074057,4661 -115.732666,35.074094,4652 -115.732309,35.074131,4643 -115.731952,35.074168,4634 -115.731596,35.074206,4626 -115.731240,35.074243,4617 -115.730885,35.074280,4608 -115.730530,35.074318,4600 -115.730176,35.074355,4591 -115.729822,35.074392,4582 -115.729469,35.074430,4573 -115.729116,35.074467,4565 -115.728764,35.074505,4556 -115.728412,35.074542,4547 -115.728061,35.074579,4539 -115.727710,35.074617,4530 -115.727360,35.074654,4521 -115.727011,35.074692,4513 -115.726662,35.074729,4504 -115.726313,35.074767,4495 -115.725965,35.074805,4487 -115.725618,35.074842,4478 -115.725271,35.074880,4469 -115.724924,35.074917,4461 -115.724578,35.074955,4452 -115.724233,35.074993,4443 -115.723888,35.075030,4435 -115.723543,35.075068,4426 -115.723199,35.075106,4418 -115.722856,35.075143,4409 -115.722513,35.075181,4400 -115.722171,35.075219,4392 -115.721829,35.075257,4383 -115.721487,35.075295,4374 -115.721147,35.075332,4366 -115.720806,35.075370,4357 -115.720466,35.075408,4349 -115.720127,35.075446,4340 -115.719788,35.075484,4331 -115.719450,35.075522,4323 -115.719112,35.075559,4314 -115.718775,35.075597,4306 -115.718438,35.075635,4297 -115.718102,35.075673,4289 -115.717766,35.075711,4280 -115.717431,35.075749,4271 -115.717096,35.075787,4263 -115.716762,35.075825,4254 -115.716428,35.075863,4246 -115.716095,35.075901,4237 -115.715762,35.075939,4229 -115.715430,35.075977,4220 -115.715098,35.076015,4212 -115.714767,35.076053,4203 -115.714436,35.076091,4195 -115.714106,35.076129,4186 -115.713776,35.076167,4178 -115.713447,35.076205,4169 -115.713119,35.076243,4161 -115.712790,35.076281,4152 -115.712463,35.076319,4144 -115.712136,35.076358,4135 -115.711809,35.076396,4127 -115.711483,35.076434,4118 -115.711157,35.076472,4110 -115.710832,35.076510,4101 -115.710507,35.076548,4093 -115.710183,35.076586,4084 -115.709860,35.076625,4076 -115.709536,35.076663,4067 -115.709214,35.076701,4059 -115.708892,35.076739,4050 -115.708570,35.076777,4042 -115.708249,35.076816,4033 -115.707928,35.076854,4025 -115.707608,35.076892,4016 -115.707289,35.076930,4008 -115.706969,35.076968,4000 -115.706651,35.077007,3991 -115.706333,35.077045,3983 -115.706015,35.077083,3974 -115.705698,35.077121,3966 -115.705381,35.077160,3957 -115.705065,35.077198,3949 -115.704750,35.077236,3941 -115.704435,35.077274,3932 -115.704120,35.077313,3924 -115.703806,35.077351,3915 -115.703492,35.077389,3907 -115.703179,35.077428,3899 -115.702866,35.077466,3890 -115.702554,35.077504,3882 -115.702243,35.077542,3873 -115.701931,35.077581,3865 -115.701621,35.077619,3857 -115.701311,35.077657,3848 -115.701001,35.077696,3840 -115.700692,35.077734,3832 -115.700383,35.077772,3823 -115.700075,35.077811,3815 -115.699767,35.077849,3807 -115.699460,35.077887,3798 -115.699154,35.077925,3790 -115.698847,35.077964,3782 -115.698542,35.078002,3773 -115.698236,35.078040,3765 -115.697932,35.078079,3757 -115.697628,35.078117,3748 -115.697324,35.078155,3740 -115.697021,35.078194,3732 -115.696718,35.078232,3723 -115.696416,35.078270,3715 -115.696114,35.078308,3707 -115.695813,35.078347,3698 -115.695512,35.078385,3690 -115.695212,35.078423,3682 -115.694912,35.078462,3673 -115.694613,35.078500,3665 -115.694314,35.078538,3657 -115.694015,35.078577,3649 -115.693718,35.078615,3640 -115.693420,35.078653,3632 -115.693123,35.078691,3624 -115.692827,35.078730,3615 -115.692531,35.078768,3607 -115.692236,35.078806,3599 -115.691941,35.078844,3591 -115.691647,35.078883,3582 -115.691353,35.078921,3574 -115.691059,35.078959,3566 -115.690766,35.078998,3558 -115.690474,35.079036,3549 -115.690182,35.079074,3541 -115.689890,35.079112,3533 -115.689599,35.079150,3525 -115.689309,35.079189,3517 -115.689019,35.079227,3508 -115.688729,35.079265,3500 -115.688440,35.079303,3492 -115.688152,35.079342,3484 -115.687864,35.079380,3475 -115.687576,35.079418,3467 -115.687289,35.079456,3459 -115.687003,35.079494,3451 -115.686716,35.079532,3443 -115.686431,35.079571,3434 -115.686146,35.079609,3426 -115.685861,35.079647,3418 -115.685577,35.079685,3410 -115.685293,35.079723,3402 -115.685010,35.079761,3394 -115.684727,35.079799,3385 -115.684445,35.079837,3377 -115.684163,35.079876,3369 -115.683882,35.079914,3361 -115.683601,35.079952,3353 -115.683321,35.079990,3345 -115.683041,35.080028,3336 -115.682762,35.080066,3328 -115.682483,35.080104,3320 -115.682204,35.080142,3312 -115.681926,35.080180,3304 -115.681649,35.080218,3296 -115.681372,35.080256,3288 -115.681096,35.080294,3279 -115.680820,35.080332,3271 -115.680544,35.080370,3263 -115.680269,35.080408,3255 -115.679995,35.080446,3247 -115.679721,35.080484,3239 -115.679447,35.080522,3231 -115.679174,35.080559,3223 -115.678901,35.080597,3215 -115.678629,35.080635,3206 -115.678357,35.080673,3198 -115.678086,35.080711,3190 -115.677815,35.080749,3182 -115.677545,35.080787,3174 -115.677275,35.080824,3166 -115.677006,35.080862,3158 -115.676737,35.080900,3150 -115.676469,35.080938,3142 -115.676201,35.080976,3134 -115.675934,35.081013,3126 -115.675667,35.081051,3118 -115.675400,35.081089,3110 -115.675134,35.081126,3102 -115.674869,35.081164,3093 -115.674604,35.081202,3085 -115.674339,35.081239,3077 -115.674075,35.081277,3069 -115.673812,35.081315,3061 -115.673549,35.081352,3053 -115.673286,35.081390,3045 -115.673024,35.081427,3037 -115.672762,35.081465,3029 -115.672501,35.081503,3021 -115.672240,35.081540,3013 -115.671980,35.081578,3005 -115.671720,35.081615,2997 -115.671461,35.081653,2989 -115.671202,35.081690,2981 -115.670944,35.081728,2973 -115.670686,35.081765,2965 -115.670428,35.081803,2957 -115.670171,35.081840,2949 -115.669914,35.081878,2941 -115.669658,35.081915,2933 -115.669402,35.081953,2925 -115.669147,35.081990,2917 -115.668892,35.082028,2909 -115.668638,35.082066,2901 -115.668384,35.082103,2893 -115.668130,35.082141,2885 -115.667877,35.082178,2877 -115.667625,35.082216,2870 -115.667373,35.082254,2862 -115.667121,35.082291,2854 -115.666870,35.082329,2846 -115.666619,35.082367,2838 -115.666368,35.082404,2830 -115.666118,35.082442,2822 -115.665869,35.082480,2814 -115.665620,35.082517,2806 -115.665371,35.082555,2798 -115.665123,35.082593,2790 -115.664875,35.082630,2782 -115.664628,35.082668,2774 -115.664381,35.082706,2766 -115.664135,35.082744,2758 -115.663889,35.082781,2751 -115.663643,35.082819,2743 -115.663398,35.082857,2735 -115.663154,35.082894,2727 -115.662909,35.082932,2719 -115.662666,35.082970,2711 -115.662422,35.083008,2703 -115.662179,35.083045,2695 -115.661937,35.083083,2687 -115.661695,35.083121,2680 -115.661454,35.083159,2672 -115.661212,35.083196,2664 -115.660972,35.083234,2656 -115.660732,35.083272,2648 -115.660492,35.083310,2640 -115.660252,35.083347,2632 -115.660014,35.083385,2624 -115.659775,35.083423,2617 -115.659537,35.083461,2609 -115.659299,35.083498,2601 -115.659062,35.083536,2593 -115.658826,35.083574,2585 -115.658589,35.083612,2577 -115.658354,35.083649,2570 -115.658118,35.083687,2562 -115.657883,35.083725,2554 -115.657649,35.083763,2546 -115.657415,35.083800,2538 -115.657181,35.083838,2530 -115.656948,35.083876,2523 -115.656715,35.083914,2515 -115.656483,35.083951,2507 -115.656251,35.083989,2499 -115.656019,35.084027,2491 -115.655788,35.084064,2484 -115.655558,35.084102,2476 -115.655328,35.084140,2468 -115.655098,35.084178,2460 -115.654868,35.084215,2452 -115.654640,35.084253,2445 -115.654411,35.084291,2437 -115.654183,35.084328,2429 -115.653956,35.084366,2421 -115.653729,35.084404,2414 -115.653502,35.084441,2406 -115.653276,35.084479,2398 -115.653050,35.084517,2390 -115.652824,35.084554,2382 -115.652600,35.084592,2375 -115.652375,35.084630,2367 -115.652151,35.084667,2359 -115.651927,35.084705,2351 -115.651704,35.084742,2344 -115.651481,35.084780,2336 -115.651259,35.084818,2328 -115.651037,35.084855,2321 -115.650816,35.084893,2313 -115.650594,35.084930,2305 -115.650374,35.084968,2297 -115.650154,35.085005,2290 -115.649934,35.085043,2282 -115.649715,35.085080,2274 -115.649496,35.085118,2266 -115.649277,35.085155,2259 -115.649059,35.085193,2251 -115.648841,35.085230,2243 -115.648624,35.085268,2236 -115.648408,35.085305,2228 -115.648191,35.085343,2220 -115.647975,35.085380,2213 -115.647760,35.085418,2205 -115.647545,35.085455,2197 -115.647330,35.085492,2189 -115.647116,35.085530,2182 -115.646902,35.085567,2174 -115.646689,35.085605,2166 -115.646476,35.085642,2159 -115.646264,35.085679,2151 -115.646051,35.085716,2143 -115.645840,35.085754,2136 -115.645629,35.085791,2128 -115.645418,35.085828,2120 -115.645208,35.085866,2113 -115.644998,35.085903,2105 -115.644788,35.085940,2097 -115.644579,35.085977,2090 -115.644370,35.086014,2082 -115.644162,35.086052,2075 -115.643954,35.086089,2067 -115.643747,35.086126,2059 -115.643540,35.086163,2052 -115.643334,35.086200,2044 -115.643127,35.086237,2036 -115.642922,35.086274,2029 -115.642717,35.086311,2021 -115.642512,35.086348,2014 -115.642307,35.086385,2006 -115.642103,35.086422,1998 -115.641900,35.086459,1991 -115.641697,35.086496,1983 -115.641494,35.086533,1975 -115.641292,35.086570,1968 -115.641090,35.086607,1960 -115.640888,35.086644,1953 -115.640687,35.086681,1945 -115.640487,35.086718,1938 -115.640287,35.086754,1930 -115.640087,35.086791,1922 -115.639887,35.086828,1915 -115.639689,35.086865,1907 -115.639490,35.086902,1900 -115.639292,35.086938,1892 -115.639094,35.086975,1884 -115.638897,35.087012,1877 -115.638700,35.087048,1869 -115.638504,35.087085,1862 -115.638308,35.087122,1854 -115.638112,35.087158,1847 -115.637917,35.087195,1839 -115.637722,35.087231,1832 -115.637528,35.087268,1824 -115.637334,35.087304,1816 -115.637141,35.087341,1809 -115.636948,35.087377,1801 -115.636755,35.087414,1794 -115.636563,35.087450,1786 -115.636371,35.087486,1779 -115.636180,35.087523,1771 -115.635989,35.087559,1764 -115.635798,35.087595,1756 -115.635608,35.087632,1749 -115.635418,35.087668,1741 -115.635229,35.087704,1734 -115.635040,35.087740,1726 -115.634852,35.087776,1719 -115.634664,35.087813,1711 -115.634476,35.087849,1704 -115.634289,35.087885,1696 -115.634102,35.087921,1689 -115.633916,35.087957,1681 -115.633730,35.087993,1674 -115.633544,35.088029,1666 -115.633359,35.088065,1659 -115.633174,35.088101,1651 -115.632990,35.088137,1644 -115.632806,35.088172,1636 -115.632623,35.088208,1629 -115.632439,35.088244,1621 -115.632257,35.088280,1614 -115.632075,35.088316,1606 -115.631893,35.088351,1599 -115.631711,35.088387,1592 -115.631530,35.088423,1584 -115.631350,35.088458,1577 -115.631169,35.088494,1569 -115.630990,35.088529,1562 -115.630810,35.088565,1554 -115.630631,35.088600,1547 -115.630453,35.088636,1539 -115.630275,35.088671,1532 -115.630097,35.088707,1525 -115.629920,35.088742,1517 -115.629743,35.088777,1510 -115.629566,35.088813,1502 -115.629390,35.088848,1495 -115.629214,35.088883,1487 -115.629039,35.088919,1480 -115.628864,35.088954,1473 -115.628690,35.088989,1465 -115.628516,35.089024,1458 -115.628342,35.089059,1450 -115.628169,35.089094,1443 -115.627996,35.089129,1436 -115.627824,35.089164,1428 -115.627652,35.089199,1421 -115.627480,35.089234,1413 -115.627309,35.089269,1406 -115.627138,35.089304,1399 -115.626968,35.089338,1391 -115.626798,35.089373,1384 -115.626628,35.089408,1376 -115.626459,35.089443,1369 -115.626291,35.089477,1362 -115.626122,35.089512,1354 -115.625954,35.089547,1347 -115.625787,35.089581,1340 -115.625620,35.089616,1332 -115.625453,35.089650,1325 -115.625287,35.089685,1318 -115.625121,35.089719,1310 -115.624955,35.089753,1303 -115.624790,35.089788,1295 -115.624625,35.089822,1288 -115.624461,35.089856,1281 -115.624297,35.089890,1273 -115.624134,35.089925,1266 -115.623971,35.089959,1259 -115.623808,35.089993,1251 -115.623646,35.090027,1244 -115.623484,35.090061,1237 -115.623323,35.090095,1229 -115.623161,35.090129,1222 -115.623001,35.090163,1215 -115.622841,35.090197,1208 -115.622681,35.090230,1200 -115.622521,35.090264,1193 -115.622362,35.090298,1186 -115.622204,35.090332,1178 -115.622045,35.090365,1171 -115.621887,35.090399,1164 -115.621730,35.090432,1156 -115.621573,35.090466,1149 -115.621416,35.090499,1142 -115.621260,35.090533,1134 -115.621104,35.090566,1127 -115.620949,35.090600,1120 -115.620794,35.090633,1113 -115.620639,35.090666,1105 -115.620485,35.090699,1098 -115.620331,35.090733,1091 -115.620178,35.090766,1084 -115.620025,35.090799,1076 -115.619872,35.090832,1069 -115.619720,35.090865,1062 -115.619568,35.090898,1054 -115.619416,35.090931,1047 -115.619265,35.090964,1040 -115.619115,35.090997,1033 -115.618964,35.091029,1025 -115.618815,35.091062,1018 -115.618665,35.091095,1011 -115.618516,35.091127,1004 -115.618367,35.091160,996 -115.618219,35.091193,989 -115.618072,35.091225,982 -115.617925,35.091258,975 -115.617779,35.091290,968 -115.617633,35.091322,960 -115.617488,35.091355,953 -115.617344,35.091387,946 -115.617200,35.091419,939 -115.617057,35.091451,931 -115.616915,35.091483,924 -115.616773,35.091515,917 -115.616632,35.091547,910 -115.616491,35.091579,903 -115.616351,35.091610,895 -115.616212,35.091642,888 -115.616073,35.091674,881 -115.615936,35.091705,874 -115.615798,35.091737,867 -115.615661,35.091768,859 -115.615525,35.091799,852 -115.615390,35.091831,845 -115.615255,35.091862,838 -115.615121,35.091893,831 -115.614987,35.091924,823 -115.614854,35.091955,816 -115.614722,35.091986,809 -115.614591,35.092017,802 -115.614460,35.092047,795 -115.614329,35.092078,788 -115.614199,35.092109,780 -115.614070,35.092139,773 -115.613942,35.092170,766 -115.613814,35.092200,759 -115.613687,35.092230,752 -115.613560,35.092261,745 -115.613434,35.092291,737 -115.613308,35.092321,730 -115.613184,35.092351,723 -115.613060,35.092381,716 -115.612936,35.092411,709 -115.612813,35.092440,702 -115.612691,35.092470,700</coordinates></LineString></Placemark>
<Placemark><name>predicted landing</name><Point><coordinates>-115.612691,35.092470,0</coordinates></Point></Placemark>
</Document></kml>
