t_s,pressure_pa,temp_c,alt_m,alt_filt_m,vel_mps,state
-1.982,101327.5,21.50,-0.17,0.05,-0.94,PAD
-1.963,101326.0,21.50,-0.05,-0.00,-1.21,PAD
-1.943,101329.4,21.50,-0.33,-0.13,-2.11,PAD
-1.920,101323.5,21.50,0.16,-0.06,-1.20,PAD
-1.903,101328.8,21.50,-0.28,-0.15,-1.87,PAD
-1.882,101331.4,21.50,-0.50,-0.30,-2.76,PAD
-1.862,101327.1,21.50,-0.14,-0.28,-2.11,PAD
-1.840,101327.9,21.50,-0.21,-0.28,-1.79,PAD
-1.822,101328.0,21.50,-0.21,-0.28,-1.45,PAD
-1.803,101318.4,21.50,0.59,0.00,1.38,PAD
-1.782,101322.8,21.50,0.22,0.10,1.89,PAD
-1.762,101328.2,21.50,-0.23,0.01,0.78,PAD
-1.741,101321.1,21.50,0.36,0.14,1.72,PAD
-1.722,101325.8,21.50,-0.03,0.10,1.04,PAD
-1.701,101326.6,21.50,-0.10,0.05,0.43,PAD
-1.681,101328.7,21.50,-0.28,-0.06,-0.59,PAD
-1.660,101324.5,21.50,0.07,-0.02,-0.18,PAD
-1.640,101327.5,21.50,-0.18,-0.08,-0.64,PAD
-1.622,101324.9,21.50,0.05,-0.04,-0.21,PAD
-1.601,101329.7,21.50,-0.35,-0.15,-1.12,PAD
-1.582,101323.0,21.50,0.20,-0.04,0.02,PAD
-1.560,101323.3,21.50,0.18,0.03,0.63,PAD
-1.543,101326.1,21.50,-0.06,0.01,0.27,PAD
-1.522,101329.9,21.50,-0.38,-0.12,-0.83,PAD
-1.501,101325.7,21.50,-0.02,-0.10,-0.49,PAD
-1.482,101324.8,21.50,0.05,-0.05,-0.00,PAD
-1.461,101323.0,21.50,0.20,0.04,0.73,PAD
-1.441,101328.1,21.50,-0.22,-0.04,-0.10,PAD
-1.422,101322.8,21.50,0.22,0.04,0.70,PAD
-1.401,101324.2,21.50,0.10,0.08,0.83,PAD
-1.382,101324.1,21.50,0.11,0.10,0.90,PAD
-1.361,101328.3,21.50,-0.24,-0.01,-0.10,PAD
-1.340,101322.3,21.50,0.26,0.08,0.67,PAD
-1.323,101322.4,21.50,0.25,0.15,1.21,PAD
-1.302,101325.5,21.50,-0.01,0.11,0.67,PAD
-1.280,101325.0,21.50,0.03,0.09,0.42,PAD
-1.260,101320.5,21.50,0.41,0.21,1.35,PAD
-1.239,101322.2,21.50,0.26,0.25,1.42,PAD
-1.223,101323.0,21.50,0.20,0.25,1.18,PAD
-1.200,101325.0,21.50,0.03,0.19,0.55,PAD
-1.180,101322.4,21.50,0.25,0.22,0.70,PAD
-1.160,101330.8,21.50,-0.45,-0.01,-1.36,PAD
-1.141,101325.7,21.50,-0.03,-0.03,-1.34,PAD
-1.121,101328.5,21.50,-0.26,-0.13,-1.95,PAD
-1.101,101325.9,21.50,-0.04,-0.12,-1.57,PAD
-1.081,101325.6,21.50,-0.02,-0.11,-1.16,PAD
-1.060,101327.1,21.50,-0.14,-0.13,-1.19,PAD
-1.041,101323.9,21.50,0.13,-0.06,-0.28,PAD
-1.023,101319.5,21.50,0.50,0.13,1.49,PAD
-1.003,101326.2,21.50,-0.07,0.08,0.78,PAD
-0.980,101322.7,21.50,0.23,0.14,1.11,PAD
-0.960,101328.9,21.50,-0.29,0.01,-0.29,PAD
-0.943,101322.2,21.50,0.27,0.10,0.61,PAD
-0.920,101325.4,21.50,0.00,0.07,0.33,PAD
-0.902,101325.0,21.50,0.03,0.06,0.18,PAD
-0.881,101323.2,21.50,0.18,0.11,0.51,PAD
-0.862,101323.8,21.50,0.14,0.12,0.57,PAD
-0.843,101324.4,21.50,0.08,0.12,0.42,PAD
-0.823,101325.5,21.50,-0.00,0.08,0.02,PAD
-0.803,101325.7,21.50,-0.02,0.04,-0.30,PAD
-0.783,101325.1,21.50,0.03,0.03,-0.33,PAD
-0.763,101324.9,21.50,0.04,0.03,-0.28,PAD
-0.743,101318.2,21.50,0.60,0.23,1.42,PAD
-0.720,101329.1,21.50,-0.31,0.06,-0.06,PAD
-0.701,101327.0,21.50,-0.13,-0.01,-0.67,PAD
-0.683,101321.1,21.50,0.35,0.11,0.54,PAD
-0.661,101322.4,21.50,0.25,0.17,0.89,PAD
-0.641,101318.5,21.50,0.57,0.32,2.05,PAD
-0.621,101316.1,21.50,0.78,0.51,3.30,PAD
-0.603,101323.5,21.50,0.15,0.42,1.98,PAD
-0.582,101329.9,21.50,-0.38,0.17,-0.44,PAD
-0.560,101325.4,21.50,-0.00,0.10,-0.88,PAD
-0.542,101325.6,21.50,-0.02,0.05,-1.23,PAD
-0.521,101325.2,21.50,0.02,0.02,-1.26,PAD
-0.500,101326.7,21.50,-0.11,-0.04,-1.55,PAD
-0.482,101324.8,21.50,0.05,-0.03,-1.15,PAD
-0.461,101322.5,21.50,0.24,0.05,-0.34,PAD
-0.441,101323.2,21.50,0.18,0.09,0.09,PAD
-0.420,101327.0,21.50,-0.14,0.01,-0.56,PAD
-0.402,101323.8,21.50,0.13,0.05,-0.13,PAD
-0.381,101319.2,21.50,0.51,0.21,1.22,PAD
-0.362,101326.6,21.50,-0.10,0.11,0.17,PAD
-0.340,101325.7,21.50,-0.02,0.07,-0.22,PAD
-0.320,101329.0,21.50,-0.30,-0.06,-1.30,PAD
-0.301,101325.3,21.50,0.01,-0.06,-1.00,PAD
-0.279,101325.0,21.50,0.03,-0.04,-0.70,PAD
-0.260,101324.7,21.50,0.06,-0.01,-0.35,PAD
-0.240,101322.6,21.50,0.23,0.07,0.39,PAD
-0.220,101325.8,21.50,-0.04,0.04,0.06,PAD
-0.202,101323.4,21.50,0.16,0.08,0.49,PAD
-0.179,101321.9,21.50,0.29,0.16,1.01,PAD
-0.162,101324.7,21.50,0.06,0.14,0.59,PAD
-0.141,101325.3,21.50,0.01,0.10,0.18,PAD
-0.123,101326.1,21.50,-0.06,0.05,-0.34,PAD
-0.100,101327.0,21.50,-0.14,-0.02,-0.80,PAD
-0.082,101331.6,21.50,-0.51,-0.20,-2.39,PAD
-0.061,101324.2,21.50,0.10,-0.13,-1.39,PAD
-0.043,101329.0,21.50,-0.30,-0.21,-1.88,PAD
-0.022,101325.0,21.50,0.03,-0.15,-1.07,PAD
-0.002,101325.4,21.50,0.00,-0.11,-0.56,PAD
0.018,101327.4,21.50,-0.17,-0.14,-0.71,PAD
0.037,101322.4,21.50,0.25,-0.01,0.54,PAD
0.060,101324.7,21.50,0.05,0.02,0.68,PAD
0.080,101326.9,21.50,-0.13,-0.02,0.22,PAD
0.097,101320.2,21.50,0.43,0.14,1.79,PAD
0.117,101321.3,21.50,0.34,0.23,2.29,PAD
0.138,101322.0,21.50,0.28,0.28,2.30,PAD
0.157,101322.3,21.50,0.26,0.30,2.09,PAD
0.179,101323.0,21.50,0.19,0.29,1.68,PAD
0.198,101315.1,21.50,0.85,0.51,3.36,PAD
0.219,101320.6,21.50,0.39,0.51,2.82,PAD
0.240,101315.4,21.50,0.83,0.66,3.53,PAD
0.260,101311.5,21.50,1.15,0.88,4.79,PAD
0.280,101299.5,21.50,2.15,1.39,8.27,PAD
0.300,101301.4,21.50,1.99,1.71,9.58,PAD
0.319,101292.8,21.50,2.70,2.17,12.22,PAD
0.339,101291.1,21.50,2.84,2.56,13.54,PAD
0.357,101282.2,21.50,3.58,3.08,16.09,PAD
0.377,101273.3,21.50,4.31,3.72,18.79,PAD
0.399,101262.5,21.50,5.20,4.51,21.76,PAD
0.420,101254.6,21.50,5.86,5.28,24.26,PAD
0.438,101248.1,21.50,6.39,5.96,26.45,PAD
0.457,101231.5,21.50,7.77,6.91,30.82,PAD
0.477,101222.4,21.50,8.52,7.89,33.60,PAD
0.500,101210.9,21.50,9.47,8.93,35.85,PAD
0.517,101200.4,21.50,10.34,9.83,38.51,PAD
0.537,101186.9,21.50,11.45,10.90,41.02,PAD
0.558,101175.7,21.50,12.36,11.96,42.87,ASCENT
0.579,101161.3,21.50,13.57,13.11,44.85,ASCENT
0.600,101140.5,21.50,15.30,14.49,48.44,ASCENT
0.617,101137.7,21.50,15.54,15.41,49.12,ASCENT
0.639,101115.1,21.50,17.42,16.80,51.78,ASCENT
0.659,101108.6,21.50,17.96,17.87,52.21,ASCENT
0.678,101092.9,21.50,19.27,19.03,53.35,ASCENT
0.699,101070.0,21.50,21.18,20.49,56.44,ASCENT
0.720,101059.7,21.50,22.04,21.80,57.49,ASCENT
0.737,101049.9,21.50,22.86,22.83,57.63,ASCENT
0.759,101033.5,21.50,24.22,24.11,58.13,ASCENT
0.777,101015.4,21.50,25.73,25.37,59.94,ASCENT
0.799,100995.3,21.50,27.42,26.93,62.01,ASCENT
0.820,100984.1,21.50,28.35,28.28,62.30,ASCENT
0.841,100958.9,21.50,30.45,29.88,64.82,ASCENT
0.858,100944.1,21.50,31.69,31.27,66.97,ASCENT
0.878,100934.8,21.50,32.46,32.53,66.68,ASCENT
0.899,100910.9,21.50,34.46,34.12,68.16,ASCENT
0.918,100899.8,21.50,35.38,35.41,68.04,ASCENT
0.937,100878.5,21.50,37.16,36.86,69.49,ASCENT
0.959,100861.0,21.50,38.63,38.46,70.23,ASCENT
0.980,100847.7,21.50,39.74,39.87,69.66,ASCENT
1.000,100825.8,21.50,41.57,41.39,70.48,ASCENT
1.021,100809.6,21.50,42.92,42.86,70.78,ASCENT
1.038,100791.1,21.50,44.47,44.23,72.04,ASCENT
1.058,100772.4,21.50,46.03,45.77,73.26,ASCENT
1.077,100753.7,21.50,47.60,47.34,74.49,ASCENT
1.098,100733.1,21.50,49.32,49.06,75.61,ASCENT
1.120,100716.8,21.50,50.69,50.69,75.60,ASCENT
1.138,100700.1,21.50,52.08,52.05,75.80,ASCENT
1.160,100682.1,21.50,53.58,53.69,75.35,ASCENT
1.179,100659.2,21.50,55.51,55.28,76.43,ASCENT
1.197,100640.0,21.50,57.11,56.81,77.96,ASCENT
1.219,100620.9,21.50,58.71,58.58,78.52,ASCENT
1.240,100603.1,21.50,60.20,60.20,78.49,ASCENT
1.260,100574.0,21.50,62.63,62.10,80.91,ASCENT
1.277,100566.3,21.50,63.28,63.40,80.25,ASCENT
1.300,100535.9,21.50,65.83,65.43,81.87,ASCENT
1.320,100515.7,21.50,67.52,67.22,83.29,ASCENT
1.338,100507.4,21.50,68.21,68.53,81.64,ASCENT
1.358,100482.0,21.50,70.34,70.24,82.11,ASCENT
1.380,100453.5,21.50,72.73,72.32,83.80,ASCENT
1.398,100439.2,21.50,73.93,73.85,84.26,ASCENT
1.418,100419.8,21.50,75.56,75.52,84.42,ASCENT
1.439,100394.7,21.50,77.66,77.46,85.27,ASCENT
1.457,100377.0,21.50,79.15,79.03,85.87,ASCENT
1.479,100351.7,21.50,81.27,81.01,86.99,ASCENT
1.498,100331.0,21.50,83.00,82.81,87.90,ASCENT
1.519,100303.4,21.50,85.32,84.87,89.89,ASCENT
1.539,100281.5,21.50,87.16,86.86,91.27,ASCENT
1.559,100263.0,21.50,88.71,88.70,91.33,ASCENT
1.578,100237.2,21.50,90.88,90.60,92.67,ASCENT
1.600,100219.0,21.50,92.41,92.55,92.08,ASCENT
1.620,100194.8,21.50,94.44,94.40,92.30,ASCENT
1.640,100175.9,21.50,96.03,96.19,91.56,ASCENT
1.658,100155.0,21.50,97.79,97.82,91.37,ASCENT
1.680,100127.6,21.50,100.08,99.87,92.30,ASCENT
1.698,100100.0,21.50,102.41,101.89,94.86,ASCENT
1.718,100082.4,21.50,103.88,103.78,95.35,ASCENT
1.739,100063.3,21.50,105.50,105.71,94.42,ASCENT
1.760,100046.4,21.50,106.91,107.43,92.15,ASCENT
1.780,100019.4,21.50,109.18,109.21,92.03,ASCENT
1.798,100002.0,21.50,110.65,110.79,91.33,ASCENT
1.818,99979.1,21.50,112.57,112.58,91.27,ASCENT
1.840,99947.9,21.50,115.20,114.82,92.88,ASCENT
1.859,99937.1,21.50,116.11,116.46,91.25,ASCENT
1.880,99913.1,21.50,118.13,118.27,90.63,ASCENT
1.897,99891.7,21.50,119.93,119.86,91.02,ASCENT
1.920,99874.9,21.50,121.35,121.73,89.45,ASCENT
1.938,99854.1,21.50,123.10,123.27,88.56,ASCENT
1.958,99843.6,21.50,123.98,124.64,85.44,ASCENT
1.978,99807.8,21.50,127.00,126.59,87.30,ASCENT
2.001,99789.6,21.50,128.53,128.55,87.21,ASCENT
2.020,99772.7,21.50,129.96,130.17,86.25,ASCENT
2.037,99755.2,21.50,131.43,131.54,85.66,ASCENT
2.058,99738.0,21.50,132.89,133.17,84.38,ASCENT
2.079,99717.9,21.50,134.58,134.85,83.23,ASCENT
2.097,99700.1,21.50,136.08,136.22,82.50,ASCENT
2.117,99679.8,21.50,137.79,137.84,82.27,ASCENT
2.137,99658.6,21.50,139.58,139.52,82.54,ASCENT
2.160,99639.4,21.50,141.20,141.36,81.90,ASCENT
2.178,99625.0,21.50,142.42,142.68,80.56,ASCENT
2.198,99604.2,21.50,144.17,144.24,80.21,ASCENT
2.220,99577.5,21.50,146.43,146.15,81.37,ASCENT
2.238,99572.4,21.50,146.86,147.35,78.84,ASCENT
2.260,99546.2,21.50,149.06,149.06,78.84,ASCENT
2.278,99533.7,21.50,150.12,150.38,77.53,ASCENT
2.298,99512.0,21.50,151.95,151.93,77.66,ASCENT
2.318,99498.7,21.50,153.08,153.36,76.39,ASCENT
2.337,99477.7,21.50,154.85,154.83,76.50,ASCENT
2.357,99466.0,21.50,155.84,156.16,75.00,ASCENT
2.380,99445.4,21.50,157.58,157.79,74.19,ASCENT
2.400,99422.3,21.50,159.53,159.36,74.97,ASCENT
2.418,99399.8,21.50,161.44,160.98,77.24,ASCENT
2.439,99391.9,21.50,162.11,162.43,75.84,ASCENT
2.460,99370.4,21.50,163.92,163.97,75.61,ASCENT
2.478,99361.2,21.50,164.70,165.12,73.50,ASCENT
2.499,99341.7,21.50,166.35,166.57,72.57,ASCENT
2.520,99322.8,21.50,167.95,168.00,72.34,ASCENT
2.537,99306.9,21.50,169.29,169.27,72.48,ASCENT
2.557,99290.7,21.50,170.66,170.71,72.28,ASCENT
2.580,99279.5,21.50,171.61,172.08,70.35,ASCENT
2.599,99262.1,21.50,173.09,173.34,69.17,ASCENT
2.617,99244.3,21.50,174.59,174.58,69.23,ASCENT
2.640,99228.0,21.50,175.97,176.08,68.76,ASCENT
2.660,99214.2,21.50,177.14,177.34,67.83,ASCENT
2.678,99196.7,21.50,178.62,178.59,67.98,ASCENT
2.698,99176.3,21.50,180.35,180.09,69.18,ASCENT
2.717,99172.0,21.50,180.71,181.17,66.98,ASCENT
2.738,99149.7,21.50,182.60,182.60,67.00,ASCENT
2.757,99134.7,21.50,183.88,183.86,67.09,ASCENT
2.779,99120.2,21.50,185.10,185.24,66.50,ASCENT
2.799,99102.0,21.50,186.64,186.61,66.65,ASCENT
2.819,99086.9,21.50,187.93,187.93,66.63,ASCENT
2.837,99077.5,21.50,188.72,188.98,65.27,ASCENT
2.859,99058.4,21.50,190.34,190.40,65.02,ASCENT
2.880,99046.9,21.50,191.32,191.59,63.80,ASCENT
2.897,99034.1,21.50,192.40,192.60,62.75,ASCENT
2.919,99023.1,21.50,193.33,193.75,60.99,ASCENT
2.940,99001.5,21.50,195.17,195.07,61.42,ASCENT
2.957,98990.1,21.50,196.13,196.14,61.36,ASCENT
2.980,98972.1,21.50,197.66,197.59,61.66,ASCENT
3.000,98963.2,21.50,198.42,198.69,60.43,ASCENT
3.019,98947.9,21.50,199.72,199.79,60.06,ASCENT
3.040,98933.3,21.50,200.95,201.00,59.82,ASCENT
3.058,98925.8,21.50,201.59,201.89,58.24,ASCENT
3.079,98906.3,21.50,203.25,203.18,58.51,ASCENT
3.100,98892.0,21.50,204.46,204.43,58.63,ASCENT
3.117,98876.2,21.50,205.80,205.54,60.11,ASCENT
3.140,98859.4,21.50,207.22,207.03,60.88,ASCENT
3.158,98851.4,21.50,207.90,208.04,60.19,ASCENT
3.180,98838.6,21.50,208.99,209.24,59.15,ASCENT
3.199,98822.4,21.50,210.37,210.38,59.11,ASCENT
3.220,98809.4,21.50,211.47,211.56,58.74,ASCENT
3.238,98802.7,21.50,212.05,212.43,56.81,ASCENT
3.258,98785.7,21.50,213.48,213.54,56.53,ASCENT
3.280,98771.8,21.50,214.67,214.74,56.23,ASCENT
3.297,98762.0,21.50,215.50,215.61,55.59,ASCENT
3.317,98747.0,21.50,216.78,216.76,55.69,ASCENT
3.340,98738.3,21.50,217.51,217.86,54.29,ASCENT
3.360,98727.8,21.50,218.41,218.75,52.68,ASCENT
3.377,98716.2,21.50,219.39,219.55,51.79,ASCENT
3.400,98703.5,21.50,220.47,220.66,51.05,ASCENT
3.418,98682.5,21.50,222.26,221.79,53.56,ASCENT
3.440,98677.6,21.50,222.67,222.88,52.71,ASCENT
3.460,98662.5,21.50,223.96,223.95,52.77,ASCENT
3.477,98657.3,21.50,224.41,224.67,51.28,ASCENT
3.497,98639.4,21.50,225.93,225.78,51.97,ASCENT
3.518,98631.3,21.50,226.61,226.79,51.21,ASCENT
3.540,98621.2,21.50,227.48,227.77,49.98,ASCENT
3.560,98606.5,21.50,228.73,228.74,49.93,ASCENT
3.578,98594.5,21.50,229.75,229.69,50.23,ASCENT
3.600,98581.1,21.50,230.89,230.82,50.49,ASCENT
3.618,98573.1,21.50,231.57,231.67,49.97,ASCENT
3.638,98559.6,21.50,232.71,232.69,50.09,ASCENT
3.657,98545.9,21.50,233.88,233.74,50.79,ASCENT
3.680,98538.5,21.50,234.52,234.77,49.77,ASCENT
3.700,98530.9,21.50,235.16,235.53,47.98,ASCENT
3.718,98516.9,21.50,236.35,236.40,47.72,ASCENT
3.738,98508.5,21.50,237.06,237.23,46.93,ASCENT
3.760,98496.7,21.50,238.07,238.22,46.34,ASCENT
3.778,98483.6,21.50,239.18,239.09,46.83,ASCENT
3.797,98473.1,21.50,240.09,240.03,47.11,ASCENT
3.818,98459.8,21.50,241.21,241.08,47.70,ASCENT
3.839,98451.8,21.50,241.89,242.02,47.15,ASCENT
3.860,98442.1,21.50,242.72,242.89,46.39,ASCENT
3.877,98428.8,21.50,243.86,243.75,46.96,ASCENT
3.900,98418.8,21.50,244.71,244.80,46.62,ASCENT
3.919,98413.2,21.50,245.19,245.51,45.06,ASCENT
3.937,98399.1,21.50,246.39,246.33,45.36,ASCENT
3.960,98391.7,21.50,247.02,247.25,44.43,ASCENT
3.980,98380.4,21.50,247.99,248.10,43.91,ASCENT
4.000,98368.7,21.50,248.98,248.97,43.99,ASCENT
4.017,98364.1,21.50,249.38,249.59,42.83,ASCENT
4.038,98352.5,21.50,250.36,250.46,42.37,ASCENT
4.059,98340.6,21.50,251.38,251.35,42.51,ASCENT
4.080,98330.8,21.50,252.21,252.23,42.39,ASCENT
4.099,98322.9,21.50,252.89,252.97,41.96,ASCENT
4.117,98314.5,21.50,253.60,253.69,41.51,ASCENT
4.140,98303.3,21.50,254.56,254.63,41.24,ASCENT
4.160,98294.7,21.50,255.29,255.40,40.75,ASCENT
4.179,98282.7,21.50,256.32,256.20,41.35,ASCENT
4.197,98280.1,21.50,256.53,256.81,39.97,ASCENT
4.220,98264.8,21.50,257.84,257.77,40.25,ASCENT
4.240,98255.7,21.50,258.62,258.58,40.43,ASCENT
4.260,98250.7,21.50,259.05,259.29,39.34,ASCENT
4.277,98242.6,21.50,259.74,259.86,38.65,ASCENT
4.298,98224.3,21.50,261.30,260.91,40.29,ASCENT
4.318,98221.3,21.50,261.55,261.64,39.87,ASCENT
4.337,98215.2,21.50,262.08,262.30,38.83,ASCENT
4.360,98204.7,21.50,262.97,263.10,38.30,ASCENT
4.378,98190.1,21.50,264.22,263.95,39.64,ASCENT
4.397,98184.9,21.50,264.66,264.68,39.53,ASCENT
4.417,98176.1,21.50,265.42,265.46,39.32,ASCENT
4.440,98170.7,21.50,265.88,266.19,38.05,ASCENT
4.459,98163.4,21.50,266.50,266.77,36.75,ASCENT
4.477,98154.2,21.50,267.29,267.39,36.21,ASCENT
4.499,98144.0,21.50,268.16,268.18,36.14,ASCENT
4.517,98134.4,21.50,268.98,268.87,36.69,ASCENT
4.539,98131.0,21.50,269.27,269.54,35.55,ASCENT
4.559,98113.1,21.50,270.79,270.44,37.18,ASCENT
4.577,98114.4,21.50,270.68,270.95,35.80,ASCENT
4.599,98105.8,21.50,271.42,271.62,34.93,ASCENT
4.619,98096.7,21.50,272.19,272.30,34.48,ASCENT
4.640,98087.9,21.50,272.95,272.98,34.35,ASCENT
4.659,98080.7,21.50,273.56,273.62,34.07,ASCENT
4.680,98074.3,21.50,274.11,274.25,33.44,ASCENT
4.700,98062.9,21.50,275.09,274.97,34.01,ASCENT
4.720,98059.2,21.50,275.40,275.58,33.22,ASCENT
4.738,98050.3,21.50,276.16,276.17,33.18,ASCENT
4.757,98043.7,21.50,276.73,276.76,33.01,ASCENT
4.777,98027.8,21.50,278.09,277.67,34.88,ASCENT
4.798,98024.3,21.50,278.39,278.38,34.90,ASCENT
4.817,98020.7,21.50,278.70,278.92,33.79,ASCENT
4.837,98012.0,21.50,279.43,279.55,33.28,ASCENT
4.859,98009.0,21.50,279.69,280.07,31.69,ASCENT
4.878,97995.1,21.50,280.89,280.74,32.38,ASCENT
4.898,97996.1,21.50,280.80,281.19,30.60,ASCENT
4.920,97987.3,21.50,281.55,281.75,29.78,ASCENT
4.940,97978.4,21.50,282.31,282.34,29.64,ASCENT
4.960,97969.4,21.50,283.08,282.99,30.07,ASCENT
4.978,97961.2,21.50,283.78,283.62,30.91,ASCENT
4.999,97953.9,21.50,284.41,284.32,31.28,ASCENT
5.020,97948.5,21.50,284.87,284.93,31.00,ASCENT
5.037,97944.9,21.50,285.18,285.37,30.00,ASCENT
5.057,97940.3,21.50,285.57,285.83,28.82,ASCENT
5.079,97933.3,21.50,286.17,286.36,28.02,ASCENT
5.098,97928.4,21.50,286.59,286.78,27.08,ASCENT
5.117,97921.9,21.50,287.14,287.25,26.57,ASCENT
5.138,97910.2,21.50,288.15,287.92,27.58,ASCENT
5.157,97904.8,21.50,288.61,288.50,28.13,ASCENT
5.178,97902.9,21.50,288.78,288.99,27.22,ASCENT
5.197,97891.5,21.50,289.75,289.58,28.05,ASCENT
5.218,97890.6,21.50,289.82,290.04,27.06,ASCENT
5.237,97881.7,21.50,290.59,290.59,27.08,ASCENT
5.258,97871.2,21.50,291.48,291.26,28.10,ASCENT
5.277,97871.0,21.50,291.51,291.70,27.18,ASCENT
5.298,97864.0,21.50,292.10,292.22,26.69,ASCENT
5.319,97854.8,21.50,292.89,292.82,27.03,ASCENT
5.338,97844.6,21.50,293.76,293.47,28.47,ASCENT
5.360,97846.2,21.50,293.63,293.94,27.17,ASCENT
5.380,97841.1,21.50,294.06,294.33,25.92,ASCENT
5.398,97837.2,21.50,294.40,294.65,24.58,ASCENT
5.417,97830.7,21.50,294.95,295.06,24.05,ASCENT
5.440,97820.9,21.50,295.79,295.67,24.51,ASCENT
5.458,97813.2,21.50,296.45,296.23,25.65,ASCENT
5.478,97812.3,21.50,296.53,296.68,25.00,ASCENT
5.499,97809.9,21.50,296.73,297.04,23.66,ASCENT
5.521,97800.9,21.50,297.50,297.53,23.53,ASCENT
5.538,97793.1,21.50,298.18,298.02,24.36,ASCENT
5.558,97786.3,21.50,298.76,298.61,25.03,ASCENT
5.579,97778.1,21.50,299.46,299.24,26.01,ASCENT
5.599,97781.4,21.50,299.18,299.56,24.26,ASCENT
5.617,97777.6,21.50,299.50,299.83,22.62,ASCENT
5.639,97764.3,21.50,300.64,300.43,23.52,ASCENT
5.659,97764.1,21.50,300.66,300.81,22.81,ASCENT
5.679,97765.2,21.50,300.57,301.03,20.73,ASCENT
5.697,97750.2,21.50,301.85,301.56,22.25,ASCENT
5.717,97756.2,21.50,301.33,301.77,20.25,ASCENT
5.740,97749.7,21.50,301.89,302.12,19.35,ASCENT
5.760,97744.2,21.50,302.36,302.45,18.93,ASCENT
5.780,97738.5,21.50,302.85,302.84,19.01,ASCENT
5.800,97733.9,21.50,303.25,303.23,19.09,ASCENT
5.820,97729.7,21.50,303.61,303.61,19.06,ASCENT
5.838,97728.7,21.50,303.69,303.86,18.17,ASCENT
5.860,97715.7,21.50,304.81,304.44,19.73,ASCENT
5.879,97709.4,21.50,305.34,305.01,21.30,ASCENT
5.899,97704.5,21.50,305.77,305.55,22.33,ASCENT
5.919,97706.8,21.50,305.57,305.85,21.07,ASCENT
5.938,97705.2,21.50,305.71,306.06,19.33,ASCENT
5.960,97695.3,21.50,306.55,306.51,19.51,ASCENT
5.978,97695.0,21.50,306.58,306.76,18.58,ASCENT
5.997,97690.5,21.50,306.97,307.06,18.11,ASCENT
6.017,97689.4,21.50,307.06,307.29,17.01,ASCENT
6.039,97683.6,21.50,307.56,307.63,16.70,ASCENT
6.058,97679.1,21.50,307.95,307.94,16.72,ASCENT
6.080,97671.3,21.50,308.61,308.42,17.46,ASCENT
6.097,97668.9,21.50,308.82,308.75,17.80,ASCENT
6.118,97668.9,21.50,308.82,309.01,16.93,ASCENT
6.141,97662.5,21.50,309.37,309.39,16.86,ASCENT
6.159,97662.5,21.50,309.36,309.58,15.76,ASCENT
6.180,97652.8,21.50,310.20,310.02,16.55,ASCENT
6.200,97654.0,21.50,310.09,310.25,15.79,ASCENT
6.217,97647.5,21.50,310.65,310.57,16.22,ASCENT
6.237,97645.8,21.50,310.80,310.87,15.92,ASCENT
6.258,97635.8,21.50,311.66,311.36,17.26,ASCENT
6.280,97639.3,21.50,311.36,311.61,16.24,ASCENT
6.298,97631.5,21.50,312.03,311.94,16.68,ASCENT
6.318,97634.4,21.50,311.78,312.11,15.21,ASCENT
6.339,97630.1,21.50,312.14,312.32,14.41,ASCENT
6.358,97622.6,21.50,312.79,312.67,15.01,ASCENT
6.380,97625.4,21.50,312.55,312.84,13.79,ASCENT
6.397,97622.9,21.50,312.77,312.97,12.71,ASCENT
6.417,97620.4,21.50,312.98,313.14,11.98,ASCENT
6.440,97615.5,21.50,313.40,313.41,11.95,ASCENT
6.459,97607.9,21.50,314.05,313.78,13.25,ASCENT
6.479,97610.5,21.50,313.83,313.97,12.61,ASCENT
6.498,97599.6,21.50,314.76,314.40,14.31,ASCENT
6.517,97599.7,21.50,314.75,314.70,14.55,ASCENT
6.538,97598.7,21.50,314.84,314.95,14.06,ASCENT
6.561,97589.9,21.50,315.60,315.38,14.96,ASCENT
6.579,97595.8,21.50,315.09,315.46,13.11,ASCENT
6.599,97591.5,21.50,315.46,315.63,12.34,ASCENT
6.621,97586.4,21.50,315.89,315.89,12.33,ASCENT
6.640,97577.9,21.50,316.62,316.31,13.82,ASCENT
6.661,97579.8,21.50,316.46,316.54,13.45,ASCENT
6.680,97581.8,21.50,316.29,316.63,11.88,ASCENT
6.699,97579.1,21.50,316.53,316.74,10.84,ASCENT
6.718,97572.2,21.50,317.11,317.00,11.40,ASCENT
6.739,97628.6,21.50,312.28,315.50,-2.60,ASCENT
6.758,97630.5,21.50,312.11,314.28,-13.23,ASCENT
6.780,97624.9,21.50,312.59,313.51,-17.08,ASCENT
6.797,97622.0,21.50,312.84,313.08,-18.36,ASCENT
6.818,97629.5,21.50,312.20,312.52,-19.74,ASCENT
6.840,97563.6,21.50,317.85,314.11,-3.68,ASCENT
6.858,97563.5,21.50,317.86,315.38,8.74,ASCENT
6.879,97560.4,21.50,318.12,316.46,16.22,ASCENT
6.897,97563.1,21.50,317.90,317.15,20.06,ASCENT
6.918,97562.0,21.50,317.99,317.71,21.28,ASCENT
6.940,97557.6,21.50,318.37,318.26,21.72,ASCENT
6.959,97556.0,21.50,318.50,318.61,21.21,ASCENT
6.978,97555.4,21.50,318.56,318.85,19.78,ASCENT
6.999,97558.6,21.50,318.28,318.92,16.95,ASCENT
7.020,97555.6,21.50,318.54,319.02,14.85,ASCENT
7.040,97551.1,21.50,318.93,319.18,13.69,ASCENT
7.060,97558.1,21.50,318.32,319.06,10.33,ASCENT
7.078,97553.8,21.50,318.69,319.05,8.48,ASCENT
7.098,97554.8,21.50,318.61,319.01,6.63,ASCENT
7.119,97557.2,21.50,318.40,318.89,4.56,ASCENT
7.139,97554.2,21.50,318.66,318.87,3.60,ASCENT
7.159,97554.8,21.50,318.61,318.82,2.60,ASCENT
7.177,97552.0,21.50,318.85,318.86,2.55,ASCENT
7.198,97553.8,21.50,318.69,318.84,1.89,ASCENT
7.220,97554.6,21.50,318.62,318.79,1.18,ASCENT
7.238,97553.0,21.50,318.76,318.79,1.01,ASCENT
7.260,97551.6,21.50,318.89,318.84,1.21,ASCENT
7.277,97551.3,21.50,318.91,318.88,1.36,ASCENT
7.300,97551.1,21.50,318.92,318.91,1.40,ASCENT
7.317,97552.8,21.50,318.78,318.88,0.85,ASCENT
7.339,97550.8,21.50,318.95,318.92,1.01,ASCENT
7.360,97554.1,21.50,318.67,318.85,0.26,ASCENT
7.378,97551.3,21.50,318.91,318.87,0.46,ASCENT
7.397,97555.9,21.50,318.51,318.75,-0.64,ASCENT
7.421,97553.7,21.50,318.71,318.73,-0.72,ASCENT
7.440,97551.8,21.50,318.87,318.77,-0.25,ASCENT
7.459,97555.3,21.50,318.56,318.69,-0.90,ASCENT
7.477,97551.2,21.50,318.91,318.76,-0.11,ASCENT
7.499,97563.9,21.50,317.83,318.43,-2.63,ASCENT
7.518,97553.4,21.50,318.73,318.50,-1.52,ASCENT
7.537,97555.6,21.50,318.54,318.50,-1.32,ASCENT
7.560,97560.9,21.50,318.09,318.33,-2.32,ASCENT
7.579,97555.6,21.50,318.54,318.38,-1.52,ASCENT
7.598,97555.2,21.50,318.58,318.43,-0.81,ASCENT
7.617,97555.6,21.50,318.54,318.46,-0.40,ASCENT
7.638,97562.6,21.50,317.94,318.27,-1.84,ASCENT
7.660,97556.7,21.50,318.44,318.30,-1.25,ASCENT
7.678,97565.7,21.50,317.67,318.07,-3.32,ASCENT
7.698,97563.3,21.50,317.88,317.96,-3.69,ASCENT
7.719,97562.0,21.50,317.99,317.92,-3.36,ASCENT
7.738,97566.4,21.50,317.61,317.77,-4.16,ASCENT
7.759,97563.9,21.50,317.82,317.73,-3.76,ASCENT
7.780,97564.0,21.50,317.82,317.71,-3.28,ASCENT
7.798,97561.9,21.50,318.00,317.78,-2.12,ASCENT
7.818,97562.2,21.50,317.97,317.81,-1.43,ASCENT
7.839,97568.1,21.50,317.47,317.67,-2.37,ASCENT
7.858,97562.2,21.50,317.97,317.75,-1.30,ASCENT
7.877,97564.5,21.50,317.78,317.74,-1.12,ASCENT
7.897,97565.4,21.50,317.70,317.71,-1.20,ASCENT
7.919,97570.8,21.50,317.24,317.53,-2.44,ASCENT
7.940,97567.9,21.50,317.49,317.48,-2.40,ASCENT
7.957,97572.2,21.50,317.12,317.33,-3.59,ASCENT
7.980,97581.3,21.50,316.33,316.93,-5.93,DESCENT
8.000,97574.9,21.50,316.89,316.83,-5.68,DESCENT
8.019,97580.9,21.50,316.37,316.60,-6.85,DESCENT
8.040,97577.1,21.50,316.69,316.54,-6.20,DESCENT
8.059,97574.3,21.50,316.93,316.60,-4.58,DESCENT
8.079,97576.9,21.50,316.71,316.58,-3.95,DESCENT
8.098,97577.6,21.50,316.66,316.56,-3.49,DESCENT
8.118,97581.8,21.50,316.29,316.42,-4.07,DESCENT
8.139,97583.5,21.50,316.14,316.27,-4.63,DESCENT
8.158,97582.9,21.50,316.19,316.19,-4.59,DESCENT
8.179,97582.3,21.50,316.25,316.14,-4.15,DESCENT
8.199,97582.1,21.50,316.26,316.13,-3.53,DESCENT
8.219,97584.3,21.50,316.08,316.07,-3.47,DESCENT
8.240,97583.9,21.50,316.11,316.03,-3.14,DESCENT
8.258,97585.1,21.50,316.01,315.99,-3.04,DESCENT
8.278,97595.9,21.50,315.09,315.63,-5.48,DESCENT
8.298,97592.1,21.50,315.41,315.48,-5.85,DESCENT
8.317,97587.3,21.50,315.82,315.53,-4.45,DESCENT
8.339,97591.6,21.50,315.45,315.43,-4.40,DESCENT
8.359,97593.6,21.50,315.28,315.32,-4.61,DESCENT
8.381,97593.6,21.50,315.28,315.24,-4.45,DESCENT
8.399,97592.6,21.50,315.36,315.23,-3.79,DESCENT
8.418,97596.7,21.50,315.01,315.11,-4.25,DESCENT
8.440,97597.2,21.50,314.97,315.00,-4.36,DESCENT
8.457,97599.0,21.50,314.81,314.89,-4.79,DESCENT
8.478,97602.0,21.50,314.56,314.71,-5.44,DESCENT
8.500,97598.2,21.50,314.89,314.69,-4.62,DESCENT
8.517,97601.3,21.50,314.62,314.61,-4.59,DESCENT
8.538,97600.4,21.50,314.70,314.58,-4.08,DESCENT
8.560,97600.4,21.50,314.70,314.56,-3.51,DESCENT
8.578,97602.3,21.50,314.54,314.51,-3.39,DESCENT
8.598,97605.5,21.50,314.26,314.38,-3.97,DESCENT
8.620,97604.4,21.50,314.35,314.31,-3.80,DESCENT
8.637,97604.1,21.50,314.38,314.29,-3.33,DESCENT
8.660,97606.0,21.50,314.22,314.22,-3.33,DESCENT
8.678,97609.5,21.50,313.92,314.07,-4.15,DESCENT
8.697,97614.3,21.50,313.50,313.82,-5.65,DESCENT
8.719,97615.0,21.50,313.44,313.61,-6.39,DESCENT
8.739,97607.5,21.50,314.08,313.69,-4.59,DESCENT
8.760,97612.5,21.50,313.66,313.62,-4.40,DESCENT
8.780,97616.1,21.50,313.35,313.47,-4.98,DESCENT
8.798,97614.1,21.50,313.52,313.42,-4.52,DESCENT
8.819,97616.0,21.50,313.36,313.34,-4.44,DESCENT
8.838,97614.6,21.50,313.47,313.33,-3.75,DESCENT
8.861,97619.1,21.50,313.09,313.19,-4.16,DESCENT
8.878,97619.1,21.50,313.09,313.11,-4.27,DESCENT
8.900,97618.1,21.50,313.18,313.07,-3.83,DESCENT
8.919,97623.2,21.50,312.74,312.91,-4.65,DESCENT
8.940,97625.8,21.50,312.51,312.71,-5.49,DESCENT
8.958,97625.1,21.50,312.57,312.60,-5.61,DESCENT
8.978,97621.4,21.50,312.90,312.63,-4.38,DESCENT
8.998,97626.6,21.50,312.45,312.51,-4.66,DESCENT
9.020,97629.2,21.50,312.22,312.34,-5.17,DESCENT
9.040,97631.3,21.50,312.05,312.17,-5.73,DESCENT
9.060,97632.6,21.50,311.94,312.02,-6.11,DESCENT
9.078,97632.8,21.50,311.92,311.91,-6.05,DESCENT
9.100,97630.6,21.50,312.11,311.89,-5.13,DESCENT
9.120,97633.6,21.50,311.84,311.81,-4.97,DESCENT
9.139,97635.2,21.50,311.71,311.71,-4.99,DESCENT
9.157,97634.4,21.50,311.78,311.68,-4.49,DESCENT
9.178,97636.1,21.50,311.63,311.60,-4.35,DESCENT
9.199,97633.3,21.50,311.88,311.64,-3.33,DESCENT
9.217,97638.1,21.50,311.46,311.53,-3.72,DESCENT
9.239,97637.0,21.50,311.55,311.49,-3.45,DESCENT
9.260,97639.0,21.50,311.38,311.41,-3.54,DESCENT
9.279,97645.5,21.50,310.83,311.16,-5.12,DESCENT
9.299,97642.1,21.50,311.11,311.08,-4.95,DESCENT
9.318,97643.4,21.50,311.01,310.99,-4.87,DESCENT
9.337,97641.6,21.50,311.16,310.99,-4.06,DESCENT
9.357,97640.1,21.50,311.29,311.04,-2.90,DESCENT
9.377,97642.0,21.50,311.13,311.04,-2.47,DESCENT
9.398,97645.6,21.50,310.82,310.93,-2.96,DESCENT
9.419,97647.0,21.50,310.69,310.80,-3.43,DESCENT
9.438,97643.4,21.50,311.01,310.83,-2.60,DESCENT
9.457,97647.7,21.50,310.63,310.73,-3.07,DESCENT
9.478,97650.8,21.50,310.37,310.56,-3.93,DESCENT
9.498,97649.5,21.50,310.49,310.48,-3.92,DESCENT
9.520,97651.9,21.50,310.28,310.36,-4.25,DESCENT
9.539,97654.3,21.50,310.07,310.20,-4.89,DESCENT
9.557,97658.5,21.50,309.71,309.98,-6.28,DESCENT
9.579,97657.0,21.50,309.84,309.84,-6.29,DESCENT
9.597,97661.5,21.50,309.45,309.63,-7.14,DESCENT
9.620,97654.1,21.50,310.09,309.68,-5.49,DESCENT
9.640,97663.1,21.50,309.32,309.48,-6.24,DESCENT
9.659,97659.7,21.50,309.61,309.45,-5.47,DESCENT
9.680,97664.2,21.50,309.22,309.30,-5.81,DESCENT
9.699,97668.2,21.50,308.88,309.08,-6.73,DESCENT
9.720,97666.2,21.50,309.05,308.98,-6.41,DESCENT
9.738,97665.6,21.50,309.10,308.95,-5.60,DESCENT
9.758,97670.1,21.50,308.72,308.79,-5.96,DESCENT
9.780,97665.1,21.50,309.14,308.83,-4.65,DESCENT
9.800,97670.7,21.50,308.66,308.71,-4.85,DESCENT
9.818,97669.7,21.50,308.75,308.67,-4.40,DESCENT
9.839,97670.8,21.50,308.66,308.61,-4.17,DESCENT
9.859,97668.9,21.50,308.82,308.63,-3.28,DESCENT
9.878,97672.7,21.50,308.50,308.54,-3.49,DESCENT
9.900,97673.9,21.50,308.39,308.44,-3.69,DESCENT
9.917,97673.7,21.50,308.41,308.39,-3.57,DESCENT
9.938,97675.8,21.50,308.23,308.28,-3.81,DESCENT
9.958,97671.8,21.50,308.57,308.33,-2.72,DESCENT
9.980,97679.8,21.50,307.88,308.14,-3.78,DESCENT
9.999,97677.3,21.50,308.10,308.08,-3.67,DESCENT
10.019,97679.8,21.50,307.89,307.96,-4.02,DESCENT
10.041,97678.3,21.50,308.01,307.93,-3.64,DESCENT
10.057,97680.0,21.50,307.87,307.86,-3.63,DESCENT
10.079,97680.3,21.50,307.84,307.81,-3.47,DESCENT
10.097,97686.8,21.50,307.28,307.58,-5.00,DESCENT
10.117,97681.7,21.50,307.72,307.56,-4.30,DESCENT
10.139,97683.1,21.50,307.60,307.52,-3.94,DESCENT
10.160,97685.9,21.50,307.36,307.41,-4.15,DESCENT
10.179,97683.8,21.50,307.54,307.40,-3.49,DESCENT
10.199,97685.4,21.50,307.40,307.36,-3.28,DESCENT
10.220,97690.1,21.50,307.00,307.19,-4.12,DESCENT
10.240,97691.4,21.50,306.89,307.03,-4.75,DESCENT
10.260,97693.8,21.50,306.68,306.84,-5.51,DESCENT
10.280,97694.0,21.50,306.67,306.71,-5.72,DESCENT
10.298,97691.0,21.50,306.92,306.72,-4.70,DESCENT
10.320,97691.6,21.50,306.87,306.71,-3.99,DESCENT
10.338,97698.7,21.50,306.27,306.51,-5.23,DESCENT
10.360,97690.4,21.50,306.98,306.59,-3.66,DESCENT
10.378,97698.2,21.50,306.31,306.45,-4.42,DESCENT
10.401,97700.9,21.50,306.07,306.25,-5.16,DESCENT
10.418,97703.3,21.50,305.87,306.06,-6.18,DESCENT
10.438,97704.9,21.50,305.73,305.87,-6.80,DESCENT
10.458,97705.1,21.50,305.72,305.73,-6.84,DESCENT
10.479,97708.6,21.50,305.41,305.52,-7.34,DESCENT
10.497,97698.6,21.50,306.27,305.70,-4.53,DESCENT
10.518,97704.2,21.50,305.80,305.67,-3.96,DESCENT
10.540,97707.2,21.50,305.53,305.57,-4.08,DESCENT
10.560,97700.6,21.50,306.10,305.70,-2.24,DESCENT
10.577,97705.9,21.50,305.65,305.66,-2.29,DESCENT
10.598,97712.7,21.50,305.06,305.42,-3.84,DESCENT
10.618,97708.3,21.50,305.44,305.38,-3.54,DESCENT
10.640,97714.4,21.50,304.92,305.17,-4.59,DESCENT
10.659,97714.3,21.50,304.93,305.02,-5.07,DESCENT
10.678,97716.9,21.50,304.70,304.85,-5.78,DESCENT
10.700,97717.0,21.50,304.70,304.71,-5.86,DESCENT
10.719,97717.2,21.50,304.68,304.63,-5.61,DESCENT
10.737,97718.5,21.50,304.56,304.54,-5.49,DESCENT
10.760,97715.1,21.50,304.86,304.57,-4.31,DESCENT
10.778,97723.6,21.50,304.13,304.36,-5.47,DESCENT
10.800,97719.1,21.50,304.51,304.34,-4.73,DESCENT
10.819,97718.4,21.50,304.57,304.36,-3.71,DESCENT
10.837,97723.1,21.50,304.17,304.25,-4.12,DESCENT
10.860,97718.8,21.50,304.54,304.29,-3.10,DESCENT
10.879,97730.1,21.50,303.57,304.00,-5.15,DESCENT
10.899,97732.0,21.50,303.41,303.73,-6.64,DESCENT
10.918,97729.5,21.50,303.62,303.61,-6.57,DESCENT
10.939,97724.4,21.50,304.06,303.68,-4.87,DESCENT
10.957,97729.4,21.50,303.63,303.61,-4.72,DESCENT
10.979,97730.0,21.50,303.58,303.53,-4.52,DESCENT
11.000,97728.8,21.50,303.69,303.52,-3.81,DESCENT
11.017,97730.4,21.50,303.55,303.49,-3.48,DESCENT
11.037,97733.6,21.50,303.27,303.37,-3.93,DESCENT
11.058,97731.9,21.50,303.42,303.33,-3.56,DESCENT
11.079,97734.4,21.50,303.21,303.24,-3.71,DESCENT
11.098,97735.6,21.50,303.10,303.14,-3.92,DESCENT
11.119,97732.8,21.50,303.34,303.16,-3.11,DESCENT
11.139,97736.7,21.50,303.01,303.07,-3.37,DESCENT
11.160,97737.5,21.50,302.94,302.98,-3.54,DESCENT
11.177,97744.5,21.50,302.34,302.71,-5.56,DESCENT
11.198,97741.2,21.50,302.62,302.61,-5.49,DESCENT
11.219,97743.1,21.50,302.46,302.48,-5.58,DESCENT
11.237,97743.5,21.50,302.42,302.40,-5.43,DESCENT
11.260,97744.0,21.50,302.38,302.31,-5.15,DESCENT
11.279,97745.3,21.50,302.27,302.23,-4.95,DESCENT
11.299,97745.7,21.50,302.23,302.17,-4.64,DESCENT
11.318,97740.8,21.50,302.65,302.28,-2.91,DESCENT
11.337,97748.2,21.50,302.02,302.15,-3.55,DESCENT
11.357,97747.2,21.50,302.10,302.09,-3.49,DESCENT
11.379,97749.4,21.50,301.92,301.98,-3.73,DESCENT
11.400,97748.5,21.50,301.99,301.93,-3.47,DESCENT
11.420,97749.6,21.50,301.90,301.88,-3.38,DESCENT
11.437,97753.3,21.50,301.59,301.74,-4.20,DESCENT
11.457,97752.9,21.50,301.62,301.64,-4.32,DESCENT
11.479,97755.6,21.50,301.39,301.49,-4.75,DESCENT
11.499,97757.2,21.50,301.25,301.35,-5.17,DESCENT
11.519,97757.5,21.50,301.22,301.24,-5.22,DESCENT
11.540,97759.0,21.50,301.10,301.12,-5.30,DESCENT
11.560,97757.9,21.50,301.19,301.07,-4.76,DESCENT
11.581,97760.1,21.50,301.00,300.98,-4.68,DESCENT
11.598,97763.5,21.50,300.71,300.84,-5.35,DESCENT
11.618,97762.2,21.50,300.82,300.76,-5.07,DESCENT
11.641,97765.6,21.50,300.53,300.61,-5.39,DESCENT
11.659,97765.0,21.50,300.58,300.53,-5.16,DESCENT
11.677,97768.8,21.50,300.26,300.38,-5.78,DESCENT
11.700,97764.1,21.50,300.66,300.39,-4.71,DESCENT
11.719,97768.8,21.50,300.26,300.28,-4.85,DESCENT
11.737,97771.4,21.50,300.03,300.14,-5.38,DESCENT
11.758,97767.7,21.50,300.35,300.14,-4.45,DESCENT
11.779,97771.5,21.50,300.02,300.04,-4.52,DESCENT
11.799,97773.2,21.50,299.88,299.92,-4.71,DESCENT
11.818,97772.8,21.50,299.92,299.86,-4.45,DESCENT
11.840,97777.0,21.50,299.55,299.69,-5.05,DESCENT
11.859,97776.3,21.50,299.62,299.60,-4.99,DESCENT
11.880,97775.7,21.50,299.67,299.55,-4.51,DESCENT
11.900,97779.9,21.50,299.31,299.41,-5.00,DESCENT
11.917,97779.4,21.50,299.35,299.33,-4.92,DESCENT
11.937,97787.7,21.50,298.64,299.03,-6.73,DESCENT
11.960,97775.9,21.50,299.65,299.14,-4.70,DESCENT
11.979,97782.0,21.50,299.13,299.08,-4.47,DESCENT
12.000,97782.5,21.50,299.08,299.02,-4.19,DESCENT
12.018,97783.5,21.50,299.00,298.96,-4.02,DESCENT
12.037,97778.6,21.50,299.42,299.07,-2.34,DESCENT
12.057,97785.8,21.50,298.80,298.95,-3.03,DESCENT
12.080,97785.0,21.50,298.87,298.87,-3.06,DESCENT
12.097,97789.7,21.50,298.47,298.70,-4.30,DESCENT
12.119,97785.5,21.50,298.83,298.68,-3.69,DESCENT
12.139,97794.8,21.50,298.03,298.41,-5.45,DESCENT
12.160,97790.7,21.50,298.38,298.32,-5.19,DESCENT
12.180,97790.4,21.50,298.40,298.28,-4.66,DESCENT
12.198,97793.7,21.50,298.12,298.17,-4.93,DESCENT
12.219,97789.5,21.50,298.48,298.21,-3.76,DESCENT
12.240,97791.8,21.50,298.28,298.19,-3.34,DESCENT
12.257,97797.6,21.50,297.79,298.01,-4.47,DESCENT
12.277,97795.9,21.50,297.93,297.92,-4.44,DESCENT
12.297,97798.1,21.50,297.74,297.80,-4.72,DESCENT
12.320,97792.4,21.50,298.23,297.88,-3.32,DESCENT
12.340,97796.0,21.50,297.92,297.85,-3.00,DESCENT
12.357,97795.9,21.50,297.93,297.85,-2.55,DESCENT
12.377,97806.8,21.50,297.00,297.52,-5.05,DESCENT
12.399,97802.6,21.50,297.36,297.39,-5.17,DESCENT
12.418,97807.9,21.50,296.91,297.16,-6.39,DESCENT
12.438,97804.3,21.50,297.22,297.10,-5.83,DESCENT
12.457,97809.2,21.50,296.80,296.92,-6.38,DESCENT
12.478,97805.6,21.50,297.11,296.89,-5.46,DESCENT
12.498,97806.8,21.50,297.00,296.86,-4.81,DESCENT
12.520,97808.9,21.50,296.82,296.78,-4.64,DESCENT
12.539,97810.5,21.50,296.68,296.69,-4.68,DESCENT
12.560,97805.4,21.50,297.12,296.77,-3.19,DESCENT
12.580,97812.4,21.50,296.52,296.64,-3.75,DESCENT
12.600,97810.6,21.50,296.67,296.60,-3.44,DESCENT
12.619,97812.4,21.50,296.52,296.53,-3.50,DESCENT
12.639,97814.6,21.50,296.33,296.42,-3.89,DESCENT
12.659,97815.3,21.50,296.27,296.32,-4.09,DESCENT
12.677,97817.2,21.50,296.11,296.20,-4.54,DESCENT
12.700,97821.8,21.50,295.71,295.96,-5.50,DESCENT
12.717,97822.8,21.50,295.63,295.78,-6.34,DESCENT
12.739,97825.8,21.50,295.37,295.55,-7.10,DESCENT
12.759,97819.8,21.50,295.89,295.57,-5.68,DESCENT
12.780,97822.5,21.50,295.66,295.53,-5.10,DESCENT
12.799,97822.9,21.50,295.62,295.50,-4.50,DESCENT
12.819,97823.6,21.50,295.56,295.46,-4.03,DESCENT
12.840,97827.8,21.50,295.20,295.31,-4.54,DESCENT
12.859,97829.2,21.50,295.08,295.18,-5.00,DESCENT
12.879,97827.8,21.50,295.20,295.12,-4.62,DESCENT
12.900,97829.6,21.50,295.04,295.03,-4.56,DESCENT
12.917,97833.8,21.50,294.69,294.86,-5.50,DESCENT
12.939,97830.9,21.50,294.94,294.81,-4.95,DESCENT
12.957,97835.5,21.50,294.54,294.66,-5.55,DESCENT
12.977,97833.4,21.50,294.73,294.61,-5.02,DESCENT
12.997,97835.8,21.50,294.52,294.51,-4.99,DESCENT
13.020,97841.1,21.50,294.06,294.28,-5.85,DESCENT
13.038,97835.0,21.50,294.59,294.32,-4.47,DESCENT
13.059,97838.7,21.50,294.26,294.24,-4.36,DESCENT
13.080,97842.5,21.50,293.94,294.08,-4.94,DESCENT
13.099,97840.2,21.50,294.14,294.03,-4.47,DESCENT
13.120,97844.9,21.50,293.74,293.87,-5.04,DESCENT
13.139,97849.5,21.50,293.35,293.63,-6.46,DESCENT
13.159,97847.2,21.50,293.54,293.51,-6.33,DESCENT
13.180,97844.0,21.50,293.82,293.53,-5.05,DESCENT
13.197,97842.7,21.50,293.93,293.62,-3.34,DESCENT
13.218,97846.8,21.50,293.58,293.56,-3.25,DESCENT
13.237,97845.5,21.50,293.69,293.56,-2.63,DESCENT
13.259,97846.0,21.50,293.64,293.55,-2.25,DESCENT
13.278,97851.4,21.50,293.18,293.39,-3.30,DESCENT
13.300,97852.4,21.50,293.10,293.24,-3.90,DESCENT
13.318,97846.5,21.50,293.60,293.32,-2.52,DESCENT
13.337,97850.8,21.50,293.23,293.26,-2.66,DESCENT
13.360,97850.5,21.50,293.25,293.22,-2.51,DESCENT
13.378,97856.5,21.50,292.75,293.02,-3.90,DESCENT
13.397,97856.6,21.50,292.73,292.87,-4.61,DESCENT
13.418,97859.4,21.50,292.50,292.68,-5.41,DESCENT
13.438,97857.6,21.50,292.65,292.60,-5.17,DESCENT
13.457,97860.2,21.50,292.43,292.48,-5.41,DESCENT
13.477,97861.8,21.50,292.29,292.34,-5.62,DESCENT
13.498,97860.6,21.50,292.39,292.28,-5.14,DESCENT
13.518,97864.4,21.50,292.06,292.14,-5.48,DESCENT
13.538,97857.6,21.50,292.65,292.25,-3.64,DESCENT
13.558,97866.9,21.50,291.85,292.06,-4.63,DESCENT
13.578,97861.0,21.50,292.36,292.11,-3.47,DESCENT
13.598,97864.9,21.50,292.02,292.03,-3.50,DESCENT
13.618,97867.7,21.50,291.78,291.90,-4.05,DESCENT
13.640,97868.5,21.50,291.71,291.78,-4.32,DESCENT
13.660,97865.1,21.50,292.01,291.80,-3.38,DESCENT
13.677,97870.1,21.50,291.58,291.69,-3.97,DESCENT
13.697,97864.6,21.50,292.05,291.76,-2.67,DESCENT
13.717,97871.4,21.50,291.47,291.62,-3.39,DESCENT
13.738,97871.8,21.50,291.44,291.51,-3.73,DESCENT
13.758,97878.6,21.50,290.85,291.23,-5.49,DESCENT
13.780,97874.4,21.50,291.21,291.15,-5.22,DESCENT
13.800,97874.1,21.50,291.23,291.11,-4.64,DESCENT
13.820,97875.3,21.50,291.13,291.06,-4.29,DESCENT
13.839,97875.9,21.50,291.09,291.01,-3.94,DESCENT
13.859,97879.4,21.50,290.79,290.88,-4.40,DESCENT
13.881,97881.1,21.50,290.63,290.73,-4.83,DESCENT
13.899,97886.3,21.50,290.20,290.49,-6.28,DESCENT
13.918,97878.7,21.50,290.85,290.54,-4.77,DESCENT
13.938,97885.2,21.50,290.29,290.39,-5.24,DESCENT
13.957,97880.3,21.50,290.70,290.43,-3.92,DESCENT
13.980,97884.8,21.50,290.32,290.33,-3.98,DESCENT
14.000,97890.0,21.50,289.87,290.12,-5.17,DESCENT
14.018,97891.3,21.50,289.77,289.94,-6.01,DESCENT
14.040,97891.3,21.50,289.76,289.79,-6.13,DESCENT
14.060,97888.2,21.50,290.03,289.80,-5.02,DESCENT
14.078,97893.7,21.50,289.56,289.65,-5.46,DESCENT
14.100,97896.5,21.50,289.32,289.46,-6.03,DESCENT
14.120,97888.9,21.50,289.97,289.56,-4.13,DESCENT
14.138,97892.4,21.50,289.67,289.55,-3.51,DESCENT
14.158,97895.3,21.50,289.42,289.46,-3.68,DESCENT
14.177,97896.8,21.50,289.30,289.36,-3.98,DESCENT
14.197,97898.0,21.50,289.19,289.25,-4.24,DESCENT
14.218,97897.6,21.50,289.23,289.18,-4.05,DESCENT
14.237,97897.2,21.50,289.26,289.16,-3.58,DESCENT
14.257,97901.7,21.50,288.87,289.01,-4.25,DESCENT
14.280,97899.2,21.50,289.09,288.98,-3.80,DESCENT
14.300,97902.0,21.50,288.85,288.88,-3.93,DESCENT
14.319,97904.8,21.50,288.61,288.74,-4.57,DESCENT
14.340,97905.9,21.50,288.52,288.60,-4.93,DESCENT
14.360,97908.2,21.50,288.32,288.44,-5.47,DESCENT
14.379,97909.3,21.50,288.22,288.29,-5.81,DESCENT
14.399,97909.7,21.50,288.19,288.18,-5.78,DESCENT
14.418,97913.1,21.50,287.90,288.01,-6.33,DESCENT
14.439,97905.8,21.50,288.52,288.11,-4.45,DESCENT
14.458,97911.4,21.50,288.05,288.03,-4.37,DESCENT
14.477,97912.4,21.50,287.96,287.95,-4.32,DESCENT
14.499,97912.2,21.50,287.97,287.90,-3.99,DESCENT
14.519,97914.0,21.50,287.83,287.82,-3.96,DESCENT
14.539,97916.1,21.50,287.64,287.71,-4.27,DESCENT
14.560,97915.1,21.50,287.73,287.66,-3.95,DESCENT
14.578,97923.1,21.50,287.05,287.40,-5.70,DESCENT
14.597,97923.9,21.50,286.97,287.18,-6.73,DESCENT
14.617,97917.7,21.50,287.50,287.20,-5.39,DESCENT
14.638,97923.3,21.50,287.03,287.07,-5.58,DESCENT
14.659,97923.8,21.50,286.98,286.96,-5.49,DESCENT
14.678,97923.0,21.50,287.05,286.92,-4.89,DESCENT
14.699,97922.9,21.50,287.06,286.90,-4.21,DESCENT
14.717,97925.9,21.50,286.80,286.82,-4.29,DESCENT
14.738,97926.0,21.50,286.80,286.75,-4.09,DESCENT
14.757,97924.9,21.50,286.89,286.75,-3.39,DESCENT
14.779,97930.2,21.50,286.43,286.59,-4.03,DESCENT
14.800,97929.2,21.50,286.52,286.51,-3.99,DESCENT
14.820,97933.0,21.50,286.19,286.35,-4.72,DESCENT
14.840,97927.0,21.50,286.71,286.41,-3.35,DESCENT
14.857,97929.4,21.50,286.50,286.41,-2.83,DESCENT
14.881,97923.7,21.50,286.99,286.57,-1.15,DESCENT
14.899,97932.6,21.50,286.23,286.44,-2.20,DESCENT
14.917,97931.4,21.50,286.33,286.37,-2.40,DESCENT
14.937,97937.5,21.50,285.81,286.15,-3.98,DESCENT
14.957,97939.8,21.50,285.61,285.91,-5.34,DESCENT
14.979,97938.3,21.50,285.74,285.77,-5.46,DESCENT
14.999,97941.7,21.50,285.45,285.59,-6.10,DESCENT
15.020,97938.0,21.50,285.77,285.57,-5.23,DESCENT
15.039,97937.5,21.50,285.81,285.59,-4.16,DESCENT
15.059,97946.2,21.50,285.07,285.35,-5.52,DESCENT
15.077,97946.0,21.50,285.08,285.19,-6.07,DESCENT
15.100,97946.4,21.50,285.05,285.05,-6.09,DESCENT
15.117,97944.1,21.50,285.24,285.05,-5.06,DESCENT
15.139,97949.3,21.50,284.80,284.89,-5.43,DESCENT
15.157,97949.1,21.50,284.82,284.80,-5.33,DESCENT
15.177,97956.0,21.50,284.22,284.53,-6.75,DESCENT
15.200,97941.6,21.50,285.46,284.75,-3.93,DESCENT
15.220,97946.9,21.50,285.00,284.79,-2.95,DESCENT
15.239,97954.1,21.50,284.39,284.61,-4.01,DESCENT
15.258,97954.7,21.50,284.34,284.47,-4.68,DESCENT
15.278,97954.5,21.50,284.35,284.37,-4.74,DESCENT
15.298,97954.1,21.50,284.39,284.32,-4.37,DESCENT
15.317,97953.6,21.50,284.43,284.30,-3.75,DESCENT
15.338,97961.5,21.50,283.76,284.06,-5.12,DESCENT
15.357,97961.0,21.50,283.80,283.90,-5.63,DESCENT
15.380,97959.9,21.50,283.89,283.81,-5.32,DESCENT
15.398,97961.0,21.50,283.80,283.75,-5.06,DESCENT
15.418,97965.9,21.50,283.38,283.55,-5.83,DESCENT
15.438,97958.9,21.50,283.98,283.63,-4.17,DESCENT
15.459,97959.6,21.50,283.92,283.67,-3.11,DESCENT
15.479,97963.7,21.50,283.57,283.60,-3.23,DESCENT
15.500,97962.1,21.50,283.71,283.59,-2.71,DESCENT
15.517,97968.6,21.50,283.15,283.41,-4.11,DESCENT
15.537,97969.2,21.50,283.10,283.24,-4.75,DESCENT
15.559,97970.4,21.50,283.00,283.09,-5.15,DESCENT
15.579,97968.6,21.50,283.15,283.05,-4.66,DESCENT
15.600,97968.6,21.50,283.15,283.02,-4.08,DESCENT
15.617,97972.5,21.50,282.82,282.90,-4.54,DESCENT
15.638,97966.2,21.50,283.36,283.00,-2.98,DESCENT
15.658,97968.8,21.50,283.13,283.01,-2.41,DESCENT
15.679,97971.4,21.50,282.91,282.94,-2.56,DESCENT
15.698,97971.3,21.50,282.92,282.90,-2.47,DESCENT
15.720,97976.6,21.50,282.47,282.71,-3.53,DESCENT
15.737,97974.0,21.50,282.68,282.66,-3.43,DESCENT
15.757,97980.4,21.50,282.14,282.43,-4.81,DESCENT
15.778,97979.3,21.50,282.24,282.30,-5.09,DESCENT
15.797,97975.7,21.50,282.55,282.32,-4.01,DESCENT
15.818,97974.4,21.50,282.66,282.39,-2.82,DESCENT
15.839,97988.2,21.50,281.47,282.03,-5.30,DESCENT
15.857,97984.6,21.50,281.78,281.88,-5.79,DESCENT
15.878,97986.0,21.50,281.66,281.72,-6.06,DESCENT
15.899,97984.4,21.50,281.80,281.67,-5.46,DESCENT
15.919,97984.0,21.50,281.84,281.66,-4.64,DESCENT
15.937,97991.8,21.50,281.17,281.43,-5.99,DESCENT
15.960,97985.5,21.50,281.71,281.44,-4.92,DESCENT
15.979,97988.8,21.50,281.42,281.37,-4.67,DESCENT
15.998,97991.0,21.50,281.24,281.27,-4.82,DESCENT
16.018,97989.4,21.50,281.37,281.24,-4.24,DESCENT
16.040,97991.5,21.50,281.19,281.16,-4.12,DESCENT
16.060,97992.6,21.50,281.10,281.09,-4.07,DESCENT
16.078,97993.6,21.50,281.01,281.01,-4.09,DESCENT
16.100,98000.9,21.50,280.39,280.74,-5.53,DESCENT
16.118,97997.4,21.50,280.69,280.65,-5.35,DESCENT
16.140,98001.3,21.50,280.35,280.47,-5.85,DESCENT
16.160,97996.8,21.50,280.74,280.49,-4.68,DESCENT
16.178,97998.7,21.50,280.58,280.46,-4.11,DESCENT
16.198,97999.5,21.50,280.51,280.43,-3.74,DESCENT
16.219,97997.8,21.50,280.66,280.46,-2.84,DESCENT
16.240,98003.6,21.50,280.15,280.31,-3.50,DESCENT
16.257,98000.2,21.50,280.44,280.32,-2.80,DESCENT
16.279,98002.1,21.50,280.28,280.27,-2.73,DESCENT
16.299,98006.7,21.50,279.90,280.10,-3.66,DESCENT
16.319,98008.6,21.50,279.73,279.92,-4.54,DESCENT
16.337,98006.3,21.50,279.93,279.87,-4.25,DESCENT
16.359,98010.2,21.50,279.59,279.71,-4.76,DESCENT
16.378,98014.3,21.50,279.24,279.49,-5.95,DESCENT
16.398,98016.1,21.50,279.08,279.27,-6.82,DESCENT
16.420,98015.7,21.50,279.12,279.12,-6.81,DESCENT
16.437,98012.9,21.50,279.36,279.13,-5.54,DESCENT
16.459,98018.8,21.50,278.85,278.95,-5.94,DESCENT
16.477,98015.1,21.50,279.17,278.96,-4.86,DESCENT
16.500,98016.3,21.50,279.07,278.93,-4.27,DESCENT
16.519,98021.0,21.50,278.67,278.79,-4.86,DESCENT
16.538,98020.3,21.50,278.73,278.70,-4.74,DESCENT
16.558,98021.7,21.50,278.61,278.61,-4.74,DESCENT
16.579,98018.8,21.50,278.86,278.63,-3.77,DESCENT
16.600,98021.6,21.50,278.62,278.57,-3.58,DESCENT
16.617,98024.2,21.50,278.39,278.47,-4.02,DESCENT
16.639,98026.0,21.50,278.24,278.33,-4.40,DESCENT
16.657,98027.1,21.50,278.15,278.22,-4.75,DESCENT
16.677,98021.2,21.50,278.65,278.31,-3.17,DESCENT
16.700,98034.3,21.50,277.53,277.99,-5.05,DESCENT
16.717,98030.9,21.50,277.82,277.87,-5.35,DESCENT
16.740,98027.3,21.50,278.13,277.89,-4.34,DESCENT
16.757,98034.1,21.50,277.54,277.72,-5.26,DESCENT
16.779,98031.4,21.50,277.78,277.66,-4.78,DESCENT
16.799,98031.7,21.50,277.75,277.63,-4.23,DESCENT
16.817,98038.7,21.50,277.16,277.42,-5.56,DESCENT
16.840,98031.7,21.50,277.76,277.45,-4.32,DESCENT
16.857,98032.9,21.50,277.65,277.47,-3.39,DESCENT
16.878,98034.4,21.50,277.52,277.44,-3.05,DESCENT
16.898,98036.3,21.50,277.36,277.38,-3.12,DESCENT
16.920,98048.9,21.50,276.29,276.95,-5.89,DESCENT
16.938,98038.8,21.50,277.15,276.95,-4.88,DESCENT
16.958,98038.2,21.50,277.20,276.98,-3.83,DESCENT
16.977,98042.7,21.50,276.82,276.87,-4.11,DESCENT
17.000,98045.6,21.50,276.56,276.70,-4.65,DESCENT
17.017,98048.0,21.50,276.36,276.53,-5.61,DESCENT
17.038,98042.8,21.50,276.81,276.55,-4.50,DESCENT
17.059,98052.3,21.50,275.99,276.29,-5.81,DESCENT
17.078,98048.0,21.50,276.36,276.24,-5.24,DESCENT
17.099,98046.0,21.50,276.53,276.27,-4.11,DESCENT
17.118,98047.2,21.50,276.42,276.28,-3.39,DESCENT
17.140,98052.2,21.50,276.00,276.13,-3.92,DESCENT
17.157,98051.7,21.50,276.05,276.06,-3.98,DESCENT
17.177,98051.3,21.50,276.07,276.01,-3.70,DESCENT
17.197,98054.1,21.50,275.83,275.90,-4.00,DESCENT
17.219,98061.8,21.50,275.18,275.59,-5.76,DESCENT
17.239,98060.2,21.50,275.32,275.42,-6.24,DESCENT
17.260,98055.5,21.50,275.72,275.44,-5.01,DESCENT
17.280,98055.9,21.50,275.68,275.46,-3.99,DESCENT
17.298,98062.0,21.50,275.17,275.31,-4.74,DESCENT
17.320,98056.9,21.50,275.60,275.34,-3.66,DESCENT
17.338,98055.5,21.50,275.72,275.43,-2.22,DESCENT
17.358,98059.2,21.50,275.40,275.39,-2.17,DESCENT
17.377,98059.1,21.50,275.41,275.37,-1.98,DESCENT
17.400,98059.8,21.50,275.35,275.34,-1.91,DESCENT
17.418,98064.4,21.50,274.96,275.18,-3.07,DESCENT
17.439,98063.9,21.50,275.00,275.08,-3.38,DESCENT
17.459,98066.2,21.50,274.80,274.94,-4.03,DESCENT
17.481,98069.5,21.50,274.53,274.74,-4.91,DESCENT
17.498,98067.7,21.50,274.68,274.66,-4.82,DESCENT
17.519,98066.0,21.50,274.82,274.65,-4.08,DESCENT
17.540,98068.7,21.50,274.59,274.57,-4.00,DESCENT
17.557,98074.9,21.50,274.06,274.35,-5.53,DESCENT
17.580,98070.3,21.50,274.45,274.30,-4.91,DESCENT
17.599,98071.1,21.50,274.38,274.27,-4.37,DESCENT
17.617,98076.8,21.50,273.90,274.09,-5.33,DESCENT
17.640,98073.9,21.50,274.15,274.03,-4.87,DESCENT
17.658,98074.8,21.50,274.07,273.99,-4.44,DESCENT
17.678,98079.5,21.50,273.67,273.82,-5.11,DESCENT
17.700,98079.4,21.50,273.67,273.70,-5.20,DESCENT
17.720,98079.2,21.50,273.69,273.62,-4.91,DESCENT
17.738,98080.6,21.50,273.58,273.55,-4.78,DESCENT
17.757,98086.0,21.50,273.11,273.34,-5.86,DESCENT
17.780,98085.0,21.50,273.20,273.20,-5.88,DESCENT
17.799,98082.9,21.50,273.37,273.19,-5.00,DESCENT
17.818,98084.8,21.50,273.22,273.14,-4.61,DESCENT
17.839,98091.9,21.50,272.61,272.89,-5.85,DESCENT
17.860,98087.6,21.50,272.98,272.84,-5.24,DESCENT
17.880,98090.3,21.50,272.74,272.74,-5.23,DESCENT
17.899,98091.2,21.50,272.67,272.65,-5.13,DESCENT
17.920,98089.9,21.50,272.78,272.63,-4.46,DESCENT
17.940,98092.9,21.50,272.52,272.53,-4.51,DESCENT
17.960,98090.6,21.50,272.72,272.54,-3.65,DESCENT
17.977,98093.6,21.50,272.47,272.47,-3.69,DESCENT
17.999,98099.0,21.50,272.00,272.26,-4.76,DESCENT
18.019,98096.1,21.50,272.25,272.19,-4.49,DESCENT
18.040,98102.3,21.50,271.72,271.97,-5.56,DESCENT
18.059,98099.3,21.50,271.98,271.90,-5.18,DESCENT
18.079,98101.3,21.50,271.81,271.80,-5.15,DESCENT
18.099,98101.2,21.50,271.82,271.74,-4.80,DESCENT
18.117,98099.0,21.50,272.00,271.77,-3.62,DESCENT
18.137,98105.9,21.50,271.41,271.60,-4.51,DESCENT
18.157,98108.0,21.50,271.23,271.41,-5.35,DESCENT
18.177,98105.8,21.50,271.42,271.35,-5.00,DESCENT
18.198,98105.9,21.50,271.41,271.30,-4.51,DESCENT
18.217,98106.2,21.50,271.39,271.27,-3.97,DESCENT
18.239,98109.6,21.50,271.10,271.16,-4.21,DESCENT
18.259,98112.3,21.50,270.86,271.00,-4.84,DESCENT
18.278,98112.9,21.50,270.82,270.87,-5.11,DESCENT
18.297,98111.9,21.50,270.90,270.82,-4.71,DESCENT
18.319,98112.3,21.50,270.86,270.77,-4.32,DESCENT
18.337,98113.6,21.50,270.75,270.71,-4.12,DESCENT
18.357,98113.8,21.50,270.74,270.67,-3.78,DESCENT
18.380,98112.2,21.50,270.87,270.68,-3.03,DESCENT
18.400,98122.6,21.50,269.99,270.40,-4.89,DESCENT
18.417,98114.9,21.50,270.64,270.43,-3.72,DESCENT
18.439,98115.7,21.50,270.58,270.43,-3.11,DESCENT
18.457,98123.7,21.50,269.89,270.20,-4.76,DESCENT
18.479,98122.1,21.50,270.03,270.07,-4.95,DESCENT
18.499,98123.3,21.50,269.93,269.96,-5.09,DESCENT
18.519,98121.1,21.50,270.11,269.95,-4.32,DESCENT
18.541,98123.8,21.50,269.88,269.86,-4.23,DESCENT
18.559,98127.1,21.50,269.60,269.72,-4.83,DESCENT
18.577,98134.0,21.50,269.01,269.41,-6.89,DESCENT
18.600,98128.5,21.50,269.48,269.33,-6.31,DESCENT
18.618,98128.3,21.50,269.50,269.32,-5.36,DESCENT
18.639,98130.9,21.50,269.27,269.23,-5.17,DESCENT
18.658,98130.1,21.50,269.34,269.20,-4.52,DESCENT
18.680,98128.7,21.50,269.46,269.23,-3.53,DESCENT
18.697,98126.6,21.50,269.64,269.33,-1.88,DESCENT
18.718,98134.6,21.50,268.96,269.18,-2.82,DESCENT
18.738,98129.8,21.50,269.37,269.21,-2.08,DESCENT
18.759,98138.8,21.50,268.60,268.97,-3.72,DESCENT
18.780,98134.7,21.50,268.95,268.91,-3.55,DESCENT
18.798,98135.8,21.50,268.86,268.85,-3.52,DESCENT
18.818,98134.6,21.50,268.96,268.84,-3.00,DESCENT
18.839,98136.1,21.50,268.83,268.80,-2.85,DESCENT
18.857,98138.3,21.50,268.65,268.71,-3.18,DESCENT
18.879,98142.2,21.50,268.31,268.53,-4.13,DESCENT
18.898,98140.8,21.50,268.43,268.44,-4.19,DESCENT
18.919,98142.9,21.50,268.25,268.31,-4.48,DESCENT
18.939,98142.8,21.50,268.26,268.24,-4.38,DESCENT
18.959,98147.0,21.50,267.90,268.06,-5.11,DESCENT
18.978,98147.6,21.50,267.84,267.92,-5.49,DESCENT
18.998,98148.9,21.50,267.74,267.79,-5.73,DESCENT
19.017,98145.4,21.50,268.04,267.80,-4.61,DESCENT
19.039,98147.2,21.50,267.88,267.76,-4.13,DESCENT
19.057,98146.7,21.50,267.93,267.77,-3.35,DESCENT
19.077,98153.7,21.50,267.33,267.58,-4.54,DESCENT
19.098,98144.8,21.50,268.09,267.69,-2.83,DESCENT
19.118,98158.3,21.50,266.94,267.39,-4.98,DESCENT
19.139,98153.9,21.50,267.31,267.29,-4.91,DESCENT
19.158,98153.9,21.50,267.31,267.24,-4.54,DESCENT
19.178,98157.4,21.50,267.01,267.10,-4.95,DESCENT
19.199,98157.2,21.50,267.03,267.01,-4.85,DESCENT
19.219,98157.9,21.50,266.97,266.93,-4.68,DESCENT
19.237,98161.1,21.50,266.70,266.79,-5.19,DESCENT
19.259,98162.9,21.50,266.55,266.63,-5.56,DESCENT
19.280,98160.6,21.50,266.73,266.59,-4.94,DESCENT
19.300,98168.1,21.50,266.10,266.36,-6.12,DESCENT
19.320,98160.3,21.50,266.76,266.42,-4.53,DESCENT
19.338,98167.8,21.50,266.12,266.26,-5.25,DESCENT
19.360,98167.2,21.50,266.18,266.16,-5.17,DESCENT
19.377,98164.2,21.50,266.43,266.19,-3.89,DESCENT
19.398,98171.0,21.50,265.85,266.02,-4.64,DESCENT
19.417,98173.3,21.50,265.65,265.84,-5.54,DESCENT
19.439,98165.8,21.50,266.29,265.92,-3.94,DESCENT
19.459,98173.4,21.50,265.65,265.77,-4.50,DESCENT
19.479,98172.3,21.50,265.74,265.70,-4.33,DESCENT
19.497,98174.2,21.50,265.58,265.61,-4.51,DESCENT
19.521,98169.8,21.50,265.95,265.66,-3.36,DESCENT
19.538,98177.5,21.50,265.29,265.49,-4.43,DESCENT
19.560,98180.3,21.50,265.05,265.28,-5.39,DESCENT
19.580,98178.8,21.50,265.19,265.17,-5.32,DESCENT
19.600,98176.9,21.50,265.35,265.17,-4.46,DESCENT
19.619,98178.9,21.50,265.18,265.11,-4.16,DESCENT
19.639,98181.9,21.50,264.92,264.99,-4.51,DESCENT
19.657,98181.3,21.50,264.97,264.93,-4.31,DESCENT
19.678,98178.9,21.50,265.17,264.96,-3.36,DESCENT
19.700,98180.6,21.50,265.03,264.93,-2.95,DESCENT
19.719,98180.7,21.50,265.02,264.93,-2.50,DESCENT
19.739,98186.3,21.50,264.54,264.76,-3.52,DESCENT
19.759,98192.8,21.50,263.99,264.44,-5.60,DESCENT
19.778,98192.2,21.50,264.04,264.23,-6.57,DESCENT
19.801,98188.7,21.50,264.34,264.17,-5.91,DESCENT
19.818,98189.7,21.50,264.25,264.13,-5.28,DESCENT
19.837,98194.2,21.50,263.87,263.98,-5.77,DESCENT
19.859,98194.5,21.50,263.84,263.85,-5.80,DESCENT
19.877,98197.2,21.50,263.61,263.70,-6.24,DESCENT
19.900,98196.0,21.50,263.72,263.61,-5.81,DESCENT
19.919,98194.4,21.50,263.85,263.62,-4.68,DESCENT
19.937,98198.3,21.50,263.52,263.53,-4.76,DESCENT
19.957,98202.9,21.50,263.13,263.33,-5.70,DESCENT
19.979,98199.6,21.50,263.41,263.27,-5.14,DESCENT
19.997,98205.9,21.50,262.87,263.07,-6.20,DESCENT
20.017,98198.1,21.50,263.53,263.15,-4.46,DESCENT
20.038,98201.0,21.50,263.29,263.14,-3.80,DESCENT
20.058,98203.6,21.50,263.06,263.06,-3.80,DESCENT
20.080,98203.8,21.50,263.05,263.01,-3.60,DESCENT
20.097,98207.7,21.50,262.71,262.86,-4.41,DESCENT
20.120,98207.1,21.50,262.76,262.76,-4.40,DESCENT
20.138,98209.1,21.50,262.60,262.65,-4.69,DESCENT
20.160,98212.8,21.50,262.28,262.46,-5.43,DESCENT
20.177,98205.6,21.50,262.90,262.55,-3.57,DESCENT
20.197,98209.3,21.50,262.58,262.51,-3.28,DESCENT
20.218,98217.3,21.50,261.90,262.25,-4.79,DESCENT
20.237,98211.3,21.50,262.41,262.25,-4.02,DESCENT
20.259,98210.2,21.50,262.50,262.28,-3.05,DESCENT
20.280,98212.0,21.50,262.35,262.26,-2.68,DESCENT
20.300,98212.1,21.50,262.34,262.25,-2.29,DESCENT
20.317,98216.0,21.50,262.01,262.14,-3.03,DESCENT
20.338,98218.3,21.50,261.81,261.99,-3.81,DESCENT
20.358,98219.6,21.50,261.70,261.84,-4.43,DESCENT
20.377,98221.9,21.50,261.51,261.66,-5.18,DESCENT
20.398,98220.3,21.50,261.64,261.59,-4.92,DESCENT
20.417,98224.1,21.50,261.32,261.43,-5.52,DESCENT
20.437,98226.1,21.50,261.15,261.26,-6.02,DESCENT
20.457,98219.6,21.50,261.70,261.34,-4.29,DESCENT
20.478,98221.9,21.50,261.50,261.34,-3.57,DESCENT
20.500,98227.4,21.50,261.03,261.18,-4.19,DESCENT
20.517,98223.4,21.50,261.38,261.20,-3.23,DESCENT
20.540,98231.3,21.50,260.70,260.98,-4.36,DESCENT
20.558,98227.2,21.50,261.05,260.95,-3.85,DESCENT
20.580,98228.3,21.50,260.96,260.90,-3.60,DESCENT
20.600,98231.6,21.50,260.67,260.77,-4.06,DESCENT
20.619,98239.2,21.50,260.03,260.46,-6.17,DESCENT
20.639,98229.9,21.50,260.82,260.50,-4.74,DESCENT
20.659,98234.2,21.50,260.46,260.43,-4.61,DESCENT
20.680,98233.2,21.50,260.54,260.40,-4.01,DESCENT
20.700,98238.1,21.50,260.12,260.25,-4.65,DESCENT
20.718,98237.0,21.50,260.22,260.18,-4.49,DESCENT
20.738,98238.2,21.50,260.11,260.10,-4.45,DESCENT
20.757,98240.8,21.50,259.89,259.97,-4.83,DESCENT
20.779,98239.8,21.50,259.97,259.90,-4.54,DESCENT
20.798,98241.6,21.50,259.82,259.82,-4.54,DESCENT
20.818,98244.1,21.50,259.61,259.69,-4.90,DESCENT
20.840,98243.7,21.50,259.65,259.60,-4.71,DESCENT
20.859,98244.0,21.50,259.62,259.55,-4.37,DESCENT
20.879,98243.2,21.50,259.69,259.54,-3.67,DESCENT
20.900,98248.2,21.50,259.26,259.39,-4.24,DESCENT
20.919,98248.3,21.50,259.25,259.29,-4.43,DESCENT
20.938,98248.5,21.50,259.24,259.22,-4.34,DESCENT
20.959,98248.1,21.50,259.27,259.18,-3.94,DESCENT
20.979,98249.6,21.50,259.14,259.11,-3.80,DESCENT
20.997,98249.1,21.50,259.18,259.09,-3.34,DESCENT
21.018,98258.3,21.50,258.39,258.80,-5.19,DESCENT
21.039,98256.0,21.50,258.59,258.66,-5.49,DESCENT
21.057,98261.1,21.50,258.16,258.42,-6.78,DESCENT
21.080,98251.2,21.50,259.01,258.52,-4.82,DESCENT
21.097,98252.4,21.50,258.90,258.60,-3.16,DESCENT
21.120,98259.3,21.50,258.31,258.45,-3.71,DESCENT
21.141,98258.9,21.50,258.35,258.37,-3.81,DESCENT
21.159,98259.0,21.50,258.33,258.31,-3.68,DESCENT
21.177,98259.6,21.50,258.29,258.26,-3.53,DESCENT
21.200,98261.8,21.50,258.10,258.15,-3.74,DESCENT
21.218,98255.8,21.50,258.61,258.27,-2.03,DESCENT
21.239,98272.0,21.50,257.23,257.88,-4.86,DESCENT
21.258,98264.6,21.50,257.86,257.81,-4.62,DESCENT
21.277,98266.0,21.50,257.74,257.73,-4.57,DESCENT
21.300,98270.7,21.50,257.34,257.53,-5.30,DESCENT
21.317,98268.2,21.50,257.55,257.48,-4.88,DESCENT
21.337,98270.7,21.50,257.34,257.36,-5.02,DESCENT
21.360,98273.1,21.50,257.14,257.21,-5.32,DESCENT
21.380,98274.3,21.50,257.03,257.08,-5.54,DESCENT
21.398,98274.6,21.50,257.01,256.99,-5.44,DESCENT
21.418,98277.4,21.50,256.77,256.84,-5.76,DESCENT
21.439,98278.5,21.50,256.67,256.70,-5.89,DESCENT
21.459,98276.7,21.50,256.83,256.67,-5.14,DESCENT
21.479,98279.0,21.50,256.63,256.59,-4.96,DESCENT
21.498,98276.8,21.50,256.82,256.61,-3.95,DESCENT
21.521,98282.0,21.50,256.38,256.47,-4.33,DESCENT
21.537,98276.6,21.50,256.84,256.55,-2.74,DESCENT
21.559,98277.4,21.50,256.77,256.59,-2.00,DESCENT
21.577,98280.3,21.50,256.52,256.54,-2.09,DESCENT
21.598,98285.2,21.50,256.11,256.36,-3.24,DESCENT
21.618,98283.0,21.50,256.29,256.30,-3.25,DESCENT
21.640,98284.9,21.50,256.13,256.19,-3.50,DESCENT
21.659,98290.6,21.50,255.64,255.95,-5.03,DESCENT
21.678,98292.8,21.50,255.46,255.72,-6.30,DESCENT
21.699,98295.5,21.50,255.22,255.46,-7.35,DESCENT
21.718,98293.4,21.50,255.41,255.35,-7.07,DESCENT
21.739,98293.1,21.50,255.43,255.28,-6.41,DESCENT
21.758,98293.7,21.50,255.38,255.24,-5.72,DESCENT
21.778,98290.0,21.50,255.69,255.32,-4.04,DESCENT
21.798,98294.7,21.50,255.29,255.26,-3.89,DESCENT
21.817,98294.9,21.50,255.27,255.21,-3.60,DESCENT
21.837,98299.4,21.50,254.89,255.05,-4.38,DESCENT
21.859,98299.1,21.50,254.92,254.94,-4.48,DESCENT
21.877,98295.6,21.50,255.21,254.98,-3.34,DESCENT
21.900,98298.7,21.50,254.95,254.92,-3.23,DESCENT
21.917,98302.1,21.50,254.66,254.80,-3.96,DESCENT
21.937,98302.1,21.50,254.66,254.70,-4.11,DESCENT
21.959,98300.8,21.50,254.77,254.66,-3.66,DESCENT
21.977,98306.2,21.50,254.31,254.50,-4.61,DESCENT
21.998,98299.1,21.50,254.92,254.58,-3.14,DESCENT
22.018,98307.4,21.50,254.21,254.41,-4.09,DESCENT
22.038,98304.1,21.50,254.49,254.39,-3.63,DESCENT
22.058,98303.3,21.50,254.56,254.40,-2.89,DESCENT
22.080,98307.9,21.50,254.17,254.27,-3.32,DESCENT
22.098,98313.2,21.50,253.72,254.04,-5.05,DESCENT
22.117,98306.0,21.50,254.32,254.08,-3.86,DESCENT
22.140,98311.4,21.50,253.86,253.95,-4.18,DESCENT
22.157,98312.8,21.50,253.75,253.83,-4.63,DESCENT
22.180,98312.6,21.50,253.76,253.74,-4.53,DESCENT
22.199,98313.7,21.50,253.67,253.66,-4.48,DESCENT
22.219,98315.7,21.50,253.50,253.54,-4.66,DESCENT
22.240,98317.7,21.50,253.33,253.41,-5.01,DESCENT
22.257,98322.3,21.50,252.93,253.18,-6.33,DESCENT
22.277,98310.8,21.50,253.92,253.36,-3.69,DESCENT
22.298,98320.9,21.50,253.06,253.20,-4.31,DESCENT
22.318,98323.8,21.50,252.81,253.01,-5.23,DESCENT
22.338,98316.9,21.50,253.39,253.08,-3.71,DESCENT
22.360,98325.2,21.50,252.69,252.89,-4.54,DESCENT
22.377,98327.1,21.50,252.53,252.71,-5.53,DESCENT
22.399,98324.1,21.50,252.78,252.66,-5.00,DESCENT
22.419,98327.2,21.50,252.52,252.54,-5.11,DESCENT
22.437,98325.6,21.50,252.66,252.52,-4.42,DESCENT
22.460,98324.8,21.50,252.72,252.53,-3.65,DESCENT
22.478,98327.9,21.50,252.46,252.46,-3.65,DESCENT
22.498,98328.5,21.50,252.41,252.39,-3.59,DESCENT
22.517,98334.3,21.50,251.91,252.18,-4.91,DESCENT
22.538,98330.7,21.50,252.22,252.13,-4.51,DESCENT
22.558,98335.7,21.50,251.80,251.95,-5.22,DESCENT
22.579,98337.4,21.50,251.65,251.77,-5.80,DESCENT
22.597,98339.3,21.50,251.49,251.61,-6.41,DESCENT
22.618,98337.0,21.50,251.69,251.55,-5.81,DESCENT
22.639,98339.4,21.50,251.48,251.45,-5.66,DESCENT
22.660,98336.7,21.50,251.71,251.46,-4.60,DESCENT
22.679,98337.0,21.50,251.69,251.48,-3.59,DESCENT
22.699,98345.8,21.50,250.93,251.24,-5.00,DESCENT
22.718,98345.3,21.50,250.98,251.09,-5.53,DESCENT
22.739,98340.1,21.50,251.42,251.13,-4.21,DESCENT
22.761,98341.7,21.50,251.28,251.12,-3.54,DESCENT
22.778,98350.3,21.50,250.55,250.88,-5.28,DESCENT
22.801,98347.3,21.50,250.81,250.78,-5.16,DESCENT
22.819,98350.9,21.50,250.50,250.62,-5.75,DESCENT
22.840,98352.9,21.50,250.33,250.44,-6.24,DESCENT
22.859,98349.0,21.50,250.66,250.44,-5.15,DESCENT
22.880,98353.3,21.50,250.30,250.32,-5.25,DESCENT
22.900,98348.1,21.50,250.74,250.40,-3.68,DESCENT
22.918,98352.4,21.50,250.37,250.34,-3.56,DESCENT
22.938,98356.0,21.50,250.07,250.20,-4.18,DESCENT
22.960,98358.9,21.50,249.82,250.01,-4.96,DESCENT
22.978,98355.7,21.50,250.09,249.98,-4.38,DESCENT
23.000,98358.4,21.50,249.86,249.87,-4.44,DESCENT
23.017,98355.2,21.50,250.13,249.91,-3.31,DESCENT
23.039,98361.6,21.50,249.59,249.75,-4.03,DESCENT
23.058,98355.9,21.50,250.07,249.81,-2.82,DESCENT
23.078,98359.8,21.50,249.74,249.75,-2.88,DESCENT
23.098,98361.5,21.50,249.60,249.66,-3.17,DESCENT
23.120,98360.3,21.50,249.69,249.62,-2.89,DESCENT
23.139,98362.3,21.50,249.53,249.56,-3.02,DESCENT
23.158,98364.1,21.50,249.37,249.45,-3.42,DESCENT
23.179,98369.0,21.50,248.95,249.23,-4.68,DESCENT
23.200,98369.1,21.50,248.94,249.07,-5.22,DESCENT
23.219,98369.3,21.50,248.93,248.95,-5.33,DESCENT
23.237,98370.3,21.50,248.85,248.85,-5.38,DESCENT
23.257,98371.4,21.50,248.75,248.75,-5.37,DESCENT
23.280,98368.6,21.50,248.99,248.75,-4.40,DESCENT
23.299,98371.4,21.50,248.75,248.70,-4.15,DESCENT
23.319,98372.8,21.50,248.63,248.62,-4.10,DESCENT
23.337,98376.7,21.50,248.30,248.46,-4.90,DESCENT
23.357,98376.4,21.50,248.32,248.35,-5.01,DESCENT
23.377,98378.2,21.50,248.17,248.22,-5.23,DESCENT
23.398,98374.1,21.50,248.52,248.26,-4.04,DESCENT
23.419,98383.4,21.50,247.73,248.02,-5.31,DESCENT
23.438,98377.8,21.50,248.21,248.02,-4.40,DESCENT
23.459,98377.9,21.50,248.20,248.02,-3.62,DESCENT
23.478,98381.9,21.50,247.86,247.92,-3.92,DESCENT
23.499,98383.6,21.50,247.71,247.79,-4.31,DESCENT
23.520,98383.4,21.50,247.73,247.71,-4.22,DESCENT
23.537,98389.2,21.50,247.23,247.50,-5.72,DESCENT
23.559,98384.3,21.50,247.65,247.47,-4.97,DESCENT
23.580,98385.6,21.50,247.54,247.43,-4.46,DESCENT
23.597,98384.0,21.50,247.67,247.46,-3.36,DESCENT
23.620,98393.0,21.50,246.90,247.22,-4.62,DESCENT
23.637,98389.0,21.50,247.25,247.18,-4.22,DESCENT
23.660,98390.0,21.50,247.16,247.11,-4.01,DESCENT
23.677,98386.7,21.50,247.44,247.18,-2.63,DESCENT
23.698,98390.7,21.50,247.10,247.12,-2.69,DESCENT
23.718,98392.7,21.50,246.94,247.02,-3.08,DESCENT
23.739,98396.5,21.50,246.61,246.84,-4.07,DESCENT
23.759,98399.1,21.50,246.39,246.62,-5.16,DESCENT
23.777,98400.6,21.50,246.26,246.44,-6.10,DESCENT
23.800,98396.3,21.50,246.63,246.41,-5.24,DESCENT
23.819,98400.1,21.50,246.30,246.31,-5.29,DESCENT
23.840,98405.2,21.50,245.87,246.08,-6.19,DESCENT
23.857,98403.4,21.50,246.02,245.99,-6.04,DESCENT
23.878,98405.1,21.50,245.87,245.87,-6.01,DESCENT
23.900,98407.7,21.50,245.66,245.71,-6.22,DESCENT
23.919,98406.5,21.50,245.76,245.65,-5.68,DESCENT
23.939,98406.2,21.50,245.78,245.62,-4.93,DESCENT
23.958,98414.5,21.50,245.08,245.37,-6.29,DESCENT
23.980,98403.7,21.50,245.99,245.50,-4.19,DESCENT
23.997,98409.7,21.50,245.49,245.45,-3.99,DESCENT
24.021,98412.3,21.50,245.27,245.32,-4.21,DESCENT
24.038,98411.6,21.50,245.32,245.27,-3.95,DESCENT
24.060,98412.4,21.50,245.26,245.21,-3.77,DESCENT
24.079,98412.2,21.50,245.27,245.19,-3.35,DESCENT
24.100,98417.7,21.50,244.80,245.01,-4.24,DESCENT
24.117,98410.0,21.50,245.46,245.12,-2.40,DESCENT
24.138,98413.1,21.50,245.20,245.11,-2.03,DESCENT
24.160,98413.4,21.50,245.17,245.10,-1.75,DESCENT
24.181,98416.6,21.50,244.90,245.01,-2.23,DESCENT
24.199,98417.9,21.50,244.78,244.90,-2.85,DESCENT
24.217,98421.6,21.50,244.47,244.72,-4.09,DESCENT
24.240,98424.7,21.50,244.21,244.48,-5.19,DESCENT
24.259,98420.3,21.50,244.58,244.45,-4.56,DESCENT
24.277,98423.8,21.50,244.28,244.34,-4.84,DESCENT
24.297,98431.0,21.50,243.67,244.04,-6.52,DESCENT
24.319,98428.2,21.50,243.91,243.91,-6.51,DESCENT
24.337,98422.1,21.50,244.43,244.01,-4.44,DESCENT
24.360,98430.3,21.50,243.73,243.85,-4.89,DESCENT
24.381,98429.4,21.50,243.81,243.77,-4.71,DESCENT
24.400,98430.3,21.50,243.73,243.70,-4.55,DESCENT
24.420,98432.2,21.50,243.56,243.59,-4.67,DESCENT
24.438,98434.6,21.50,243.36,243.46,-5.15,DESCENT
24.457,98434.0,21.50,243.41,243.38,-4.97,DESCENT
24.480,98437.3,21.50,243.13,243.22,-5.32,DESCENT
24.500,98436.4,21.50,243.21,243.14,-5.04,DESCENT
24.519,98439.1,21.50,242.98,243.02,-5.24,DESCENT
24.537,98439.0,21.50,242.99,242.95,-5.05,DESCENT
24.557,98435.8,21.50,243.26,243.00,-3.77,DESCENT
24.579,98435.0,21.50,243.32,243.06,-2.65,DESCENT
24.597,98446.1,21.50,242.38,242.79,-4.69,DESCENT
24.618,98439.0,21.50,242.99,242.80,-3.82,DESCENT
24.638,98439.4,21.50,242.96,242.80,-3.13,DESCENT
24.658,98446.7,21.50,242.33,242.60,-4.42,DESCENT
24.680,98448.1,21.50,242.21,242.40,-5.18,DESCENT
24.698,98445.2,21.50,242.46,242.36,-4.65,DESCENT
24.719,98450.6,21.50,242.00,242.17,-5.42,DESCENT
24.740,98446.3,21.50,242.36,242.16,-4.56,DESCENT
24.759,98447.8,21.50,242.24,242.13,-4.03,DESCENT
24.778,98445.8,21.50,242.41,242.18,-2.92,DESCENT
24.800,98457.1,21.50,241.44,241.88,-4.80,DESCENT
24.817,98452.3,21.50,241.85,241.82,-4.61,DESCENT
24.837,98455.2,21.50,241.61,241.69,-4.95,DESCENT
24.857,98449.3,21.50,242.11,241.77,-3.35,DESCENT
24.879,98456.7,21.50,241.48,241.62,-3.93,DESCENT
24.899,98450.9,21.50,241.97,241.69,-2.63,DESCENT
24.919,98455.3,21.50,241.60,241.63,-2.76,DESCENT
24.939,98460.4,21.50,241.16,241.43,-3.98,DESCENT
24.959,98463.7,21.50,240.88,241.19,-5.41,DESCENT
24.980,98465.4,21.50,240.74,240.96,-6.33,DESCENT
24.998,98461.4,21.50,241.08,240.92,-5.54,DESCENT
25.017,98458.6,21.50,241.32,241.00,-3.94,DESCENT
25.038,98464.7,21.50,240.80,240.87,-4.28,DESCENT
25.058,98463.3,21.50,240.92,240.83,-3.90,DESCENT
25.079,98467.9,21.50,240.52,240.67,-4.55,DESCENT
25.098,98468.2,21.50,240.50,240.56,-4.81,DESCENT
25.118,98473.0,21.50,240.09,240.33,-5.91,DESCENT
25.138,98470.8,21.50,240.28,240.24,-5.69,DESCENT
25.159,98469.6,21.50,240.38,240.21,-4.95,DESCENT
25.180,98472.4,21.50,240.14,240.12,-4.86,DESCENT
25.198,98471.1,21.50,240.25,240.11,-4.11,DESCENT
25.220,98471.7,21.50,240.20,240.08,-3.62,DESCENT
25.237,98472.3,21.50,240.15,240.06,-3.17,DESCENT
25.260,98474.5,21.50,239.96,239.98,-3.25,DESCENT
25.278,98474.3,21.50,239.98,239.94,-3.06,DESCENT
25.299,98477.4,21.50,239.72,239.82,-3.51,DESCENT
25.319,98473.8,21.50,240.02,239.85,-2.70,DESCENT
25.337,98477.8,21.50,239.68,239.76,-3.09,DESCENT
25.359,98482.1,21.50,239.31,239.56,-4.11,DESCENT
25.377,98479.0,21.50,239.58,239.52,-3.78,DESCENT
25.399,98479.4,21.50,239.55,239.48,-3.47,DESCENT
25.419,98488.8,21.50,238.74,239.17,-5.44,DESCENT
25.440,98483.0,21.50,239.24,239.12,-4.94,DESCENT
25.457,98490.7,21.50,238.58,238.88,-6.55,DESCENT
25.477,98486.3,21.50,238.96,238.82,-5.90,DESCENT
25.499,98489.2,21.50,238.72,238.70,-5.83,DESCENT
25.518,98491.3,21.50,238.53,238.57,-6.01,DESCENT
25.539,98487.8,21.50,238.83,238.58,-4.92,DESCENT
25.558,98488.4,21.50,238.78,238.59,-3.97,DESCENT
25.579,98492.1,21.50,238.46,238.49,-4.08,DESCENT
25.597,98492.6,21.50,238.42,238.42,-4.07,DESCENT
25.619,98496.2,21.50,238.12,238.26,-4.66,DESCENT
25.640,98493.6,21.50,238.34,238.22,-4.15,DESCENT
25.660,98494.1,21.50,238.29,238.19,-3.69,DESCENT
25.678,98497.7,21.50,237.99,238.08,-4.16,DESCENT
25.699,98495.9,21.50,238.14,238.04,-3.72,DESCENT
25.720,98496.5,21.50,238.09,238.01,-3.36,DESCENT
25.737,98501.0,21.50,237.71,237.87,-4.23,DESCENT
25.760,98500.1,21.50,237.78,237.78,-4.20,DESCENT
25.780,98498.3,21.50,237.94,237.78,-3.46,DESCENT
25.800,98506.0,21.50,237.28,237.56,-4.67,DESCENT
25.819,98503.6,21.50,237.48,237.48,-4.64,DESCENT
25.838,98498.6,21.50,237.91,237.57,-3.06,DESCENT
25.859,98504.1,21.50,237.44,237.48,-3.25,DESCENT
25.878,98510.4,21.50,236.91,237.24,-4.85,DESCENT
25.897,98508.4,21.50,237.08,237.12,-5.08,DESCENT
25.919,98507.5,21.50,237.15,237.06,-4.70,DESCENT
25.938,98511.2,21.50,236.84,236.92,-5.11,DESCENT
25.959,98509.6,21.50,236.97,236.87,-4.65,DESCENT
25.979,98511.6,21.50,236.80,236.79,-4.58,DESCENT
25.998,98514.8,21.50,236.53,236.64,-5.12,DESCENT
26.017,98511.8,21.50,236.79,236.63,-4.35,DESCENT
26.040,98521.2,21.50,235.98,236.34,-5.80,DESCENT
26.060,98509.1,21.50,237.01,236.50,-3.47,DESCENT
26.078,98513.1,21.50,236.67,236.52,-2.66,DESCENT
26.099,98521.6,21.50,235.95,236.28,-4.08,DESCENT
26.118,98520.9,21.50,236.01,236.14,-4.70,DESCENT
26.139,98526.7,21.50,235.52,235.86,-6.15,DESCENT
26.157,98523.9,21.50,235.76,235.75,-6.13,DESCENT
26.180,98526.6,21.50,235.53,235.58,-6.34,DESCENT
26.200,98526.3,21.50,235.55,235.49,-6.03,DESCENT
26.217,98524.6,21.50,235.70,235.50,-4.94,DESCENT
26.239,98520.9,21.50,236.01,235.61,-3.24,DESCENT
26.258,98526.4,21.50,235.54,235.54,-3.25,DESCENT
26.277,98529.6,21.50,235.27,235.41,-3.89,DESCENT
26.300,98530.2,21.50,235.22,235.28,-4.16,DESCENT
26.320,98527.7,21.50,235.43,235.28,-3.47,DESCENT
26.339,98534.4,21.50,234.87,235.09,-4.56,DESCENT
26.359,98531.3,21.50,235.12,235.04,-4.18,DESCENT
26.380,98530.7,21.50,235.18,235.03,-3.55,DESCENT
26.398,98534.8,21.50,234.83,234.92,-4.03,DESCENT
26.419,98535.5,21.50,234.77,234.81,-4.23,DESCENT
26.438,98533.1,21.50,234.97,234.82,-3.48,DESCENT
26.458,98534.9,21.50,234.82,234.77,-3.26,DESCENT
26.477,98539.2,21.50,234.45,234.62,-4.08,DESCENT
26.498,98545.1,21.50,233.95,234.33,-5.77,DESCENT
26.519,98533.5,21.50,234.94,234.46,-3.70,DESCENT
26.538,98534.7,21.50,234.84,234.55,-2.27,DESCENT
26.559,98540.9,21.50,234.31,234.43,-2.80,DESCENT
26.580,98542.8,21.50,234.15,234.30,-3.47,DESCENT
26.599,98547.5,21.50,233.75,234.06,-4.97,DESCENT
26.618,98541.3,21.50,234.28,234.07,-3.99,DESCENT
26.638,98548.0,21.50,233.71,233.89,-4.87,DESCENT
26.657,98549.1,21.50,233.61,233.73,-5.50,DESCENT
26.680,98552.0,21.50,233.36,233.52,-6.15,DESCENT
26.700,98548.6,21.50,233.66,233.49,-5.40,DESCENT
26.718,98548.9,21.50,233.63,233.47,-4.58,DESCENT
26.739,98551.8,21.50,233.38,233.38,-4.56,DESCENT
26.759,98551.9,21.50,233.37,233.32,-4.31,DESCENT
26.780,98553.1,21.50,233.27,233.24,-4.19,DESCENT
26.799,98554.1,21.50,233.18,233.17,-4.12,DESCENT
26.817,98558.7,21.50,232.79,232.99,-5.13,DESCENT
26.837,98556.9,21.50,232.95,232.91,-4.94,DESCENT
26.858,98558.1,21.50,232.84,232.82,-4.83,DESCENT
26.877,98561.5,21.50,232.55,232.66,-5.37,DESCENT
26.899,98560.1,21.50,232.68,232.59,-5.01,DESCENT
26.917,98562.5,21.50,232.47,232.49,-5.13,DESCENT
26.939,98558.6,21.50,232.80,232.53,-3.98,DESCENT
26.960,98564.3,21.50,232.31,232.40,-4.36,DESCENT
26.977,98565.1,21.50,232.25,232.30,-4.63,DESCENT
27.000,98564.3,21.50,232.32,232.23,-4.31,DESCENT
27.020,98565.6,21.50,232.21,232.17,-4.13,DESCENT
27.037,98565.6,21.50,232.20,232.14,-3.76,DESCENT
27.059,98572.7,21.50,231.60,231.89,-5.00,DESCENT
27.077,98569.8,21.50,231.85,231.82,-4.85,DESCENT
27.098,98569.3,21.50,231.89,231.78,-4.36,DESCENT
27.117,98570.4,21.50,231.80,231.73,-4.02,DESCENT
27.139,98570.6,21.50,231.78,231.69,-3.65,DESCENT
27.157,98575.0,21.50,231.40,231.55,-4.39,DESCENT
27.177,98575.8,21.50,231.33,231.42,-4.77,DESCENT
27.200,98574.2,21.50,231.47,231.36,-4.34,DESCENT
27.220,98575.5,21.50,231.37,231.31,-4.07,DESCENT
27.239,98579.4,21.50,231.03,231.16,-4.69,DESCENT
27.260,98576.3,21.50,231.29,231.14,-4.02,DESCENT
27.277,98585.0,21.50,230.56,230.89,-5.76,DESCENT
27.297,98582.0,21.50,230.81,230.79,-5.68,DESCENT
27.318,98581.1,21.50,230.88,230.75,-5.07,DESCENT
27.340,98584.6,21.50,230.59,230.62,-5.20,DESCENT
27.360,98579.5,21.50,231.02,230.69,-3.68,DESCENT
27.379,98587.6,21.50,230.33,230.52,-4.54,DESCENT
27.398,98585.2,21.50,230.54,230.47,-4.19,DESCENT
27.419,98590.8,21.50,230.06,230.27,-5.16,DESCENT
27.440,98591.7,21.50,229.98,230.10,-5.67,DESCENT
27.459,98587.8,21.50,230.32,230.11,-4.66,DESCENT
27.477,98595.4,21.50,229.67,229.90,-5.80,DESCENT
27.498,98591.3,21.50,230.02,229.86,-5.10,DESCENT
27.520,98592.5,21.50,229.92,229.81,-4.63,DESCENT
27.540,98597.5,21.50,229.49,229.64,-5.30,DESCENT
27.557,98598.1,21.50,229.44,229.51,-5.70,DESCENT
27.577,98594.4,21.50,229.75,229.52,-4.64,DESCENT
27.597,98597.9,21.50,229.46,229.44,-4.55,DESCENT
27.619,98596.7,21.50,229.56,229.42,-3.95,DESCENT
27.640,98596.9,21.50,229.55,229.41,-3.35,DESCENT
27.659,98598.6,21.50,229.40,229.36,-3.17,DESCENT
27.678,98602.7,21.50,229.05,229.21,-3.97,DESCENT
27.700,98597.4,21.50,229.50,229.26,-2.95,DESCENT
27.718,98604.3,21.50,228.91,229.10,-3.97,DESCENT
27.739,98602.4,21.50,229.08,229.04,-3.80,DESCENT
27.760,98605.0,21.50,228.85,228.92,-4.10,DESCENT
27.780,98610.5,21.50,228.38,228.68,-5.47,DESCENT
27.797,98609.1,21.50,228.51,228.56,-5.75,DESCENT
27.818,98607.8,21.50,228.62,228.50,-5.23,DESCENT
27.838,98615.2,21.50,227.99,228.25,-6.43,DESCENT
27.860,98606.4,21.50,228.74,228.33,-4.69,DESCENT
27.879,98612.2,21.50,228.24,228.24,-4.69,DESCENT
27.899,98615.9,21.50,227.93,228.07,-5.37,DESCENT
27.918,98610.2,21.50,228.41,228.12,-3.99,DESCENT
27.938,98616.5,21.50,227.87,227.98,-4.52,DESCENT
27.959,98615.5,21.50,227.96,227.91,-4.31,DESCENT
27.980,98622.1,21.50,227.39,227.67,-5.55,DESCENT
27.998,98620.8,21.50,227.50,227.55,-5.77,DESCENT
28.018,98620.9,21.50,227.50,227.46,-5.59,DESCENT
28.037,98615.8,21.50,227.93,227.55,-3.75,DESCENT
28.057,98620.5,21.50,227.53,227.50,-3.59,DESCENT
28.077,98627.3,21.50,226.95,227.26,-4.99,DESCENT
28.098,98625.9,21.50,227.08,227.13,-5.21,DESCENT
28.120,98622.5,21.50,227.36,227.14,-4.24,DESCENT
28.138,98625.0,21.50,227.15,227.09,-3.93,DESCENT
28.157,98621.3,21.50,227.47,227.17,-2.51,DESCENT
28.177,98628.0,21.50,226.90,227.04,-3.19,DESCENT
28.200,98625.9,21.50,227.08,227.01,-2.91,DESCENT
28.219,98625.6,21.50,227.10,227.01,-2.43,DESCENT
28.238,98627.8,21.50,226.91,226.94,-2.59,DESCENT
28.260,98634.2,21.50,226.37,226.70,-4.00,DESCENT
28.280,98628.4,21.50,226.86,226.70,-3.30,DESCENT
28.299,98625.6,21.50,227.10,226.80,-1.81,DESCENT
28.318,98641.3,21.50,225.76,226.42,-4.88,DESCENT
28.338,98634.7,21.50,226.33,226.32,-4.86,DESCENT
28.358,98635.7,21.50,226.24,226.23,-4.81,DESCENT
28.380,98634.8,21.50,226.32,226.19,-4.28,DESCENT
28.399,98642.6,21.50,225.65,225.95,-5.71,DESCENT
28.420,98642.3,21.50,225.68,225.78,-6.15,DESCENT
28.437,98643.4,21.50,225.58,225.64,-6.48,DESCENT
28.457,98643.6,21.50,225.56,225.53,-6.32,DESCENT
28.479,98646.0,21.50,225.36,225.38,-6.42,DESCENT
28.499,98645.7,21.50,225.39,225.30,-6.01,DESCENT
28.518,98644.9,21.50,225.46,225.28,-5.16,DESCENT
28.539,98649.5,21.50,225.06,225.14,-5.49,DESCENT
28.560,98648.3,21.50,225.17,225.07,-5.08,DESCENT
28.579,98647.0,21.50,225.28,225.08,-4.10,DESCENT
28.598,98650.6,21.50,224.97,224.99,-4.21,DESCENT
28.619,98645.0,21.50,225.45,225.10,-2.64,DESCENT
28.638,98652.1,21.50,224.84,224.97,-3.27,DESCENT
28.659,98650.8,21.50,224.96,224.92,-3.13,DESCENT
28.679,98649.4,21.50,225.08,224.94,-2.48,DESCENT
28.699,98656.6,21.50,224.46,224.74,-3.72,DESCENT
28.720,98661.9,21.50,224.01,224.43,-5.57,DESCENT
28.739,98660.7,21.50,224.11,224.25,-6.29,DESCENT
28.757,98659.7,21.50,224.20,224.16,-6.10,DESCENT
28.779,98656.8,21.50,224.45,224.17,-4.94,DESCENT
28.799,98655.9,21.50,224.52,224.23,-3.61,DESCENT
28.820,98660.2,21.50,224.16,224.15,-3.61,DESCENT
28.840,98660.3,21.50,224.15,224.11,-3.40,DESCENT
28.857,98663.9,21.50,223.84,223.98,-4.12,DESCENT
28.880,98669.5,21.50,223.36,223.70,-5.48,DESCENT
28.897,98667.7,21.50,223.51,223.57,-5.81,DESCENT
28.919,98667.5,21.50,223.54,223.48,-5.56,DESCENT
28.937,98668.5,21.50,223.45,223.40,-5.33,DESCENT
28.960,98664.0,21.50,223.83,223.47,-3.92,DESCENT
28.978,98671.7,21.50,223.18,223.32,-4.65,DESCENT
28.997,98671.1,21.50,223.23,223.23,-4.66,DESCENT
29.020,98669.6,21.50,223.36,223.21,-4.05,DESCENT
29.037,98672.4,21.50,223.12,223.13,-4.13,DESCENT
29.058,98673.1,21.50,223.06,223.05,-4.10,DESCENT
29.078,98676.6,21.50,222.76,222.89,-4.69,DESCENT
29.098,98674.3,21.50,222.95,222.86,-4.23,DESCENT
29.118,98680.2,21.50,222.45,222.66,-5.16,DESCENT
29.140,98678.1,21.50,222.63,222.58,-4.93,DESCENT
29.157,98677.5,21.50,222.69,222.56,-4.26,DESCENT
29.179,98684.2,21.50,222.11,222.34,-5.25,DESCENT
29.197,98680.5,21.50,222.43,222.31,-4.67,DESCENT
29.219,98682.2,21.50,222.29,222.24,-4.45,DESCENT
29.238,98680.0,21.50,222.47,222.26,-3.41,DESCENT
29.258,98687.7,21.50,221.82,222.06,-4.53,DESCENT
29.279,98685.2,21.50,222.03,221.99,-4.36,DESCENT
29.298,98687.9,21.50,221.80,221.87,-4.70,DESCENT
29.320,98686.6,21.50,221.91,221.82,-4.31,DESCENT
29.337,98689.2,21.50,221.69,221.72,-4.47,DESCENT
29.360,98685.7,21.50,221.98,221.75,-3.50,DESCENT
29.379,98689.2,21.50,221.69,221.68,-3.48,DESCENT
29.397,98687.7,21.50,221.82,221.69,-2.81,DESCENT
29.419,98691.7,21.50,221.48,221.58,-3.23,DESCENT
29.437,98695.8,21.50,221.13,221.38,-4.51,DESCENT
29.457,98693.1,21.50,221.36,221.31,-4.31,DESCENT
29.478,98695.5,21.50,221.16,221.20,-4.51,DESCENT
29.499,98697.4,21.50,220.99,221.06,-4.83,DESCENT
29.519,98702.8,21.50,220.53,220.82,-6.17,DESCENT
29.539,98701.3,21.50,220.66,220.68,-6.27,DESCENT
29.557,98695.0,21.50,221.20,220.79,-4.24,DESCENT
29.578,98704.9,21.50,220.35,220.58,-5.26,DESCENT
29.599,98697.0,21.50,221.02,220.66,-3.70,DESCENT
29.619,98698.6,21.50,220.89,220.69,-2.77,DESCENT
29.638,98704.7,21.50,220.37,220.55,-3.60,DESCENT
29.657,98709.7,21.50,219.95,220.29,-5.28,DESCENT
29.677,98703.7,21.50,220.46,220.28,-4.47,DESCENT
29.700,98703.7,21.50,220.46,220.27,-3.76,DESCENT
29.718,98707.3,21.50,220.15,220.19,-3.93,DESCENT
29.740,98709.9,21.50,219.93,220.04,-4.40,DESCENT
29.758,98714.3,21.50,219.55,219.82,-5.82,DESCENT
29.779,98711.6,21.50,219.78,219.73,-5.58,DESCENT
29.798,98711.2,21.50,219.82,219.69,-4.96,DESCENT
29.820,98712.3,21.50,219.72,219.63,-4.57,DESCENT
29.837,98714.9,21.50,219.51,219.54,-4.72,DESCENT
29.859,98717.0,21.50,219.33,219.40,-5.03,DESCENT
29.880,98713.7,21.50,219.60,219.40,-4.16,DESCENT
29.900,98717.1,21.50,219.32,219.32,-4.17,DESCENT
29.919,98720.9,21.50,218.99,219.15,-4.93,DESCENT
29.938,98726.3,21.50,218.53,218.87,-6.56,DESCENT
29.959,98722.2,21.50,218.88,218.79,-6.14,DESCENT
29.977,98715.1,21.50,219.49,218.96,-3.43,DESCENT
29.997,98721.1,21.50,218.98,218.92,-3.17,DESCENT
30.018,98725.1,21.50,218.64,218.78,-3.81,DESCENT
30.037,98723.8,21.50,218.74,218.72,-3.69,DESCENT
30.058,98729.5,21.50,218.27,218.51,-4.79,DESCENT
30.078,98726.3,21.50,218.54,218.46,-4.42,DESCENT
30.100,98729.8,21.50,218.24,218.32,-4.75,DESCENT
30.120,98730.7,21.50,218.16,218.20,-4.93,DESCENT
30.137,98728.7,21.50,218.33,218.19,-4.17,DESCENT
30.158,98729.7,21.50,218.25,218.15,-3.77,DESCENT
30.179,98731.3,21.50,218.11,218.09,-3.66,DESCENT
30.200,98730.1,21.50,218.21,218.08,-3.08,DESCENT
30.217,98734.4,21.50,217.84,217.96,-3.71,DESCENT
30.237,98733.3,21.50,217.94,217.91,-3.55,DESCENT
30.258,98736.4,21.50,217.68,217.78,-4.01,DESCENT
30.278,98734.3,21.50,217.86,217.75,-3.54,DESCENT
30.297,98743.3,21.50,217.09,217.48,-5.37,DESCENT
30.317,98741.1,21.50,217.28,217.34,-5.64,DESCENT
30.339,98744.8,21.50,216.96,217.13,-6.34,DESCENT
30.357,98739.8,21.50,217.39,217.14,-5.08,DESCENT
30.377,98741.6,21.50,217.24,217.11,-4.50,DESCENT
30.398,98745.2,21.50,216.93,216.99,-4.77,DESCENT
30.418,98745.9,21.50,216.87,216.88,-4.82,DESCENT
30.437,98746.8,21.50,216.80,216.79,-4.80,DESCENT
30.459,98749.4,21.50,216.57,216.65,-5.13,DESCENT
30.480,98749.6,21.50,216.56,216.54,-5.08,DESCENT
30.500,98752.5,21.50,216.31,216.40,-5.51,DESCENT
30.520,98748.6,21.50,216.64,216.41,-4.44,DESCENT
30.540,98754.2,21.50,216.16,216.26,-4.89,DESCENT
30.560,98741.8,21.50,217.22,216.53,-1.73,DESCENT
30.579,98754.2,21.50,216.16,216.38,-2.83,DESCENT
30.599,98753.6,21.50,216.22,216.29,-3.15,DESCENT
30.618,98753.9,21.50,216.19,216.22,-3.26,DESCENT
30.639,98756.3,21.50,215.98,216.09,-3.74,DESCENT
30.660,98757.2,21.50,215.91,215.97,-4.03,DESCENT
30.679,98759.6,21.50,215.70,215.83,-4.67,DESCENT
30.698,98756.5,21.50,215.97,215.82,-3.97,DESCENT
30.719,98758.8,21.50,215.77,215.75,-3.87,DESCENT
30.738,98762.7,21.50,215.44,215.59,-4.60,DESCENT
30.757,98761.0,21.50,215.58,215.53,-4.36,DESCENT
30.778,98762.4,21.50,215.46,215.45,-4.29,DESCENT
30.797,98766.2,21.50,215.14,215.29,-5.01,DESCENT
30.820,98766.5,21.50,215.12,215.15,-5.15,DESCENT
30.840,98765.3,21.50,215.22,215.11,-4.62,DESCENT
30.858,98765.6,21.50,215.20,215.09,-4.07,DESCENT
30.877,98770.5,21.50,214.78,214.93,-4.81,DESCENT
30.897,98772.2,21.50,214.64,214.76,-5.40,DESCENT
30.918,98772.8,21.50,214.58,214.63,-5.62,DESCENT
30.939,98773.6,21.50,214.51,214.51,-5.61,DESCENT
30.957,98772.2,21.50,214.63,214.49,-4.87,DESCENT
30.978,98771.7,21.50,214.67,214.48,-4.05,DESCENT
30.997,98775.0,21.50,214.40,214.40,-4.07,DESCENT
31.017,98775.7,21.50,214.33,214.33,-4.04,DESCENT
31.037,98775.4,21.50,214.36,214.29,-3.69,DESCENT
31.057,98779.0,21.50,214.06,214.16,-4.16,DESCENT
31.080,98788.0,21.50,213.29,213.79,-6.20,DESCENT
31.097,98778.9,21.50,214.07,213.82,-4.89,DESCENT
31.117,98780.4,21.50,213.94,213.80,-4.23,DESCENT
31.140,98784.7,21.50,213.57,213.65,-4.57,DESCENT
31.160,98781.5,21.50,213.84,213.66,-3.75,DESCENT
31.180,98783.4,21.50,213.68,213.62,-3.46,DESCENT
31.197,98784.3,21.50,213.61,213.58,-3.30,DESCENT
31.217,98786.5,21.50,213.42,213.48,-3.56,DESCENT
31.237,98790.1,21.50,213.11,213.30,-4.44,DESCENT
31.257,98790.3,21.50,213.10,213.17,-4.81,DESCENT
31.279,98785.6,21.50,213.49,213.22,-3.63,DESCENT
31.297,98789.9,21.50,213.13,213.14,-3.69,DESCENT
31.320,98789.1,21.50,213.20,213.11,-3.32,DESCENT
31.338,98793.9,21.50,212.79,212.96,-4.17,DESCENT
31.357,98792.5,21.50,212.91,212.89,-4.08,DESCENT
31.377,98798.2,21.50,212.43,212.67,-5.24,DESCENT
31.399,98801.9,21.50,212.11,212.40,-6.47,DESCENT
31.420,98796.4,21.50,212.58,212.38,-5.56,DESCENT
31.439,98798.8,21.50,212.37,212.31,-5.25,DESCENT
31.458,98801.5,21.50,212.14,212.19,-5.46,DESCENT
31.480,98798.4,21.50,212.41,212.19,-4.52,DESCENT
31.499,98797.0,21.50,212.52,212.25,-3.18,DESCENT
31.519,98803.8,21.50,211.94,212.10,-3.89,DESCENT
31.540,98804.5,21.50,211.89,211.97,-4.24,DESCENT
31.559,98799.0,21.50,212.36,212.06,-2.78,DESCENT
31.577,98805.2,21.50,211.83,211.94,-3.37,DESCENT
31.599,98805.1,21.50,211.84,211.86,-3.46,DESCENT
31.618,98805.7,21.50,211.79,211.79,-3.47,DESCENT
31.640,98808.8,21.50,211.52,211.65,-4.00,DESCENT
31.659,98805.4,21.50,211.81,211.66,-3.25,DESCENT
31.679,98806.6,21.50,211.71,211.63,-2.90,DESCENT
31.697,98815.4,21.50,210.96,211.36,-4.90,DESCENT
31.717,98814.6,21.50,211.03,211.19,-5.62,DESCENT
31.740,98813.7,21.50,211.11,211.07,-5.49,DESCENT
31.757,98815.1,21.50,210.99,210.98,-5.47,DESCENT
31.777,98816.8,21.50,210.85,210.86,-5.55,DESCENT
31.798,98817.1,21.50,210.82,210.77,-5.35,DESCENT
31.820,98825.1,21.50,210.14,210.47,-6.75,DESCENT
31.839,98817.4,21.50,210.79,210.50,-5.31,DESCENT
31.861,98822.1,21.50,210.40,210.39,-5.28,DESCENT
31.879,98817.9,21.50,210.75,210.45,-3.82,DESCENT
31.900,98824.2,21.50,210.22,210.32,-4.28,DESCENT
31.920,98828.6,21.50,209.84,210.10,-5.45,DESCENT
31.940,98824.3,21.50,210.21,210.06,-4.81,DESCENT
31.960,98823.3,21.50,210.30,210.08,-3.82,DESCENT
31.978,98821.7,21.50,210.43,210.16,-2.39,DESCENT
31.999,98830.9,21.50,209.65,209.95,-3.68,DESCENT
32.019,98826.5,21.50,210.02,209.93,-3.24,DESCENT
32.041,98830.4,21.50,209.69,209.80,-3.69,DESCENT
32.059,98832.8,21.50,209.49,209.65,-4.48,DESCENT
32.078,98828.9,21.50,209.81,209.65,-3.68,DESCENT
32.097,98832.9,21.50,209.48,209.54,-4.01,DESCENT
32.120,98837.9,21.50,209.05,209.31,-5.06,DESCENT
32.137,98832.3,21.50,209.53,209.33,-4.01,DESCENT
32.159,98835.1,21.50,209.29,209.26,-3.89,DESCENT
32.178,98837.0,21.50,209.13,209.16,-4.08,DESCENT
32.199,98833.3,21.50,209.44,209.20,-3.07,DESCENT
32.221,98837.9,21.50,209.05,209.11,-3.32,DESCENT
32.238,98842.8,21.50,208.64,208.91,-4.74,DESCENT
32.259,98847.2,21.50,208.26,208.62,-6.30,DESCENT
32.279,98839.5,21.50,208.92,208.64,-5.03,DESCENT
32.297,98843.4,21.50,208.58,208.56,-4.91,DESCENT
32.320,98845.5,21.50,208.41,208.44,-5.02,DESCENT
32.339,98844.6,21.50,208.48,208.39,-4.57,DESCENT
32.360,98844.7,21.50,208.47,208.36,-4.05,DESCENT
32.377,98846.8,21.50,208.29,208.29,-4.02,DESCENT
32.397,98847.2,21.50,208.27,208.23,-3.85,DESCENT
32.418,98847.1,21.50,208.27,208.19,-3.51,DESCENT
32.437,98849.9,21.50,208.04,208.09,-3.79,DESCENT
32.458,98851.3,21.50,207.92,207.98,-4.07,DESCENT
32.477,98846.0,21.50,208.37,208.07,-2.60,DESCENT
32.498,98854.2,21.50,207.67,207.89,-3.55,DESCENT
32.518,98854.2,21.50,207.66,207.77,-4.02,DESCENT
32.538,98856.1,21.50,207.51,207.62,-4.55,DESCENT
32.558,98851.0,21.50,207.94,207.67,-3.35,DESCENT
32.577,98863.7,21.50,206.86,207.35,-5.78,DESCENT
32.598,98859.1,21.50,207.26,207.23,-5.69,DESCENT
32.619,98855.3,21.50,207.57,207.28,-4.38,DESCENT
32.638,98864.3,21.50,206.81,207.06,-5.61,DESCENT
32.659,98864.1,21.50,206.83,206.90,-5.93,DESCENT
32.680,98861.7,21.50,207.03,206.87,-5.20,DESCENT
32.699,98867.9,21.50,206.50,206.68,-6.05,DESCENT
32.720,98867.1,21.50,206.58,206.56,-5.97,DESCENT
32.740,98863.5,21.50,206.88,206.59,-4.60,DESCENT
32.759,98865.5,21.50,206.71,206.58,-3.97,DESCENT
32.777,98869.6,21.50,206.36,206.45,-4.46,DESCENT
32.798,98874.4,21.50,205.95,206.22,-5.58,DESCENT
32.817,98869.2,21.50,206.40,206.21,-4.66,DESCENT
32.840,98875.9,21.50,205.83,206.01,-5.35,DESCENT
32.857,98873.1,21.50,206.06,205.97,-4.82,DESCENT
32.877,98871.5,21.50,206.20,205.98,-3.88,DESCENT
32.897,98878.6,21.50,205.59,205.80,-4.82,DESCENT
32.920,98873.2,21.50,206.05,205.81,-3.86,DESCENT
32.940,98876.4,21.50,205.78,205.75,-3.73,DESCENT
32.959,98871.7,21.50,206.18,205.86,-2.17,DESCENT
32.980,98878.1,21.50,205.64,205.75,-2.67,DESCENT
32.998,98882.4,21.50,205.27,205.55,-4.13,DESCENT
33.020,98877.4,21.50,205.70,205.54,-3.51,DESCENT
33.037,98877.5,21.50,205.69,205.56,-2.77,DESCENT
33.058,98887.7,21.50,204.82,205.26,-4.73,DESCENT
33.080,98886.2,21.50,204.95,205.08,-5.28,DESCENT
33.099,98883.1,21.50,205.21,205.06,-4.57,DESCENT
33.120,98886.2,21.50,204.95,204.96,-4.61,DESCENT
33.140,98893.1,21.50,204.36,204.69,-6.17,DESCENT
33.157,98884.8,21.50,205.07,204.75,-4.51,DESCENT
33.178,98892.4,21.50,204.43,204.58,-5.18,DESCENT
33.201,98892.2,21.50,204.44,204.45,-5.24,DESCENT
33.219,98892.7,21.50,204.40,204.37,-5.10,DESCENT
33.240,98892.4,21.50,204.42,204.32,-4.65,DESCENT
33.257,98895.9,21.50,204.13,204.20,-5.05,DESCENT
33.280,98892.1,21.50,204.45,204.21,-4.10,DESCENT
33.299,98896.0,21.50,204.11,204.13,-4.17,DESCENT
33.317,98900.8,21.50,203.71,203.93,-5.28,DESCENT
33.339,98897.4,21.50,204.00,203.88,-4.78,DESCENT
33.360,98899.5,21.50,203.83,203.80,-4.65,DESCENT
33.379,98902.6,21.50,203.56,203.66,-5.15,DESCENT
33.401,98896.2,21.50,204.10,203.74,-3.62,DESCENT
33.420,98895.9,21.50,204.13,203.83,-2.22,DESCENT
33.439,98907.2,21.50,203.16,203.57,-4.27,DESCENT
33.460,98905.2,21.50,203.34,203.43,-4.65,DESCENT
33.480,98906.7,21.50,203.21,203.29,-5.06,DESCENT
33.498,98904.9,21.50,203.36,203.26,-4.52,DESCENT
33.517,98907.4,21.50,203.15,203.16,-4.58,DESCENT
33.537,98910.6,21.50,202.88,203.00,-5.18,DESCENT
33.559,98909.1,21.50,203.00,202.93,-4.87,DESCENT
33.580,98908.8,21.50,203.03,202.90,-4.29,DESCENT
33.597,98908.7,21.50,203.04,202.90,-3.56,DESCENT
33.617,98908.0,21.50,203.10,202.92,-2.74,DESCENT
33.640,98906.4,21.50,203.24,202.99,-1.77,DESCENT
33.660,98913.5,21.50,202.64,202.84,-2.76,DESCENT
33.678,98914.3,21.50,202.57,202.72,-3.51,DESCENT
33.700,98924.1,21.50,201.73,202.32,-5.93,DESCENT
33.718,98915.9,21.50,202.43,202.29,-5.20,DESCENT
33.738,98915.3,21.50,202.48,202.29,-4.30,DESCENT
33.758,98925.4,21.50,201.62,202.00,-6.01,DESCENT
33.778,98918.6,21.50,202.20,201.99,-5.05,DESCENT
33.799,98921.0,21.50,202.00,201.92,-4.72,DESCENT
33.818,98925.9,21.50,201.58,201.75,-5.54,DESCENT
33.839,98927.1,21.50,201.48,201.58,-5.97,DESCENT
33.859,98928.2,21.50,201.39,201.43,-6.18,DESCENT
33.879,98928.2,21.50,201.39,201.34,-5.95,DESCENT
33.898,98924.4,21.50,201.71,201.39,-4.48,DESCENT
33.918,98926.3,21.50,201.54,201.39,-3.74,DESCENT
33.938,98927.9,21.50,201.41,201.35,-3.45,DESCENT
33.957,98932.2,21.50,201.05,201.20,-4.17,DESCENT
33.979,98930.7,21.50,201.17,201.13,-4.00,DESCENT
33.997,98935.7,21.50,200.75,200.95,-5.06,DESCENT
34.020,98934.4,21.50,200.86,200.84,-5.01,DESCENT
34.040,98935.7,21.50,200.75,200.74,-4.99,DESCENT
34.060,98929.2,21.50,201.30,200.87,-3.03,DESCENT
34.079,98937.3,21.50,200.61,200.74,-3.66,DESCENT
34.100,98934.8,21.50,200.82,200.72,-3.22,DESCENT
34.118,98941.5,21.50,200.25,200.52,-4.61,DESCENT
34.138,98939.4,21.50,200.43,200.43,-4.60,DESCENT
34.158,98943.1,21.50,200.12,200.26,-5.29,DESCENT
34.177,98943.9,21.50,200.05,200.12,-5.65,DESCENT
34.198,98941.4,21.50,200.26,200.09,-4.92,DESCENT
34.219,98942.0,21.50,200.21,200.07,-4.27,DESCENT
34.238,98948.4,21.50,199.67,199.87,-5.22,DESCENT
34.257,98950.2,21.50,199.52,199.69,-6.07,DESCENT
34.277,98944.9,21.50,199.97,199.71,-4.88,DESCENT
34.298,98943.5,21.50,200.09,199.77,-3.47,DESCENT
34.318,98952.0,21.50,199.37,199.59,-4.45,DESCENT
34.337,98946.1,21.50,199.87,199.63,-3.31,DESCENT
34.358,98951.4,21.50,199.42,199.51,-3.71,DESCENT
34.378,98946.3,21.50,199.85,199.58,-2.46,DESCENT
34.397,98956.8,21.50,198.96,199.33,-4.25,DESCENT
34.420,98955.9,21.50,199.04,199.17,-4.77,DESCENT
34.439,98954.5,21.50,199.15,199.10,-4.53,DESCENT
34.461,98953.2,21.50,199.27,199.10,-3.80,DESCENT
34.479,98949.5,21.50,199.58,199.22,-2.00,DESCENT
34.499,98958.6,21.50,198.80,199.05,-3.12,DESCENT
34.518,98961.9,21.50,198.53,198.83,-4.58,DESCENT
34.540,98961.7,21.50,198.54,198.66,-5.09,DESCENT
34.558,98958.1,21.50,198.85,198.67,-4.18,DESCENT
34.580,98965.3,21.50,198.23,198.46,-5.14,DESCENT
34.598,98965.1,21.50,198.25,198.32,-5.49,DESCENT
34.620,98960.4,21.50,198.65,198.36,-4.24,DESCENT
34.639,98961.1,21.50,198.59,198.39,-3.28,DESCENT
34.658,98964.3,21.50,198.32,198.32,-3.30,DESCENT
34.677,98971.9,21.50,197.68,198.06,-5.16,DESCENT
34.698,98967.4,21.50,198.06,197.99,-4.85,DESCENT
34.718,98975.7,21.50,197.36,197.70,-6.38,DESCENT
34.738,98975.2,21.50,197.40,197.51,-6.91,DESCENT
34.757,98967.4,21.50,198.06,197.62,-4.77,DESCENT
34.778,98972.7,21.50,197.61,197.55,-4.52,DESCENT
34.798,98984.6,21.50,196.60,197.16,-7.05,DESCENT
34.819,98975.7,21.50,197.36,197.13,-6.06,DESCENT
34.837,98978.8,21.50,197.09,197.05,-5.83,DESCENT
34.858,98978.8,21.50,197.09,196.98,-5.37,DESCENT
34.879,98978.0,21.50,197.16,196.97,-4.55,DESCENT
34.900,98977.7,21.50,197.18,196.98,-3.65,DESCENT
34.919,98981.8,21.50,196.84,196.89,-3.89,DESCENT
34.940,98983.4,21.50,196.70,196.77,-4.17,DESCENT
34.960,98984.9,21.50,196.58,196.65,-4.52,DESCENT
34.980,98986.7,21.50,196.42,196.51,-4.92,DESCENT
34.997,98981.7,21.50,196.84,196.57,-3.47,DESCENT
35.019,98983.3,21.50,196.71,196.57,-2.89,DESCENT
35.037,98989.4,21.50,196.19,196.40,-3.97,DESCENT
35.059,98988.8,21.50,196.25,196.29,-4.15,DESCENT
35.078,98983.5,21.50,196.69,196.38,-2.60,DESCENT
35.100,98987.5,21.50,196.35,196.33,-2.52,DESCENT
35.117,98998.4,21.50,195.43,195.99,-5.58,DESCENT
35.137,98991.2,21.50,196.04,195.93,-5.10,DESCENT
35.158,98992.6,21.50,195.92,195.86,-4.83,DESCENT
35.177,98995.5,21.50,195.67,195.73,-5.12,DESCENT
35.199,98997.0,21.50,195.55,195.60,-5.33,DESCENT
35.218,98992.4,21.50,195.94,195.65,-3.96,DESCENT
35.237,98995.4,21.50,195.68,195.61,-3.62,DESCENT
35.258,99003.3,21.50,195.01,195.35,-5.12,DESCENT
35.277,98996.7,21.50,195.57,195.36,-4.15,DESCENT
35.297,99000.9,21.50,195.22,195.26,-4.34,DESCENT
35.321,99006.3,21.50,194.76,195.02,-5.36,DESCENT
35.339,99002.6,21.50,195.08,194.98,-4.86,DESCENT
35.360,99003.7,21.50,194.98,194.91,-4.57,DESCENT
35.378,99002.2,21.50,195.11,194.92,-3.65,DESCENT
35.397,99003.6,21.50,194.98,194.90,-3.24,DESCENT
35.418,99010.4,21.50,194.41,194.68,-4.48,DESCENT
35.439,99009.9,21.50,194.45,194.54,-4.85,DESCENT
35.458,99009.9,21.50,194.45,194.45,-4.85,DESCENT
35.477,99008.6,21.50,194.56,194.43,-4.19,DESCENT
35.499,99016.2,21.50,193.92,194.19,-5.33,DESCENT
35.519,99017.6,21.50,193.80,193.98,-6.20,DESCENT
35.539,99013.9,21.50,194.12,193.95,-5.44,DESCENT
35.557,99011.8,21.50,194.30,194.01,-3.92,DESCENT
35.580,99012.2,21.50,194.26,194.03,-3.05,DESCENT
35.598,99023.3,21.50,193.31,193.75,-5.23,DESCENT
35.618,99025.3,21.50,193.15,193.47,-6.75,DESCENT
35.638,99016.6,21.50,193.89,193.53,-5.08,DESCENT
35.660,99020.3,21.50,193.57,193.47,-4.66,DESCENT
35.678,99014.5,21.50,194.06,193.62,-2.38,DESCENT
35.698,99019.2,21.50,193.66,193.61,-2.12,DESCENT
35.720,99028.6,21.50,192.86,193.32,-3.98,DESCENT
35.738,99026.2,21.50,193.07,193.18,-4.54,DESCENT
35.757,99027.3,21.50,192.98,193.06,-4.94,DESCENT
35.777,99024.8,21.50,193.19,193.04,-4.26,DESCENT
35.800,99023.9,21.50,193.27,193.06,-3.39,DESCENT
35.818,99027.0,21.50,193.00,193.00,-3.36,DESCENT
35.838,99032.4,21.50,192.55,192.80,-4.52,DESCENT
35.858,99031.2,21.50,192.64,192.68,-4.70,DESCENT
35.880,99033.2,21.50,192.48,192.54,-4.97,DESCENT
35.899,99034.2,21.50,192.40,192.43,-5.16,DESCENT
35.920,99031.1,21.50,192.66,192.44,-4.22,DESCENT
35.940,99034.7,21.50,192.35,192.35,-4.24,DESCENT
35.960,99032.6,21.50,192.53,192.36,-3.47,DESCENT
35.980,99033.2,21.50,192.48,192.35,-2.91,DESCENT
35.998,99038.9,21.50,192.00,192.20,-3.92,DESCENT
36.020,99034.5,21.50,192.36,192.20,-3.22,DESCENT
36.039,99044.0,21.50,191.56,191.94,-5.09,DESCENT
36.057,99041.2,21.50,191.80,191.83,-5.21,DESCENT
36.078,99037.5,21.50,192.12,191.86,-4.04,DESCENT
36.099,99040.9,21.50,191.82,191.79,-3.90,DESCENT
36.119,99040.4,21.50,191.87,191.77,-3.44,DESCENT
36.141,99047.7,21.50,191.25,191.54,-4.65,DESCENT
36.159,99047.5,21.50,191.26,191.38,-5.26,DESCENT
36.179,99047.0,21.50,191.30,191.29,-5.18,DESCENT
36.197,99052.8,21.50,190.81,191.06,-6.48,DESCENT
36.217,99049.0,21.50,191.14,191.00,-5.86,DESCENT
36.238,99049.2,21.50,191.12,190.96,-5.18,DESCENT
36.258,99048.2,21.50,191.20,190.98,-4.18,DESCENT
36.280,99048.5,21.50,191.18,190.99,-3.38,DESCENT
36.297,99054.2,21.50,190.70,190.85,-4.25,DESCENT
36.319,99056.7,21.50,190.48,190.66,-4.96,DESCENT
36.339,99055.0,21.50,190.63,190.59,-4.75,DESCENT
36.358,99057.1,21.50,190.45,190.48,-4.91,DESCENT
36.380,99057.6,21.50,190.41,190.38,-4.80,DESCENT
36.398,99063.5,21.50,189.91,190.16,-6.12,DESCENT
36.420,99060.2,21.50,190.19,190.08,-5.67,DESCENT
36.438,99064.0,21.50,189.87,189.94,-6.05,DESCENT
36.459,99061.0,21.50,190.12,189.92,-5.19,DESCENT
36.480,99060.1,21.50,190.20,189.95,-4.08,DESCENT
36.500,99059.0,21.50,190.29,190.02,-2.82,DESCENT
36.518,99061.3,21.50,190.09,190.01,-2.39,DESCENT
36.537,99066.9,21.50,189.62,189.84,-3.45,DESCENT
36.559,99063.7,21.50,189.89,189.81,-3.11,DESCENT
36.579,99071.1,21.50,189.27,189.58,-4.57,DESCENT
36.597,99067.5,21.50,189.57,189.52,-4.33,DESCENT
36.619,99064.2,21.50,189.85,189.57,-3.20,DESCENT
36.640,99071.5,21.50,189.23,189.41,-3.97,DESCENT
36.658,99070.4,21.50,189.33,189.34,-4.02,DESCENT
36.679,99078.7,21.50,188.62,189.03,-5.76,DESCENT
36.700,99076.2,21.50,188.83,188.88,-5.98,DESCENT
36.718,99072.0,21.50,189.19,188.92,-4.58,DESCENT
36.740,99076.4,21.50,188.81,188.82,-4.61,DESCENT
36.760,99072.9,21.50,189.11,188.86,-3.47,DESCENT
36.777,99073.4,21.50,189.07,188.90,-2.50,DESCENT
36.798,99078.9,21.50,188.60,188.76,-3.20,DESCENT
36.818,99081.8,21.50,188.36,188.58,-4.23,DESCENT
36.840,99079.9,21.50,188.52,188.49,-4.12,DESCENT
36.859,99085.9,21.50,188.01,188.28,-5.41,DESCENT
36.877,99077.8,21.50,188.69,188.36,-3.70,DESCENT
36.898,99086.1,21.50,187.99,188.18,-4.53,DESCENT
36.918,99086.2,21.50,187.98,188.05,-4.85,DESCENT
36.941,99082.2,21.50,188.33,188.08,-3.84,DESCENT
36.960,99089.0,21.50,187.75,187.91,-4.62,DESCENT
36.980,99087.8,21.50,187.85,187.83,-4.54,DESCENT
36.997,99093.2,21.50,187.39,187.63,-5.81,DESCENT
37.018,99086.0,21.50,188.00,187.68,-4.40,DESCENT
37.038,99093.8,21.50,187.34,187.50,-5.14,DESCENT
37.058,99091.9,21.50,187.50,187.44,-4.85,DESCENT
37.080,99098.6,21.50,186.93,187.19,-5.90,DESCENT
37.098,99102.7,21.50,186.59,186.91,-7.53,DESCENT
37.120,99094.9,21.50,187.25,186.92,-6.12,DESCENT
37.139,99096.2,21.50,187.14,186.92,-5.09,DESCENT
37.158,99097.8,21.50,187.00,186.89,-4.53,DESCENT
37.177,99098.8,21.50,186.92,186.84,-4.16,DESCENT
37.200,99103.3,21.50,186.54,186.67,-4.70,DESCENT
37.219,99099.5,21.50,186.85,186.68,-3.83,DESCENT
37.237,99099.9,21.50,186.82,186.68,-3.13,DESCENT
37.258,99103.1,21.50,186.55,186.59,-3.32,DESCENT
37.277,99104.2,21.50,186.45,186.51,-3.57,DESCENT
37.298,99109.7,21.50,185.99,186.28,-4.82,DESCENT
37.320,99104.9,21.50,186.40,186.25,-4.20,DESCENT
37.338,99105.7,21.50,186.34,186.23,-3.66,DESCENT
37.358,99110.3,21.50,185.94,186.08,-4.30,DESCENT
37.378,99111.1,21.50,185.87,185.95,-4.68,DESCENT
37.399,99107.6,21.50,186.17,185.97,-3.78,DESCENT
37.419,99110.6,21.50,185.92,185.90,-3.70,DESCENT
37.438,99108.6,21.50,186.09,185.92,-2.90,DESCENT
37.460,99116.1,21.50,185.45,185.71,-4.02,DESCENT
37.478,99112.3,21.50,185.77,185.69,-3.58,DESCENT
37.500,99113.9,21.50,185.64,185.62,-3.50,DESCENT
37.518,99115.6,21.50,185.49,185.53,-3.71,DESCENT
37.538,99115.1,21.50,185.53,185.48,-3.49,DESCENT
37.557,99119.1,21.50,185.20,185.34,-4.16,DESCENT
37.577,99122.6,21.50,184.90,185.13,-5.26,DESCENT
37.599,99121.9,21.50,184.96,185.00,-5.43,DESCENT
37.618,99128.5,21.50,184.40,184.72,-6.98,DESCENT
37.637,99123.5,21.50,184.82,184.67,-6.24,DESCENT
37.659,99119.2,21.50,185.19,184.76,-4.41,DESCENT
37.679,99125.2,21.50,184.68,184.68,-4.39,DESCENT
37.699,99124.5,21.50,184.74,184.64,-3.93,DESCENT
37.717,99130.1,21.50,184.27,184.47,-4.98,DESCENT
37.738,99127.7,21.50,184.47,184.40,-4.68,DESCENT
37.759,99130.5,21.50,184.23,184.27,-4.88,DESCENT
37.778,99126.3,21.50,184.59,184.32,-3.58,DESCENT
37.798,99129.4,21.50,184.32,184.28,-3.36,DESCENT
37.820,99133.1,21.50,184.01,184.14,-3.90,DESCENT
37.837,99132.5,21.50,184.06,184.06,-3.94,DESCENT
37.857,99134.7,21.50,183.88,183.95,-4.27,DESCENT
37.880,99140.7,21.50,183.37,183.68,-5.57,DESCENT
37.900,99133.1,21.50,184.01,183.72,-4.29,DESCENT
37.917,99134.1,21.50,183.92,183.75,-3.31,DESCENT
37.937,99142.7,21.50,183.19,183.51,-4.81,DESCENT
37.960,99140.7,21.50,183.37,183.39,-4.89,DESCENT
37.979,99138.9,21.50,183.52,183.37,-4.19,DESCENT
37.998,99143.1,21.50,183.16,183.25,-4.62,DESCENT
38.017,99145.8,21.50,182.93,183.08,-5.32,DESCENT
38.039,99142.0,21.50,183.26,183.07,-4.52,DESCENT
38.057,99147.9,21.50,182.75,182.90,-5.26,DESCENT
38.080,99145.9,21.50,182.93,182.83,-4.89,DESCENT
38.100,99151.6,21.50,182.44,182.63,-5.77,DESCENT
38.120,99141.8,21.50,183.27,182.78,-3.43,DESCENT
38.141,99155.1,21.50,182.14,182.51,-5.06,DESCENT
38.158,99150.1,21.50,182.57,182.47,-4.57,DESCENT
38.177,99155.0,21.50,182.16,182.31,-5.29,DESCENT
38.199,99150.8,21.50,182.51,182.30,-4.42,DESCENT
38.218,99155.1,21.50,182.15,182.19,-4.66,DESCENT
38.239,99158.1,21.50,181.89,182.02,-5.20,DESCENT
38.257,99156.0,21.50,182.07,181.98,-4.72,DESCENT
38.278,99155.6,21.50,182.11,181.96,-4.08,DESCENT
38.299,99155.7,21.50,182.09,181.95,-3.45,DESCENT
38.320,99156.8,21.50,182.00,181.92,-3.11,DESCENT
38.337,99162.3,21.50,181.54,181.75,-4.30,DESCENT
38.358,99158.1,21.50,181.89,181.74,-3.66,DESCENT
38.380,99164.3,21.50,181.37,181.56,-4.46,DESCENT
38.397,99163.1,21.50,181.47,181.48,-4.53,DESCENT
38.418,99163.5,21.50,181.44,181.40,-4.37,DESCENT
38.440,99163.2,21.50,181.46,181.36,-3.94,DESCENT
38.459,99164.8,21.50,181.32,181.30,-3.83,DESCENT
38.480,99161.3,21.50,181.62,181.36,-2.70,DESCENT
38.498,99170.2,21.50,180.87,181.15,-4.16,DESCENT
38.518,99168.0,21.50,181.06,181.07,-4.21,DESCENT
38.537,99174.0,21.50,180.54,180.83,-5.63,DESCENT
38.559,99169.1,21.50,180.96,180.79,-4.95,DESCENT
38.581,99170.2,21.50,180.87,180.75,-4.45,DESCENT
38.600,99173.5,21.50,180.59,180.64,-4.68,DESCENT
38.617,99173.3,21.50,180.60,180.57,-4.52,DESCENT
38.637,99172.1,21.50,180.70,180.56,-3.86,DESCENT
38.657,99170.5,21.50,180.84,180.61,-2.79,DESCENT
38.680,99175.3,21.50,180.44,180.51,-3.07,DESCENT
38.698,99176.9,21.50,180.30,180.40,-3.58,DESCENT
38.718,99181.9,21.50,179.87,180.17,-4.96,DESCENT
38.740,99183.2,21.50,179.77,179.96,-5.77,DESCENT
38.758,99178.9,21.50,180.13,179.95,-4.84,DESCENT
38.778,99185.3,21.50,179.59,179.76,-5.64,DESCENT
38.799,99181.0,21.50,179.95,179.75,-4.76,DESCENT
38.820,99183.1,21.50,179.77,179.69,-4.40,DESCENT
38.837,99184.8,21.50,179.63,179.62,-4.35,DESCENT
38.857,99184.5,21.50,179.66,179.58,-3.98,DESCENT
38.877,99190.5,21.50,179.15,179.38,-5.03,DESCENT
38.900,99194.1,21.50,178.85,179.12,-6.11,DESCENT
38.919,99187.3,21.50,179.42,179.15,-4.76,DESCENT
38.940,99192.7,21.50,178.97,179.02,-5.00,DESCENT
38.957,99192.4,21.50,178.99,178.95,-4.80,DESCENT
38.980,99195.1,21.50,178.76,178.81,-5.01,DESCENT
38.998,99192.8,21.50,178.95,178.80,-4.25,DESCENT
39.019,99199.4,21.50,178.39,178.60,-5.16,DESCENT
39.037,99198.6,21.50,178.46,178.49,-5.31,DESCENT
39.059,99199.4,21.50,178.40,178.38,-5.26,DESCENT
39.080,99205.1,21.50,177.91,178.15,-6.28,DESCENT
39.097,99197.7,21.50,178.54,178.21,-4.58,DESCENT
39.120,99200.8,21.50,178.27,178.16,-4.15,DESCENT
39.140,99204.1,21.50,177.99,178.05,-4.44,DESCENT
39.159,99206.1,21.50,177.82,177.92,-4.88,DESCENT
39.180,99204.4,21.50,177.97,177.87,-4.41,DESCENT
39.198,99207.1,21.50,177.74,177.78,-4.57,DESCENT
39.217,99210.5,21.50,177.46,177.61,-5.29,DESCENT
39.238,99206.6,21.50,177.78,177.60,-4.47,DESCENT
39.257,99207.4,21.50,177.71,177.58,-3.83,DESCENT
39.278,99209.5,21.50,177.54,177.51,-3.73,DESCENT
39.300,99203.0,21.50,178.09,177.66,-1.92,DESCENT
39.317,99213.1,21.50,177.23,177.49,-3.26,DESCENT
39.337,99214.0,21.50,177.16,177.33,-4.09,DESCENT
39.360,99219.5,21.50,176.69,177.05,-5.53,DESCENT
39.380,99210.5,21.50,177.45,177.11,-4.00,DESCENT
39.398,99216.5,21.50,176.94,177.01,-4.34,DESCENT
39.417,99217.9,21.50,176.83,176.89,-4.64,DESCENT
39.440,99219.9,21.50,176.66,176.74,-4.97,DESCENT
39.457,99215.1,21.50,177.07,176.80,-3.51,DESCENT
39.478,99210.5,21.50,177.45,176.98,-1.44,DESCENT
39.500,99221.1,21.50,176.56,176.81,-2.52,DESCENT
39.520,99222.7,21.50,176.42,176.64,-3.57,DESCENT
39.540,99223.8,21.50,176.33,176.49,-4.29,DESCENT
39.559,99221.9,21.50,176.48,176.43,-4.04,DESCENT
39.579,99222.6,21.50,176.43,176.38,-3.80,DESCENT
39.598,99225.7,21.50,176.16,176.26,-4.27,DESCENT
39.620,99224.4,21.50,176.28,176.20,-3.96,DESCENT
39.640,99225.4,21.50,176.19,176.15,-3.75,DESCENT
39.660,99230.1,21.50,175.79,175.97,-4.57,DESCENT
39.680,99232.0,21.50,175.63,175.80,-5.35,DESCENT
39.700,99228.1,21.50,175.97,175.79,-4.51,DESCENT
39.717,99226.8,21.50,176.07,175.84,-3.28,DESCENT
39.739,99230.4,21.50,175.77,175.77,-3.26,DESCENT
39.757,99236.4,21.50,175.26,175.55,-4.77,DESCENT
39.780,99234.7,21.50,175.41,175.43,-4.84,DESCENT
39.800,99238.7,21.50,175.07,175.24,-5.67,DESCENT
39.819,99239.5,21.50,175.00,175.09,-6.09,DESCENT
39.840,99242.2,21.50,174.77,174.89,-6.62,DESCENT
39.860,99238.7,21.50,175.06,174.86,-5.71,DESCENT
39.878,99241.1,21.50,174.86,174.80,-5.38,DESCENT
39.899,99244.4,21.50,174.58,174.65,-5.67,DESCENT
39.917,99241.5,21.50,174.83,174.65,-4.71,DESCENT
39.937,99240.9,21.50,174.88,174.67,-3.71,DESCENT
39.960,99248.3,21.50,174.25,174.47,-4.58,DESCENT
39.977,99250.5,21.50,174.07,174.27,-5.65,DESCENT
39.998,99244.5,21.50,174.58,174.30,-4.43,DESCENT
40.019,99249.7,21.50,174.13,174.19,-4.66,DESCENT
40.040,99250.6,21.50,174.06,174.08,-4.74,DESCENT
40.060,99250.9,21.50,174.03,174.00,-4.60,DESCENT
40.079,99250.1,21.50,174.10,173.98,-4.01,DESCENT
40.100,99249.9,21.50,174.12,173.97,-3.36,DESCENT
40.118,99249.7,21.50,174.13,173.99,-2.62,DESCENT
40.137,99257.2,21.50,173.50,173.78,-4.00,DESCENT
40.158,99255.4,21.50,173.65,173.68,-4.14,DESCENT
40.179,99258.3,21.50,173.41,173.53,-4.66,DESCENT
40.198,99252.1,21.50,173.93,173.61,-3.10,DESCENT
40.221,99261.7,21.50,173.12,173.40,-4.23,DESCENT
40.239,99262.5,21.50,173.05,173.22,-5.12,DESCENT
40.259,99261.6,21.50,173.13,173.12,-5.10,DESCENT
40.280,99268.0,21.50,172.59,172.87,-6.36,DESCENT
40.299,99263.5,21.50,172.97,172.82,-5.65,DESCENT
40.317,99264.3,21.50,172.90,172.78,-5.06,DESCENT
40.337,99262.0,21.50,173.09,172.83,-3.83,DESCENT
40.358,99264.0,21.50,172.92,172.81,-3.32,DESCENT
40.378,99268.4,21.50,172.55,172.68,-3.91,DESCENT
40.397,99269.0,21.50,172.51,172.57,-4.20,DESCENT
40.418,99272.6,21.50,172.20,172.38,-5.02,DESCENT
40.440,99268.4,21.50,172.55,172.37,-4.25,DESCENT
40.460,99272.8,21.50,172.18,172.25,-4.55,DESCENT
40.478,99269.4,21.50,172.47,172.27,-3.54,DESCENT
40.497,99272.7,21.50,172.19,172.20,-3.58,DESCENT
40.517,99272.3,21.50,172.22,172.16,-3.30,DESCENT
40.537,99268.6,21.50,172.54,172.25,-1.97,DESCENT
40.558,99278.8,21.50,171.68,172.02,-3.45,DESCENT
40.577,99274.7,21.50,172.02,171.98,-3.24,DESCENT
40.599,99275.9,21.50,171.92,171.91,-3.21,DESCENT
40.617,99279.9,21.50,171.58,171.76,-4.11,DESCENT
40.639,99277.1,21.50,171.81,171.72,-3.71,DESCENT
40.659,99278.8,21.50,171.67,171.65,-3.63,DESCENT
40.680,99275.1,21.50,171.99,171.72,-2.47,DESCENT
40.700,99283.7,21.50,171.25,171.53,-3.75,DESCENT
40.717,99286.6,21.50,171.01,171.30,-5.32,DESCENT
40.739,99284.5,21.50,171.19,171.19,-5.31,DESCENT
40.758,99290.1,21.50,170.71,170.96,-6.48,DESCENT
40.777,99292.2,21.50,170.54,170.73,-7.44,DESCENT
40.799,99291.0,21.50,170.64,170.59,-7.24,DESCENT
40.820,99289.2,21.50,170.79,170.56,-6.25,DESCENT
40.837,99293.2,21.50,170.46,170.46,-6.24,DESCENT
40.857,99294.2,21.50,170.37,170.35,-6.14,DESCENT
40.877,99293.5,21.50,170.43,170.29,-5.54,DESCENT
40.898,99297.6,21.50,170.08,170.14,-5.80,DESCENT
40.918,99296.5,21.50,170.17,170.08,-5.37,DESCENT
40.939,99292.8,21.50,170.49,170.15,-3.91,DESCENT
40.958,99296.5,21.50,170.17,170.11,-3.61,DESCENT
40.980,99298.8,21.50,169.98,170.01,-3.73,DESCENT
40.997,99295.7,21.50,170.24,170.05,-2.70,DESCENT
41.017,99296.1,21.50,170.21,170.07,-2.07,DESCENT
41.040,99301.9,21.50,169.72,169.92,-2.86,DESCENT
41.057,99304.0,21.50,169.54,169.75,-4.05,DESCENT
41.080,99300.6,21.50,169.82,169.72,-3.62,DESCENT
41.097,99306.1,21.50,169.36,169.55,-4.65,DESCENT
41.117,99302.8,21.50,169.64,169.52,-4.10,DESCENT
41.139,99303.1,21.50,169.61,169.50,-3.61,DESCENT
41.160,99310.6,21.50,168.98,169.27,-4.88,DESCENT
41.179,99309.3,21.50,169.09,169.14,-5.15,DESCENT
41.201,99304.6,21.50,169.49,169.19,-3.87,DESCENT
41.221,99306.2,21.50,169.36,169.20,-3.15,DESCENT
41.237,99312.2,21.50,168.85,169.04,-4.22,DESCENT
41.258,99310.4,21.50,169.00,168.97,-4.09,DESCENT
41.278,99311.5,21.50,168.90,168.89,-4.04,DESCENT
41.297,99310.9,21.50,168.96,168.87,-3.60,DESCENT
41.319,99315.4,21.50,168.57,168.71,-4.18,DESCENT
41.340,99324.2,21.50,167.83,168.35,-6.48,DESCENT
41.360,99313.4,21.50,168.74,168.40,-4.87,DESCENT
41.380,99324.4,21.50,167.82,168.13,-6.32,DESCENT
41.398,99317.7,21.50,168.38,168.15,-5.10,DESCENT
41.419,99317.8,21.50,168.37,168.16,-4.16,DESCENT
41.437,99325.0,21.50,167.77,167.97,-5.18,DESCENT
41.460,99322.8,21.50,167.95,167.89,-4.93,DESCENT
41.480,99323.8,21.50,167.86,167.81,-4.70,DESCENT
41.499,99329.0,21.50,167.43,167.62,-5.69,DESCENT
41.519,99332.6,21.50,167.12,167.37,-6.85,DESCENT
41.540,99328.9,21.50,167.43,167.30,-6.26,DESCENT
41.560,99325.6,21.50,167.71,167.36,-4.69,DESCENT
41.577,99326.4,21.50,167.64,167.41,-3.40,DESCENT
41.600,99330.5,21.50,167.29,167.32,-3.50,DESCENT
41.620,99335.0,21.50,166.92,167.13,-4.45,DESCENT
41.637,99334.1,21.50,166.99,167.03,-4.67,DESCENT
41.658,99334.8,21.50,166.94,166.94,-4.67,DESCENT
41.678,99338.4,21.50,166.63,166.77,-5.28,DESCENT
41.699,99329.4,21.50,167.39,166.91,-3.15,DESCENT
41.718,99339.8,21.50,166.51,166.73,-4.19,DESCENT
41.739,99338.4,21.50,166.63,166.64,-4.25,DESCENT
41.758,99339.2,21.50,166.56,166.56,-4.25,DESCENT
41.778,99341.5,21.50,166.37,166.44,-4.58,DESCENT
41.798,99340.4,21.50,166.46,166.39,-4.23,DESCENT
41.819,99339.2,21.50,166.56,166.39,-3.47,DESCENT
41.840,99337.5,21.50,166.71,166.45,-2.37,DESCENT
41.861,99345.6,21.50,166.02,166.27,-3.51,DESCENT
41.878,99341.9,21.50,166.34,166.25,-3.07,DESCENT
41.897,99346.2,21.50,165.97,166.12,-3.81,DESCENT
41.919,99342.5,21.50,166.28,166.12,-3.14,DESCENT
41.940,99348.7,21.50,165.76,165.95,-3.96,DESCENT
41.960,99351.3,21.50,165.54,165.75,-4.95,DESCENT
41.979,99349.7,21.50,165.67,165.67,-4.91,DESCENT
41.998,99353.1,21.50,165.39,165.51,-5.50,DESCENT
42.017,99350.6,21.50,165.60,165.47,-4.89,DESCENT
42.038,99352.5,21.50,165.44,165.39,-4.69,DESCENT
42.059,99355.6,21.50,165.17,165.25,-5.05,DESCENT
42.079,99356.1,21.50,165.13,165.14,-5.11,DESCENT
42.099,99358.6,21.50,164.92,165.00,-5.48,DESCENT
42.120,99358.6,21.50,164.92,164.90,-5.39,DESCENT
42.137,99362.1,21.50,164.62,164.74,-6.02,DESCENT
42.159,99365.3,21.50,164.36,164.52,-6.72,DESCENT
42.178,99363.3,21.50,164.52,164.43,-6.32,DESCENT
42.199,99365.4,21.50,164.35,164.32,-6.19,DESCENT
42.218,99364.6,21.50,164.41,164.27,-5.55,DESCENT
42.239,99361.5,21.50,164.68,164.34,-4.03,DESCENT
42.257,99368.1,21.50,164.11,164.21,-4.55,DESCENT
42.277,99369.2,21.50,164.02,164.09,-4.86,DESCENT
42.298,99364.4,21.50,164.43,164.14,-3.63,DESCENT
42.319,99368.3,21.50,164.10,164.08,-3.53,DESCENT
42.338,99365.2,21.50,164.36,164.13,-2.44,DESCENT
42.359,99371.9,21.50,163.80,163.98,-3.28,DESCENT
42.378,99376.4,21.50,163.41,163.74,-4.83,DESCENT
42.400,99373.6,21.50,163.66,163.64,-4.77,DESCENT
42.420,99372.0,21.50,163.79,163.63,-4.06,DESCENT
42.437,99378.3,21.50,163.25,163.45,-5.12,DESCENT
42.459,99377.8,21.50,163.30,163.33,-5.24,DESCENT
42.479,99377.8,21.50,163.29,163.25,-5.02,DESCENT
42.497,99380.7,21.50,163.06,163.12,-5.36,DESCENT
42.517,99378.6,21.50,163.23,163.09,-4.71,DESCENT
42.540,99383.7,21.50,162.80,162.92,-5.19,DESCENT
42.559,99375.2,21.50,163.52,163.06,-3.04,DESCENT
42.577,99384.0,21.50,162.77,162.93,-3.83,DESCENT
42.599,99381.1,21.50,163.02,162.91,-3.34,DESCENT
42.620,99385.8,21.50,162.62,162.76,-3.94,DESCENT
42.639,99383.3,21.50,162.84,162.74,-3.46,DESCENT
42.659,99381.8,21.50,162.96,162.77,-2.60,DESCENT
42.679,99389.3,21.50,162.33,162.58,-3.75,DESCENT
42.699,99384.7,21.50,162.71,162.58,-3.12,DESCENT
42.720,99382.6,21.50,162.89,162.65,-2.06,DESCENT
42.738,99390.1,21.50,162.26,162.49,-3.26,DESCENT
42.757,99395.8,21.50,161.78,162.20,-5.21,DESCENT
42.777,99398.2,21.50,161.57,161.91,-6.81,DESCENT
42.798,99398.6,21.50,161.54,161.69,-7.45,DESCENT
42.818,99389.3,21.50,162.33,161.82,-5.03,DESCENT
42.839,99395.9,21.50,161.77,161.73,-4.88,DESCENT
42.857,99394.1,21.50,161.92,161.74,-3.98,DESCENT
42.879,99398.7,21.50,161.53,161.61,-4.34,DESCENT
42.899,99393.5,21.50,161.97,161.68,-3.00,DESCENT
42.918,99402.1,21.50,161.24,161.49,-4.18,DESCENT
42.940,99401.9,21.50,161.26,161.35,-4.57,DESCENT
42.959,99406.2,21.50,160.90,161.13,-5.74,DESCENT
42.979,99407.1,21.50,160.82,160.95,-6.31,DESCENT
43.000,99404.8,21.50,161.01,160.88,-5.76,DESCENT
43.020,99400.7,21.50,161.36,160.98,-3.97,DESCENT
43.039,99408.3,21.50,160.72,160.84,-4.54,DESCENT
43.057,99405.5,21.50,160.96,160.83,-3.85,DESCENT
43.079,99408.8,21.50,160.68,160.72,-4.02,DESCENT
43.098,99413.2,21.50,160.30,160.52,-5.11,DESCENT
43.118,99404.9,21.50,161.01,160.63,-3.34,DESCENT
43.139,99410.9,21.50,160.49,160.53,-3.51,DESCENT
43.157,99409.8,21.50,160.59,160.51,-3.10,DESCENT
43.180,99414.6,21.50,160.19,160.35,-3.80,DESCENT
43.200,99416.3,21.50,160.04,160.19,-4.51,DESCENT
43.217,99416.9,21.50,159.99,160.07,-4.93,DESCENT
43.237,99418.2,21.50,159.88,159.94,-5.21,DESCENT
43.260,99415.7,21.50,160.09,159.91,-4.51,DESCENT
43.277,99417.2,21.50,159.96,159.88,-4.06,DESCENT
43.300,99420.0,21.50,159.73,159.77,-4.21,DESCENT
43.320,99421.9,21.50,159.57,159.65,-4.56,DESCENT
43.339,99422.0,21.50,159.56,159.56,-4.54,DESCENT
43.357,99420.4,21.50,159.69,159.55,-3.79,DESCENT
43.380,99423.5,21.50,159.44,159.45,-3.87,DESCENT
43.397,99425.9,21.50,159.23,159.33,-4.41,DESCENT
43.420,99423.1,21.50,159.47,159.32,-3.80,DESCENT
43.439,99424.7,21.50,159.33,159.28,-3.52,DESCENT
43.458,99430.0,21.50,158.88,159.09,-4.53,DESCENT
43.477,99436.4,21.50,158.34,158.77,-6.59,DESCENT
43.497,99431.1,21.50,158.79,158.70,-6.13,DESCENT
43.518,99428.3,21.50,159.03,158.73,-4.82,DESCENT
43.537,99437.5,21.50,158.25,158.50,-6.00,DESCENT
43.557,99435.4,21.50,158.43,158.40,-5.86,DESCENT
43.579,99431.8,21.50,158.73,158.43,-4.63,DESCENT
43.600,99436.9,21.50,158.30,158.32,-4.72,DESCENT
43.619,99438.2,21.50,158.19,158.22,-4.87,DESCENT
43.640,99441.2,21.50,157.93,158.05,-5.38,DESCENT
43.660,99436.4,21.50,158.34,158.08,-4.21,DESCENT
43.677,99443.2,21.50,157.76,157.93,-5.11,DESCENT
43.698,99440.0,21.50,158.04,157.89,-4.49,DESCENT
43.718,99443.1,21.50,157.78,157.79,-4.57,DESCENT
43.738,99439.6,21.50,158.07,157.84,-3.43,DESCENT
43.759,99448.1,21.50,157.35,157.62,-4.54,DESCENT
43.779,99446.1,21.50,157.52,157.53,-4.56,DESCENT
43.797,99443.7,21.50,157.72,157.54,-3.65,DESCENT
43.820,99448.9,21.50,157.29,157.40,-4.09,DESCENT
43.837,99450.6,21.50,157.14,157.26,-4.77,DESCENT
43.857,99452.4,21.50,156.99,157.11,-5.31,DESCENT
43.880,99453.2,21.50,156.92,156.96,-5.49,DESCENT
43.898,99446.0,21.50,157.53,157.09,-3.33,DESCENT
43.919,99449.5,21.50,157.24,157.10,-2.73,DESCENT
43.937,99453.4,21.50,156.90,157.00,-3.24,DESCENT
43.957,99455.3,21.50,156.75,156.87,-3.79,DESCENT
43.978,99452.1,21.50,157.02,156.87,-3.13,DESCENT
43.998,99460.1,21.50,156.34,156.64,-4.52,DESCENT
44.019,99459.4,21.50,156.40,156.50,-4.94,DESCENT
44.038,99453.6,21.50,156.89,156.57,-3.41,DESCENT
44.058,99456.3,21.50,156.66,156.56,-2.94,DESCENT
44.080,99464.7,21.50,155.95,156.30,-4.37,DESCENT
44.097,99456.5,21.50,156.64,156.37,-2.90,DESCENT
44.119,99469.5,21.50,155.55,156.04,-5.03,DESCENT
44.137,99469.1,21.50,155.58,155.82,-6.21,DESCENT
44.160,99461.6,21.50,156.22,155.87,-4.77,DESCENT
44.179,99467.6,21.50,155.71,155.75,-4.98,DESCENT
44.199,99470.5,21.50,155.46,155.59,-5.56,DESCENT
44.218,99464.2,21.50,156.00,155.66,-3.95,DESCENT
44.238,99463.7,21.50,156.04,155.74,-2.58,DESCENT
44.261,99475.1,21.50,155.07,155.47,-4.24,DESCENT
44.278,99470.7,21.50,155.44,155.41,-4.08,DESCENT
44.299,99467.4,21.50,155.72,155.46,-2.94,DESCENT
44.317,99476.8,21.50,154.93,155.24,-4.57,DESCENT
44.339,99477.9,21.50,154.84,155.04,-5.41,DESCENT
44.360,99477.0,21.50,154.91,154.92,-5.44,DESCENT
44.378,99476.4,21.50,154.96,154.87,-4.99,DESCENT
44.399,99474.8,21.50,155.10,154.88,-4.03,DESCENT
44.419,99473.7,21.50,155.19,154.94,-2.85,DESCENT
44.437,99482.0,21.50,154.49,154.75,-4.19,DESCENT
44.458,99482.3,21.50,154.46,154.59,-4.73,DESCENT
44.477,99477.3,21.50,154.88,154.64,-3.48,DESCENT
44.497,99480.0,21.50,154.66,154.60,-3.21,DESCENT
44.519,99481.5,21.50,154.53,154.53,-3.19,DESCENT
44.537,99483.5,21.50,154.36,154.43,-3.54,DESCENT
44.557,99485.6,21.50,154.18,154.30,-4.10,DESCENT
44.578,99491.5,21.50,153.69,154.03,-5.55,DESCENT
44.599,99488.4,21.50,153.95,153.93,-5.44,DESCENT
44.618,99492.5,21.50,153.61,153.75,-6.16,DESCENT
44.637,99490.4,21.50,153.78,153.68,-5.71,DESCENT
44.658,99494.2,21.50,153.46,153.53,-6.03,DESCENT
44.677,99491.8,21.50,153.66,153.50,-5.25,DESCENT
44.697,99496.1,21.50,153.30,153.36,-5.54,DESCENT
44.718,99492.2,21.50,153.63,153.38,-4.46,DESCENT
44.737,99490.2,21.50,153.80,153.47,-2.87,DESCENT
44.758,99499.7,21.50,152.99,153.26,-4.07,DESCENT
44.780,99493.8,21.50,153.49,153.29,-3.19,DESCENT
44.800,99495.2,21.50,153.37,153.28,-2.73,DESCENT
44.820,99504.3,21.50,152.61,153.01,-4.57,DESCENT
44.840,99499.8,21.50,152.98,152.94,-4.36,DESCENT
44.859,99502.1,21.50,152.79,152.83,-4.55,DESCENT
44.878,99503.7,21.50,152.66,152.72,-4.83,DESCENT
44.897,99505.4,21.50,152.52,152.59,-5.19,DESCENT
44.919,99508.0,21.50,152.29,152.41,-5.67,DESCENT
44.937,99505.1,21.50,152.54,152.39,-4.89,DESCENT
44.958,99504.1,21.50,152.62,152.40,-3.93,DESCENT
44.978,99511.0,21.50,152.04,152.22,-4.79,DESCENT
45.000,99508.9,21.50,152.22,152.15,-4.52,DESCENT
45.020,99508.7,21.50,152.23,152.12,-4.01,DESCENT
45.038,99513.2,21.50,151.86,151.98,-4.67,DESCENT
45.058,99514.5,21.50,151.75,151.84,-5.07,DESCENT
45.078,99514.0,21.50,151.79,151.75,-4.93,DESCENT
45.097,99508.0,21.50,152.30,151.88,-2.85,DESCENT
45.117,99521.7,21.50,151.14,151.59,-4.94,DESCENT
45.139,99516.4,21.50,151.59,151.51,-4.64,DESCENT
45.159,99513.3,21.50,151.85,151.57,-3.35,DESCENT
45.179,99520.3,21.50,151.25,151.41,-4.08,DESCENT
45.200,99523.8,21.50,150.96,151.20,-5.14,DESCENT
45.217,99524.2,21.50,150.92,151.05,-5.81,DESCENT
45.240,99523.1,21.50,151.02,150.95,-5.53,DESCENT
45.257,99524.3,21.50,150.92,150.88,-5.30,DESCENT
45.280,99518.5,21.50,151.40,150.98,-3.60,DESCENT
45.297,99516.6,21.50,151.57,151.15,-1.31,DESCENT
45.318,99529.8,21.50,150.45,150.89,-3.23,DESCENT
45.340,99527.8,21.50,150.62,150.75,-3.78,DESCENT
45.357,99528.7,21.50,150.54,150.63,-4.24,DESCENT
45.377,99524.3,21.50,150.91,150.68,-3.13,DESCENT
45.398,99535.3,21.50,149.99,150.40,-4.93,DESCENT
45.418,99529.3,21.50,150.49,150.36,-4.35,DESCENT
45.440,99534.9,21.50,150.02,150.18,-5.01,DESCENT
45.458,99529.0,21.50,150.52,150.24,-3.54,DESCENT
45.479,99527.8,21.50,150.62,150.33,-2.30,DESCENT
45.500,99536.2,21.50,149.91,150.15,-3.36,DESCENT
45.517,99538.0,21.50,149.76,149.98,-4.55,DESCENT
45.538,99534.0,21.50,150.10,149.96,-3.94,DESCENT
45.560,99546.1,21.50,149.07,149.59,-6.06,DESCENT
45.579,99538.0,21.50,149.76,149.58,-5.16,DESCENT
45.597,99544.9,21.50,149.18,149.37,-6.15,DESCENT
45.619,99545.2,21.50,149.15,149.21,-6.41,DESCENT
45.638,99538.4,21.50,149.72,149.31,-4.46,DESCENT
45.660,99545.4,21.50,149.13,149.18,-4.68,DESCENT
45.680,99542.4,21.50,149.39,149.19,-3.78,DESCENT
45.698,99546.6,21.50,149.03,149.09,-4.10,DESCENT
45.721,99546.8,21.50,149.01,149.01,-4.06,DESCENT
45.737,99551.1,21.50,148.66,148.84,-5.11,DESCENT
45.760,99547.1,21.50,148.99,148.82,-4.41,DESCENT
45.777,99551.9,21.50,148.59,148.69,-4.96,DESCENT
45.799,99553.7,21.50,148.44,148.53,-5.35,DESCENT
45.818,99555.8,21.50,148.26,148.37,-5.88,DESCENT
45.840,99551.1,21.50,148.66,148.39,-4.72,DESCENT
45.859,99556.7,21.50,148.18,148.26,-5.09,DESCENT
45.878,99557.8,21.50,148.09,148.13,-5.32,DESCENT
45.899,99560.0,21.50,147.91,147.98,-5.63,DESCENT
45.918,99550.5,21.50,148.71,148.16,-2.96,DESCENT
45.938,99552.8,21.50,148.51,148.25,-1.76,DESCENT
45.960,99553.8,21.50,148.42,148.28,-1.16,DESCENT
45.978,99559.1,21.50,147.98,148.16,-2.09,DESCENT
45.999,99557.9,21.50,148.08,148.11,-2.21,DESCENT
46.020,99561.6,21.50,147.77,147.96,-3.03,DESCENT
46.040,99563.1,21.50,147.64,147.81,-3.81,DESCENT
46.059,99568.2,21.50,147.21,147.55,-5.41,DESCENT
46.079,99568.8,21.50,147.16,147.34,-6.26,DESCENT
46.097,99565.4,21.50,147.45,147.31,-5.52,DESCENT
46.119,99567.6,21.50,147.26,147.21,-5.31,DESCENT
46.139,99563.7,21.50,147.59,147.27,-3.89,DESCENT
46.157,99568.2,21.50,147.21,147.21,-3.88,DESCENT
46.180,99570.6,21.50,147.00,147.08,-4.17,DESCENT
46.199,99570.7,21.50,147.00,147.00,-4.17,DESCENT
46.217,99579.2,21.50,146.28,146.70,-6.34,DESCENT
46.237,99566.6,21.50,147.35,146.84,-4.02,DESCENT
46.257,99573.5,21.50,146.76,146.76,-4.02,DESCENT
46.277,99576.3,21.50,146.53,146.63,-4.48,DESCENT
46.299,99580.1,21.50,146.21,146.42,-5.37,DESCENT
46.317,99579.5,21.50,146.25,146.30,-5.60,DESCENT
46.338,99574.4,21.50,146.69,146.36,-4.16,DESCENT
46.358,99577.6,21.50,146.42,146.32,-3.73,DESCENT
46.379,99583.2,21.50,145.94,146.14,-4.57,DESCENT
46.399,99583.1,21.50,145.95,146.01,-4.86,DESCENT
46.419,99587.2,21.50,145.61,145.81,-5.80,DESCENT
46.439,99586.6,21.50,145.66,145.68,-5.92,DESCENT
46.459,99585.3,21.50,145.77,145.63,-5.29,DESCENT
46.480,99585.9,21.50,145.71,145.59,-4.75,DESCENT
46.499,99590.2,21.50,145.35,145.45,-5.21,DESCENT
46.517,99586.9,21.50,145.63,145.45,-4.31,DESCENT
46.537,99589.2,21.50,145.44,145.39,-4.09,DESCENT
46.559,99594.7,21.50,144.98,145.19,-4.98,DESCENT
46.580,99591.0,21.50,145.29,145.15,-4.39,DESCENT
46.599,99594.7,21.50,144.97,145.03,-4.69,DESCENT
46.619,99586.5,21.50,145.66,145.19,-2.52,DESCENT
46.640,99593.0,21.50,145.12,145.13,-2.60,DESCENT
46.657,99596.3,21.50,144.83,145.00,-3.48,DESCENT
46.680,99599.2,21.50,144.59,144.81,-4.33,DESCENT
46.697,99597.9,21.50,144.70,144.72,-4.45,DESCENT
46.719,99599.8,21.50,144.55,144.60,-4.66,DESCENT
46.738,99598.0,21.50,144.69,144.57,-4.08,DESCENT
46.757,99601.4,21.50,144.41,144.46,-4.35,DESCENT
46.779,99605.1,21.50,144.10,144.27,-5.10,DESCENT
46.797,99600.8,21.50,144.46,144.28,-4.19,DESCENT
46.817,99600.5,21.50,144.48,144.29,-3.33,DESCENT
46.839,99609.0,21.50,143.77,144.06,-4.52,DESCENT
46.860,99612.5,21.50,143.47,143.79,-5.97,DESCENT
46.878,99612.2,21.50,143.49,143.62,-6.60,DESCENT
46.900,99607.1,21.50,143.92,143.63,-5.35,DESCENT
46.920,99609.4,21.50,143.73,143.60,-4.73,DESCENT
46.940,99609.9,21.50,143.69,143.57,-4.16,DESCENT
46.958,99613.9,21.50,143.35,143.44,-4.60,DESCENT
46.980,99615.8,21.50,143.19,143.29,-5.01,DESCENT
46.998,99612.1,21.50,143.51,143.31,-3.95,DESCENT
47.018,99617.2,21.50,143.07,143.17,-4.42,DESCENT
47.039,99617.6,21.50,143.04,143.06,-4.54,DESCENT
47.060,99622.0,21.50,142.66,142.86,-5.43,DESCENT
47.078,99618.1,21.50,143.00,142.85,-4.64,DESCENT
47.098,99620.6,21.50,142.79,142.77,-4.55,DESCENT
47.117,99615.3,21.50,143.24,142.88,-2.77,DESCENT
47.137,99620.3,21.50,142.81,142.81,-2.81,DESCENT
47.158,99624.7,21.50,142.44,142.65,-3.71,DESCENT
47.177,99619.9,21.50,142.84,142.67,-2.86,DESCENT
47.197,99622.3,21.50,142.64,142.62,-2.77,DESCENT
47.220,99625.9,21.50,142.34,142.48,-3.33,DESCENT
47.240,99626.0,21.50,142.33,142.39,-3.59,DESCENT
47.257,99625.2,21.50,142.40,142.35,-3.32,DESCENT
47.278,99627.4,21.50,142.22,142.26,-3.51,DESCENT
47.297,99631.7,21.50,141.85,142.07,-4.60,DESCENT
47.318,99635.4,21.50,141.53,141.82,-5.83,DESCENT
47.337,99635.0,21.50,141.57,141.66,-6.26,DESCENT
47.359,99634.2,21.50,141.63,141.56,-5.96,DESCENT
47.379,99638.5,21.50,141.27,141.38,-6.46,DESCENT
47.399,99630.9,21.50,141.92,141.49,-4.47,DESCENT
47.417,99639.8,21.50,141.16,141.32,-5.31,DESCENT
47.440,99637.9,21.50,141.33,141.25,-4.98,DESCENT
47.460,99638.4,21.50,141.29,141.19,-4.56,DESCENT
47.478,99637.7,21.50,141.35,141.19,-3.78,DESCENT
47.500,99640.8,21.50,141.08,141.10,-3.84,DESCENT
47.518,99643.1,21.50,140.89,140.98,-4.33,DESCENT
47.538,99640.8,21.50,141.08,140.96,-3.76,DESCENT
47.557,99640.9,21.50,141.07,140.95,-3.21,DESCENT
47.580,99646.3,21.50,140.62,140.79,-3.88,DESCENT
47.601,99650.7,21.50,140.25,140.55,-5.26,DESCENT
47.620,99650.5,21.50,140.26,140.38,-5.84,DESCENT
47.638,99651.4,21.50,140.19,140.24,-6.14,DESCENT
47.657,99647.1,21.50,140.55,140.27,-4.82,DESCENT
47.680,99648.8,21.50,140.41,140.25,-4.18,DESCENT
47.700,99650.1,21.50,140.30,140.21,-3.79,DESCENT
47.719,99658.1,21.50,139.63,139.96,-5.37,DESCENT
47.737,99651.9,21.50,140.15,139.96,-4.39,DESCENT
47.757,99657.9,21.50,139.64,139.79,-5.08,DESCENT
47.779,99657.9,21.50,139.64,139.67,-5.21,DESCENT
47.797,99653.9,21.50,139.98,139.72,-3.84,DESCENT
47.820,99659.0,21.50,139.55,139.60,-4.05,DESCENT
47.840,99662.9,21.50,139.22,139.41,-4.91,DESCENT
47.860,99661.9,21.50,139.30,139.31,-4.94,DESCENT
47.880,99661.6,21.50,139.33,139.25,-4.59,DESCENT
47.897,99665.0,21.50,139.04,139.13,-5.09,DESCENT
47.917,99658.6,21.50,139.58,139.22,-3.44,DESCENT
47.941,99662.5,21.50,139.25,139.18,-3.15,DESCENT
47.959,99665.1,21.50,139.03,139.09,-3.45,DESCENT
47.977,99668.2,21.50,138.77,138.94,-4.28,DESCENT
47.997,99670.7,21.50,138.56,138.75,-5.19,DESCENT
48.017,99666.2,21.50,138.94,138.75,-4.33,DESCENT
48.040,99669.5,21.50,138.66,138.65,-4.28,DESCENT
48.058,99673.9,21.50,138.29,138.48,-5.26,DESCENT
48.080,99674.9,21.50,138.21,138.31,-5.68,DESCENT
48.100,99670.6,21.50,138.57,138.32,-4.59,DESCENT
48.118,99670.6,21.50,138.57,138.36,-3.48,DESCENT
48.140,99673.5,21.50,138.33,138.29,-3.35,DESCENT
48.160,99676.7,21.50,138.05,138.17,-3.88,DESCENT
48.177,99669.2,21.50,138.68,138.31,-1.82,DESCENT
48.197,99681.8,21.50,137.62,138.04,-3.75,DESCENT
48.220,99678.1,21.50,137.93,137.95,-3.81,DESCENT
48.240,99682.9,21.50,137.53,137.75,-4.85,DESCENT
48.260,99685.3,21.50,137.33,137.54,-5.84,DESCENT
48.279,99680.6,21.50,137.72,137.53,-4.92,DESCENT
48.300,99678.5,21.50,137.90,137.59,-3.59,DESCENT
48.318,99678.8,21.50,137.88,137.65,-2.42,DESCENT
48.340,99690.0,21.50,136.93,137.36,-4.28,DESCENT
48.360,99684.1,21.50,137.43,137.33,-3.82,DESCENT
48.378,99686.9,21.50,137.19,137.24,-4.05,DESCENT
48.398,99683.9,21.50,137.44,137.26,-3.16,DESCENT
48.417,99687.5,21.50,137.14,137.18,-3.33,DESCENT
48.440,99691.1,21.50,136.84,137.01,-4.01,DESCENT
48.460,99692.9,21.50,136.69,136.85,-4.75,DESCENT
48.480,99692.3,21.50,136.74,136.75,-4.79,DESCENT
48.498,99690.2,21.50,136.91,136.75,-3.95,DESCENT
48.520,99693.8,21.50,136.61,136.64,-4.09,DESCENT
48.537,99694.5,21.50,136.55,136.56,-4.17,DESCENT
48.559,99700.2,21.50,136.07,136.33,-5.27,DESCENT
48.577,99695.7,21.50,136.45,136.31,-4.56,DESCENT
48.598,99694.8,21.50,136.52,136.32,-3.69,DESCENT
48.619,99700.9,21.50,136.01,136.17,-4.37,DESCENT
48.639,99698.0,21.50,136.26,136.14,-3.84,DESCENT
48.660,99705.8,21.50,135.60,135.90,-5.17,DESCENT
48.680,99706.8,21.50,135.51,135.70,-6.01,DESCENT
48.700,99702.8,21.50,135.85,135.68,-5.16,DESCENT
48.717,99703.6,21.50,135.78,135.66,-4.47,DESCENT
48.738,99707.9,21.50,135.42,135.51,-4.86,DESCENT
48.759,99702.1,21.50,135.91,135.58,-3.46,DESCENT
48.780,99711.3,21.50,135.14,135.38,-4.55,DESCENT
48.797,99713.0,21.50,134.99,135.19,-5.68,DESCENT
48.818,99710.9,21.50,135.17,135.11,-5.41,DESCENT
48.840,99711.6,21.50,135.11,135.03,-5.08,DESCENT
48.860,99710.5,21.50,135.21,135.03,-4.25,DESCENT
48.880,99710.8,21.50,135.17,135.02,-3.54,DESCENT
48.897,99715.5,21.50,134.78,134.90,-4.18,DESCENT
48.918,99716.3,21.50,134.71,134.78,-4.48,DESCENT
48.940,99714.8,21.50,134.84,134.73,-4.05,DESCENT
48.960,99720.7,21.50,134.34,134.54,-4.98,DESCENT
48.980,99717.6,21.50,134.60,134.50,-4.50,DESCENT
48.999,99722.7,21.50,134.18,134.33,-5.25,DESCENT
49.019,99717.8,21.50,134.59,134.35,-4.17,DESCENT
49.038,99722.7,21.50,134.17,134.24,-4.51,DESCENT
49.059,99724.8,21.50,134.00,134.09,-4.90,DESCENT
49.078,99726.8,21.50,133.82,133.94,-5.49,DESCENT
49.100,99724.1,21.50,134.05,133.90,-4.85,DESCENT
49.119,99726.1,21.50,133.88,133.83,-4.62,DESCENT
49.138,99727.4,21.50,133.78,133.76,-4.52,DESCENT
49.157,99731.4,21.50,133.44,133.59,-5.22,DESCENT
49.177,99726.4,21.50,133.86,133.62,-4.10,DESCENT
49.197,99729.5,21.50,133.60,133.56,-3.90,DESCENT
49.220,99726.0,21.50,133.90,133.62,-2.79,DESCENT
49.238,99737.2,21.50,132.95,133.35,-4.87,DESCENT
49.259,99734.0,21.50,133.22,133.24,-4.95,DESCENT
49.277,99733.3,21.50,133.28,133.19,-4.53,DESCENT
49.300,99735.2,21.50,133.12,133.10,-4.46,DESCENT
49.321,99738.9,21.50,132.80,132.94,-5.06,DESCENT
49.339,99736.6,21.50,133.00,132.90,-4.55,DESCENT
49.360,99739.5,21.50,132.75,132.78,-4.68,DESCENT
49.380,99735.4,21.50,133.10,132.83,-3.46,DESCENT
49.399,99736.9,21.50,132.97,132.84,-2.81,DESCENT
49.417,99745.2,21.50,132.28,132.61,-4.54,DESCENT
49.439,99743.0,21.50,132.46,132.49,-4.67,DESCENT
49.457,99738.9,21.50,132.80,132.55,-3.36,DESCENT
49.480,99745.3,21.50,132.27,132.40,-3.89,DESCENT
49.500,99748.4,21.50,132.01,132.21,-4.83,DESCENT
49.517,99751.6,21.50,131.73,131.99,-6.21,DESCENT
49.538,99745.7,21.50,132.24,131.99,-5.13,DESCENT
49.559,99749.7,21.50,131.90,131.89,-5.09,DESCENT
49.578,99747.7,21.50,132.07,131.89,-4.19,DESCENT
49.600,99746.2,21.50,132.19,131.94,-3.13,DESCENT
49.619,99749.3,21.50,131.93,131.90,-2.95,DESCENT
49.639,99753.2,21.50,131.60,131.75,-3.63,DESCENT
49.658,99752.7,21.50,131.64,131.67,-3.77,DESCENT
49.680,99754.7,21.50,131.48,131.55,-4.08,DESCENT
49.700,99755.0,21.50,131.45,131.46,-4.14,DESCENT
49.720,99758.2,21.50,131.18,131.31,-4.73,DESCENT
49.738,99765.3,21.50,130.58,131.00,-6.83,DESCENT
49.758,99761.3,21.50,130.92,130.88,-6.66,DESCENT
49.778,99763.7,21.50,130.72,130.74,-6.76,DESCENT
49.800,99767.7,21.50,130.38,130.51,-7.32,DESCENT
49.817,99758.5,21.50,131.15,130.66,-4.61,DESCENT
49.838,99760.1,21.50,131.02,130.72,-3.30,DESCENT
49.857,99762.3,21.50,130.83,130.72,-2.74,DESCENT
49.879,99762.1,21.50,130.85,130.73,-2.22,DESCENT
49.900,99770.3,21.50,130.16,130.50,-3.70,DESCENT
49.919,99764.5,21.50,130.65,130.51,-2.97,DESCENT
49.937,99767.0,21.50,130.44,130.45,-3.01,DESCENT
49.958,99773.0,21.50,129.93,130.23,-4.29,DESCENT
49.979,99768.7,21.50,130.30,130.19,-3.83,DESCENT
49.997,99773.0,21.50,129.94,130.06,-4.46,DESCENT
50.019,99775.8,21.50,129.70,129.87,-5.20,DESCENT
50.038,99772.3,21.50,129.99,129.85,-4.52,DESCENT
50.057,99778.9,21.50,129.44,129.65,-5.56,DESCENT
50.080,99778.5,21.50,129.47,129.50,-5.69,DESCENT
50.098,99778.8,21.50,129.45,129.42,-5.53,DESCENT
50.117,99778.1,21.50,129.50,129.38,-4.93,DESCENT
50.139,99776.8,21.50,129.62,129.39,-3.98,DESCENT
50.158,99786.5,21.50,128.79,129.13,-5.61,DESCENT
50.178,99780.0,21.50,129.34,129.13,-4.62,DESCENT
50.197,99781.9,21.50,129.18,129.09,-4.20,DESCENT
50.221,99783.6,21.50,129.04,129.01,-4.09,DESCENT
50.239,99784.4,21.50,128.97,128.95,-3.98,DESCENT
50.258,99787.7,21.50,128.70,128.81,-4.51,DESCENT
50.279,99784.7,21.50,128.95,128.80,-3.84,DESCENT
50.298,99788.0,21.50,128.67,128.70,-3.99,DESCENT
50.320,99792.1,21.50,128.32,128.52,-4.82,DESCENT
50.340,99787.0,21.50,128.75,128.53,-3.84,DESCENT
50.358,99791.1,21.50,128.41,128.45,-4.03,DESCENT
50.380,99788.6,21.50,128.62,128.45,-3.33,DESCENT
50.398,99792.8,21.50,128.26,128.34,-3.77,DESCENT
50.419,99795.1,21.50,128.07,128.20,-4.32,DESCENT
50.440,99793.0,21.50,128.25,128.15,-3.91,DESCENT
50.459,99802.2,21.50,127.47,127.87,-5.83,DESCENT
50.477,99793.2,21.50,128.23,127.93,-4.22,DESCENT
50.499,99802.1,21.50,127.48,127.71,-5.18,DESCENT
50.520,99799.2,21.50,127.72,127.64,-4.84,DESCENT
50.537,99801.5,21.50,127.53,127.55,-4.96,DESCENT
50.557,99798.7,21.50,127.77,127.56,-4.04,DESCENT
50.578,99804.6,21.50,127.27,127.40,-4.63,DESCENT
50.598,99805.1,21.50,127.23,127.28,-4.88,DESCENT
50.621,99800.1,21.50,127.65,127.34,-3.59,DESCENT
50.637,99805.3,21.50,127.21,127.26,-3.87,DESCENT
50.657,99806.2,21.50,127.13,127.16,-4.00,DESCENT
50.679,99810.6,21.50,126.76,126.97,-4.85,DESCENT
50.697,99805.3,21.50,127.21,126.99,-3.75,DESCENT
50.719,99812.4,21.50,126.61,126.81,-4.56,DESCENT
50.739,99812.2,21.50,126.63,126.68,-4.82,DESCENT
50.759,99816.9,21.50,126.24,126.47,-5.90,DESCENT
50.778,99809.3,21.50,126.87,126.53,-4.29,DESCENT
50.798,99817.3,21.50,126.20,126.36,-5.02,DESCENT
50.818,99807.3,21.50,127.04,126.54,-2.63,DESCENT
50.838,99812.5,21.50,126.60,126.53,-2.27,DESCENT
50.858,99816.5,21.50,126.27,126.41,-2.92,DESCENT
50.878,99815.0,21.50,126.39,126.36,-2.79,DESCENT
50.897,99821.8,21.50,125.82,126.14,-4.29,DESCENT
50.919,99819.1,21.50,126.04,126.05,-4.29,DESCENT
50.939,99822.0,21.50,125.81,125.91,-4.75,DESCENT
50.959,99822.6,21.50,125.75,125.79,-4.93,DESCENT
50.979,99825.9,21.50,125.48,125.62,-5.59,DESCENT
51.000,99822.8,21.50,125.74,125.58,-4.91,DESCENT
51.020,99829.1,21.50,125.21,125.39,-5.71,DESCENT
51.037,99826.3,21.50,125.44,125.34,-5.17,DESCENT
51.058,99829.3,21.50,125.19,125.22,-5.29,DESCENT
51.078,99830.9,21.50,125.05,125.09,-5.46,DESCENT
51.097,99831.6,21.50,125.00,124.99,-5.44,DESCENT
51.118,99828.8,21.50,125.23,125.00,-4.43,DESCENT
51.138,99830.5,21.50,125.08,124.97,-3.92,DESCENT
51.157,99831.4,21.50,125.01,124.94,-3.56,DESCENT
51.178,99835.0,21.50,124.70,124.81,-4.00,DESCENT
51.197,99835.9,21.50,124.63,124.70,-4.32,DESCENT
51.218,99829.9,21.50,125.14,124.79,-2.81,DESCENT
51.237,99831.2,21.50,125.03,124.84,-1.91,DESCENT
51.257,99840.8,21.50,124.22,124.60,-3.68,DESCENT
51.277,99836.1,21.50,124.62,124.56,-3.39,DESCENT
51.299,99842.0,21.50,124.12,124.36,-4.40,DESCENT
51.317,99839.2,21.50,124.35,124.30,-4.14,DESCENT
51.338,99843.9,21.50,123.96,124.13,-4.85,DESCENT
51.357,99844.5,21.50,123.91,123.99,-5.27,DESCENT
51.379,99841.7,21.50,124.14,123.97,-4.54,DESCENT
51.399,99849.4,21.50,123.49,123.74,-5.71,DESCENT
51.417,99850.4,21.50,123.41,123.56,-6.48,DESCENT
51.438,99849.6,21.50,123.48,123.44,-6.32,DESCENT
51.459,99843.6,21.50,123.98,123.54,-4.44,DESCENT
51.477,99847.8,21.50,123.63,123.52,-3.87,DESCENT
51.500,99852.7,21.50,123.22,123.36,-4.44,DESCENT
51.519,99855.1,21.50,123.02,123.18,-5.23,DESCENT
51.540,99850.9,21.50,123.37,123.18,-4.39,DESCENT
51.559,99846.6,21.50,123.73,123.32,-2.35,DESCENT
51.577,99852.2,21.50,123.26,123.27,-2.40,DESCENT
51.598,99858.4,21.50,122.74,123.05,-3.74,DESCENT
51.619,99855.1,21.50,123.02,122.99,-3.61,DESCENT
51.638,99862.9,21.50,122.36,122.72,-5.36,DESCENT
51.658,99858.6,21.50,122.72,122.65,-5.04,DESCENT
51.678,99865.4,21.50,122.14,122.41,-6.31,DESCENT
51.699,99858.3,21.50,122.75,122.44,-5.00,DESCENT
51.717,99862.5,21.50,122.39,122.36,-4.87,DESCENT
51.740,99866.1,21.50,122.09,122.20,-5.32,DESCENT
51.758,99862.1,21.50,122.42,122.21,-4.25,DESCENT
51.779,99876.3,21.50,121.23,121.81,-6.77,DESCENT
51.800,99870.7,21.50,121.70,121.68,-6.68,DESCENT
51.819,99866.8,21.50,122.03,121.72,-5.14,DESCENT
51.840,99870.6,21.50,121.71,121.65,-4.86,DESCENT
51.857,99869.0,21.50,121.84,121.66,-3.87,DESCENT
51.879,99870.5,21.50,121.71,121.63,-3.49,DESCENT
51.899,99876.2,21.50,121.24,121.44,-4.42,DESCENT
51.917,99873.8,21.50,121.44,121.39,-4.15,DESCENT
51.939,99879.4,21.50,120.96,121.18,-5.06,DESCENT
51.959,99875.2,21.50,121.32,121.16,-4.34,DESCENT
51.978,99879.1,21.50,121.00,121.05,-4.61,DESCENT
52.000,99879.4,21.50,120.97,120.96,-4.57,DESCENT
52.017,99882.0,21.50,120.75,120.84,-5.03,DESCENT
52.040,99878.7,21.50,121.03,120.83,-4.25,DESCENT
52.057,99881.9,21.50,120.76,120.76,-4.24,DESCENT
52.080,99883.0,21.50,120.67,120.66,-4.22,DESCENT
52.097,99878.3,21.50,121.06,120.75,-2.60,DESCENT
52.117,99886.2,21.50,120.40,120.60,-3.54,DESCENT
52.139,99885.8,21.50,120.43,120.49,-3.78,DESCENT
52.159,99883.5,21.50,120.62,120.48,-3.15,DESCENT
52.180,99889.1,21.50,120.15,120.33,-3.92,DESCENT
52.200,99890.9,21.50,120.00,120.16,-4.64,DESCENT
52.218,99887.8,21.50,120.26,120.14,-4.03,DESCENT
52.239,99891.6,21.50,119.94,120.02,-4.37,DESCENT
52.259,99895.4,21.50,119.62,119.82,-5.28,DESCENT
52.278,99893.3,21.50,119.80,119.75,-5.03,DESCENT
52.300,99893.5,21.50,119.78,119.69,-4.65,DESCENT
52.320,99893.9,21.50,119.75,119.65,-4.18,DESCENT
52.337,99892.5,21.50,119.87,119.68,-3.19,DESCENT
52.359,99899.6,21.50,119.27,119.49,-4.11,DESCENT
52.377,99897.0,21.50,119.49,119.44,-3.87,DESCENT
52.398,99895.7,21.50,119.59,119.44,-3.18,DESCENT
52.419,99890.9,21.50,120.00,119.60,-1.40,DESCENT
52.438,99900.6,21.50,119.19,119.43,-2.58,DESCENT
52.459,99899.7,21.50,119.26,119.34,-2.93,DESCENT
52.478,99902.0,21.50,119.07,119.21,-3.63,DESCENT
52.500,99903.8,21.50,118.91,119.05,-4.22,DESCENT
52.517,99904.0,21.50,118.89,118.95,-4.51,DESCENT
52.537,99907.0,21.50,118.64,118.78,-5.18,DESCENT
52.557,99909.8,21.50,118.41,118.58,-5.95,DESCENT
52.579,99906.7,21.50,118.67,118.53,-5.34,DESCENT
52.600,99910.0,21.50,118.39,118.41,-5.42,DESCENT
52.618,99908.4,21.50,118.53,118.39,-4.70,DESCENT
52.637,99913.4,21.50,118.10,118.23,-5.31,DESCENT
52.661,99911.6,21.50,118.26,118.16,-4.92,DESCENT
52.679,99912.5,21.50,118.18,118.11,-4.55,DESCENT
52.698,99915.1,21.50,117.96,118.00,-4.76,DESCENT
52.717,99915.3,21.50,117.94,117.92,-4.65,DESCENT
52.737,99914.5,21.50,118.01,117.89,-4.09,DESCENT
52.757,99918.1,21.50,117.71,117.78,-4.39,DESCENT
52.779,99920.6,21.50,117.50,117.61,-4.87,DESCENT
52.797,99919.3,21.50,117.61,117.56,-4.59,DESCENT
52.819,99918.9,21.50,117.64,117.52,-4.09,DESCENT
52.838,99925.2,21.50,117.12,117.33,-5.13,DESCENT
52.859,99923.0,21.50,117.30,117.25,-4.90,DESCENT
52.878,99921.2,21.50,117.45,117.26,-3.97,DESCENT
52.897,99922.0,21.50,117.38,117.25,-3.34,DESCENT
52.917,99925.1,21.50,117.12,117.16,-3.55,DESCENT
52.940,99930.4,21.50,116.67,116.94,-4.60,DESCENT
52.960,99931.7,21.50,116.57,116.75,-5.44,DESCENT
52.977,99931.0,21.50,116.62,116.64,-5.56,DESCENT
52.998,99926.4,21.50,117.01,116.70,-4.16,DESCENT
53.018,99930.0,21.50,116.71,116.64,-3.88,DESCENT
53.040,99936.2,21.50,116.19,116.43,-4.89,DESCENT
53.058,99935.7,21.50,116.23,116.30,-5.28,DESCENT
53.079,99935.0,21.50,116.28,116.22,-5.02,DESCENT
53.097,99937.7,21.50,116.06,116.11,-5.26,DESCENT
53.117,99935.5,21.50,116.24,116.09,-4.55,DESCENT
53.140,99938.6,21.50,115.98,115.98,-4.56,DESCENT
53.159,99940.0,21.50,115.87,115.89,-4.65,DESCENT
53.177,99937.1,21.50,116.11,115.91,-3.64,DESCENT
53.199,99943.7,21.50,115.55,115.73,-4.36,DESCENT
53.217,99940.6,21.50,115.82,115.71,-3.80,DESCENT
53.240,99944.8,21.50,115.46,115.57,-4.24,DESCENT
53.261,99941.0,21.50,115.78,115.58,-3.35,DESCENT
53.280,99949.3,21.50,115.08,115.37,-4.67,DESCENT
53.297,99952.5,21.50,114.82,115.12,-6.33,DESCENT
53.319,99945.4,21.50,115.41,115.14,-5.15,DESCENT
53.340,99950.2,21.50,115.01,115.02,-5.21,DESCENT
53.359,99946.4,21.50,115.33,115.06,-3.91,DESCENT
53.377,99955.7,21.50,114.55,114.84,-5.43,DESCENT
53.398,99947.2,21.50,115.26,114.91,-3.89,DESCENT
53.419,99951.3,21.50,114.91,114.86,-3.65,DESCENT
53.438,99951.8,21.50,114.88,114.82,-3.37,DESCENT
53.457,99959.4,21.50,114.23,114.57,-5.01,DESCENT
53.479,99952.3,21.50,114.83,114.59,-3.99,DESCENT
53.500,99957.6,21.50,114.38,114.46,-4.34,DESCENT
53.519,99960.8,21.50,114.12,114.29,-5.16,DESCENT
53.538,99959.4,21.50,114.23,114.21,-5.03,DESCENT
53.557,99958.2,21.50,114.33,114.19,-4.34,DESCENT
53.577,99961.5,21.50,114.06,114.09,-4.48,DESCENT
53.598,99960.2,21.50,114.17,114.06,-3.97,DESCENT
53.619,99964.7,21.50,113.78,113.91,-4.49,DESCENT
53.640,99965.6,21.50,113.71,113.78,-4.77,DESCENT
53.658,99965.5,21.50,113.72,113.70,-4.67,DESCENT
53.680,99968.7,21.50,113.45,113.55,-5.09,DESCENT
53.700,99965.8,21.50,113.70,113.53,-4.35,DESCENT
53.718,99967.1,21.50,113.59,113.50,-3.90,DESCENT
53.740,99969.8,21.50,113.35,113.39,-4.07,DESCENT
53.761,99971.8,21.50,113.19,113.27,-4.43,DESCENT
53.778,99969.8,21.50,113.36,113.25,-3.83,DESCENT
53.799,99973.9,21.50,113.01,113.11,-4.27,DESCENT
53.820,99975.2,21.50,112.91,112.98,-4.60,DESCENT
53.837,99974.4,21.50,112.97,112.93,-4.37,DESCENT
53.857,99974.8,21.50,112.93,112.87,-4.08,DESCENT
53.879,99975.0,21.50,112.92,112.83,-3.72,DESCENT
53.899,99981.4,21.50,112.38,112.63,-4.84,DESCENT
53.920,99976.4,21.50,112.80,112.62,-4.05,DESCENT
53.939,99984.4,21.50,112.13,112.40,-5.36,DESCENT
53.960,99979.7,21.50,112.52,112.37,-4.69,DESCENT
53.979,99977.3,21.50,112.73,112.44,-3.23,DESCENT
53.999,99984.7,21.50,112.10,112.28,-4.02,DESCENT
54.020,99984.3,21.50,112.14,112.18,-4.18,DESCENT
54.038,99983.4,21.50,112.21,112.14,-3.82,DESCENT
54.058,99985.4,21.50,112.04,112.06,-3.87,DESCENT
54.079,99986.3,21.50,111.97,111.97,-3.88,DESCENT
54.097,99989.9,21.50,111.67,111.82,-4.69,DESCENT
54.118,99985.5,21.50,112.03,111.83,-3.82,DESCENT
54.137,99987.0,21.50,111.91,111.81,-3.32,DESCENT
54.158,99994.7,21.50,111.26,111.57,-4.68,DESCENT
54.177,99993.6,21.50,111.35,111.44,-5.13,DESCENT
54.197,99992.5,21.50,111.44,111.38,-4.82,DESCENT
54.219,99998.7,21.50,110.92,111.15,-5.76,DESCENT
54.238,99993.8,21.50,111.34,111.14,-4.81,DESCENT
54.259,100002.6,21.50,110.60,110.89,-6.04,DESCENT
54.279,99995.3,21.50,111.21,110.92,-4.67,DESCENT
54.299,99999.4,21.50,110.87,110.85,-4.55,DESCENT
54.320,100000.3,21.50,110.79,110.76,-4.43,DESCENT
54.337,100004.9,21.50,110.40,110.59,-5.45,DESCENT
54.360,100003.6,21.50,110.51,110.48,-5.32,DESCENT
54.377,100004.1,21.50,110.47,110.42,-5.03,DESCENT
54.397,100005.6,21.50,110.34,110.33,-4.95,DESCENT
54.420,100007.8,21.50,110.16,110.19,-5.08,DESCENT
54.437,100008.9,21.50,110.06,110.09,-5.24,DESCENT
54.458,100005.2,21.50,110.38,110.12,-4.10,DESCENT
54.478,100006.5,21.50,110.27,110.12,-3.39,DESCENT
54.498,100009.7,21.50,110.00,110.03,-3.57,DESCENT
54.519,100005.4,21.50,110.36,110.10,-2.42,DESCENT
54.540,100006.2,21.50,110.29,110.13,-1.74,DESCENT
54.558,100013.1,21.50,109.72,109.97,-3.01,DESCENT
54.579,100014.5,21.50,109.60,109.80,-3.89,DESCENT
54.600,100013.3,21.50,109.70,109.71,-3.94,DESCENT
54.618,100013.0,21.50,109.72,109.67,-3.65,DESCENT
54.638,100013.7,21.50,109.67,109.62,-3.44,DESCENT
54.659,100018.0,21.50,109.30,109.46,-4.16,DESCENT
54.680,100023.7,21.50,108.83,109.18,-5.71,DESCENT
54.699,100018.5,21.50,109.26,109.14,-5.13,DESCENT
54.720,100021.9,21.50,108.98,109.01,-5.28,DESCENT
54.738,100021.3,21.50,109.02,108.96,-4.92,DESCENT
54.760,100022.0,21.50,108.97,108.89,-4.59,DESCENT
54.778,100026.0,21.50,108.63,108.74,-5.19,DESCENT
54.797,100020.0,21.50,109.13,108.82,-3.63,DESCENT
54.819,100024.2,21.50,108.78,108.75,-3.51,DESCENT
54.840,100027.9,21.50,108.47,108.60,-4.10,DESCENT
54.858,100028.2,21.50,108.45,108.50,-4.40,DESCENT
54.880,100024.3,21.50,108.77,108.53,-3.43,DESCENT
54.900,100035.2,21.50,107.85,108.25,-5.29,DESCENT
54.918,100038.2,21.50,107.60,107.96,-7.14,DESCENT
54.940,100030.4,21.50,108.26,107.96,-5.89,DESCENT
54.958,100036.0,21.50,107.79,107.83,-6.11,DESCENT
54.979,100035.7,21.50,107.81,107.74,-5.80,DESCENT
54.999,100035.6,21.50,107.82,107.70,-5.21,DESCENT
55.017,100032.3,21.50,108.10,107.77,-3.63,DESCENT
55.038,100039.5,21.50,107.49,107.63,-4.21,DESCENT
55.058,100039.5,21.50,107.49,107.52,-4.36,DESCENT
55.077,100036.7,21.50,107.73,107.54,-3.44,DESCENT
55.100,100043.6,21.50,107.15,107.35,-4.25,DESCENT
55.118,100039.8,21.50,107.47,107.35,-3.59,DESCENT
55.138,100046.0,21.50,106.95,107.16,-4.56,DESCENT
55.160,100044.3,21.50,107.09,107.07,-4.47,DESCENT
55.178,100043.5,21.50,107.16,107.05,-3.91,DESCENT
55.198,100052.0,21.50,106.44,106.79,-5.50,DESCENT
55.220,100051.2,21.50,106.51,106.61,-5.94,DESCENT
55.238,100050.1,21.50,106.61,106.54,-5.59,DESCENT
55.260,100046.5,21.50,106.91,106.59,-4.27,DESCENT
55.278,100049.0,21.50,106.70,106.58,-3.64,DESCENT
55.298,100052.8,21.50,106.37,106.46,-4.04,DESCENT
55.318,100050.6,21.50,106.56,106.44,-3.49,DESCENT
55.338,100051.3,21.50,106.50,106.42,-3.10,DESCENT
55.360,100055.7,21.50,106.13,106.27,-3.68,DESCENT
55.379,100056.2,21.50,106.09,106.16,-4.08,DESCENT
55.397,100052.5,21.50,106.40,106.20,-3.05,DESCENT
55.417,100059.9,21.50,105.78,106.01,-4.11,DESCENT
55.440,100058.7,21.50,105.88,105.91,-4.22,DESCENT
55.460,100065.8,21.50,105.28,105.63,-5.79,DESCENT
55.480,100060.6,21.50,105.72,105.59,-5.18,DESCENT
55.497,100061.2,21.50,105.67,105.56,-4.57,DESCENT
55.518,100060.5,21.50,105.72,105.56,-3.82,DESCENT
55.540,100065.7,21.50,105.29,105.41,-4.31,DESCENT
55.560,100063.9,21.50,105.44,105.36,-3.95,DESCENT
55.580,100066.3,21.50,105.24,105.27,-4.08,DESCENT
55.597,100070.1,21.50,104.92,105.10,-5.02,DESCENT
55.620,100072.2,21.50,104.74,104.90,-5.68,DESCENT
55.640,100069.9,21.50,104.94,104.84,-5.23,DESCENT
55.660,100069.4,21.50,104.98,104.82,-4.52,DESCENT
55.678,100070.8,21.50,104.87,104.78,-4.10,DESCENT
55.699,100069.2,21.50,105.00,104.80,-3.23,DESCENT
55.717,100077.3,21.50,104.32,104.60,-4.63,DESCENT
55.740,100076.3,21.50,104.40,104.46,-4.87,DESCENT
55.757,100071.4,21.50,104.81,104.53,-3.35,DESCENT
55.780,100073.0,21.50,104.68,104.53,-2.76,DESCENT
55.799,100075.6,21.50,104.46,104.47,-2.82,DESCENT
55.818,100083.2,21.50,103.82,104.21,-4.77,DESCENT
55.837,100075.4,21.50,104.48,104.24,-3.65,DESCENT
55.858,100080.3,21.50,104.06,104.13,-3.96,DESCENT
55.880,100082.2,21.50,103.90,104.00,-4.35,DESCENT
55.900,100079.6,21.50,104.12,103.98,-3.74,DESCENT
55.920,100083.0,21.50,103.84,103.88,-3.93,DESCENT
55.939,100089.4,21.50,103.30,103.63,-5.60,DESCENT
55.958,100089.3,21.50,103.31,103.45,-6.29,DESCENT
55.977,100082.6,21.50,103.87,103.52,-4.60,DESCENT
56.000,100089.2,21.50,103.31,103.38,-4.88,DESCENT
56.019,100089.0,21.50,103.33,103.30,-4.74,DESCENT
56.037,100093.3,21.50,102.97,103.13,-5.53,DESCENT
56.059,100087.5,21.50,103.45,103.16,-4.27,DESCENT
56.078,100092.4,21.50,103.04,103.07,-4.39,DESCENT
56.100,100095.4,21.50,102.80,102.91,-4.88,DESCENT
56.117,100090.9,21.50,103.17,102.95,-3.68,DESCENT
56.137,100095.1,21.50,102.81,102.85,-3.85,DESCENT
56.157,100096.2,21.50,102.73,102.76,-3.99,DESCENT
56.179,100098.7,21.50,102.52,102.62,-4.44,DESCENT
56.198,100096.7,21.50,102.69,102.59,-3.96,DESCENT
56.219,100107.3,21.50,101.79,102.25,-6.00,DESCENT
56.239,100102.6,21.50,102.19,102.16,-5.83,DESCENT
56.258,100098.5,21.50,102.53,102.21,-4.31,DESCENT
56.279,100100.4,21.50,102.37,102.21,-3.60,DESCENT
56.299,100100.5,21.50,102.36,102.22,-2.92,DESCENT
56.317,100105.0,21.50,101.98,102.10,-3.52,DESCENT
56.338,100106.0,21.50,101.90,101.98,-3.89,DESCENT
56.359,100109.1,21.50,101.64,101.81,-4.64,DESCENT
56.379,100108.9,21.50,101.65,101.69,-4.82,DESCENT
56.398,100107.0,21.50,101.82,101.68,-4.16,DESCENT
56.417,100108.7,21.50,101.68,101.62,-3.91,DESCENT
56.440,100113.0,21.50,101.32,101.46,-4.50,DESCENT
56.459,100114.4,21.50,101.19,101.31,-5.08,DESCENT
56.479,100109.5,21.50,101.61,101.35,-3.89,DESCENT
56.500,100112.9,21.50,101.32,101.29,-3.74,DESCENT
56.517,100117.7,21.50,100.92,101.12,-4.84,DESCENT
56.537,100114.5,21.50,101.19,101.08,-4.33,DESCENT
56.560,100117.9,21.50,100.90,100.95,-4.54,DESCENT
56.577,100115.9,21.50,101.07,100.94,-3.87,DESCENT
56.597,100122.9,21.50,100.48,100.73,-5.04,DESCENT
56.620,100119.8,21.50,100.74,100.66,-4.72,DESCENT
56.637,100120.2,21.50,100.71,100.62,-4.26,DESCENT
56.660,100124.2,21.50,100.37,100.47,-4.66,DESCENT
56.681,100123.5,21.50,100.43,100.39,-4.50,DESCENT
56.698,100125.7,21.50,100.24,100.29,-4.74,DESCENT
56.719,100129.7,21.50,99.91,100.09,-5.54,DESCENT
56.737,100127.0,21.50,100.14,100.04,-5.05,DESCENT
56.761,100128.5,21.50,100.01,99.96,-4.84,DESCENT
56.780,100133.8,21.50,99.57,99.76,-5.74,DESCENT
56.798,100129.8,21.50,99.90,99.74,-4.90,DESCENT
56.817,100130.7,21.50,99.83,99.71,-4.33,DESCENT
56.840,100135.2,21.50,99.45,99.56,-4.76,DESCENT
56.861,100129.9,21.50,99.89,99.61,-3.51,DESCENT
56.877,100138.0,21.50,99.21,99.43,-4.73,DESCENT
56.900,100135.2,21.50,99.45,99.37,-4.40,DESCENT
56.920,100134.7,21.50,99.49,99.35,-3.78,DESCENT
56.937,100136.3,21.50,99.36,99.31,-3.53,DESCENT
56.957,100136.5,21.50,99.34,99.28,-3.23,DESCENT
56.977,100141.8,21.50,98.90,99.10,-4.18,DESCENT
56.998,100139.0,21.50,99.13,99.06,-3.84,DESCENT
57.018,100135.6,21.50,99.41,99.13,-2.57,DESCENT
57.037,100140.8,21.50,98.98,99.04,-2.90,DESCENT
57.058,100145.8,21.50,98.55,98.83,-4.17,DESCENT
57.079,100144.2,21.50,98.69,98.73,-4.32,DESCENT
57.099,100144.0,21.50,98.70,98.66,-4.13,DESCENT
57.121,100143.9,21.50,98.72,98.62,-3.73,DESCENT
57.137,100151.4,21.50,98.09,98.40,-5.44,DESCENT
57.160,100147.4,21.50,98.42,98.32,-5.05,DESCENT
57.178,100151.8,21.50,98.05,98.17,-5.69,DESCENT
57.197,100145.1,21.50,98.61,98.25,-4.01,DESCENT
57.220,100151.4,21.50,98.08,98.13,-4.21,DESCENT
57.239,100150.6,21.50,98.15,98.09,-3.91,DESCENT
57.259,100153.5,21.50,97.91,97.97,-4.20,DESCENT
57.280,100155.9,21.50,97.71,97.82,-4.71,DESCENT
57.300,100155.2,21.50,97.77,97.74,-4.60,DESCENT
57.320,100158.7,21.50,97.48,97.59,-5.13,DESCENT
57.338,100161.8,21.50,97.21,97.40,-6.07,DESCENT
57.358,100159.8,21.50,97.38,97.31,-5.77,DESCENT
57.379,100157.2,21.50,97.60,97.34,-4.58,DESCENT
57.398,100164.6,21.50,96.98,97.15,-5.40,DESCENT
57.417,100160.6,21.50,97.31,97.14,-4.57,DESCENT
57.440,100163.8,21.50,97.04,97.04,-4.56,DESCENT
57.460,100168.1,21.50,96.68,96.86,-5.35,DESCENT
57.480,100166.3,21.50,96.83,96.78,-5.10,DESCENT
57.499,100166.5,21.50,96.81,96.73,-4.67,DESCENT
57.519,100167.4,21.50,96.74,96.67,-4.34,DESCENT
57.538,100165.4,21.50,96.91,96.70,-3.35,DESCENT
57.558,100168.8,21.50,96.62,96.63,-3.39,DESCENT
57.580,100167.6,21.50,96.73,96.62,-2.91,DESCENT
57.600,100173.6,21.50,96.22,96.44,-3.94,DESCENT
57.617,100171.8,21.50,96.37,96.37,-3.94,DESCENT
57.639,100174.3,21.50,96.16,96.24,-4.29,DESCENT
57.660,100178.6,21.50,95.80,96.03,-5.27,DESCENT
57.680,100178.9,21.50,95.77,95.87,-5.73,DESCENT
57.698,100178.4,21.50,95.82,95.79,-5.56,DESCENT
57.720,100181.1,21.50,95.59,95.64,-5.76,DESCENT
57.740,100181.8,21.50,95.53,95.53,-5.74,DESCENT
57.759,100180.7,21.50,95.63,95.49,-5.08,DESCENT
57.780,100183.7,21.50,95.37,95.38,-5.11,DESCENT
57.797,100186.8,21.50,95.11,95.23,-5.75,DESCENT
57.820,100183.1,21.50,95.42,95.21,-4.91,DESCENT
57.840,100185.7,21.50,95.20,95.14,-4.63,DESCENT
57.858,100181.2,21.50,95.58,95.24,-2.91,DESCENT
57.880,100184.6,21.50,95.30,95.22,-2.57,DESCENT
57.899,100188.4,21.50,94.98,95.11,-3.19,DESCENT
57.920,100187.9,21.50,95.02,95.03,-3.25,DESCENT
57.938,100190.8,21.50,94.78,94.90,-3.90,DESCENT
57.959,100190.4,21.50,94.81,94.82,-3.93,DESCENT
57.977,100191.6,21.50,94.71,94.73,-4.07,DESCENT
58.001,100193.3,21.50,94.57,94.61,-4.24,DESCENT
58.019,100192.6,21.50,94.63,94.57,-3.94,DESCENT
58.040,100197.5,21.50,94.21,94.39,-4.73,DESCENT
58.059,100194.4,21.50,94.48,94.36,-4.17,DESCENT
58.079,100197.7,21.50,94.20,94.25,-4.41,DESCENT
58.100,100202.4,21.50,93.80,94.03,-5.44,DESCENT
58.121,100200.1,21.50,93.99,93.95,-5.23,DESCENT
58.138,100198.8,21.50,94.10,93.94,-4.38,DESCENT
58.158,100200.2,21.50,93.99,93.90,-3.97,DESCENT
58.180,100204.5,21.50,93.62,93.75,-4.50,DESCENT
58.199,100205.9,21.50,93.51,93.61,-4.98,DESCENT
58.221,100202.9,21.50,93.76,93.59,-4.28,DESCENT
58.239,100204.1,21.50,93.66,93.56,-3.80,DESCENT
58.257,100212.9,21.50,92.92,93.29,-5.68,DESCENT
58.277,100205.5,21.50,93.54,93.31,-4.58,DESCENT
58.300,100213.7,21.50,92.85,93.08,-5.50,DESCENT
58.318,100210.7,21.50,93.10,93.02,-5.10,DESCENT
58.338,100209.3,21.50,93.22,93.03,-4.19,DESCENT
58.359,100211.6,21.50,93.03,92.97,-3.93,DESCENT
58.378,100212.2,21.50,92.98,92.93,-3.67,DESCENT
58.398,100213.3,21.50,92.89,92.86,-3.57,DESCENT
58.418,100216.5,21.50,92.61,92.73,-4.10,DESCENT
58.440,100211.5,21.50,93.04,92.78,-2.99,DESCENT
58.459,100220.8,21.50,92.26,92.56,-4.39,DESCENT
58.480,100220.1,21.50,92.32,92.42,-4.82,DESCENT
58.498,100217.2,21.50,92.56,92.41,-4.04,DESCENT
58.521,100216.2,21.50,92.65,92.43,-3.18,DESCENT
58.539,100226.8,21.50,91.75,92.16,-5.24,DESCENT
58.558,100218.0,21.50,92.49,92.21,-3.89,DESCENT
58.580,100224.9,21.50,91.91,92.05,-4.45,DESCENT
58.597,100226.5,21.50,91.78,91.90,-5.14,DESCENT
58.620,100222.5,21.50,92.12,91.90,-4.29,DESCENT
58.637,100230.5,21.50,91.44,91.70,-5.73,DESCENT
58.657,100223.4,21.50,92.04,91.74,-4.38,DESCENT
58.679,100223.8,21.50,92.00,91.77,-3.38,DESCENT
58.698,100226.4,21.50,91.79,91.73,-3.12,DESCENT
58.720,100228.8,21.50,91.59,91.64,-3.34,DESCENT
58.739,100236.4,21.50,90.94,91.35,-5.29,DESCENT
58.758,100229.6,21.50,91.52,91.35,-4.45,DESCENT
58.778,100240.0,21.50,90.64,91.04,-6.21,DESCENT
58.797,100235.9,21.50,90.99,90.95,-6.00,DESCENT
58.820,100239.6,21.50,90.68,90.76,-6.32,DESCENT
58.837,100239.0,21.50,90.73,90.68,-6.07,DESCENT
58.858,100236.3,21.50,90.95,90.69,-4.93,DESCENT
58.880,100238.8,21.50,90.74,90.64,-4.51,DESCENT
58.899,100242.1,21.50,90.47,90.53,-4.79,DESCENT
58.919,100243.0,21.50,90.39,90.42,-4.91,DESCENT
58.939,100248.8,21.50,89.90,90.17,-6.11,DESCENT
58.959,100241.2,21.50,90.55,90.22,-4.64,DESCENT
58.978,100240.8,21.50,90.57,90.29,-3.22,DESCENT
58.997,100242.2,21.50,90.46,90.31,-2.49,DESCENT
59.019,100243.1,21.50,90.39,90.30,-2.13,DESCENT
59.038,100247.5,21.50,90.01,90.17,-2.89,DESCENT
59.059,100250.1,21.50,89.79,90.00,-3.82,DESCENT
59.080,100256.1,21.50,89.29,89.70,-5.59,DESCENT
59.099,100251.6,21.50,89.67,89.62,-5.34,DESCENT
59.117,100250.4,21.50,89.77,89.61,-4.53,DESCENT
59.138,100253.7,21.50,89.49,89.51,-4.61,DESCENT
59.160,100260.5,21.50,88.92,89.24,-5.91,DESCENT
59.178,100253.9,21.50,89.48,89.26,-4.73,DESCENT
59.198,100253.8,21.50,89.48,89.27,-3.77,DESCENT
59.220,100259.1,21.50,89.04,89.14,-4.17,DESCENT
59.239,100260.8,21.50,88.90,89.00,-4.70,DESCENT
59.259,100261.9,21.50,88.80,88.87,-4.99,DESCENT
59.280,100262.7,21.50,88.74,88.76,-5.07,DESCENT
59.300,100264.9,21.50,88.56,88.62,-5.38,DESCENT
59.317,100268.2,21.50,88.27,88.44,-6.31,DESCENT
59.339,100269.5,21.50,88.17,88.26,-6.67,DESCENT
59.359,100268.1,21.50,88.28,88.18,-6.19,DESCENT
59.377,100267.1,21.50,88.37,88.17,-5.17,DESCENT
59.397,100264.6,21.50,88.58,88.25,-3.64,DESCENT
59.420,100266.3,21.50,88.44,88.26,-2.92,DESCENT
59.440,100265.1,21.50,88.54,88.32,-1.91,DESCENT
59.461,100268.6,21.50,88.24,88.27,-2.02,DESCENT
59.477,100271.7,21.50,87.99,88.15,-2.93,DESCENT
59.497,100274.8,21.50,87.73,87.96,-4.02,DESCENT
59.521,100269.9,21.50,88.13,87.96,-3.34,DESCENT
59.539,100278.6,21.50,87.41,87.72,-4.90,DESCENT
59.557,100274.8,21.50,87.72,87.67,-4.63,DESCENT
59.579,100271.0,21.50,88.04,87.73,-3.33,DESCENT
59.599,100278.6,21.50,87.40,87.57,-4.13,DESCENT
59.619,100275.9,21.50,87.63,87.54,-3.71,DESCENT
59.640,100277.1,21.50,87.53,87.49,-3.52,DESCENT
59.660,100280.6,21.50,87.24,87.35,-4.07,DESCENT
59.679,100278.5,21.50,87.42,87.32,-3.64,DESCENT
59.698,100283.0,21.50,87.04,87.18,-4.31,DESCENT
59.717,100284.3,21.50,86.92,87.03,-4.85,DESCENT
59.741,100288.4,21.50,86.58,86.80,-5.74,DESCENT
59.758,100283.2,21.50,87.02,86.81,-4.66,DESCENT
59.778,100283.4,21.50,87.00,86.82,-3.78,DESCENT
59.799,100295.9,21.50,85.95,86.46,-5.97,DESCENT
59.819,100287.3,21.50,86.67,86.46,-5.00,DESCENT
59.839,100294.2,21.50,86.09,86.27,-5.82,DESCENT
59.860,100290.9,21.50,86.37,86.22,-5.18,DESCENT
59.879,100291.2,21.50,86.34,86.20,-4.49,DESCENT
59.898,100299.8,21.50,85.62,85.94,-6.03,DESCENT
59.917,100296.9,21.50,85.86,85.84,-5.92,DESCENT
59.937,100294.1,21.50,86.10,85.85,-4.79,DESCENT
59.959,100295.8,21.50,85.96,85.82,-4.22,DESCENT
59.978,100299.8,21.50,85.63,85.70,-4.59,DESCENT
59.997,100298.2,21.50,85.76,85.66,-4.13,DESCENT
60.020,100301.4,21.50,85.49,85.54,-4.35,DESCENT
60.038,100299.8,21.50,85.62,85.52,-3.82,DESCENT
60.060,100301.5,21.50,85.48,85.45,-3.69,DESCENT
60.080,100303.8,21.50,85.29,85.35,-3.95,DESCENT
60.097,100303.4,21.50,85.33,85.30,-3.79,DESCENT
60.120,100301.0,21.50,85.52,85.32,-2.99,DESCENT
60.139,100306.4,21.50,85.07,85.19,-3.62,DESCENT
60.158,100304.1,21.50,85.26,85.17,-3.20,DESCENT
60.179,100307.0,21.50,85.02,85.07,-3.45,DESCENT
60.197,100307.8,21.50,84.95,84.99,-3.64,DESCENT
60.218,100307.1,21.50,85.01,84.95,-3.35,DESCENT
60.239,100317.1,21.50,84.17,84.63,-5.35,DESCENT
60.257,100307.8,21.50,84.95,84.68,-3.98,DESCENT
60.278,100317.0,21.50,84.18,84.45,-5.17,DESCENT
60.298,100310.7,21.50,84.71,84.48,-4.06,DESCENT
60.320,100314.1,21.50,84.42,84.40,-3.97,DESCENT
60.338,100319.2,21.50,84.00,84.21,-5.08,DESCENT
60.360,100317.8,21.50,84.12,84.11,-5.04,DESCENT
60.377,100319.2,21.50,83.99,84.01,-5.13,DESCENT
60.398,100325.5,21.50,83.47,83.75,-6.32,DESCENT
60.418,100322.8,21.50,83.69,83.65,-6.10,DESCENT
60.438,100325.6,21.50,83.46,83.50,-6.31,DESCENT
60.459,100323.6,21.50,83.63,83.46,-5.56,DESCENT
60.480,100324.3,21.50,83.57,83.42,-4.93,DESCENT
60.499,100325.2,21.50,83.49,83.39,-4.40,DESCENT
60.520,100331.1,21.50,83.00,83.19,-5.24,DESCENT
60.540,100317.8,21.50,84.12,83.45,-2.10,DESCENT
60.557,100329.4,21.50,83.14,83.32,-3.00,DESCENT
60.578,100330.8,21.50,83.03,83.18,-3.68,DESCENT
60.597,100325.2,21.50,83.49,83.24,-2.47,DESCENT
60.620,100332.1,21.50,82.91,83.09,-3.20,DESCENT
60.637,100331.6,21.50,82.95,83.01,-3.48,DESCENT
60.660,100330.7,21.50,83.03,82.96,-3.20,DESCENT
60.679,100335.1,21.50,82.66,82.82,-3.98,DESCENT
60.698,100332.1,21.50,82.91,82.80,-3.46,DESCENT
60.719,100341.0,21.50,82.16,82.53,-5.11,DESCENT
60.739,100333.8,21.50,82.77,82.55,-4.09,DESCENT
60.759,100335.1,21.50,82.66,82.53,-3.52,DESCENT
60.779,100338.4,21.50,82.38,82.43,-3.77,DESCENT
60.798,100340.7,21.50,82.19,82.30,-4.31,DESCENT
60.820,100343.9,21.50,81.92,82.11,-5.07,DESCENT
60.839,100343.9,21.50,81.93,81.98,-5.34,DESCENT
60.861,100344.3,21.50,81.89,81.87,-5.27,DESCENT
60.877,100337.2,21.50,82.49,82.03,-2.73,DESCENT
60.900,100344.8,21.50,81.84,81.93,-3.05,DESCENT
60.919,100346.9,21.50,81.67,81.80,-3.68,DESCENT
60.939,100351.1,21.50,81.32,81.58,-4.88,DESCENT
60.960,100346.2,21.50,81.73,81.57,-4.17,DESCENT
60.977,100351.4,21.50,81.30,81.43,-4.91,DESCENT
60.997,100350.1,21.50,81.40,81.35,-4.69,DESCENT
61.019,100350.0,21.50,81.41,81.31,-4.25,DESCENT
61.038,100353.3,21.50,81.13,81.19,-4.56,DESCENT
61.057,100353.7,21.50,81.10,81.10,-4.59,DESCENT
61.078,100355.9,21.50,80.92,80.98,-4.85,DESCENT
61.099,100356.4,21.50,80.87,80.87,-4.85,DESCENT
61.119,100360.4,21.50,80.54,80.69,-5.56,DESCENT
61.137,100361.1,21.50,80.48,80.56,-5.94,DESCENT
61.158,100356.5,21.50,80.86,80.58,-4.72,DESCENT
61.180,100365.5,21.50,80.11,80.35,-5.70,DESCENT
61.199,100366.1,21.50,80.06,80.18,-6.26,DESCENT
61.219,100365.6,21.50,80.10,80.07,-6.10,DESCENT
61.240,100364.7,21.50,80.18,80.02,-5.44,DESCENT
61.258,100370.9,21.50,79.66,79.84,-6.36,DESCENT
61.277,100365.0,21.50,80.16,79.87,-4.97,DESCENT
61.299,100368.0,21.50,79.90,79.81,-4.58,DESCENT
61.319,100365.5,21.50,80.11,79.86,-3.39,DESCENT
61.339,100369.9,21.50,79.74,79.77,-3.55,DESCENT
61.360,100374.0,21.50,79.39,79.59,-4.38,DESCENT
61.379,100370.2,21.50,79.71,79.58,-3.73,DESCENT
61.397,100374.8,21.50,79.33,79.45,-4.36,DESCENT
61.419,100370.8,21.50,79.67,79.46,-3.51,DESCENT
61.437,100376.1,21.50,79.22,79.34,-4.11,DESCENT
61.459,100380.7,21.50,78.84,79.10,-5.23,DESCENT
61.479,100376.0,21.50,79.23,79.08,-4.54,DESCENT
61.497,100377.4,21.50,79.11,79.04,-4.17,DESCENT
61.517,100382.1,21.50,78.72,78.87,-4.85,DESCENT
61.538,100383.0,21.50,78.65,78.73,-5.20,DESCENT
61.558,100380.8,21.50,78.83,78.70,-4.57,DESCENT
61.577,100382.7,21.50,78.67,78.63,-4.37,DESCENT
61.599,100383.2,21.50,78.62,78.57,-4.12,DESCENT
61.620,100387.1,21.50,78.30,78.42,-4.62,DESCENT
61.637,100387.1,21.50,78.30,78.33,-4.76,DESCENT
61.660,100387.2,21.50,78.29,78.24,-4.56,DESCENT
61.678,100385.1,21.50,78.47,78.27,-3.56,DESCENT
61.698,100383.8,21.50,78.57,78.33,-2.41,DESCENT
61.720,100383.8,21.50,78.57,78.38,-1.60,DESCENT
61.740,100391.8,21.50,77.90,78.19,-2.90,DESCENT
61.761,100400.8,21.50,77.15,77.79,-5.81,DESCENT
61.780,100394.5,21.50,77.68,77.68,-5.81,DESCENT
61.797,100396.3,21.50,77.53,77.56,-5.99,DESCENT
61.817,100394.4,21.50,77.69,77.53,-5.24,DESCENT
61.840,100397.0,21.50,77.47,77.43,-5.09,DESCENT
61.860,100393.7,21.50,77.74,77.47,-3.85,DESCENT
61.877,100398.1,21.50,77.38,77.39,-3.94,DESCENT
61.899,100395.4,21.50,77.60,77.41,-3.12,DESCENT
61.919,100401.8,21.50,77.07,77.25,-3.96,DESCENT
61.938,100397.3,21.50,77.45,77.27,-3.10,DESCENT
61.957,100405.1,21.50,76.79,77.06,-4.41,DESCENT
61.978,100403.1,21.50,76.96,76.97,-4.46,DESCENT
61.998,100406.2,21.50,76.70,76.81,-5.02,DESCENT
62.017,100406.4,21.50,76.68,76.71,-5.15,DESCENT
62.038,100402.1,21.50,77.04,76.75,-3.88,DESCENT
62.058,100403.5,21.50,76.92,76.76,-3.14,DESCENT
62.079,100411.7,21.50,76.24,76.53,-4.40,DESCENT
62.099,100410.8,21.50,76.31,76.40,-4.81,DESCENT
62.119,100413.1,21.50,76.12,76.24,-5.36,DESCENT
62.138,100417.9,21.50,75.72,75.99,-6.72,DESCENT
62.159,100414.8,21.50,75.97,75.89,-6.37,DESCENT
62.177,100418.6,21.50,75.66,75.74,-6.76,DESCENT
62.200,100414.4,21.50,76.01,75.73,-5.64,DESCENT
62.220,100414.1,21.50,76.04,75.76,-4.41,DESCENT
62.240,100417.6,21.50,75.74,75.70,-4.21,DESCENT
62.260,100418.4,21.50,75.67,75.64,-4.05,DESCENT
62.279,100420.0,21.50,75.54,75.55,-4.11,DESCENT
62.300,100422.6,21.50,75.32,75.42,-4.52,DESCENT
62.318,100423.7,21.50,75.23,75.29,-4.85,DESCENT
62.338,100426.1,21.50,75.03,75.14,-5.38,DESCENT
62.360,100422.2,21.50,75.36,75.14,-4.47,DESCENT
62.379,100422.4,21.50,75.34,75.16,-3.57,DESCENT
62.400,100426.9,21.50,74.96,75.04,-3.89,DESCENT
62.419,100428.9,21.50,74.79,74.90,-4.45,DESCENT
62.439,100428.5,21.50,74.83,74.82,-4.41,DESCENT
62.457,100429.3,21.50,74.76,74.75,-4.36,DESCENT
62.477,100435.2,21.50,74.26,74.52,-5.50,DESCENT
62.499,100432.2,21.50,74.51,74.44,-5.18,DESCENT
62.518,100428.6,21.50,74.82,74.51,-3.66,DESCENT
62.540,100431.4,21.50,74.59,74.48,-3.22,DESCENT
62.559,100438.8,21.50,73.96,74.26,-4.70,DESCENT
62.578,100437.4,21.50,74.08,74.14,-5.00,DESCENT
62.598,100431.7,21.50,74.56,74.22,-3.44,DESCENT
62.618,100434.3,21.50,74.34,74.22,-2.87,DESCENT
62.637,100439.1,21.50,73.94,74.09,-3.56,DESCENT
62.659,100438.0,21.50,74.03,74.02,-3.51,DESCENT
62.677,100441.5,21.50,73.74,73.88,-4.21,DESCENT
62.699,100438.0,21.50,74.03,73.87,-3.53,DESCENT
62.718,100442.1,21.50,73.69,73.76,-3.89,DESCENT
62.740,100444.2,21.50,73.51,73.62,-4.36,DESCENT
62.760,100446.3,21.50,73.34,73.46,-4.95,DESCENT
62.778,100445.6,21.50,73.39,73.38,-4.89,DESCENT
62.797,100446.2,21.50,73.34,73.30,-4.73,DESCENT
62.818,100447.2,21.50,73.26,73.22,-4.58,DESCENT
62.839,100450.2,21.50,73.01,73.09,-4.93,DESCENT
62.859,100451.7,21.50,72.88,72.95,-5.22,DESCENT
62.880,100448.7,21.50,73.13,72.94,-4.38,DESCENT
62.900,100449.5,21.50,73.07,72.93,-3.75,DESCENT
62.918,100453.1,21.50,72.77,72.83,-4.06,DESCENT
62.939,100450.6,21.50,72.98,72.83,-3.39,DESCENT
62.959,100454.1,21.50,72.68,72.73,-3.62,DESCENT
62.980,100463.1,21.50,71.93,72.40,-5.67,DESCENT
62.997,100458.3,21.50,72.32,72.31,-5.60,DESCENT
63.020,100456.7,21.50,72.47,72.28,-4.86,DESCENT
63.038,100457.4,21.50,72.40,72.27,-4.17,DESCENT
63.057,100458.0,21.50,72.36,72.25,-3.64,DESCENT
63.081,100458.1,21.50,72.35,72.23,-3.16,DESCENT
63.098,100461.3,21.50,72.08,72.14,-3.49,DESCENT
63.120,100465.5,21.50,71.73,71.95,-4.42,DESCENT
63.138,100467.1,21.50,71.59,71.77,-5.30,DESCENT
63.158,100467.7,21.50,71.54,71.62,-5.68,DESCENT
63.179,100460.5,21.50,72.15,71.73,-3.84,DESCENT
63.198,100468.1,21.50,71.51,71.60,-4.32,DESCENT
63.218,100466.1,21.50,71.67,71.57,-3.85,DESCENT
63.237,100469.9,21.50,71.36,71.45,-4.28,DESCENT
63.259,100470.4,21.50,71.32,71.34,-4.37,DESCENT
63.280,100470.7,21.50,71.29,71.26,-4.24,DESCENT
63.297,100468.8,21.50,71.45,71.28,-3.32,DESCENT
63.318,100473.4,21.50,71.07,71.16,-3.73,DESCENT
63.340,100474.8,21.50,70.95,71.03,-4.08,DESCENT
63.359,100477.3,21.50,70.74,70.88,-4.77,DESCENT
63.377,100476.9,21.50,70.77,70.78,-4.86,DESCENT
63.398,100475.1,21.50,70.92,70.77,-4.17,DESCENT
63.417,100483.4,21.50,70.23,70.52,-5.56,DESCENT
63.437,100484.8,21.50,70.11,70.31,-6.52,DESCENT
63.457,100480.1,21.50,70.50,70.29,-5.55,DESCENT
63.477,100478.1,21.50,70.67,70.35,-4.08,DESCENT
63.499,100490.1,21.50,69.66,70.05,-5.77,DESCENT
63.520,100489.2,21.50,69.74,69.86,-6.31,DESCENT
63.539,100487.6,21.50,69.87,69.79,-5.90,DESCENT
63.559,100481.7,21.50,70.37,69.91,-3.85,DESCENT
63.580,100492.7,21.50,69.45,69.70,-4.96,DESCENT
63.600,100491.9,21.50,69.52,69.57,-5.21,DESCENT
63.617,100487.6,21.50,69.88,69.62,-3.84,DESCENT
63.637,100483.3,21.50,70.23,69.79,-1.74,DESCENT
63.660,100496.1,21.50,69.16,69.54,-3.23,DESCENT
63.678,100490.8,21.50,69.60,69.53,-2.81,DESCENT
63.700,100494.3,21.50,69.31,69.41,-3.21,DESCENT
63.717,100496.8,21.50,69.10,69.27,-4.10,DESCENT
63.740,100499.4,21.50,68.89,69.07,-4.86,DESCENT
63.758,100496.3,21.50,69.14,69.04,-4.33,DESCENT
63.777,100499.9,21.50,68.84,68.92,-4.72,DESCENT
63.801,100500.2,21.50,68.82,68.81,-4.68,DESCENT
63.817,100499.6,21.50,68.86,68.78,-4.20,DESCENT
63.837,100502.8,21.50,68.60,68.66,-4.51,DESCENT
63.860,100501.7,21.50,68.69,68.60,-4.16,DESCENT
63.878,100502.7,21.50,68.61,68.56,-3.90,DESCENT
63.897,100503.8,21.50,68.51,68.49,-3.80,DESCENT
63.917,100500.7,21.50,68.78,68.54,-2.72,DESCENT
63.938,100504.5,21.50,68.46,68.47,-2.80,DESCENT
63.957,100504.1,21.50,68.49,68.45,-2.57,DESCENT
63.978,100510.6,21.50,67.94,68.24,-3.86,DESCENT
63.999,100505.0,21.50,68.41,68.24,-3.13,DESCENT
64.020,100516.5,21.50,67.45,67.92,-5.21,DESCENT
64.038,100512.1,21.50,67.82,67.83,-5.26,DESCENT
64.059,100512.7,21.50,67.77,67.74,-5.10,DESCENT
64.079,100510.0,21.50,68.00,67.76,-4.03,DESCENT
64.100,100513.4,21.50,67.71,67.69,-3.93,DESCENT
64.119,100520.8,21.50,67.09,67.43,-5.61,DESCENT
64.140,100517.2,21.50,67.39,67.34,-5.38,DESCENT
64.158,100513.2,21.50,67.73,67.41,-3.81,DESCENT
64.180,100521.7,21.50,67.02,67.22,-4.70,DESCENT
64.199,100525.1,21.50,66.73,66.99,-5.92,DESCENT
64.218,100519.7,21.50,67.18,66.98,-4.97,DESCENT
64.240,100522.1,21.50,66.98,66.91,-4.68,DESCENT
64.258,100527.9,21.50,66.50,66.71,-5.80,DESCENT
64.278,100517.0,21.50,67.41,66.88,-3.38,DESCENT
64.299,100529.1,21.50,66.40,66.67,-4.59,DESCENT
64.317,100524.4,21.50,66.79,66.66,-3.90,DESCENT
64.339,100528.8,21.50,66.42,66.52,-4.30,DESCENT
64.357,100532.2,21.50,66.14,66.34,-5.33,DESCENT
64.380,100532.2,21.50,66.14,66.19,-5.51,DESCENT
64.398,100532.3,21.50,66.13,66.10,-5.37,DESCENT
64.420,100535.7,21.50,65.84,65.93,-5.75,DESCENT
64.437,100530.8,21.50,66.26,65.98,-4.27,DESCENT
64.459,100534.5,21.50,65.95,65.91,-4.11,DESCENT
64.479,100532.7,21.50,66.10,65.92,-3.28,DESCENT
64.499,100537.0,21.50,65.73,65.81,-3.66,DESCENT
64.520,100535.6,21.50,65.85,65.77,-3.34,DESCENT
64.537,100535.2,21.50,65.89,65.78,-2.73,DESCENT
64.560,100536.4,21.50,65.78,65.74,-2.55,DESCENT
64.578,100543.0,21.50,65.23,65.53,-4.14,DESCENT
64.598,100535.8,21.50,65.83,65.58,-2.99,DESCENT
64.619,100538.2,21.50,65.63,65.56,-2.68,DESCENT
64.638,100537.6,21.50,65.68,65.57,-2.13,DESCENT
64.657,100540.5,21.50,65.44,65.50,-2.40,DESCENT
64.679,100539.7,21.50,65.51,65.47,-2.23,DESCENT
64.700,100542.4,21.50,65.28,65.37,-2.62,DESCENT
64.717,100543.6,21.50,65.18,65.28,-3.16,DESCENT
64.738,100553.0,21.50,64.40,64.92,-5.42,DESCENT
64.757,100549.6,21.50,64.68,64.77,-5.86,DESCENT
64.779,100548.0,21.50,64.81,64.70,-5.40,DESCENT
64.800,100545.8,21.50,65.00,64.73,-4.20,DESCENT
64.817,100550.2,21.50,64.63,64.65,-4.31,DESCENT
64.840,100557.8,21.50,63.99,64.36,-5.77,DESCENT
64.858,100553.4,21.50,64.36,64.29,-5.40,DESCENT
64.880,100558.3,21.50,63.95,64.10,-6.02,DESCENT
64.897,100557.7,21.50,64.00,64.00,-5.97,DESCENT
64.918,100557.9,21.50,63.98,63.91,-5.66,DESCENT
64.939,100558.0,21.50,63.97,63.85,-5.13,DESCENT
64.959,100559.4,21.50,63.86,63.79,-4.81,DESCENT
64.979,100559.9,21.50,63.82,63.74,-4.44,DESCENT
65.000,100559.9,21.50,63.81,63.70,-3.94,DESCENT
65.020,100563.3,21.50,63.53,63.59,-4.20,DESCENT
65.039,100567.2,21.50,63.20,63.40,-5.18,DESCENT
65.057,100566.8,21.50,63.24,63.29,-5.41,DESCENT
65.080,100561.7,21.50,63.67,63.34,-4.06,DESCENT
65.098,100569.1,21.50,63.05,63.19,-4.76,DESCENT
65.119,100569.6,21.50,63.01,63.06,-4.99,DESCENT
65.139,100567.8,21.50,63.16,63.03,-4.40,DESCENT
65.160,100573.1,21.50,62.71,62.86,-5.07,DESCENT
65.179,100573.4,21.50,62.68,62.73,-5.32,DESCENT
65.198,100578.2,21.50,62.29,62.51,-6.45,DESCENT
65.218,100567.2,21.50,63.21,62.67,-4.06,DESCENT
65.239,100577.0,21.50,62.39,62.52,-4.63,DESCENT
65.259,100572.5,21.50,62.76,62.54,-3.60,DESCENT
65.277,100577.2,21.50,62.37,62.44,-3.95,DESCENT
65.300,100579.5,21.50,62.17,62.29,-4.42,DESCENT
65.319,100583.4,21.50,61.85,62.08,-5.54,DESCENT
65.339,100580.6,21.50,62.08,62.01,-5.21,DESCENT
65.357,100578.6,21.50,62.25,62.03,-4.10,DESCENT
65.379,100584.6,21.50,61.75,61.88,-4.65,DESCENT
65.398,100584.7,21.50,61.74,61.77,-4.79,DESCENT
65.418,100587.7,21.50,61.49,61.61,-5.34,DESCENT
65.438,100577.2,21.50,62.37,61.81,-2.74,DESCENT
65.459,100586.5,21.50,61.59,61.69,-3.20,DESCENT
65.478,100578.4,21.50,62.27,61.85,-1.20,DESCENT
65.500,100589.3,21.50,61.35,61.66,-2.49,DESCENT
65.520,100589.5,21.50,61.34,61.52,-3.33,DESCENT
65.541,100588.2,21.50,61.45,61.45,-3.32,DESCENT
65.559,100592.9,21.50,61.05,61.27,-4.40,DESCENT
65.578,100593.3,21.50,61.02,61.13,-4.91,DESCENT
65.598,100596.9,21.50,60.71,60.92,-5.87,DESCENT
65.617,100599.0,21.50,60.54,60.72,-6.74,DESCENT
65.639,100596.2,21.50,60.77,60.64,-6.18,DESCENT
65.658,100596.3,21.50,60.77,60.61,-5.38,DESCENT
65.677,100595.6,21.50,60.83,60.62,-4.36,DESCENT
65.700,100602.9,21.50,60.22,60.41,-5.12,DESCENT
65.718,100599.8,21.50,60.47,60.38,-4.61,DESCENT
65.737,100600.4,21.50,60.42,60.33,-4.18,DESCENT
65.760,100604.2,21.50,60.11,60.19,-4.53,DESCENT
65.780,100601.6,21.50,60.33,60.18,-3.86,DESCENT
65.800,100603.7,21.50,60.15,60.12,-3.73,DESCENT
65.819,100605.4,21.50,60.00,60.03,-3.87,DESCENT
65.837,100609.3,21.50,59.68,59.86,-4.83,DESCENT
65.859,100604.4,21.50,60.09,59.87,-3.92,DESCENT
65.880,100605.1,21.50,60.03,59.87,-3.26,DESCENT
65.898,100607.8,21.50,59.81,59.81,-3.28,DESCENT
65.918,100608.5,21.50,59.74,59.75,-3.29,DESCENT
65.939,100609.4,21.50,59.68,59.68,-3.30,DESCENT
65.959,100615.0,21.50,59.20,59.47,-4.52,DESCENT
65.978,100612.3,21.50,59.43,59.40,-4.36,DESCENT
66.000,100620.4,21.50,58.75,59.11,-5.88,DESCENT
66.020,100618.9,21.50,58.87,58.95,-6.23,DESCENT
66.037,100617.0,21.50,59.04,58.91,-5.54,DESCENT
66.057,100617.6,21.50,58.98,58.86,-5.00,DESCENT
66.079,100621.2,21.50,58.68,58.73,-5.20,DESCENT
66.097,100627.3,21.50,58.17,58.47,-6.73,DESCENT
66.117,100622.5,21.50,58.57,58.42,-6.03,DESCENT
66.140,100619.5,21.50,58.82,58.47,-4.60,DESCENT
66.161,100623.6,21.50,58.48,58.41,-4.29,DESCENT
66.180,100634.7,21.50,57.55,58.06,-6.69,DESCENT
66.197,100622.6,21.50,58.56,58.16,-4.54,DESCENT
66.220,100625.7,21.50,58.30,58.14,-3.89,DESCENT
66.239,100627.8,21.50,58.13,58.09,-3.69,DESCENT
66.261,100627.1,21.50,58.19,58.07,-3.20,DESCENT
66.278,100633.7,21.50,57.63,57.88,-4.55,DESCENT
66.300,100628.9,21.50,58.04,57.87,-3.86,DESCENT
66.317,100631.4,21.50,57.83,57.81,-3.79,DESCENT
66.337,100634.4,21.50,57.58,57.68,-4.24,DESCENT
66.360,100635.8,21.50,57.46,57.54,-4.56,DESCENT
66.379,100634.3,21.50,57.59,57.50,-4.14,DESCENT
66.397,100636.5,21.50,57.41,57.42,-4.20,DESCENT
66.419,100636.9,21.50,57.37,57.34,-4.09,DESCENT
66.438,100627.8,21.50,58.13,57.57,-1.29,DESCENT
66.459,100641.5,21.50,56.99,57.35,-2.87,DESCENT
66.478,100640.9,21.50,57.03,57.20,-3.67,DESCENT
66.497,100640.8,21.50,57.04,57.10,-3.95,DESCENT
66.517,100645.1,21.50,56.69,56.90,-4.96,DESCENT
66.540,100638.1,21.50,57.26,56.96,-3.74,DESCENT
66.560,100648.4,21.50,56.41,56.71,-5.18,DESCENT
66.578,100643.8,21.50,56.79,56.68,-4.62,DESCENT
66.598,100643.7,21.50,56.80,56.66,-3.96,DESCENT
66.617,100644.5,21.50,56.73,56.64,-3.51,DESCENT
66.640,100650.0,21.50,56.28,56.46,-4.24,DESCENT
66.659,100647.9,21.50,56.45,56.40,-4.01,DESCENT
66.677,100653.0,21.50,56.03,56.23,-5.04,DESCENT
66.699,100647.7,21.50,56.47,56.24,-4.09,DESCENT
66.720,100656.7,21.50,55.71,56.00,-5.37,DESCENT
66.738,100653.3,21.50,55.99,55.93,-5.07,DESCENT
66.761,100660.7,21.50,55.38,55.66,-6.24,DESCENT
66.777,100657.3,21.50,55.66,55.60,-5.87,DESCENT
66.797,100655.8,21.50,55.78,55.59,-4.96,DESCENT
66.819,100657.5,21.50,55.65,55.54,-4.50,DESCENT
66.838,100653.6,21.50,55.97,55.63,-2.88,DESCENT
66.858,100659.6,21.50,55.47,55.54,-3.20,DESCENT
66.879,100657.7,21.50,55.63,55.53,-2.75,DESCENT
66.900,100660.6,21.50,55.39,55.44,-2.98,DESCENT
66.920,100670.1,21.50,54.59,55.11,-5.37,DESCENT
66.939,100661.4,21.50,55.32,55.11,-4.40,DESCENT
66.958,100667.3,21.50,54.82,54.96,-5.09,DESCENT
66.978,100668.3,21.50,54.75,54.82,-5.42,DESCENT
66.997,100666.8,21.50,54.87,54.77,-4.94,DESCENT
67.020,100668.5,21.50,54.72,54.68,-4.77,DESCENT
67.039,100667.9,21.50,54.78,54.65,-4.17,DESCENT
67.059,100676.4,21.50,54.06,54.39,-5.73,DESCENT
67.077,100673.6,21.50,54.30,54.29,-5.70,DESCENT
67.100,100676.3,21.50,54.08,54.13,-5.92,DESCENT
67.117,100668.6,21.50,54.71,54.27,-3.53,DESCENT
67.139,100674.6,21.50,54.21,54.20,-3.49,DESCENT
67.160,100672.9,21.50,54.35,54.20,-2.85,DESCENT
67.178,100680.6,21.50,53.72,54.00,-4.33,DESCENT
67.198,100677.4,21.50,53.98,53.94,-4.14,DESCENT
67.220,100677.1,21.50,54.01,53.90,-3.70,DESCENT
67.238,100680.6,21.50,53.71,53.79,-4.14,DESCENT
67.258,100681.9,21.50,53.60,53.67,-4.45,DESCENT
67.278,100682.2,21.50,53.58,53.58,-4.46,DESCENT
67.298,100688.4,21.50,53.06,53.34,-5.75,DESCENT
67.318,100687.6,21.50,53.13,53.19,-6.04,DESCENT
67.341,100686.4,21.50,53.22,53.11,-5.58,DESCENT
67.360,100688.7,21.50,53.04,53.02,-5.49,DESCENT
67.377,100686.6,21.50,53.21,53.02,-4.49,DESCENT
67.399,100684.6,21.50,53.38,53.08,-3.27,DESCENT
67.417,100689.7,21.50,52.95,53.00,-3.53,DESCENT
67.437,100683.7,21.50,53.45,53.11,-1.97,DESCENT
67.459,100694.8,21.50,52.52,52.88,-3.46,DESCENT
67.479,100691.8,21.50,52.78,52.80,-3.55,DESCENT
67.497,100688.3,21.50,53.07,52.85,-2.43,DESCENT
67.518,100695.5,21.50,52.46,52.68,-3.39,DESCENT
67.538,100704.3,21.50,51.73,52.30,-6.08,DESCENT
67.559,100695.3,21.50,52.48,52.28,-5.20,DESCENT
67.578,100697.9,21.50,52.26,52.21,-4.96,DESCENT
67.598,100700.9,21.50,52.02,52.08,-5.25,DESCENT
67.620,100696.9,21.50,52.35,52.10,-4.20,DESCENT
67.639,100706.2,21.50,51.57,51.86,-5.59,DESCENT
67.657,100701.4,21.50,51.97,51.84,-4.87,DESCENT
67.679,100704.7,21.50,51.70,51.72,-4.96,DESCENT
67.697,100707.3,21.50,51.48,51.57,-5.42,DESCENT
67.718,100705.4,21.50,51.64,51.53,-4.90,DESCENT
67.739,100709.1,21.50,51.33,51.39,-5.16,DESCENT
67.760,100703.2,21.50,51.82,51.47,-3.62,DESCENT
67.778,100704.7,21.50,51.70,51.51,-2.64,DESCENT
67.799,100710.6,21.50,51.20,51.36,-3.38,DESCENT
67.817,100708.9,21.50,51.34,51.32,-3.24,DESCENT
67.840,100710.3,21.50,51.23,51.24,-3.28,DESCENT
67.857,100713.1,21.50,50.99,51.11,-3.93,DESCENT
67.878,100716.1,21.50,50.74,50.93,-4.76,DESCENT
67.898,100719.3,21.50,50.48,50.71,-5.87,DESCENT
67.919,100722.2,21.50,50.23,50.46,-6.90,DESCENT
67.938,100721.8,21.50,50.27,50.31,-7.10,DESCENT
67.958,100721.4,21.50,50.30,50.21,-6.71,DESCENT
67.978,100717.1,21.50,50.66,50.28,-4.94,DESCENT
67.999,100718.0,21.50,50.58,50.32,-3.77,DESCENT
68.019,100718.0,21.50,50.58,50.36,-2.77,DESCENT
68.039,100721.6,21.50,50.29,50.30,-2.84,DESCENT
68.060,100724.7,21.50,50.02,50.16,-3.46,DESCENT
68.080,100731.2,21.50,49.48,49.88,-5.25,DESCENT
68.098,100723.8,21.50,50.09,49.89,-4.22,DESCENT
68.117,100729.0,21.50,49.67,49.76,-4.71,DESCENT
68.140,100726.6,21.50,49.86,49.73,-4.16,DESCENT
68.158,100729.0,21.50,49.66,49.65,-4.13,DESCENT
68.180,100724.9,21.50,50.00,49.72,-2.90,DESCENT
68.200,100738.8,21.50,48.84,49.37,-5.32,DESCENT
68.217,100733.1,21.50,49.32,49.30,-5.17,DESCENT
68.238,100733.4,21.50,49.29,49.22,-4.87,DESCENT
68.260,100734.8,21.50,49.18,49.14,-4.71,DESCENT
68.278,100731.2,21.50,49.48,49.20,-3.36,DESCENT
68.298,100739.3,21.50,48.80,49.02,-4.36,DESCENT
68.319,100738.9,21.50,48.84,48.90,-4.64,DESCENT
68.341,100741.7,21.50,48.60,48.73,-5.16,DESCENT
68.358,100744.8,21.50,48.34,48.54,-6.21,DESCENT
68.377,100743.3,21.50,48.46,48.43,-6.05,DESCENT
68.400,100740.6,21.50,48.69,48.43,-4.99,DESCENT
68.420,100742.3,21.50,48.55,48.41,-4.34,DESCENT
68.437,100739.7,21.50,48.77,48.49,-2.80,DESCENT
68.459,100752.5,21.50,47.70,48.17,-4.76,DESCENT
68.480,100742.1,21.50,48.57,48.24,-3.34,DESCENT
68.499,100751.2,21.50,47.81,48.05,-4.49,DESCENT
68.517,100745.6,21.50,48.27,48.08,-3.46,DESCENT
68.537,100750.2,21.50,47.89,47.96,-3.82,DESCENT
68.558,100750.5,21.50,47.87,47.88,-3.87,DESCENT
68.578,100748.6,21.50,48.03,47.88,-3.19,DESCENT
68.597,100755.4,21.50,47.45,47.69,-4.33,DESCENT
68.619,100756.0,21.50,47.40,47.53,-4.88,DESCENT
68.637,100755.1,21.50,47.48,47.45,-4.75,DESCENT
68.657,100758.4,21.50,47.20,47.30,-5.24,DESCENT
68.679,100762.3,21.50,46.88,47.08,-6.11,DESCENT
68.700,100754.6,21.50,47.52,47.15,-4.52,DESCENT
68.717,100757.4,21.50,47.29,47.15,-3.76,DESCENT
68.737,100755.8,21.50,47.42,47.19,-2.73,DESCENT
68.759,100758.8,21.50,47.17,47.15,-2.62,DESCENT
68.780,100761.3,21.50,46.96,47.05,-2.99,DESCENT
68.798,100762.3,21.50,46.88,46.95,-3.37,DESCENT
68.817,100764.4,21.50,46.70,46.82,-3.95,DESCENT
68.839,100770.3,21.50,46.21,46.55,-5.44,DESCENT
68.858,100769.0,21.50,46.32,46.40,-5.85,DESCENT
68.877,100766.1,21.50,46.56,46.38,-5.01,DESCENT
68.899,100770.1,21.50,46.22,46.26,-5.15,DESCENT
68.918,100767.7,21.50,46.42,46.25,-4.32,DESCENT
68.940,100773.6,21.50,45.93,46.08,-4.93,DESCENT
68.958,100770.2,21.50,46.21,46.07,-4.17,DESCENT
68.977,100772.1,21.50,46.06,46.01,-3.95,DESCENT
68.998,100769.4,21.50,46.29,46.06,-2.92,DESCENT
69.019,100773.1,21.50,45.97,45.99,-2.98,DESCENT
69.038,100781.8,21.50,45.25,45.69,-5.11,DESCENT
69.058,100769.0,21.50,46.32,45.84,-2.97,DESCENT
69.079,100777.5,21.50,45.60,45.72,-3.47,DESCENT
69.100,100776.9,21.50,45.66,45.65,-3.45,DESCENT
69.119,100778.2,21.50,45.55,45.57,-3.56,DESCENT
69.139,100784.7,21.50,45.00,45.33,-5.10,DESCENT
69.157,100779.5,21.50,45.44,45.30,-4.43,DESCENT
69.179,100778.3,21.50,45.54,45.32,-3.52,DESCENT
69.198,100783.3,21.50,45.12,45.21,-3.97,DESCENT
69.220,100784.7,21.50,45.01,45.08,-4.29,DESCENT
69.240,100788.2,21.50,44.72,44.90,-5.08,DESCENT
69.260,100791.5,21.50,44.44,44.67,-6.19,DESCENT
69.278,100790.3,21.50,44.53,44.55,-6.28,DESCENT
69.298,100791.8,21.50,44.41,44.42,-6.32,DESCENT
69.318,100788.3,21.50,44.71,44.44,-5.07,DESCENT
69.340,100788.7,21.50,44.67,44.45,-4.11,DESCENT
69.358,100793.2,21.50,44.29,44.34,-4.37,DESCENT
69.378,100795.1,21.50,44.14,44.22,-4.73,DESCENT
69.399,100797.0,21.50,43.97,44.07,-5.13,DESCENT
69.419,100797.1,21.50,43.97,43.96,-5.13,DESCENT
69.440,100795.0,21.50,44.15,43.96,-4.31,DESCENT
69.460,100795.6,21.50,44.09,43.95,-3.65,DESCENT
69.480,100802.5,21.50,43.52,43.75,-4.73,DESCENT
69.501,100802.6,21.50,43.51,43.61,-5.15,DESCENT
69.519,100795.1,21.50,44.13,43.73,-3.11,DESCENT
69.538,100803.4,21.50,43.44,43.59,-3.82,DESCENT
69.559,100804.3,21.50,43.37,43.46,-4.22,DESCENT
69.580,100801.6,21.50,43.59,43.45,-3.57,DESCENT
69.599,100801.3,21.50,43.62,43.46,-2.82,DESCENT
69.619,100808.7,21.50,43.00,43.27,-4.09,DESCENT
69.637,100808.4,21.50,43.02,43.13,-4.64,DESCENT
69.659,100804.1,21.50,43.38,43.15,-3.69,DESCENT
69.680,100809.1,21.50,42.96,43.04,-4.02,DESCENT
69.698,100814.0,21.50,42.56,42.82,-5.35,DESCENT
69.720,100810.1,21.50,42.88,42.77,-4.87,DESCENT
69.739,100817.6,21.50,42.26,42.53,-6.20,DESCENT
69.758,100809.3,21.50,42.95,42.60,-4.46,DESCENT
69.781,100818.6,21.50,42.17,42.38,-5.33,DESCENT
69.800,100815.0,21.50,42.47,42.35,-4.73,DESCENT
69.821,100813.8,21.50,42.57,42.36,-3.81,DESCENT
69.839,100816.8,21.50,42.32,42.30,-3.71,DESCENT
69.860,100821.5,21.50,41.93,42.12,-4.57,DESCENT
69.878,100815.8,21.50,42.40,42.17,-3.37,DESCENT
69.899,100824.3,21.50,41.69,41.96,-4.52,DESCENT
69.918,100824.0,21.50,41.72,41.82,-4.98,DESCENT
69.939,100815.8,21.50,42.40,41.95,-3.02,DESCENT
69.960,100825.0,21.50,41.63,41.80,-3.74,DESCENT
69.979,100828.8,21.50,41.32,41.59,-5.09,DESCENT
69.997,100823.8,21.50,41.74,41.58,-4.28,DESCENT
70.018,100819.1,21.50,42.13,41.71,-2.46,DESCENT
70.039,100830.8,21.50,41.15,41.48,-3.92,DESCENT
70.060,100832.6,21.50,41.00,41.26,-5.07,DESCENT
70.079,100835.1,21.50,40.79,41.03,-6.24,DESCENT
70.097,100828.4,21.50,41.35,41.07,-4.83,DESCENT
70.119,100829.2,21.50,41.28,41.08,-3.95,DESCENT
70.140,100831.9,21.50,41.06,41.02,-3.75,DESCENT
70.159,100838.5,21.50,40.51,40.79,-5.17,DESCENT
70.180,100832.7,21.50,40.99,40.79,-4.31,DESCENT
70.199,100836.9,21.50,40.64,40.69,-4.53,DESCENT
70.217,100832.5,21.50,41.01,40.75,-3.20,DESCENT
70.240,100843.5,21.50,40.09,40.47,-4.66,DESCENT
70.257,100839.7,21.50,40.41,40.40,-4.61,DESCENT
70.278,100841.3,21.50,40.28,40.29,-4.67,DESCENT
70.299,100852.5,21.50,39.34,39.89,-7.06,DESCENT
70.320,100846.3,21.50,39.85,39.78,-6.75,DESCENT
70.337,100845.9,21.50,39.89,39.75,-5.97,DESCENT
70.360,100845.3,21.50,39.94,39.73,-5.09,DESCENT
70.379,100845.7,21.50,39.91,39.73,-4.23,DESCENT
70.397,100842.5,21.50,40.17,39.83,-2.45,DESCENT
70.418,100851.1,21.50,39.46,39.67,-3.36,DESCENT
70.440,100848.8,21.50,39.65,39.61,-3.21,DESCENT
70.458,100849.8,21.50,39.56,39.56,-3.19,DESCENT
70.480,100846.7,21.50,39.82,39.60,-2.26,DESCENT
70.497,100856.4,21.50,39.01,39.37,-4.17,DESCENT
70.520,100854.2,21.50,39.20,39.25,-4.39,DESCENT
70.539,100855.3,21.50,39.10,39.14,-4.57,DESCENT
70.557,100854.2,21.50,39.20,39.11,-4.10,DESCENT
70.577,100858.5,21.50,38.84,38.96,-4.67,DESCENT
70.600,100860.7,21.50,38.65,38.79,-5.21,DESCENT
70.620,100860.9,21.50,38.64,38.66,-5.32,DESCENT
70.638,100856.7,21.50,38.99,38.72,-3.93,DESCENT
70.658,100855.6,21.50,39.08,38.79,-2.57,DESCENT
70.680,100861.8,21.50,38.56,38.67,-3.04,DESCENT
70.700,100864.8,21.50,38.31,38.51,-3.96,DESCENT
70.721,100856.5,21.50,39.00,38.63,-2.29,DESCENT
70.737,100862.3,21.50,38.52,38.57,-2.54,DESCENT
70.759,100864.7,21.50,38.32,38.45,-3.07,DESCENT
70.777,100867.4,21.50,38.10,38.29,-4.03,DESCENT
70.799,100871.9,21.50,37.72,38.03,-5.32,DESCENT
70.818,100868.1,21.50,38.03,37.96,-4.98,DESCENT
70.837,100873.2,21.50,37.61,37.78,-5.83,DESCENT
70.857,100870.5,21.50,37.83,37.72,-5.32,DESCENT
70.880,100875.7,21.50,37.40,37.53,-5.84,DESCENT
70.900,100871.7,21.50,37.73,37.52,-4.88,DESCENT
70.920,100874.8,21.50,37.48,37.44,-4.73,DESCENT
70.940,100878.6,21.50,37.16,37.28,-5.31,DESCENT
70.959,100876.8,21.50,37.31,37.23,-4.91,DESCENT
70.979,100870.4,21.50,37.84,37.38,-2.77,DESCENT
70.999,100877.9,21.50,37.21,37.28,-3.10,DESCENT
71.020,100881.5,21.50,36.92,37.11,-3.96,DESCENT
71.037,100881.1,21.50,36.95,37.01,-4.28,DESCENT
71.058,100878.7,21.50,37.15,37.00,-3.62,DESCENT
71.078,100881.5,21.50,36.92,36.93,-3.66,DESCENT
71.100,100886.5,21.50,36.50,36.73,-4.63,DESCENT
71.117,100887.9,21.50,36.38,36.55,-5.56,DESCENT
71.139,100887.8,21.50,36.39,36.42,-5.66,DESCENT
71.157,100885.1,21.50,36.62,36.42,-4.65,DESCENT
71.179,100885.5,21.50,36.58,36.41,-3.93,DESCENT
71.197,100896.0,21.50,35.70,36.11,-5.97,DESCENT
71.220,100887.1,21.50,36.44,36.14,-4.75,DESCENT
71.237,100895.2,21.50,35.77,35.96,-5.79,DESCENT
71.258,100893.0,21.50,35.95,35.88,-5.46,DESCENT
71.277,100895.4,21.50,35.75,35.77,-5.53,DESCENT
71.298,100895.9,21.50,35.72,35.68,-5.34,DESCENT
71.319,100895.0,21.50,35.79,35.64,-4.72,DESCENT
71.337,100898.8,21.50,35.47,35.53,-5.01,DESCENT
71.359,100895.0,21.50,35.79,35.55,-4.01,DESCENT
71.379,100897.9,21.50,35.55,35.50,-3.76,DESCENT
71.397,100900.5,21.50,35.33,35.39,-4.09,DESCENT
71.420,100893.1,21.50,35.95,35.52,-2.44,DESCENT
71.439,100906.3,21.50,34.84,35.26,-4.54,DESCENT
71.457,100902.6,21.50,35.16,35.17,-4.60,DESCENT
71.479,100903.3,21.50,35.09,35.07,-4.53,DESCENT
71.498,100902.0,21.50,35.21,35.06,-3.85,DESCENT
71.517,100905.6,21.50,34.90,34.96,-4.13,DESCENT
71.540,100903.0,21.50,35.12,34.96,-3.46,DESCENT
71.560,100905.2,21.50,34.94,34.90,-3.30,DESCENT
71.579,100907.3,21.50,34.76,34.81,-3.54,DESCENT
71.598,100910.5,21.50,34.50,34.66,-4.32,DESCENT
71.620,100911.4,21.50,34.42,34.51,-4.73,DESCENT
71.637,100910.3,21.50,34.51,34.46,-4.47,DESCENT
71.657,100911.9,21.50,34.37,34.37,-4.46,DESCENT
71.679,100916.5,21.50,33.99,34.18,-5.25,DESCENT
71.697,100913.3,21.50,34.26,34.14,-4.67,DESCENT
71.719,100921.5,21.50,33.58,33.88,-5.93,DESCENT
71.739,100919.8,21.50,33.72,33.75,-6.08,DESCENT
71.760,100916.9,21.50,33.96,33.73,-5.13,DESCENT
71.781,100915.9,21.50,34.05,33.77,-3.92,DESCENT
71.797,100921.2,21.50,33.60,33.67,-4.34,DESCENT
71.820,100925.3,21.50,33.26,33.46,-5.18,DESCENT
71.837,100923.4,21.50,33.41,33.39,-5.03,DESCENT
71.859,100924.5,21.50,33.33,33.29,-4.89,DESCENT
71.878,100920.6,21.50,33.65,33.36,-3.49,DESCENT
71.898,100928.8,21.50,32.97,33.17,-4.43,DESCENT
71.920,100924.0,21.50,33.37,33.18,-3.61,DESCENT
71.937,100933.1,21.50,32.61,32.94,-5.41,DESCENT
71.959,100929.6,21.50,32.89,32.84,-5.21,DESCENT
71.980,100935.6,21.50,32.39,32.62,-6.19,DESCENT
72.000,100933.8,21.50,32.55,32.51,-6.01,DESCENT
72.019,100926.6,21.50,33.15,32.66,-3.58,DESCENT
72.039,100933.5,21.50,32.58,32.58,-3.62,DESCENT
72.057,100936.5,21.50,32.32,32.45,-4.29,DESCENT
72.077,100940.2,21.50,32.02,32.24,-5.32,DESCENT
72.101,100936.6,21.50,32.32,32.19,-4.80,DESCENT
72.117,100939.4,21.50,32.08,32.10,-4.92,DESCENT
72.140,100933.9,21.50,32.54,32.18,-3.50,DESCENT
72.158,100940.6,21.50,31.98,32.07,-3.98,DESCENT
72.179,100940.5,21.50,31.99,31.99,-3.97,DESCENT
72.198,100944.0,21.50,31.69,31.83,-4.66,DESCENT
72.217,100942.9,21.50,31.79,31.76,-4.53,DESCENT
72.240,100943.7,21.50,31.72,31.68,-4.35,DESCENT
72.259,100945.0,21.50,31.61,31.60,-4.30,DESCENT
72.280,100948.5,21.50,31.32,31.44,-4.84,DESCENT
72.299,100951.9,21.50,31.03,31.24,-5.85,DESCENT
72.319,100951.4,21.50,31.08,31.11,-5.98,DESCENT
72.337,100953.0,21.50,30.95,30.98,-6.17,DESCENT
72.357,100947.5,21.50,31.40,31.05,-4.51,DESCENT
72.377,100947.3,21.50,31.42,31.12,-3.15,DESCENT
72.400,100949.5,21.50,31.23,31.11,-2.66,DESCENT
72.417,100950.5,21.50,31.15,31.10,-2.35,DESCENT
72.437,100956.5,21.50,30.65,30.91,-3.53,DESCENT
72.457,100955.5,21.50,30.73,30.80,-3.85,DESCENT
72.477,100956.1,21.50,30.69,30.71,-3.97,DESCENT
72.498,100965.1,21.50,29.93,30.39,-5.95,DESCENT
72.519,100958.4,21.50,30.50,30.34,-5.28,DESCENT
72.540,100963.1,21.50,30.10,30.19,-5.64,DESCENT
72.557,100961.4,21.50,30.24,30.14,-5.11,DESCENT
72.577,100958.9,21.50,30.45,30.19,-3.86,DESCENT
72.600,100958.3,21.50,30.50,30.24,-2.83,DESCENT
72.617,100962.6,21.50,30.15,30.17,-2.98,DESCENT
72.640,100966.9,21.50,29.78,29.99,-3.85,DESCENT
72.660,100968.3,21.50,29.66,29.83,-4.57,DESCENT
72.678,100971.6,21.50,29.39,29.62,-5.75,DESCENT
72.701,100970.5,21.50,29.48,29.49,-5.77,DESCENT
72.718,100975.5,21.50,29.06,29.28,-6.90,DESCENT
72.737,100968.6,21.50,29.64,29.32,-5.37,DESCENT
72.760,100969.9,21.50,29.54,29.31,-4.47,DESCENT
72.779,100975.5,21.50,29.07,29.17,-4.97,DESCENT
72.798,100973.6,21.50,29.23,29.13,-4.50,DESCENT
72.817,100978.4,21.50,28.83,28.97,-5.19,DESCENT
72.838,100981.1,21.50,28.60,28.77,-5.94,DESCENT
72.859,100978.5,21.50,28.82,28.70,-5.44,DESCENT
72.879,100977.3,21.50,28.91,28.71,-4.47,DESCENT
72.898,100971.7,21.50,29.38,28.89,-2.05,DESCENT
72.918,100979.7,21.50,28.72,28.80,-2.42,DESCENT
72.938,100982.4,21.50,28.49,28.66,-3.23,DESCENT
72.957,100978.4,21.50,28.83,28.68,-2.51,DESCENT
72.979,100985.0,21.50,28.27,28.50,-3.46,DESCENT
72.999,100985.5,21.50,28.23,28.36,-4.08,DESCENT
73.020,100986.4,21.50,28.15,28.23,-4.42,DESCENT
73.040,100989.8,21.50,27.87,28.05,-5.25,DESCENT
73.058,100992.6,21.50,27.64,27.84,-6.28,DESCENT
73.080,100985.8,21.50,28.20,27.88,-4.90,DESCENT
73.099,100989.6,21.50,27.89,27.82,-4.57,DESCENT
73.120,100992.2,21.50,27.67,27.71,-4.72,DESCENT
73.137,100996.9,21.50,27.28,27.50,-5.93,DESCENT
73.158,100993.4,21.50,27.57,27.45,-5.39,DESCENT
73.179,100996.3,21.50,27.33,27.34,-5.40,DESCENT
73.197,100995.6,21.50,27.39,27.29,-4.91,DESCENT
73.219,100997.1,21.50,27.26,27.21,-4.69,DESCENT
73.238,100998.2,21.50,27.17,27.14,-4.53,DESCENT
73.260,101002.1,21.50,26.84,26.97,-5.08,DESCENT
73.280,101001.3,21.50,26.91,26.88,-4.96,DESCENT
73.297,101003.4,21.50,26.73,26.78,-5.18,DESCENT
73.321,101002.2,21.50,26.84,26.72,-4.71,DESCENT
73.340,101001.9,21.50,26.86,26.71,-3.99,DESCENT
73.360,101003.7,21.50,26.71,26.66,-3.73,DESCENT
73.378,101007.9,21.50,26.36,26.51,-4.49,DESCENT
73.398,101006.2,21.50,26.50,26.45,-4.24,DESCENT
73.420,101002.3,21.50,26.83,26.52,-2.99,DESCENT
73.437,101009.3,21.50,26.24,26.39,-3.81,DESCENT
73.457,101005.4,21.50,26.57,26.40,-3.05,DESCENT
73.479,101003.2,21.50,26.75,26.48,-1.91,DESCENT
73.498,101010.8,21.50,26.12,26.33,-2.96,DESCENT
73.519,101017.4,21.50,25.57,26.02,-4.95,DESCENT
73.539,101015.8,21.50,25.70,25.85,-5.63,DESCENT
73.558,101016.1,21.50,25.68,25.72,-5.82,DESCENT
73.580,101012.8,21.50,25.95,25.72,-4.82,DESCENT
73.597,101012.9,21.50,25.94,25.74,-3.75,DESCENT
73.620,101014.2,21.50,25.83,25.72,-3.28,DESCENT
73.638,101017.2,21.50,25.59,25.63,-3.51,DESCENT
73.660,101017.3,21.50,25.58,25.56,-3.44,DESCENT
73.677,101020.7,21.50,25.29,25.43,-4.20,DESCENT
73.698,101022.2,21.50,25.17,25.28,-4.73,DESCENT
73.718,101019.8,21.50,25.37,25.25,-4.20,DESCENT
73.737,101025.2,21.50,24.92,25.08,-4.97,DESCENT
73.758,101018.0,21.50,25.52,25.17,-3.37,DESCENT
73.778,101024.0,21.50,25.02,25.07,-3.60,DESCENT
73.800,101025.2,21.50,24.92,24.97,-3.82,DESCENT
73.819,101025.6,21.50,24.88,24.89,-3.85,DESCENT
73.840,101028.3,21.50,24.66,24.76,-4.30,DESCENT
73.859,101029.3,21.50,24.58,24.64,-4.61,DESCENT
73.878,101031.8,21.50,24.37,24.49,-5.20,DESCENT
73.897,101033.3,21.50,24.25,24.34,-5.63,DESCENT
73.920,101027.9,21.50,24.69,24.38,-4.39,DESCENT
73.939,101037.0,21.50,23.93,24.17,-5.55,DESCENT
73.957,101036.6,21.50,23.97,24.03,-5.87,DESCENT
73.978,101040.2,21.50,23.67,23.83,-6.58,DESCENT
73.999,101041.9,21.50,23.52,23.63,-7.05,DESCENT
74.018,101043.9,21.50,23.36,23.45,-7.46,DESCENT
74.037,101043.5,21.50,23.39,23.34,-7.19,DESCENT
74.058,101040.6,21.50,23.63,23.34,-5.92,DESCENT
74.079,101046.3,21.50,23.16,23.20,-6.09,DESCENT
74.100,101043.0,21.50,23.43,23.20,-5.05,DESCENT
74.117,101042.8,21.50,23.45,23.23,-3.87,DESCENT
74.138,101045.2,21.50,23.25,23.18,-3.58,DESCENT
74.158,101051.6,21.50,22.71,22.97,-4.73,DESCENT
74.178,101050.4,21.50,22.82,22.86,-4.92,DESCENT
74.200,101048.8,21.50,22.95,22.82,-4.37,DESCENT
74.219,101049.3,21.50,22.90,22.80,-3.84,DESCENT
74.237,101047.6,21.50,23.05,22.84,-2.79,DESCENT
74.259,101054.2,21.50,22.50,22.68,-3.58,DESCENT
74.279,101041.3,21.50,23.57,22.95,-0.71,DESCENT
74.298,101053.8,21.50,22.54,22.79,-1.97,DESCENT
74.319,101053.5,21.50,22.56,22.68,-2.52,DESCENT
74.340,101053.7,21.50,22.54,22.60,-2.79,DESCENT
74.357,101059.2,21.50,22.08,22.38,-4.37,DESCENT
74.378,101056.7,21.50,22.29,22.29,-4.40,DESCENT
74.397,101063.3,21.50,21.74,22.04,-5.84,DESCENT
74.418,101055.9,21.50,22.36,22.08,-4.58,DESCENT
74.440,101067.4,21.50,21.40,21.77,-6.17,DESCENT
74.460,101060.1,21.50,22.00,21.77,-5.11,DESCENT
74.480,101065.2,21.50,21.58,21.64,-5.37,DESCENT
74.498,101062.3,21.50,21.83,21.64,-4.41,DESCENT
74.517,101063.2,21.50,21.75,21.62,-3.79,DESCENT
74.537,101066.2,21.50,21.50,21.53,-3.93,DESCENT
74.559,101069.4,21.50,21.23,21.37,-4.55,DESCENT
74.577,101066.5,21.50,21.47,21.35,-3.95,DESCENT
74.599,101067.1,21.50,21.42,21.32,-3.53,DESCENT
74.618,101068.6,21.50,21.29,21.27,-3.39,DESCENT
74.638,101067.3,21.50,21.41,21.27,-2.79,DESCENT
74.658,101068.5,21.50,21.31,21.25,-2.51,DESCENT
74.678,101074.0,21.50,20.85,21.08,-3.56,DESCENT
74.700,101077.1,21.50,20.59,20.85,-4.69,DESCENT
74.717,101077.9,21.50,20.52,20.69,-5.60,DESCENT
74.740,101076.5,21.50,20.64,20.58,-5.38,DESCENT
74.757,101078.2,21.50,20.50,20.50,-5.36,DESCENT
74.777,101070.9,21.50,21.11,20.64,-3.21,DESCENT
74.797,101077.1,21.50,20.59,20.58,-3.18,DESCENT
74.820,101079.5,21.50,20.39,20.47,-3.49,DESCENT
74.841,101083.2,21.50,20.08,20.28,-4.42,DESCENT
74.857,101084.2,21.50,20.00,20.14,-5.17,DESCENT
74.879,101083.6,21.50,20.04,20.03,-5.12,DESCENT
74.899,101085.1,21.50,19.92,19.92,-5.15,DESCENT
74.917,101092.7,21.50,19.29,19.64,-6.92,DESCENT
74.939,101084.6,21.50,19.97,19.65,-5.62,DESCENT
74.958,101088.4,21.50,19.64,19.58,-5.31,DESCENT
74.978,101087.8,21.50,19.69,19.55,-4.64,DESCENT
74.998,101088.2,21.50,19.66,19.53,-4.05,DESCENT
75.019,101090.4,21.50,19.48,19.46,-3.95,DESCENT
75.037,101092.8,21.50,19.28,19.35,-4.31,DESCENT
75.060,101091.3,21.50,19.41,19.30,-3.90,DESCENT
75.080,101100.3,21.50,18.65,19.03,-5.63,DESCENT
75.099,101095.1,21.50,19.09,18.98,-5.09,DESCENT
75.117,101096.0,21.50,19.01,18.93,-4.68,DESCENT
75.139,101102.5,21.50,18.47,18.70,-5.63,DESCENT
75.158,101103.5,21.50,18.39,18.52,-6.28,DESCENT
75.177,101103.7,21.50,18.37,18.39,-6.40,DESCENT
75.198,101104.4,21.50,18.31,18.28,-6.24,DESCENT
75.218,101096.2,21.50,18.99,18.44,-3.75,DESCENT
75.237,101101.3,21.50,18.57,18.44,-3.13,DESCENT
75.260,101103.3,21.50,18.40,18.38,-3.04,DESCENT
75.278,101102.8,21.50,18.45,18.37,-2.64,DESCENT
75.300,101110.8,21.50,17.78,18.12,-4.13,DESCENT
75.319,101110.2,21.50,17.83,17.97,-4.81,DESCENT
75.338,101105.6,21.50,18.21,18.00,-3.76,DESCENT
75.359,101105.1,21.50,18.25,18.04,-2.77,DESCENT
75.379,101105.5,21.50,18.22,18.06,-2.06,DESCENT
75.398,101107.5,21.50,18.05,18.03,-1.97,DESCENT
75.417,101112.8,21.50,17.61,17.86,-3.20,DESCENT
75.440,101115.5,21.50,17.39,17.65,-4.25,DESCENT
75.459,101112.8,21.50,17.61,17.58,-4.12,DESCENT
75.479,101120.2,21.50,16.99,17.32,-5.65,DESCENT
75.498,101116.0,21.50,17.34,17.26,-5.24,DESCENT
75.518,101119.0,21.50,17.10,17.13,-5.41,DESCENT
75.540,101115.4,21.50,17.40,17.15,-4.37,DESCENT
75.560,101119.0,21.50,17.09,17.07,-4.28,DESCENT
75.580,101117.0,21.50,17.26,17.08,-3.43,DESCENT
75.597,101122.0,21.50,16.85,16.96,-4.05,DESCENT
75.618,101125.5,21.50,16.55,16.76,-4.96,DESCENT
75.639,101123.5,21.50,16.72,16.68,-4.79,DESCENT
75.659,101124.7,21.50,16.62,16.60,-4.70,DESCENT
75.680,101129.9,21.50,16.19,16.39,-5.58,DESCENT
75.698,101125.9,21.50,16.52,16.37,-4.81,DESCENT
75.720,101131.8,21.50,16.03,16.18,-5.45,DESCENT
75.738,101130.3,21.50,16.15,16.11,-5.22,DESCENT
75.758,101128.5,21.50,16.31,16.11,-4.33,DESCENT
75.778,101128.8,21.50,16.28,16.11,-3.53,DESCENT
75.800,101133.3,21.50,15.91,15.99,-3.88,DESCENT
75.817,101136.4,21.50,15.64,15.82,-4.83,DESCENT
75.840,101134.1,21.50,15.83,15.75,-4.52,DESCENT
75.859,101131.8,21.50,16.02,15.79,-3.42,DESCENT
75.877,101135.1,21.50,15.75,15.74,-3.35,DESCENT
75.900,101140.8,21.50,15.28,15.53,-4.39,DESCENT
75.917,101139.8,21.50,15.36,15.42,-4.72,DESCENT
75.938,101139.3,21.50,15.40,15.35,-4.48,DESCENT
75.960,101140.9,21.50,15.27,15.26,-4.44,DESCENT
75.978,101148.2,21.50,14.66,15.00,-6.17,DESCENT
75.999,101135.1,21.50,15.75,15.18,-3.69,DESCENT
76.019,101140.3,21.50,15.32,15.18,-3.03,DESCENT
76.037,101148.5,21.50,14.63,14.95,-4.66,DESCENT
76.058,101148.3,21.50,14.65,14.78,-5.22,DESCENT
76.081,101148.8,21.50,14.61,14.64,-5.37,DESCENT
76.097,101145.9,21.50,14.85,14.66,-4.27,DESCENT
76.117,101152.3,21.50,14.32,14.49,-5.01,DESCENT
76.137,101148.1,21.50,14.67,14.49,-4.14,DESCENT
76.159,101149.9,21.50,14.52,14.44,-3.80,DESCENT
76.178,101149.9,21.50,14.52,14.42,-3.31,DESCENT
76.197,101155.4,21.50,14.06,14.25,-4.24,DESCENT
76.217,101150.9,21.50,14.43,14.26,-3.46,DESCENT
76.237,101157.5,21.50,13.89,14.09,-4.37,DESCENT
76.259,101155.2,21.50,14.07,14.02,-4.14,DESCENT
76.277,101159.9,21.50,13.68,13.85,-5.02,DESCENT
76.300,101157.7,21.50,13.87,13.78,-4.68,DESCENT
76.319,101165.1,21.50,13.25,13.54,-6.15,DESCENT
76.338,101160.2,21.50,13.66,13.51,-5.40,DESCENT
76.360,101161.9,21.50,13.52,13.43,-5.05,DESCENT
76.380,101161.6,21.50,13.54,13.41,-4.41,DESCENT
76.398,101162.5,21.50,13.47,13.38,-3.94,DESCENT
76.419,101165.2,21.50,13.25,13.28,-4.07,DESCENT
76.439,101166.9,21.50,13.10,13.16,-4.35,DESCENT
76.460,101162.6,21.50,13.46,13.20,-3.26,DESCENT
76.480,101166.4,21.50,13.14,13.14,-3.24,DESCENT
76.500,101169.9,21.50,12.85,13.00,-3.96,DESCENT
76.517,101168.2,21.50,13.00,12.95,-3.74,DESCENT
76.539,101171.5,21.50,12.71,12.82,-4.17,DESCENT
76.557,101175.2,21.50,12.41,12.63,-5.27,DESCENT
76.578,101176.5,21.50,12.30,12.44,-5.87,DESCENT
76.600,101178.7,21.50,12.12,12.25,-6.41,DESCENT
76.620,101177.7,21.50,12.20,12.15,-6.16,DESCENT
76.638,101181.2,21.50,11.91,11.99,-6.57,DESCENT
76.658,101173.0,21.50,12.59,12.12,-4.35,DESCENT
76.679,101177.2,21.50,12.24,12.10,-3.74,DESCENT
76.700,101177.3,21.50,12.24,12.10,-3.12,DESCENT
76.720,101179.5,21.50,12.05,12.04,-3.06,DESCENT
76.739,101184.5,21.50,11.63,11.86,-4.14,DESCENT
76.758,101183.0,21.50,11.76,11.77,-4.22,DESCENT
76.778,101178.4,21.50,12.14,11.85,-2.84,DESCENT
76.800,101191.2,21.50,11.07,11.54,-4.81,DESCENT
76.819,101189.2,21.50,11.24,11.37,-5.43,DESCENT
76.837,101187.6,21.50,11.37,11.31,-5.11,DESCENT
76.859,101187.1,21.50,11.42,11.27,-4.52,DESCENT
76.881,101186.9,21.50,11.44,11.27,-3.80,DESCENT
76.898,101187.3,21.50,11.40,11.27,-3.09,DESCENT
76.920,101188.3,21.50,11.32,11.24,-2.78,DESCENT
76.940,101195.0,21.50,10.76,11.04,-4.11,DESCENT
76.959,101189.1,21.50,11.25,11.06,-3.21,DESCENT
76.977,101196.7,21.50,10.61,10.87,-4.47,DESCENT
76.999,101199.8,21.50,10.36,10.63,-5.63,DESCENT
77.020,101196.9,21.50,10.60,10.54,-5.38,DESCENT
77.037,101201.7,21.50,10.20,10.36,-6.30,DESCENT
77.058,101201.3,21.50,10.23,10.23,-6.28,DESCENT
77.078,101200.2,21.50,10.32,10.18,-5.62,DESCENT
77.100,101201.3,21.50,10.23,10.12,-5.14,DESCENT
77.117,101207.5,21.50,9.71,9.92,-6.27,DESCENT
77.138,101208.9,21.50,9.60,9.72,-6.82,DESCENT
77.160,101200.8,21.50,10.28,9.82,-4.94,DESCENT
77.180,101206.0,21.50,9.84,9.76,-4.58,DESCENT
77.198,101201.7,21.50,10.20,9.86,-2.86,DESCENT
77.220,101206.6,21.50,9.79,9.80,-2.87,DESCENT
77.240,101212.7,21.50,9.28,9.58,-4.19,DESCENT
77.260,101210.6,21.50,9.46,9.48,-4.29,DESCENT
77.281,101208.8,21.50,9.61,9.47,-3.66,DESCENT
77.299,101214.3,21.50,9.15,9.31,-4.50,DESCENT
77.317,101215.1,21.50,9.08,9.18,-4.98,DESCENT
77.339,101216.0,21.50,9.01,9.05,-5.16,DESCENT
77.357,101218.0,21.50,8.84,8.91,-5.53,DESCENT
77.379,101217.0,21.50,8.92,8.84,-5.18,DESCENT
77.397,101218.0,21.50,8.85,8.78,-4.85,DESCENT
77.419,101219.9,21.50,8.68,8.68,-4.82,DESCENT
77.437,101221.3,21.50,8.57,8.58,-4.90,DESCENT
77.458,101227.9,21.50,8.02,8.32,-6.23,DESCENT
77.480,101218.3,21.50,8.82,8.40,-4.51,DESCENT
77.497,101219.5,21.50,8.71,8.46,-3.14,DESCENT
77.517,101220.6,21.50,8.62,8.48,-2.48,DESCENT
77.538,101218.9,21.50,8.76,8.54,-1.50,DESCENT
77.558,101222.5,21.50,8.47,8.50,-1.65,DESCENT
77.580,101223.1,21.50,8.42,8.45,-1.76,DESCENT
77.597,101229.8,21.50,7.86,8.22,-3.73,DESCENT
77.618,101231.6,21.50,7.71,7.99,-4.94,DESCENT
77.640,101225.5,21.50,8.22,8.00,-4.01,DESCENT
77.660,101230.4,21.50,7.81,7.88,-4.35,DESCENT
77.680,101227.8,21.50,8.03,7.88,-3.66,DESCENT
77.697,101230.5,21.50,7.80,7.81,-3.70,DESCENT
77.721,101234.6,21.50,7.46,7.63,-4.36,DESCENT
77.738,101234.1,21.50,7.51,7.54,-4.53,DESCENT
77.760,101235.3,21.50,7.40,7.42,-4.63,DESCENT
77.781,101241.4,21.50,6.89,7.18,-5.91,DESCENT
77.798,101239.4,21.50,7.06,7.07,-5.97,DESCENT
77.819,101236.8,21.50,7.28,7.06,-4.99,DESCENT
77.838,101237.6,21.50,7.21,7.05,-4.25,DESCENT
77.861,101236.8,21.50,7.28,7.07,-3.37,DESCENT
77.879,101241.8,21.50,6.86,6.95,-3.87,DESCENT
77.899,101247.4,21.50,6.39,6.71,-5.27,DESCENT
77.918,101247.7,21.50,6.37,6.52,-6.01,DESCENT
77.939,101244.7,21.50,6.62,6.47,-5.37,DESCENT
77.959,101243.2,21.50,6.74,6.50,-4.24,DESCENT
77.979,101245.9,21.50,6.51,6.45,-3.94,DESCENT
77.999,101244.1,21.50,6.67,6.48,-3.03,DESCENT
78.018,101241.9,21.50,6.85,6.57,-1.70,DESCENT
78.038,101242.9,21.50,6.77,6.62,-0.98,DESCENT
78.059,101252.2,21.50,6.00,6.39,-2.70,DESCENT
78.079,101250.4,21.50,6.14,6.27,-3.26,DESCENT
78.099,101249.1,21.50,6.26,6.22,-3.10,DESCENT
78.117,101257.1,21.50,5.59,5.96,-5.05,DESCENT
78.137,101258.1,21.50,5.50,5.73,-6.12,DESCENT
78.160,101261.3,21.50,5.24,5.47,-7.07,DESCENT
78.180,101258.3,21.50,5.49,5.39,-6.59,DESCENT
78.197,101256.9,21.50,5.60,5.39,-5.47,DESCENT
78.220,101262.5,21.50,5.14,5.22,-5.80,DESCENT
78.240,101258.0,21.50,5.51,5.24,-4.60,DESCENT
78.260,101261.3,21.50,5.24,5.18,-4.33,DESCENT
78.279,101266.9,21.50,4.77,4.99,-5.41,DESCENT
78.297,101260.9,21.50,5.27,5.02,-4.16,DESCENT
78.320,101265.8,21.50,4.86,4.90,-4.33,DESCENT
78.339,101265.4,21.50,4.90,4.85,-4.10,DESCENT
78.360,101263.8,21.50,5.03,4.85,-3.36,DESCENT
78.379,101273.9,21.50,4.19,4.58,-5.32,DESCENT
78.397,101265.9,21.50,4.85,4.61,-4.12,DESCENT
78.417,101268.5,21.50,4.64,4.57,-3.80,DESCENT
78.437,101271.4,21.50,4.40,4.46,-4.09,DESCENT
78.460,101276.2,21.50,3.99,4.23,-5.03,DESCENT
78.480,101275.3,21.50,4.07,4.11,-5.21,DESCENT
78.497,101272.6,21.50,4.30,4.12,-4.23,DESCENT
78.519,101273.5,21.50,4.22,4.09,-3.72,DESCENT
78.538,101279.3,21.50,3.74,3.92,-4.65,DESCENT
78.560,101278.0,21.50,3.84,3.83,-4.59,DESCENT
78.580,101278.9,21.50,3.77,3.75,-4.47,DESCENT
78.598,101280.4,21.50,3.64,3.66,-4.55,DESCENT
78.618,101282.3,21.50,3.49,3.54,-4.80,DESCENT
78.640,101281.8,21.50,3.53,3.47,-4.54,DESCENT
78.658,101287.3,21.50,3.07,3.28,-5.64,DESCENT
78.680,101290.9,21.50,2.77,3.02,-6.66,DESCENT
78.700,101283.2,21.50,3.42,3.07,-5.08,DESCENT
78.717,101285.6,21.50,3.21,3.06,-4.26,DESCENT
78.738,101290.2,21.50,2.83,2.92,-4.68,DESCENT
78.760,101290.2,21.50,2.83,2.83,-4.66,DESCENT
78.778,101288.5,21.50,2.97,2.82,-3.89,DESCENT
78.799,101288.4,21.50,2.98,2.82,-3.22,DESCENT
78.818,101290.1,21.50,2.84,2.79,-2.98,DESCENT
78.840,101295.4,21.50,2.40,2.61,-3.85,DESCENT
78.860,101297.0,21.50,2.26,2.44,-4.68,DESCENT
78.880,101292.6,21.50,2.63,2.45,-3.83,DESCENT
78.899,101297.2,21.50,2.24,2.33,-4.25,DESCENT
78.920,101294.0,21.50,2.51,2.34,-3.47,DESCENT
78.938,101302.1,21.50,1.84,2.12,-4.92,DESCENT
78.959,101298.5,21.50,2.14,2.06,-4.57,DESCENT
78.977,101298.8,21.50,2.11,2.02,-4.12,DESCENT
78.998,101298.6,21.50,2.13,2.01,-3.56,DESCENT
79.019,101304.5,21.50,1.64,1.83,-4.36,DESCENT
79.040,101306.8,21.50,1.45,1.64,-5.20,DESCENT
79.057,101300.6,21.50,1.96,1.69,-3.75,DESCENT
79.078,101309.3,21.50,1.24,1.48,-4.86,DESCENT
79.097,101304.4,21.50,1.64,1.48,-4.07,DESCENT
79.117,101306.7,21.50,1.45,1.42,-3.90,DESCENT
79.138,101306.7,21.50,1.45,1.38,-3.57,DESCENT
79.158,101313.1,21.50,0.92,1.17,-4.68,DESCENT
79.177,101317.0,21.50,0.60,0.91,-6.25,DESCENT
79.197,101310.1,21.50,1.17,0.92,-5.11,DESCENT
79.219,101316.5,21.50,0.64,0.75,-5.56,DESCENT
79.240,101313.7,21.50,0.87,0.72,-4.88,DESCENT
79.257,101320.6,21.50,0.30,0.52,-6.11,DESCENT
79.280,101317.4,21.50,0.56,0.44,-5.63,DESCENT
79.298,101316.0,21.50,0.68,0.46,-4.49,DESCENT
79.318,101323.5,21.50,0.06,0.26,-5.41,DESCENT
79.340,101320.5,21.50,0.31,0.20,-4.95,DESCENT
79.358,101322.1,21.50,0.18,0.13,-4.72,DESCENT
79.377,101324.7,21.50,-0.05,0.01,-5.00,DESCENT
79.400,101321.9,21.50,0.19,0.00,-4.21,DESCENT
79.417,101325.1,21.50,-0.08,-0.07,-4.24,DESCENT
79.439,101326.3,21.50,-0.18,-0.17,-4.27,DESCENT
79.459,101326.1,21.50,-0.16,-0.22,-3.99,DESCENT
79.477,101319.6,21.50,0.38,-0.06,-1.76,DESCENT
79.500,101324.8,21.50,-0.06,-0.08,-1.65,DESCENT
79.519,101327.5,21.50,-0.28,-0.17,-2.16,DESCENT
79.537,101327.5,21.50,-0.27,-0.23,-2.36,DESCENT
79.560,101323.6,21.50,0.05,-0.17,-1.47,DESCENT
79.578,101325.2,21.50,-0.09,-0.16,-1.12,DESCENT
79.598,101323.2,21.50,0.09,-0.09,-0.32,DESCENT
79.620,101323.1,21.50,0.09,-0.03,0.18,DESCENT
79.637,101321.2,21.50,0.25,0.07,1.16,DESCENT
79.660,101325.3,21.50,-0.10,0.03,0.65,DESCENT
79.679,101327.2,21.50,-0.25,-0.06,-0.26,DESCENT
79.699,101325.5,21.50,-0.11,-0.08,-0.38,DESCENT
79.720,101327.2,21.50,-0.25,-0.15,-0.87,DESCENT
79.740,101325.5,21.50,-0.11,-0.14,-0.71,DESCENT
79.760,101326.0,21.50,-0.15,-0.16,-0.68,DESCENT
79.778,101325.2,21.50,-0.09,-0.14,-0.41,DESCENT
79.799,101325.6,21.50,-0.12,-0.14,-0.33,DESCENT
79.819,101321.7,21.50,0.21,-0.02,0.74,DESCENT
79.839,101324.2,21.50,-0.00,-0.00,0.75,DESCENT
79.860,101321.8,21.50,0.20,0.08,1.30,DESCENT
79.878,101321.4,21.50,0.23,0.14,1.72,DESCENT
79.899,101330.7,21.50,-0.55,-0.07,-0.38,DESCENT
79.919,101322.5,21.50,0.14,-0.00,0.27,DESCENT
79.937,101321.7,21.50,0.20,0.07,0.95,DESCENT
79.960,101313.5,21.50,0.89,0.37,3.02,DESCENT
79.979,101324.5,21.50,-0.03,0.27,1.55,DESCENT
79.997,101324.9,21.50,-0.06,0.17,0.38,DESCENT
80.018,101318.5,21.50,0.47,0.28,1.24,DESCENT
80.037,101324.2,21.50,-0.00,0.20,0.27,DESCENT
80.058,101326.4,21.50,-0.19,0.07,-0.84,DESCENT
80.077,101321.5,21.50,0.22,0.11,-0.31,DESCENT
80.100,101327.7,21.50,-0.29,-0.03,-1.35,DESCENT
80.120,101324.5,21.50,-0.03,-0.05,-1.25,DESCENT
80.138,101326.3,21.50,-0.18,-0.11,-1.61,DESCENT
80.159,101322.4,21.50,0.15,-0.04,-0.77,DESCENT
80.178,101325.2,21.50,-0.08,-0.06,-0.86,DESCENT
80.197,101326.5,21.50,-0.19,-0.12,-1.22,DESCENT
80.218,101327.2,21.50,-0.25,-0.18,-1.52,DESCENT
80.239,101323.1,21.50,0.09,-0.11,-0.65,DESCENT
80.259,101323.3,21.50,0.07,-0.05,-0.05,DESCENT
80.279,101328.4,21.50,-0.35,-0.16,-0.95,DESCENT
80.298,101323.1,21.50,0.09,-0.08,-0.14,DESCENT
80.320,101323.2,21.50,0.08,-0.03,0.34,DESCENT
80.340,101324.7,21.50,-0.05,-0.03,0.26,DESCENT
80.357,101321.8,21.50,0.20,0.05,1.09,DESCENT
80.377,101328.2,21.50,-0.33,-0.07,-0.12,DESCENT
80.399,101320.3,21.50,0.33,0.07,0.94,DESCENT
80.420,101322.7,21.50,0.13,0.10,1.05,DESCENT
80.439,101326.4,21.50,-0.18,0.01,0.08,DESCENT
80.457,101324.7,21.50,-0.05,-0.01,-0.12,DESCENT
80.478,101321.7,21.50,0.21,0.07,0.50,DESCENT
80.498,101326.9,21.50,-0.23,-0.03,-0.38,DESCENT
80.519,101326.2,21.50,-0.17,-0.08,-0.76,DESCENT
80.538,101325.3,21.50,-0.09,-0.09,-0.74,DESCENT
80.559,101322.2,21.50,0.16,-0.01,0.06,DESCENT
80.580,101325.9,21.50,-0.14,-0.06,-0.32,DESCENT
80.599,101318.9,21.50,0.44,0.11,1.21,DESCENT
80.618,101327.5,21.50,-0.27,-0.01,-0.13,DESCENT
80.637,101326.9,21.50,-0.22,-0.09,-0.78,DESCENT
80.659,101319.4,21.50,0.39,0.07,0.61,DESCENT
80.680,101320.4,21.50,0.32,0.17,1.28,DESCENT
80.700,101322.0,21.50,0.18,0.19,1.25,DESCENT
80.717,101324.6,21.50,-0.03,0.12,0.38,DESCENT
80.740,101329.6,21.50,-0.45,-0.07,-1.18,DESCENT
80.758,101324.0,21.50,0.01,-0.05,-0.83,DESCENT
80.778,101328.6,21.50,-0.37,-0.18,-1.72,DESCENT
80.799,101326.3,21.50,-0.18,-0.20,-1.62,DESCENT
80.820,101324.6,21.50,-0.03,-0.16,-1.06,DESCENT
80.838,101321.8,21.50,0.20,-0.05,0.24,DESCENT
80.857,101327.8,21.50,-0.30,-0.13,-0.54,DESCENT
80.878,101326.4,21.50,-0.19,-0.16,-0.67,DESCENT
80.898,101320.7,21.50,0.29,-0.01,0.73,DESCENT
80.920,101322.8,21.50,0.12,0.05,1.03,DESCENT
80.939,101328.5,21.50,-0.36,-0.09,-0.31,DESCENT
80.959,101322.4,21.50,0.14,-0.01,0.39,DESCENT
80.978,101327.7,21.50,-0.30,-0.10,-0.55,DESCENT
80.999,101326.0,21.50,-0.15,-0.13,-0.64,DESCENT
81.020,101326.1,21.50,-0.16,-0.15,-0.70,DESCENT
81.037,101323.9,21.50,0.02,-0.10,-0.06,DESCENT
81.060,101325.1,21.50,-0.07,-0.09,-0.00,DESCENT
81.079,101328.7,21.50,-0.38,-0.19,-0.90,DESCENT
81.097,101327.0,21.50,-0.23,-0.22,-1.00,DESCENT
81.119,101316.3,21.50,0.66,0.07,1.38,DESCENT
81.138,101322.3,21.50,0.16,0.12,1.56,DESCENT
81.157,101328.3,21.50,-0.34,-0.02,0.00,DESCENT
81.179,101320.9,21.50,0.27,0.08,0.79,DESCENT
81.199,101323.5,21.50,0.06,0.08,0.68,DESCENT
81.219,101322.4,21.50,0.14,0.11,0.82,DESCENT
81.238,101328.6,21.50,-0.37,-0.05,-0.78,DESCENT
81.257,101321.8,21.50,0.20,0.03,0.03,DESCENT
81.277,101326.7,21.50,-0.21,-0.05,-0.68,DESCENT
81.298,101326.6,21.50,-0.20,-0.11,-1.05,DESCENT
81.318,101330.2,21.50,-0.50,-0.26,-2.19,DESCENT
81.338,101326.6,21.50,-0.21,-0.27,-1.89,DESCENT
81.358,101325.4,21.50,-0.10,-0.24,-1.27,DESCENT
81.380,101326.0,21.50,-0.15,-0.23,-0.96,DESCENT
81.399,101324.9,21.50,-0.06,-0.18,-0.35,DESCENT
81.420,101324.7,21.50,-0.04,-0.13,0.06,DESCENT
81.437,101327.7,21.50,-0.29,-0.19,-0.50,DESCENT
81.460,101319.0,21.50,0.43,0.02,1.15,DESCENT
81.480,101321.5,21.50,0.22,0.11,1.70,DESCENT
81.499,101326.2,21.50,-0.17,0.03,0.75,DESCENT
81.518,101329.6,21.50,-0.45,-0.13,-0.81,DESCENT
81.540,101325.2,21.50,-0.09,-0.13,-0.65,DESCENT
81.559,101323.8,21.50,0.03,-0.08,-0.12,DESCENT
81.578,101324.0,21.50,0.01,-0.05,0.18,DESCENT
81.600,101320.7,21.50,0.29,0.07,1.10,DESCENT
81.621,101325.9,21.50,-0.14,0.01,0.41,DESCENT
81.639,101328.2,21.50,-0.33,-0.10,-0.73,DESCENT
81.658,101327.2,21.50,-0.25,-0.16,-1.16,DESCENT
81.677,101326.5,21.50,-0.19,-0.19,-1.18,DESCENT
81.698,101328.6,21.50,-0.37,-0.27,-1.63,DESCENT
81.720,101324.5,21.50,-0.02,-0.21,-0.88,DESCENT
81.739,101326.7,21.50,-0.21,-0.22,-0.84,DESCENT
81.758,101325.4,21.50,-0.10,-0.19,-0.41,DESCENT
81.780,101322.1,21.50,0.17,-0.07,0.59,DESCENT
81.798,101324.1,21.50,0.00,-0.03,0.78,DESCENT
81.819,101324.8,21.50,-0.05,-0.03,0.68,DESCENT
81.841,101329.5,21.50,-0.44,-0.17,-0.53,DESCENT
81.859,101325.9,21.50,-0.14,-0.16,-0.41,DESCENT
81.880,101325.5,21.50,-0.11,-0.15,-0.22,DESCENT
81.898,101329.2,21.50,-0.42,-0.25,-1.10,DESCENT
81.920,101320.5,21.50,0.31,-0.07,0.46,DESCENT
81.938,101320.3,21.50,0.33,0.08,1.74,DESCENT
81.959,101324.9,21.50,-0.06,0.05,1.25,DESCENT
81.977,101326.5,21.50,-0.19,-0.02,0.34,DESCENT
81.998,101325.9,21.50,-0.14,-0.06,-0.02,DESCENT
82.019,101326.6,21.50,-0.20,-0.11,-0.42,DESCENT
82.038,101326.1,21.50,-0.16,-0.13,-0.57,DESCENT
82.059,101317.9,21.50,0.53,0.09,1.32,DESCENT
82.079,101324.7,21.50,-0.04,0.06,0.84,DESCENT
82.099,101321.9,21.50,0.19,0.12,1.16,DESCENT
82.119,101327.5,21.50,-0.28,-0.01,-0.12,DESCENT
82.138,101327.3,21.50,-0.26,-0.10,-0.90,DESCENT
82.158,101321.8,21.50,0.20,-0.01,0.06,DESCENT
82.179,101323.8,21.50,0.04,0.01,0.18,DESCENT
82.197,101321.8,21.50,0.20,0.08,0.79,DESCENT
82.218,101330.2,21.50,-0.50,-0.11,-0.93,DESCENT
82.240,101326.3,21.50,-0.17,-0.15,-1.03,DESCENT
82.257,101329.5,21.50,-0.45,-0.26,-2.03,LANDED
82.279,101328.2,21.50,-0.34,-0.32,-2.12,LANDED
82.300,101324.8,21.50,-0.05,-0.25,-1.26,LANDED
