t_ms,state,baro_alt_m,kf_alt_m,kf_vel_mps,kf_acc_mps2,pressure_pa,temp_c,ax_g,ay_g,az_g,gx_dps,gy_dps,gz_dps,vbat_v
1000,PAD,0.57,0.52,0.00,-0.16,94315.2,25.00,0.984,0.006,0.004,-0.1,0.1,0.2,3.90
1010,PAD,-0.07,0.24,-0.01,-0.10,94322.4,25.00,0.989,0.016,0.014,-0.1,-0.2,-0.4,3.90
1020,PAD,-0.09,0.13,-0.02,-0.08,94322.6,25.00,0.992,0.024,0.035,0.9,-0.9,-0.2,3.90
1030,PAD,0.12,0.13,-0.02,-0.33,94320.3,25.00,0.966,-0.009,0.013,0.0,-0.4,-0.3,3.90
1040,PAD,0.12,0.13,-0.03,-0.70,94320.2,25.00,0.929,0.040,0.005,-0.2,-0.2,-0.4,3.90
1050,PAD,0.48,0.19,-0.01,-0.07,94316.2,25.00,0.993,-0.015,0.007,0.1,0.1,0.2,3.90
1060,PAD,-0.04,0.15,-0.03,-0.39,94322.1,25.00,0.960,0.010,0.033,0.6,-0.1,-0.4,3.90
1070,PAD,-0.23,0.10,-0.07,-0.31,94324.2,25.00,0.968,0.010,0.006,0.3,-0.2,0.1,3.90
1080,PAD,-0.29,0.06,-0.12,-0.14,94324.9,25.00,0.986,-0.029,-0.023,0.1,-0.3,0.4,3.90
1090,PAD,0.00,0.05,-0.13,-0.27,94321.6,25.00,0.973,0.037,0.033,0.0,-0.1,-0.6,3.90
1100,PAD,0.20,0.07,-0.11,-0.00,94319.3,25.00,1.000,-0.010,0.030,0.3,-0.0,0.1,3.90
1110,PAD,-0.13,0.05,-0.14,-0.65,94323.1,25.00,0.933,-0.002,-0.001,0.4,-0.6,-0.4,3.90
1120,PAD,0.07,0.05,-0.14,0.01,94320.8,25.00,1.002,-0.011,-0.016,0.3,-0.9,-0.1,3.90
1130,PAD,0.10,0.05,-0.13,-0.54,94320.5,25.00,0.944,0.010,-0.009,0.1,-0.2,0.2,3.90
1140,PAD,-0.00,0.04,-0.14,-0.22,94321.6,25.00,0.978,0.007,0.011,0.4,-0.8,-0.0,3.90
1150,PAD,0.11,0.05,-0.13,-0.22,94320.3,25.00,0.977,0.024,0.029,0.2,-0.4,-0.1,3.90
1160,PAD,-0.01,0.04,-0.15,-0.28,94321.7,25.00,0.971,0.022,0.029,0.1,-0.2,-0.6,3.90
1170,PAD,0.02,0.04,-0.16,-0.60,94321.4,25.00,0.938,0.032,-0.007,0.5,0.6,-0.3,3.90
1180,PAD,-0.30,0.01,-0.23,-0.16,94325.0,25.00,0.984,0.007,-0.005,0.3,0.2,-0.1,3.90
1190,PAD,0.33,0.03,-0.16,-0.44,94317.9,25.00,0.955,0.013,0.039,0.2,-0.2,0.2,3.90
1200,PAD,0.04,0.03,-0.17,-0.26,94321.2,25.00,0.974,0.014,-0.024,0.2,-0.1,0.1,3.90
1210,PAD,0.26,0.05,-0.12,-0.40,94318.7,25.00,0.959,0.037,0.018,0.5,-0.5,-0.2,3.90
1220,PAD,0.14,0.05,-0.10,-0.18,94320.0,25.00,0.982,0.008,0.022,0.4,-0.1,-0.8,3.90
1230,PAD,-0.21,0.03,-0.16,-0.15,94324.0,25.00,0.984,-0.003,-0.006,0.1,-0.1,-0.3,3.90
1240,PAD,0.35,0.05,-0.08,-0.18,94317.6,25.00,0.981,0.021,0.060,-0.3,0.5,0.3,3.90
1250,PAD,-0.07,0.05,-0.12,0.08,94322.4,25.00,1.009,0.020,0.031,-0.1,-0.2,-0.5,3.90
1260,PAD,0.34,0.06,-0.04,-0.29,94317.7,25.00,0.970,0.005,0.023,0.5,-0.3,-0.2,3.90
1270,PAD,-0.05,0.06,-0.08,-0.57,94322.1,25.00,0.942,0.023,0.012,0.1,-0.6,-0.8,3.90
1280,PAD,0.05,0.06,-0.08,-0.18,94321.0,25.00,0.982,0.045,0.034,0.5,-0.2,0.1,3.90
1290,PAD,0.04,0.05,-0.08,-0.12,94321.2,25.00,0.988,0.037,0.065,0.2,-0.6,0.2,3.90
1300,PAD,0.17,0.06,-0.06,-0.25,94319.7,25.00,0.974,0.012,-0.007,0.5,-0.1,-0.4,3.90
1310,PAD,-0.02,0.05,-0.08,-0.32,94321.9,25.00,0.967,0.030,0.004,-0.1,-0.4,-0.3,3.90
1320,PAD,-0.07,0.05,-0.11,-0.42,94322.4,25.00,0.957,0.016,0.020,0.8,-0.0,-1.1,3.90
1330,PAD,0.11,0.05,-0.10,-0.32,94320.4,25.00,0.968,0.024,0.043,0.3,-0.9,-0.1,3.90
1340,PAD,-0.03,0.04,-0.12,-0.16,94322.0,25.00,0.984,0.045,-0.010,0.4,-0.8,-0.2,3.90
1350,PAD,-0.09,0.03,-0.15,0.21,94322.6,25.00,1.021,0.004,-0.022,0.3,-0.5,0.3,3.90
1360,PAD,0.15,0.04,-0.13,-0.41,94319.9,25.00,0.958,0.043,0.013,0.4,-0.7,0.3,3.90
1370,PAD,0.12,0.04,-0.11,-0.08,94320.2,25.00,0.992,-0.002,-0.020,0.0,-0.2,0.3,3.90
1380,PAD,-0.08,0.03,-0.14,-0.10,94322.5,25.00,0.990,0.031,0.074,-0.2,0.1,-0.2,3.90
1390,PAD,-0.06,0.03,-0.16,-0.34,94322.3,25.00,0.965,0.041,-0.014,-0.3,-0.3,-0.6,3.90
1400,PAD,-0.16,0.01,-0.20,-0.06,94323.4,25.00,0.994,0.003,0.027,-0.1,-0.3,-0.2,3.90
1410,PAD,-0.42,-0.02,-0.30,-0.24,94326.4,25.00,0.976,-0.000,-0.007,0.4,-0.8,-0.3,3.90
1420,PAD,0.08,-0.02,-0.28,-0.72,94320.7,25.00,0.927,0.009,0.032,0.2,-0.5,0.0,3.90
1430,PAD,-0.12,-0.02,-0.30,0.15,94323.0,25.00,1.016,0.003,0.004,0.1,-0.3,-0.2,3.90
1440,PAD,0.02,-0.02,-0.30,-0.37,94321.4,25.00,0.962,-0.014,0.000,-0.3,-0.6,-0.4,3.90
1450,PAD,-0.12,-0.03,-0.31,-0.08,94322.9,25.00,0.993,-0.003,0.017,0.3,-0.3,-0.7,3.90
1460,PAD,0.47,-0.00,-0.22,-0.09,94316.2,25.00,0.991,0.036,0.017,-0.2,0.2,0.2,3.90
1470,PAD,0.01,-0.00,-0.22,-0.29,94321.5,25.00,0.971,-0.022,0.026,-0.4,-0.1,0.0,3.90
1480,PAD,-0.02,-0.01,-0.22,0.06,94321.9,25.00,1.007,0.011,0.023,0.3,-0.2,-0.3,3.90
1490,PAD,-0.27,-0.03,-0.27,-0.16,94324.7,25.00,0.984,0.014,0.008,0.1,0.4,-0.2,3.90
1500,PAD,0.05,-0.02,-0.26,-0.45,94321.0,25.00,0.954,-0.007,-0.027,0.2,-0.3,-0.5,3.90
1510,PAD,0.33,-0.00,-0.20,-0.31,94317.9,25.00,0.969,0.007,-0.016,0.2,-0.2,-0.2,3.90
1520,PAD,-0.17,-0.02,-0.23,-0.37,94323.5,25.00,0.962,0.045,-0.009,0.2,-0.1,-0.3,3.90
1530,PAD,-0.07,-0.02,-0.24,-0.50,94322.5,25.00,0.949,-0.013,0.007,-0.1,-0.1,-0.2,3.90
1540,PAD,-0.13,-0.03,-0.26,-0.19,94323.1,25.00,0.981,0.021,0.013,-0.0,-0.4,0.4,3.90
1550,PAD,0.39,-0.01,-0.20,-0.28,94317.2,25.00,0.971,0.037,0.019,0.5,-0.1,-0.6,3.90
1560,PAD,0.07,-0.01,-0.19,-0.52,94320.8,25.00,0.947,0.037,0.040,-0.1,-0.1,-0.3,3.90
1570,PAD,0.32,0.01,-0.15,-0.34,94318.0,25.00,0.966,-0.014,-0.001,0.2,-0.1,0.2,3.90
1580,PAD,0.08,0.01,-0.14,-0.20,94320.7,25.00,0.979,0.025,0.022,-0.8,-0.5,0.0,3.90
1590,PAD,0.25,0.03,-0.11,-0.20,94318.8,25.00,0.980,0.034,-0.027,0.0,-0.2,-0.2,3.90
1600,PAD,0.34,0.04,-0.07,-0.18,94317.7,25.00,0.982,0.006,0.027,0.2,-0.4,-0.2,3.90
1610,PAD,0.16,0.05,-0.05,-0.39,94319.8,25.00,0.960,-0.015,0.005,0.3,-0.2,-0.2,3.90
1620,PAD,0.15,0.05,-0.05,-0.36,94319.9,25.00,0.964,0.031,-0.020,0.7,-0.3,0.4,3.90
1630,PAD,-0.24,0.04,-0.09,-0.34,94324.4,25.00,0.965,0.031,0.015,0.2,-0.1,-0.4,3.90
1640,PAD,0.16,0.04,-0.08,-0.34,94319.9,25.00,0.965,-0.012,0.004,0.1,-0.2,-0.2,3.90
1650,PAD,0.11,0.05,-0.07,-0.11,94320.4,25.00,0.989,-0.025,0.001,-0.0,-0.0,-0.1,3.90
1660,PAD,-0.15,0.03,-0.10,-0.26,94323.4,25.00,0.973,0.034,-0.011,0.1,-0.9,0.3,3.90
1670,PAD,-0.32,0.01,-0.14,-0.38,94325.3,25.00,0.961,-0.002,-0.034,-0.4,-0.3,-0.3,3.90
1680,PAD,0.35,0.03,-0.10,-0.37,94317.6,25.00,0.963,0.002,0.018,0.3,-0.4,-0.2,3.90
1690,PAD,0.03,0.03,-0.11,-0.67,94321.3,25.00,0.931,0.019,0.007,0.3,-0.9,-0.0,3.90
1700,PAD,0.17,0.04,-0.10,-0.22,94319.7,25.00,0.978,0.039,-0.021,-0.3,-0.0,-0.6,3.90
1710,PAD,0.24,0.05,-0.08,-0.15,94318.9,25.00,0.985,0.011,0.024,0.1,-0.3,0.1,3.90
1720,PAD,-0.46,0.02,-0.13,-0.29,94326.8,25.00,0.971,0.045,0.031,0.1,-0.2,-0.5,3.90
1730,PAD,0.16,0.03,-0.12,-0.21,94319.8,25.00,0.978,0.014,0.035,-0.3,-0.4,-0.4,3.90
1740,PAD,0.06,0.03,-0.12,-0.04,94321.0,25.00,0.996,-0.009,0.026,-0.1,-0.4,0.1,3.90
1750,PAD,0.09,0.03,-0.11,-0.13,94320.6,25.00,0.986,0.018,0.005,-0.1,-0.8,-0.5,3.90
1760,PAD,-0.01,0.02,-0.12,-0.22,94321.8,25.00,0.977,-0.014,0.029,0.2,-0.7,-0.6,3.90
1770,PAD,-0.09,0.02,-0.14,-0.61,94322.6,25.00,0.938,0.001,0.008,0.0,-0.3,-0.1,3.90
1780,PAD,0.20,0.03,-0.12,-0.36,94319.4,25.00,0.964,0.057,-0.019,-0.1,-0.3,-0.4,3.90
1790,PAD,-0.25,0.01,-0.15,-0.25,94324.5,25.00,0.975,0.031,-0.043,0.4,0.1,-0.5,3.90
1800,PAD,-0.27,-0.00,-0.18,-0.21,94324.7,25.00,0.979,0.034,0.046,0.1,-0.6,-0.2,3.90
1810,PAD,0.30,0.01,-0.15,-0.41,94318.2,25.00,0.958,0.001,-0.005,0.4,-0.0,-0.5,3.90
1820,PAD,-0.24,-0.00,-0.18,-0.58,94324.3,25.00,0.940,0.003,0.007,0.4,-0.1,-0.1,3.90
1830,PAD,-0.27,-0.02,-0.21,-0.12,94324.7,25.00,0.988,0.044,-0.006,-0.4,-0.4,0.0,3.90
1840,PAD,-0.05,-0.02,-0.21,-0.08,94322.2,25.00,0.992,0.031,0.020,0.3,-0.5,0.1,3.90
1850,PAD,0.23,-0.01,-0.19,-0.27,94319.0,25.00,0.972,-0.012,0.020,-0.4,0.1,-0.6,3.90
1860,PAD,-0.05,-0.02,-0.20,-0.28,94322.2,25.00,0.971,-0.001,0.035,-0.1,0.2,-0.5,3.90
1870,PAD,0.19,-0.01,-0.19,-0.64,94319.5,25.00,0.934,0.028,0.029,0.1,-0.3,-0.5,3.90
1880,PAD,-0.51,-0.03,-0.23,-0.11,94327.4,25.00,0.989,-0.020,0.004,-0.7,0.2,0.4,3.90
1890,PAD,-0.31,-0.05,-0.25,-0.26,94325.2,25.00,0.973,0.005,-0.018,0.2,-0.5,-0.3,3.90
1900,PAD,0.15,-0.04,-0.24,-0.31,94319.9,25.00,0.968,0.035,0.044,0.1,-0.3,-0.6,3.90
1910,PAD,0.28,-0.03,-0.22,-0.46,94318.5,25.00,0.953,0.035,0.015,0.4,-0.2,-0.3,3.90
1920,PAD,0.28,-0.02,-0.20,-0.32,94318.4,25.00,0.967,-0.012,0.051,0.2,-0.4,0.4,3.90
1930,PAD,0.09,-0.02,-0.19,-0.14,94320.6,25.00,0.986,0.014,0.018,-0.0,-0.1,0.2,3.90
1940,PAD,0.29,-0.01,-0.18,-0.68,94318.4,25.00,0.930,0.044,0.014,0.3,-0.4,0.2,3.90
1950,PAD,-0.40,-0.02,-0.21,-0.48,94326.2,25.00,0.951,0.031,-0.002,-0.4,-0.4,-0.1,3.90
1960,PAD,0.31,-0.01,-0.19,-0.50,94318.1,25.00,0.948,0.042,0.011,0.2,-0.6,-0.4,3.90
1970,PAD,-0.02,-0.01,-0.20,-0.22,94321.8,25.00,0.978,0.020,0.042,0.1,-0.8,-0.5,3.90
1980,PAD,0.03,-0.01,-0.19,-0.01,94321.3,25.00,0.999,0.002,0.002,0.1,-0.5,-0.5,3.90
1990,PAD,0.07,-0.01,-0.19,-0.06,94320.8,25.00,0.993,0.025,0.003,0.2,-0.7,0.1,3.90
2000,PAD,-0.14,-0.02,-0.20,-0.20,94323.2,25.00,0.979,-0.018,0.050,-0.8,-0.6,-0.5,3.90
2010,PAD,-0.13,-0.03,-0.21,-0.56,94323.1,25.00,0.943,0.020,0.006,-0.0,-0.0,0.2,3.90
2020,PAD,-0.07,-0.03,-0.22,-0.32,94322.4,25.00,0.967,-0.031,0.039,-0.0,-0.9,-0.2,3.90
2030,PAD,-0.30,-0.04,-0.24,-0.29,94325.0,25.00,0.970,-0.008,0.055,0.2,-0.2,0.1,3.90
2040,PAD,0.50,-0.02,-0.21,-0.28,94315.9,25.00,0.972,0.012,0.055,-0.1,-0.5,-0.7,3.90
2050,PAD,0.20,-0.02,-0.19,-0.30,94319.3,25.00,0.969,0.021,0.005,0.7,-0.1,-0.0,3.90
2060,PAD,-0.29,-0.03,-0.21,-0.14,94324.9,25.00,0.986,0.005,-0.022,0.2,-0.5,0.2,3.90
2070,PAD,0.19,-0.02,-0.20,-0.70,94319.5,25.00,0.928,0.017,0.031,0.0,-0.2,-0.2,3.90
2080,PAD,-0.37,-0.04,-0.23,-0.20,94325.8,25.00,0.980,0.015,-0.003,-0.4,0.1,0.1,3.90
2090,PAD,0.23,-0.03,-0.21,-0.14,94319.0,25.00,0.986,0.023,0.002,-0.0,-0.1,-0.6,3.90
2100,PAD,0.13,-0.03,-0.21,-0.27,94320.1,25.00,0.972,0.016,0.005,0.1,-0.1,-0.5,3.90
2110,PAD,-0.00,-0.03,-0.21,-0.36,94321.6,25.00,0.963,0.047,-0.019,-0.0,-0.1,-0.3,3.90
2120,PAD,0.09,-0.02,-0.21,-0.37,94320.6,25.00,0.963,0.022,-0.014,0.0,-0.3,-0.7,3.90
2130,PAD,-0.04,-0.03,-0.21,-0.35,94322.1,25.00,0.964,0.023,0.027,0.2,-0.6,-0.1,3.90
2140,PAD,0.37,-0.02,-0.19,-0.41,94317.4,25.00,0.959,0.050,0.010,0.6,-0.3,-0.2,3.90
2150,PAD,0.26,-0.01,-0.18,-0.07,94318.7,25.00,0.993,0.013,0.023,0.2,-0.1,-0.1,3.90
2160,PAD,0.02,-0.01,-0.18,-0.25,94321.4,25.00,0.975,0.003,-0.033,0.2,0.4,0.1,3.90
2170,PAD,-0.52,-0.03,-0.21,-0.15,94327.5,25.00,0.985,-0.002,-0.009,0.3,-0.2,-0.3,3.90
2180,PAD,-0.17,-0.03,-0.22,-0.41,94323.5,25.00,0.958,0.028,0.005,0.1,0.1,-0.2,3.90
2190,PAD,-0.31,-0.05,-0.24,0.02,94325.1,25.00,1.002,0.003,0.058,-0.3,-0.3,0.0,3.90
2200,PAD,0.50,-0.03,-0.21,-0.03,94315.9,25.00,0.997,0.041,0.009,0.2,-0.2,-0.3,3.90
2210,PAD,-0.25,-0.04,-0.22,-0.31,94324.4,25.00,0.968,0.017,0.019,0.4,0.1,-0.6,3.90
2220,PAD,0.45,-0.02,-0.20,-0.27,94316.6,25.00,0.973,0.017,-0.010,0.2,-0.1,-0.1,3.90
2230,PAD,-0.38,-0.04,-0.22,-0.44,94325.9,25.00,0.955,0.019,0.051,0.3,-0.6,-0.1,3.90
2240,PAD,-0.27,-0.05,-0.23,0.17,94324.7,25.00,1.018,0.032,0.035,-0.2,-0.3,0.2,3.90
2250,PAD,0.21,-0.04,-0.22,-0.25,94319.3,25.00,0.974,-0.020,0.041,0.1,-0.1,-0.7,3.90
2260,PAD,0.29,-0.03,-0.20,0.12,94318.4,25.00,1.012,0.011,0.000,0.2,-0.1,-0.8,3.90
2270,PAD,0.21,-0.03,-0.19,-0.23,94319.2,25.00,0.977,0.018,0.019,-0.0,-0.3,-0.1,3.90
2280,PAD,0.15,-0.02,-0.19,-0.40,94319.9,25.00,0.959,0.007,0.012,0.1,-0.4,-0.3,3.90
2290,PAD,0.01,-0.02,-0.19,-0.18,94321.5,25.00,0.982,0.025,-0.015,0.4,-0.8,-0.0,3.90
2300,PAD,0.15,-0.02,-0.18,-0.13,94319.9,25.00,0.987,0.039,-0.027,0.3,-0.2,-0.3,3.90
2310,PAD,-0.09,-0.02,-0.19,-0.34,94322.6,25.00,0.965,0.020,-0.010,0.3,-0.1,0.0,3.90
2320,PAD,0.14,-0.02,-0.18,0.12,94320.0,25.00,1.012,0.058,0.009,-0.0,-0.4,-0.0,3.90
2330,PAD,-0.23,-0.03,-0.19,-0.39,94324.2,25.00,0.960,-0.023,0.020,0.1,-0.2,-0.1,3.90
2340,PAD,0.25,-0.02,-0.18,-0.23,94318.8,25.00,0.976,0.012,0.019,0.5,-0.3,-0.5,3.90
2350,PAD,-0.28,-0.03,-0.19,-0.11,94324.8,25.00,0.989,0.013,-0.025,-0.2,-0.2,-0.1,3.90
2360,PAD,0.12,-0.03,-0.19,-0.16,94320.3,25.00,0.984,0.004,0.002,0.2,-0.4,-0.2,3.90
2370,PAD,-0.19,-0.04,-0.20,-0.03,94323.8,25.00,0.998,0.005,0.005,-0.3,-0.7,-0.1,3.90
2380,PAD,0.12,-0.03,-0.19,-0.61,94320.2,25.00,0.937,0.028,-0.007,-0.0,-0.2,-0.1,3.90
2390,PAD,0.02,-0.03,-0.20,-0.64,94321.4,25.00,0.934,0.028,-0.002,-0.3,-0.9,0.2,3.90
2400,PAD,-0.02,-0.03,-0.20,-0.23,94321.9,25.00,0.977,0.029,0.009,-0.4,-0.1,0.1,3.90
2410,PAD,-0.11,-0.04,-0.20,0.05,94322.8,25.00,1.005,0.055,-0.006,-0.1,-0.0,-0.2,3.90
2420,PAD,-0.04,-0.04,-0.20,-0.06,94322.1,25.00,0.993,0.032,0.002,0.1,-0.5,-0.3,3.90
2430,PAD,0.25,-0.03,-0.19,-0.63,94318.8,25.00,0.935,0.007,-0.001,0.3,0.2,-0.2,3.90
2440,PAD,-0.10,-0.04,-0.20,-0.38,94322.8,25.00,0.962,-0.001,0.005,-0.0,-0.2,-0.2,3.90
2450,PAD,-0.36,-0.05,-0.22,-0.29,94325.7,25.00,0.971,-0.016,0.013,-0.1,-0.2,0.1,3.90
2460,PAD,0.14,-0.05,-0.21,-0.26,94320.0,25.00,0.974,0.028,-0.008,0.2,-0.1,0.0,3.90
2470,PAD,-0.24,-0.05,-0.22,-0.14,94324.4,25.00,0.986,0.025,-0.017,-0.7,-0.6,0.2,3.90
2480,PAD,-0.03,-0.05,-0.03,38.16,94321.9,25.00,4.930,0.009,0.018,-0.5,-0.1,-0.6,3.90
2490,PAD,-0.23,-0.06,0.35,38.98,94324.2,25.00,4.976,0.080,-0.015,0.2,-0.7,0.1,3.90
2500,PAD,-0.03,-0.05,0.74,39.16,94322.0,25.00,4.994,0.020,-0.012,-0.1,-0.6,-0.5,3.90
2510,PAD,-0.03,-0.04,1.13,39.19,94322.0,25.00,4.997,0.035,0.022,-0.1,-0.1,-0.5,3.90
2520,PAD,-0.05,-0.03,1.52,39.15,94322.2,25.00,4.992,0.014,0.002,-0.0,-0.1,-0.3,3.90
2530,PAD,0.31,-0.00,1.93,38.91,94318.1,25.00,4.967,-0.003,0.041,0.1,-0.7,-0.1,3.90
2540,PAD,-0.16,0.01,2.11,0.22,94323.5,25.00,0.983,0.011,0.014,0.2,0.0,-0.1,3.90
2550,PAD,-0.50,0.02,2.09,-0.28,94327.3,25.00,0.971,0.048,0.012,-0.4,-0.6,-0.8,3.90
2560,PAD,0.37,0.05,2.10,-0.01,94317.4,25.00,0.999,0.005,0.023,-0.2,-0.3,-0.5,3.90
2570,PAD,-0.20,0.06,2.09,-0.29,94323.8,25.00,0.970,0.009,0.008,0.7,-0.1,0.0,3.90
2580,PAD,0.27,0.09,2.09,-0.37,94318.6,25.00,0.963,0.024,-0.026,0.5,-0.2,-0.2,3.90
2590,PAD,0.04,0.11,2.09,-0.29,94321.2,25.00,0.971,0.008,0.039,0.3,0.1,-0.3,3.90
2600,PAD,0.19,0.13,2.09,0.02,94319.5,25.00,1.003,-0.006,-0.001,0.3,0.1,-0.6,3.90
2610,PAD,0.06,0.15,2.08,-0.23,94321.0,25.00,0.976,0.015,-0.006,0.3,-0.4,-0.3,3.90
2620,PAD,0.49,0.18,2.09,-0.26,94316.1,25.00,0.973,-0.021,0.025,0.2,-0.4,-0.2,3.90
2630,PAD,-0.03,0.19,2.08,-0.27,94321.9,25.00,0.973,0.025,0.009,-0.1,-0.5,0.3,3.90
2640,PAD,-0.05,0.20,2.07,-0.24,94322.1,25.00,0.975,0.032,0.004,-0.0,-0.1,0.1,3.90
2650,PAD,-0.15,0.21,2.05,-0.53,94323.3,25.00,0.946,0.019,0.011,0.2,-0.5,-0.5,3.90
2660,PAD,0.02,0.23,2.04,-0.41,94321.4,25.00,0.958,-0.003,0.010,0.4,-0.2,0.1,3.90
2670,PAD,0.21,0.25,2.03,-0.11,94319.2,25.00,0.989,0.018,-0.006,-0.0,-0.5,-0.3,3.90
2680,PAD,0.16,0.26,2.03,0.00,94319.8,25.00,1.000,0.011,-0.017,0.0,-0.2,-0.3,3.90
2690,PAD,-0.19,0.27,2.00,-0.41,94323.8,25.00,0.957,0.001,0.043,0.1,-0.1,-0.1,3.90
2700,PAD,-0.13,0.28,1.98,-0.24,94323.1,25.00,0.976,0.014,0.033,-0.1,-0.2,-0.0,3.90
2710,PAD,0.08,0.29,1.97,-0.53,94320.7,25.00,0.945,0.027,0.033,0.2,-0.8,-0.0,3.90
2720,PAD,-0.43,0.29,1.94,-0.54,94326.5,25.00,0.945,-0.036,0.007,0.1,-0.0,0.0,3.90
2730,PAD,-0.02,0.30,1.92,-0.14,94321.9,25.00,0.986,0.024,0.014,0.1,-0.3,-0.0,3.90
2740,PAD,-0.09,0.31,1.90,-0.32,94322.7,25.00,0.967,0.039,-0.003,0.0,-0.2,-0.8,3.90
2750,PAD,0.08,0.32,1.89,-0.08,94320.8,25.00,0.992,0.034,-0.012,-0.2,-0.6,-0.3,3.90
2760,PAD,0.01,0.33,1.87,-0.54,94321.5,25.00,0.944,0.024,0.013,0.1,-0.5,-0.3,3.90
2770,PAD,0.38,0.35,1.87,-0.20,94317.3,25.00,0.980,0.022,0.009,-0.2,0.1,0.1,3.90
2780,PAD,0.40,0.37,1.87,-0.16,94317.1,25.00,0.984,0.021,-0.039,0.2,-0.1,0.0,3.90
2790,PAD,-0.04,0.37,1.85,-0.36,94322.1,25.00,0.963,0.008,0.021,0.4,-0.4,-0.3,3.90
2800,PAD,-0.16,0.38,1.82,-0.65,94323.4,25.00,0.934,0.027,0.007,-0.6,-0.0,-0.5,3.90
2810,PAD,-0.18,0.38,1.79,0.02,94323.6,25.00,1.003,-0.006,-0.012,0.1,-0.8,0.0,3.90
2820,PAD,-0.05,0.38,1.78,-0.05,94322.1,25.00,0.995,-0.018,0.015,0.2,-0.8,0.1,3.90
2830,PAD,0.29,0.40,1.77,-0.20,94318.4,25.00,0.979,-0.007,0.027,0.6,-0.2,-0.2,3.90
2840,PAD,-0.29,0.39,1.74,-0.32,94324.9,25.00,0.967,0.020,0.028,0.2,0.2,0.2,3.90
2850,PAD,-0.43,0.39,1.70,-0.23,94326.5,25.00,0.976,0.041,-0.003,0.4,0.3,0.5,3.90
2860,PAD,0.25,0.40,1.69,-0.26,94318.8,25.00,0.974,0.034,-0.004,0.3,-0.1,-0.3,3.90
2870,PAD,0.09,0.41,1.68,-0.40,94320.6,25.00,0.959,0.026,0.038,0.2,0.6,-0.6,3.90
2880,PAD,0.10,0.42,1.66,-0.10,94320.5,25.00,0.991,-0.002,0.020,0.4,-0.2,-0.2,3.90
2890,PAD,-0.23,0.41,1.63,-0.14,94324.2,25.00,0.986,0.034,0.024,-0.1,-0.6,-0.3,3.90
2900,PAD,-0.06,0.42,1.61,-0.26,94322.4,25.00,0.974,0.038,0.018,0.4,-0.2,-0.4,3.90
2910,PAD,-0.21,0.41,1.58,-0.13,94324.0,25.00,0.987,0.003,0.005,0.9,-1.2,0.2,3.90
2920,PAD,-0.03,0.42,1.56,-0.24,94322.0,25.00,0.976,0.014,0.003,0.8,-0.4,-0.3,3.90
2930,PAD,-0.19,0.41,1.54,-0.15,94323.8,25.00,0.984,0.016,0.007,-0.3,0.1,-0.5,3.90
2940,PAD,0.51,0.43,1.54,-0.03,94315.8,25.00,0.997,0.034,0.019,-0.1,0.1,-0.5,3.90
2950,PAD,0.47,0.45,1.54,-0.20,94316.4,25.00,0.979,0.035,0.024,0.7,-0.0,-0.3,3.90
2960,PAD,0.03,0.45,1.52,-0.06,94321.3,25.00,0.994,0.017,0.009,-0.4,-0.3,-0.6,3.90
2970,PAD,-0.06,0.45,1.50,-0.21,94322.3,25.00,0.979,0.033,0.047,0.1,0.2,-0.5,3.90
2980,PAD,-0.04,0.45,1.48,-0.05,94322.1,25.00,0.995,0.057,-0.010,0.0,-0.2,-0.2,3.90
2990,PAD,0.20,0.46,1.46,-0.55,94319.4,25.00,0.943,-0.006,0.010,-0.3,0.3,0.2,3.90
3000,PAD,0.41,0.47,1.45,-0.33,94317.0,25.00,0.966,0.045,0.041,0.4,-0.7,-0.3,3.90
3010,PAD,-0.29,0.46,1.42,-0.22,94324.9,25.00,0.978,0.009,0.022,0.4,-0.2,-0.1,3.90
3020,PAD,-0.25,0.46,1.39,-0.34,94324.4,25.00,0.965,0.000,0.027,-0.3,-0.1,-0.4,3.90
3030,PAD,-0.19,0.45,1.36,-0.47,94323.8,25.00,0.952,0.041,0.017,0.0,-0.5,-0.2,3.90
3040,PAD,0.20,0.46,1.34,-0.47,94319.4,25.00,0.952,0.040,0.024,0.5,-0.7,-0.8,3.90
3050,PAD,0.34,0.47,1.33,-0.11,94317.8,25.00,0.989,0.034,-0.025,0.4,-0.4,-0.6,3.90
3060,PAD,0.01,0.47,1.31,-0.13,94321.5,25.00,0.987,0.014,0.008,-0.2,-0.7,-0.3,3.90
3070,PAD,0.35,0.48,1.31,-0.12,94317.6,25.00,0.988,0.001,0.038,-0.4,0.2,-0.5,3.90
3080,PAD,0.19,0.48,1.29,-0.18,94319.4,25.00,0.981,0.036,0.011,-0.0,0.3,-0.1,3.90
3090,PAD,0.26,0.49,1.28,-0.29,94318.7,25.00,0.970,0.052,0.018,0.3,0.3,-0.4,3.90
3100,PAD,-0.09,0.48,1.26,-0.37,94322.6,25.00,0.962,0.018,0.022,-0.3,-0.2,-0.2,3.90
3110,PAD,-0.24,0.48,1.22,-0.36,94324.3,25.00,0.964,-0.008,0.019,-0.2,-0.2,-0.0,3.90
3120,PAD,0.19,0.48,1.21,-0.27,94319.5,25.00,0.973,-0.003,-0.046,-0.3,-0.9,-0.2,3.90
3130,PAD,0.23,0.48,1.19,-0.27,94319.0,25.00,0.972,0.017,0.032,-0.0,-0.4,-0.1,3.90
3140,PAD,-0.36,0.47,1.16,-0.26,94325.7,25.00,0.974,0.025,0.007,-0.1,-0.7,-0.2,3.90
3150,PAD,0.06,0.47,1.14,-0.29,94321.0,25.00,0.970,0.058,0.004,0.2,-0.4,0.1,3.90
3160,PAD,0.06,0.47,1.12,0.12,94320.9,25.00,1.013,0.013,0.027,0.4,-0.3,0.1,3.90
3170,PAD,-0.02,0.47,1.10,-0.39,94321.8,25.00,0.960,0.004,0.018,0.6,-0.4,-0.1,3.90
3180,PAD,0.17,0.47,1.08,-0.19,94319.6,25.00,0.981,-0.008,-0.004,0.1,-0.5,-0.3,3.90
3190,PAD,-0.23,0.46,1.05,-0.27,94324.2,25.00,0.973,0.004,-0.014,-0.1,0.1,-0.2,3.90
3200,PAD,0.03,0.46,1.03,-0.10,94321.3,25.00,0.990,0.035,0.031,-0.0,-0.5,-0.7,3.90
3210,PAD,0.15,0.46,1.02,-0.31,94320.0,25.00,0.968,0.032,0.018,-0.1,0.0,-0.6,3.90
3220,PAD,0.23,0.46,1.00,-0.47,94319.0,25.00,0.952,-0.004,0.006,-0.2,-0.5,0.2,3.90
3230,PAD,0.32,0.47,0.99,-0.44,94318.0,25.00,0.955,0.013,0.020,0.2,-0.3,-0.3,3.90
3240,PAD,0.06,0.47,0.97,-0.10,94321.0,25.00,0.990,-0.001,-0.036,0.2,-0.6,-0.2,3.90
3250,PAD,-0.31,0.46,0.94,-0.22,94325.1,25.00,0.977,0.054,-0.021,0.2,-0.2,0.0,3.90
3260,PAD,0.16,0.46,0.93,-0.21,94319.8,25.00,0.979,0.020,0.013,-0.3,-0.8,-0.1,3.90
3270,PAD,-0.08,0.45,0.90,-0.23,94322.5,25.00,0.976,0.031,0.033,-0.2,-0.0,0.2,3.90
3280,PAD,-0.23,0.44,0.87,-0.12,94324.2,25.00,0.988,0.032,-0.017,-0.1,0.1,0.2,3.90
3290,PAD,-0.11,0.43,0.85,-0.32,94322.9,25.00,0.967,0.016,0.029,0.7,-0.0,-0.3,3.90
3300,PAD,-0.15,0.42,0.82,-0.15,94323.3,25.00,0.985,0.067,0.024,0.1,-0.3,-0.6,3.90
3310,PAD,0.22,0.43,0.81,-0.32,94319.1,25.00,0.967,0.003,0.016,0.1,0.0,0.3,3.90
3320,PAD,-0.05,0.42,0.79,-0.27,94322.2,25.00,0.973,-0.018,0.020,0.3,-0.5,-0.3,3.90
3330,PAD,0.14,0.42,0.78,-0.02,94320.0,25.00,0.998,0.031,0.037,-0.2,0.6,-0.4,3.90
3340,PAD,0.21,0.42,0.77,-0.19,94319.2,25.00,0.980,0.008,0.049,-0.0,-0.5,0.1,3.90
3350,PAD,-0.28,0.41,0.73,-0.40,94324.8,25.00,0.960,0.009,0.005,0.1,0.3,0.2,3.90
3360,PAD,-0.25,0.40,0.71,0.01,94324.4,25.00,1.002,0.019,0.029,0.1,-0.5,0.3,3.90
3370,PAD,0.38,0.40,0.70,-0.23,94317.3,25.00,0.976,0.007,-0.022,-0.0,-0.2,-0.1,3.90
3380,PAD,0.17,0.40,0.69,-0.09,94319.6,25.00,0.991,0.024,0.028,-0.5,-0.4,-0.4,3.90
3390,PAD,-0.13,0.40,0.67,-0.38,94323.1,25.00,0.961,0.008,-0.011,-0.3,-0.5,0.1,3.90
3400,PAD,0.23,0.40,0.66,-0.72,94319.0,25.00,0.927,0.024,0.002,0.3,-0.1,-0.3,3.90
3410,PAD,0.09,0.40,0.64,-0.35,94320.6,25.00,0.964,0.018,-0.004,0.2,0.2,-0.4,3.90
3420,PAD,0.14,0.39,0.62,-0.37,94320.1,25.00,0.962,0.030,0.024,0.5,-0.1,-0.2,3.90
3430,PAD,-0.10,0.39,0.60,-0.50,94322.8,25.00,0.949,0.029,0.015,0.7,0.2,-0.5,3.90
3440,PAD,0.12,0.39,0.58,-0.07,94320.2,25.00,0.993,-0.023,-0.007,0.2,-0.1,-0.2,3.90
3450,PAD,-0.26,0.37,0.56,-0.29,94324.6,25.00,0.970,0.020,0.007,-0.2,-0.2,-0.4,3.90
3460,PAD,-0.02,0.37,0.54,-0.75,94321.9,25.00,0.923,0.020,0.001,-0.1,-0.2,-0.3,3.90
3470,PAD,-0.21,0.36,0.51,-0.00,94324.0,25.00,1.000,0.036,0.031,0.2,-0.2,-0.6,3.90
3480,PAD,0.08,0.35,0.50,-0.00,94320.8,25.00,1.000,0.033,0.002,0.1,0.1,-0.2,3.90
3490,PAD,-0.36,0.34,0.47,-0.38,94325.7,25.00,0.961,0.034,0.025,0.2,-0.2,-0.0,3.90
3500,PAD,0.49,0.35,0.47,-0.15,94316.0,25.00,0.985,0.041,0.020,0.4,-0.6,-0.2,3.90
3510,PAD,-0.08,0.34,0.45,-0.29,94322.5,25.00,0.970,0.042,0.021,-0.1,-0.0,0.0,3.90
3520,PAD,0.09,0.34,0.44,-0.12,94320.6,25.00,0.988,0.026,0.019,-0.3,0.1,-0.0,3.90
3530,PAD,0.00,0.33,0.42,-0.17,94321.6,25.00,0.983,0.025,0.005,-0.1,-0.2,-0.4,3.90
3540,PAD,0.10,0.33,0.41,-0.46,94320.5,25.00,0.952,0.013,0.032,0.2,-0.2,-0.3,3.90
3550,PAD,0.09,0.33,0.39,-0.53,94320.6,25.00,0.946,0.051,-0.003,-0.3,-0.1,-0.1,3.90
3560,PAD,0.11,0.32,0.38,-0.53,94320.4,25.00,0.946,-0.010,0.043,0.1,-0.5,0.3,3.90
3570,PAD,0.12,0.32,0.37,-0.42,94320.3,25.00,0.957,0.029,0.019,0.6,-0.7,-0.1,3.90
3580,PAD,0.37,0.33,0.37,-0.15,94317.4,25.00,0.985,0.005,0.002,-0.1,-0.0,0.3,3.90
3590,PAD,0.01,0.32,0.35,-0.29,94321.5,25.00,0.970,0.008,0.022,-0.2,0.8,-0.3,3.90
3600,PAD,-0.38,0.30,0.32,-0.21,94326.0,25.00,0.979,-0.009,-0.020,-0.0,-0.5,-0.3,3.90
3610,PAD,0.25,0.31,0.32,0.22,94318.8,25.00,1.022,0.060,-0.025,0.2,0.1,-0.3,3.90
3620,PAD,0.05,0.30,0.31,-0.03,94321.1,25.00,0.997,0.029,-0.013,0.5,-0.4,0.3,3.90
3630,PAD,0.21,0.30,0.30,-0.69,94319.2,25.00,0.929,0.020,0.035,0.2,-0.2,-0.5,3.90
3640,PAD,-0.20,0.29,0.27,-0.61,94323.9,25.00,0.938,0.033,-0.014,-0.1,-0.7,-0.5,3.90
3650,PAD,-0.33,0.28,0.24,-0.48,94325.3,25.00,0.951,0.021,-0.006,0.4,-0.7,-0.2,3.90
3660,PAD,-0.19,0.27,0.22,0.19,94323.8,25.00,1.020,-0.007,-0.007,0.1,0.2,-0.5,3.90
3670,PAD,-0.17,0.26,0.20,-0.37,94323.6,25.00,0.962,-0.004,-0.022,0.1,0.0,-0.3,3.90
3680,PAD,0.48,0.26,0.21,-0.36,94316.1,25.00,0.963,0.036,0.028,0.2,0.2,-0.6,3.90
3690,PAD,0.29,0.27,0.21,0.21,94318.4,25.00,1.022,0.030,0.006,-0.1,-1.1,0.0,3.90
3700,PAD,0.48,0.27,0.22,-0.64,94316.2,25.00,0.934,0.015,0.041,-0.1,-0.2,-0.4,3.90
3710,PAD,-0.08,0.27,0.20,-0.59,94322.5,25.00,0.940,0.059,-0.010,0.2,-0.9,0.3,3.90
3720,PAD,-0.08,0.26,0.18,0.14,94322.6,25.00,1.015,0.003,0.031,0.0,-0.3,0.2,3.90
3730,PAD,0.21,0.26,0.18,-0.10,94319.2,25.00,0.989,0.056,0.046,0.4,-0.2,-0.5,3.90
3740,PAD,-0.32,0.24,0.15,-0.38,94325.2,25.00,0.961,0.041,0.004,0.1,-0.3,-0.0,3.90
3750,PAD,0.10,0.24,0.14,-0.21,94320.4,25.00,0.978,0.007,0.021,0.2,-0.1,-0.5,3.90
3760,PAD,-0.07,0.23,0.13,-0.24,94322.4,25.00,0.976,0.029,0.012,-0.2,-0.1,-0.4,3.90
3770,PAD,-0.06,0.23,0.11,-0.66,94322.3,25.00,0.932,0.027,0.024,-0.2,-0.1,-0.3,3.90
3780,PAD,-0.30,0.21,0.09,-0.12,94325.1,25.00,0.988,-0.008,0.006,-0.5,-0.4,-0.1,3.90
3790,PAD,-0.18,0.20,0.07,-0.27,94323.7,25.00,0.972,0.012,0.014,-0.1,-0.2,0.1,3.90
3800,PAD,-0.04,0.20,0.06,-0.08,94322.1,25.00,0.992,0.001,0.001,0.2,0.3,0.1,3.90
3810,PAD,-0.38,0.18,0.03,-0.23,94326.0,25.00,0.976,0.043,-0.023,0.2,-0.9,0.2,3.90
3820,PAD,-0.11,0.17,0.02,-0.01,94322.9,25.00,0.999,0.026,0.001,-0.1,-0.2,0.2,3.90
3830,PAD,-0.15,0.16,0.01,-0.34,94323.3,25.00,0.965,0.007,-0.003,0.0,-0.3,-0.3,3.90
3840,PAD,-0.01,0.16,-0.01,-0.55,94321.7,25.00,0.944,0.050,0.016,0.6,-0.2,-0.3,3.90
3850,PAD,-0.03,0.15,-0.02,-0.20,94321.9,25.00,0.980,0.005,0.004,0.7,0.0,-0.4,3.90
3860,PAD,-0.12,0.15,-0.03,-0.40,94323.0,25.00,0.959,0.047,-0.009,0.4,-0.2,-0.2,3.90
3870,PAD,0.17,0.15,-0.03,-0.29,94319.7,25.00,0.971,0.003,-0.005,0.2,0.5,-0.3,3.90
3880,PAD,-0.23,0.14,-0.05,-0.24,94324.3,25.00,0.976,0.004,0.039,0.3,0.1,-0.2,3.90
3890,PAD,-0.04,0.13,-0.06,-0.39,94322.1,25.00,0.960,0.013,0.046,-0.6,-0.1,0.2,3.90
3900,PAD,-0.19,0.12,-0.08,-0.06,94323.8,25.00,0.994,0.013,0.035,0.4,-0.3,0.3,3.90
3910,PAD,0.10,0.12,-0.08,-0.72,94320.5,25.00,0.926,0.019,0.010,-0.2,-0.4,-0.4,3.90
3920,PAD,0.39,0.13,-0.07,0.00,94317.2,25.00,1.001,0.019,0.066,0.1,-0.1,-0.6,3.90
3930,PAD,-0.24,0.12,-0.09,-0.44,94324.3,25.00,0.954,0.030,0.031,0.3,-0.5,-0.4,3.90
3940,PAD,-0.18,0.11,-0.11,-0.00,94323.7,25.00,1.000,0.048,0.012,0.1,0.3,-0.4,3.90
3950,PAD,-0.18,0.10,-0.12,-0.29,94323.7,25.00,0.970,-0.010,-0.010,0.2,-0.2,-0.1,3.90
3960,PAD,0.07,0.09,-0.12,-0.33,94320.9,25.00,0.966,0.024,0.008,-0.4,-0.4,0.3,3.90
3970,PAD,0.16,0.10,-0.12,-0.13,94319.8,25.00,0.987,0.017,0.026,-0.2,-0.6,-0.1,3.90
3980,PAD,0.15,0.10,-0.12,-0.24,94320.0,25.00,0.975,0.012,0.031,0.2,-0.2,-0.5,3.90
3990,PAD,0.34,0.10,-0.12,-0.40,94317.8,25.00,0.959,0.035,0.025,0.3,-0.4,-0.5,3.90
4000,PAD,-0.26,0.09,-0.13,-0.20,94324.6,25.00,0.979,0.029,-0.007,-0.1,-0.1,0.0,3.90
4010,PAD,0.21,0.09,-0.13,-0.18,94319.2,25.00,0.981,-0.005,0.036,0.3,0.4,0.2,3.90
4020,PAD,0.14,0.09,-0.13,-0.20,94320.0,25.00,0.980,0.009,0.014,0.3,-0.3,-0.2,3.90
4030,PAD,0.29,0.10,-0.12,-0.13,94318.3,25.00,0.987,0.018,0.024,0.4,-0.2,0.0,3.90
4040,PAD,0.13,0.10,-0.12,-0.05,94320.2,25.00,0.994,0.018,-0.000,0.0,-0.7,-0.4,3.90
4050,PAD,0.09,0.09,-0.12,-0.23,94320.6,25.00,0.976,0.016,-0.001,0.0,-0.9,-0.2,3.90
4060,PAD,-0.13,0.09,-0.14,-0.09,94323.1,25.00,0.991,0.039,0.007,0.1,-0.4,-0.3,3.90
4070,PAD,-0.03,0.08,-0.14,0.02,94322.0,25.00,1.002,-0.016,0.001,0.2,-0.6,-0.1,3.90
4080,PAD,0.30,0.09,-0.13,-0.31,94318.2,25.00,0.968,-0.015,0.016,-0.2,-0.1,-0.3,3.90
4090,PAD,0.21,0.09,-0.13,-0.33,94319.2,25.00,0.967,0.020,0.011,0.0,-0.4,-0.2,3.90
4100,PAD,-0.18,0.08,-0.15,-0.36,94323.7,25.00,0.964,0.026,-0.015,0.4,-0.2,-0.3,3.90
4110,PAD,0.07,0.08,-0.15,-0.57,94320.8,25.00,0.941,0.019,0.006,-0.3,-0.4,-0.1,3.90
4120,PAD,-0.04,0.07,-0.16,-0.20,94322.0,25.00,0.980,0.006,0.028,0.1,-0.0,0.4,3.90
4130,PAD,0.44,0.08,-0.15,-0.34,94316.6,25.00,0.965,0.018,-0.004,0.4,-0.4,0.3,3.90
4140,PAD,-0.17,0.07,-0.16,-0.16,94323.5,25.00,0.984,0.017,0.028,0.2,0.2,-0.1,3.90
4150,PAD,-0.23,0.06,-0.17,-0.16,94324.2,25.00,0.984,0.024,-0.019,0.1,-0.2,-0.6,3.90
4160,PAD,0.30,0.07,-0.17,-0.30,94318.2,25.00,0.970,0.024,-0.022,0.2,0.0,-0.3,3.90
4170,PAD,-0.06,0.06,-0.17,-0.15,94322.3,25.00,0.985,0.005,0.024,0.2,-0.6,-0.1,3.90
4180,PAD,-0.20,0.05,-0.19,-0.45,94323.9,25.00,0.954,0.035,0.006,-0.3,-0.6,-0.5,3.90
4190,PAD,-0.12,0.05,-0.20,-0.33,94323.0,25.00,0.966,0.010,-0.014,0.1,-0.6,-0.4,3.90
4200,PAD,-0.14,0.04,-0.21,-0.11,94323.2,25.00,0.989,0.007,0.010,0.2,-0.3,0.2,3.90
4210,PAD,-0.30,0.03,-0.22,-0.25,94325.0,25.00,0.974,-0.006,0.008,0.5,0.1,0.2,3.90
4220,PAD,-0.25,0.02,-0.24,-0.34,94324.5,25.00,0.965,0.023,0.033,0.2,0.0,-0.5,3.90
4230,PAD,0.26,0.02,-0.23,0.15,94318.7,25.00,1.016,0.033,0.024,0.5,0.4,0.7,3.90
4240,PAD,0.52,0.04,-0.21,-0.16,94315.7,25.00,0.984,0.039,-0.026,-0.4,-0.3,0.4,3.90
4250,PAD,-0.22,0.03,-0.22,0.18,94324.1,25.00,1.019,0.024,0.033,0.6,-0.1,-0.2,3.90
4260,PAD,-0.04,0.02,-0.22,-0.95,94322.0,25.00,0.902,0.025,-0.026,-0.2,-0.1,-0.1,3.90
4270,PAD,0.43,0.03,-0.21,-0.14,94316.7,25.00,0.986,0.033,0.015,0.3,-0.1,-0.7,3.90
4280,PAD,0.04,0.03,-0.21,-0.30,94321.1,25.00,0.970,-0.006,0.010,-0.2,-0.3,-0.5,3.90
4290,PAD,-0.24,0.02,-0.23,0.19,94324.3,25.00,1.020,0.006,0.012,0.1,-0.1,-0.3,3.90
4300,PAD,0.49,0.03,-0.21,-0.17,94316.1,25.00,0.982,0.015,-0.010,0.0,-0.4,-0.1,3.90
4310,PAD,0.07,0.03,-0.21,-0.30,94320.8,25.00,0.970,0.020,0.016,0.1,0.1,-0.1,3.90
4320,PAD,0.17,0.03,-0.20,0.09,94319.7,25.00,1.010,0.020,0.042,-0.2,-0.1,0.3,3.90
4330,PAD,-0.28,0.02,-0.22,-0.22,94324.8,25.00,0.977,0.006,-0.001,0.0,-0.6,-0.4,3.90
4340,PAD,0.22,0.03,-0.21,-0.44,94319.1,25.00,0.955,0.022,-0.024,0.1,-0.1,-0.5,3.90
4350,PAD,0.20,0.03,-0.21,-0.24,94319.3,25.00,0.976,0.017,0.030,-0.5,-0.3,0.2,3.90
4360,PAD,-0.02,0.02,-0.21,0.10,94321.8,25.00,1.011,0.061,0.000,0.5,-0.1,-0.2,3.90
4370,PAD,0.06,0.02,-0.21,-0.28,94320.9,25.00,0.971,-0.001,0.008,0.4,0.1,-0.3,3.90
4380,PAD,-0.12,0.02,-0.22,-0.15,94323.0,25.00,0.985,-0.030,0.025,-0.3,-0.6,0.0,3.90
4390,PAD,-0.37,0.00,-0.24,-0.46,94325.8,25.00,0.953,-0.000,-0.008,-0.1,-0.4,-0.5,3.90
4400,PAD,0.36,0.01,-0.22,0.10,94317.5,25.00,1.011,0.007,-0.004,0.4,-0.4,0.1,3.90
4410,PAD,-0.17,0.00,-0.23,-0.05,94323.6,25.00,0.995,0.009,0.024,-0.4,-0.7,-0.2,3.90
4420,PAD,0.07,0.00,-0.23,0.02,94320.9,25.00,1.002,0.012,-0.024,0.1,-0.4,-0.2,3.90
4430,PAD,0.26,0.01,-0.22,-0.39,94318.7,25.00,0.960,0.019,0.026,0.2,-0.0,-0.6,3.90
4440,PAD,0.04,0.01,-0.22,-0.20,94321.1,25.00,0.980,0.037,0.016,0.0,-0.3,-0.2,3.90
4450,PAD,0.31,0.01,-0.21,-0.24,94318.1,25.00,0.976,0.034,0.026,-0.5,-0.3,-0.7,3.90
4460,PAD,-0.25,0.01,-0.22,-0.14,94324.4,25.00,0.986,0.032,-0.002,-0.5,-0.6,-0.3,3.90
4470,PAD,0.33,0.01,-0.21,-0.43,94317.9,25.00,0.955,0.053,-0.015,0.3,-0.8,-0.1,3.90
4480,PAD,-0.19,0.00,-0.22,-0.15,94323.8,25.00,0.984,0.042,0.047,-0.3,-0.2,-0.1,3.90
4490,PAD,-0.10,-0.00,-0.23,0.07,94322.8,25.00,1.008,0.024,0.036,0.4,-0.2,-0.0,3.90
4500,PAD,0.16,0.00,-0.22,-0.17,94319.8,25.00,0.982,0.022,0.009,-0.0,0.0,-0.2,3.90
4510,PAD,-0.52,-0.02,-0.24,0.02,94327.5,25.00,1.003,0.034,0.001,0.4,-0.2,-0.2,3.90
4520,PAD,0.22,-0.01,-0.23,-0.12,94319.1,25.00,0.988,0.024,0.003,-0.1,-0.3,-0.6,3.90
4530,PAD,0.10,-0.01,-0.23,0.04,94320.4,25.00,1.004,0.006,0.059,-0.3,0.1,0.1,3.90
4540,PAD,-0.27,-0.02,-0.24,-0.11,94324.7,25.00,0.988,-0.013,0.036,0.4,-0.2,-0.9,3.90
4550,PAD,-0.25,-0.03,-0.25,-0.41,94324.5,25.00,0.958,0.014,0.037,0.5,-0.1,-0.4,3.90
4560,PAD,-0.39,-0.04,-0.27,-0.01,94326.1,25.00,1.000,0.016,-0.007,0.2,-0.6,0.3,3.90
4570,PAD,-0.13,-0.05,-0.27,-0.30,94323.1,25.00,0.969,0.027,-0.021,0.1,-0.4,-0.7,3.90
4580,PAD,0.13,-0.04,-0.27,-0.17,94320.2,25.00,0.983,-0.010,0.008,-0.3,-0.2,-0.7,3.90
4590,PAD,-0.17,-0.05,-0.28,-0.11,94323.5,25.00,0.989,0.035,0.048,0.2,-0.2,-0.0,3.90
4600,PAD,0.10,-0.05,-0.27,-0.61,94320.5,25.00,0.938,-0.006,-0.013,0.2,-0.4,-0.3,3.90
4610,PAD,-0.13,-0.05,-0.28,-0.21,94323.1,25.00,0.979,0.058,0.010,-0.2,0.1,-0.3,3.90
4620,PAD,0.01,-0.05,-0.28,-0.04,94321.5,25.00,0.996,0.022,0.026,-0.1,-0.3,-0.0,3.90
4630,PAD,0.11,-0.05,-0.27,-0.31,94320.4,25.00,0.968,0.018,0.044,0.6,-0.2,-0.2,3.90
4640,PAD,0.14,-0.05,-0.27,0.03,94320.0,25.00,1.003,0.027,0.032,-0.3,-0.0,-0.1,3.90
4650,PAD,-0.19,-0.06,-0.27,-0.02,94323.7,25.00,0.998,0.020,0.006,0.3,-0.6,0.2,3.90
4660,PAD,-0.10,-0.06,-0.28,-0.44,94322.8,25.00,0.955,0.046,0.033,0.6,0.1,-0.0,3.90
4670,PAD,-0.02,-0.06,-0.28,-0.43,94321.9,25.00,0.956,0.035,0.026,0.0,-0.1,-0.4,3.90
4680,PAD,-0.26,-0.07,-0.29,-0.19,94324.6,25.00,0.981,0.025,-0.001,0.4,-0.2,-0.3,3.90
4690,PAD,-0.12,-0.07,-0.29,-0.26,94322.9,25.00,0.974,0.041,-0.017,-0.2,0.4,-0.3,3.90
4700,PAD,-0.14,-0.08,-0.30,-0.30,94323.2,25.00,0.970,0.024,0.066,-0.5,-0.1,-0.2,3.90
4710,PAD,-0.03,-0.08,-0.30,-0.37,94322.0,25.00,0.962,0.001,0.041,0.3,-0.6,-0.2,3.90
4720,PAD,0.27,-0.07,-0.29,0.34,94318.6,25.00,1.035,0.027,-0.023,0.4,-0.1,-0.1,3.90
4730,PAD,-0.06,-0.08,-0.29,-0.32,94322.3,25.00,0.966,0.016,-0.027,0.5,0.4,-0.0,3.90
4740,PAD,-0.16,-0.08,-0.29,-0.49,94323.4,25.00,0.950,0.011,-0.015,-0.3,-0.1,0.2,3.90
4750,PAD,-0.01,-0.08,-0.29,0.26,94321.7,25.00,1.027,0.036,-0.032,-0.0,0.2,-0.1,3.90
4760,PAD,-0.25,-0.09,-0.30,-0.55,94324.5,25.00,0.943,0.045,-0.011,0.2,0.4,-0.2,3.90
4770,PAD,0.03,-0.09,-0.30,-0.08,94321.2,25.00,0.992,0.002,-0.007,0.4,-0.7,-0.6,3.90
4780,PAD,-0.41,-0.10,-0.31,-0.47,94326.2,25.00,0.952,0.028,0.035,0.1,-0.6,0.1,3.90
4790,PAD,0.19,-0.10,-0.30,0.18,94319.5,25.00,1.019,0.064,-0.008,0.3,-0.5,-0.1,3.90
4800,PAD,0.04,-0.10,-0.30,-0.42,94321.2,25.00,0.957,0.029,-0.021,0.2,-0.3,-0.4,3.90
4810,PAD,-0.21,-0.10,-0.31,-0.23,94324.0,25.00,0.977,0.012,0.009,0.0,0.0,-0.3,3.90
4820,PAD,0.63,-0.08,-0.28,-0.84,94314.5,25.00,0.914,-0.003,-0.013,0.0,-0.7,-0.4,3.90
4830,PAD,-0.30,-0.09,-0.30,-0.50,94325.1,25.00,0.949,0.036,0.010,0.5,0.0,-0.2,3.90
4840,PAD,-0.25,-0.10,-0.31,-0.19,94324.5,25.00,0.981,-0.004,0.022,0.3,-0.3,-0.1,3.90
4850,PAD,0.08,-0.10,-0.30,-0.16,94320.7,25.00,0.983,0.014,-0.018,0.0,0.2,0.1,3.90
4860,PAD,-0.35,-0.11,-0.31,-0.22,94325.6,25.00,0.977,0.011,-0.009,0.2,0.1,0.1,3.90
4870,PAD,-0.18,-0.11,-0.32,-0.33,94323.7,25.00,0.967,0.022,-0.003,0.4,-0.1,-0.4,3.90
4880,PAD,-0.05,-0.11,-0.32,-0.67,94322.2,25.00,0.931,0.033,-0.004,0.0,-0.1,0.0,3.90
4890,PAD,0.13,-0.11,-0.32,0.08,94320.1,25.00,1.009,0.060,0.042,0.5,-0.2,0.2,3.90
4900,PAD,0.17,-0.11,-0.31,-0.44,94319.6,25.00,0.955,0.022,0.018,-0.2,0.3,-0.6,3.90
4910,PAD,0.44,-0.09,-0.29,-0.31,94316.6,25.00,0.969,0.052,0.027,0.2,-0.2,-0.0,3.90
4920,PAD,-0.09,-0.10,-0.29,-0.21,94322.6,25.00,0.979,0.016,-0.020,0.4,-0.4,-0.1,3.90
4930,PAD,-0.12,-0.10,-0.29,-0.03,94323.0,25.00,0.997,0.003,0.029,0.4,-0.3,-0.2,3.90
4940,PAD,-0.05,-0.10,-0.29,-0.43,94322.2,25.00,0.956,0.010,-0.011,0.5,-0.5,-0.5,3.90
4950,PAD,-0.05,-0.10,-0.29,-0.13,94322.2,25.00,0.987,0.011,-0.007,0.2,0.0,-0.7,3.90
4960,PAD,-0.21,-0.11,-0.30,-0.58,94324.0,25.00,0.941,0.032,0.003,0.0,-0.0,0.2,3.90
4970,PAD,-0.47,-0.12,-0.32,0.03,94327.0,25.00,1.004,0.032,-0.015,-0.0,-0.2,-0.4,3.90
4980,PAD,-0.14,-0.13,-0.32,-0.28,94323.2,25.00,0.971,0.054,0.008,-0.3,-0.4,-0.4,3.90
4990,PAD,-0.17,-0.13,-0.32,0.04,94323.5,25.00,1.004,0.039,0.032,-0.1,-0.6,-0.4,3.90
5000,PAD,-0.02,-0.13,-0.32,-0.30,94321.8,25.00,0.969,0.024,0.033,0.1,0.3,-0.4,3.90
5010,PAD,-0.15,-0.13,-0.23,17.00,94323.4,25.00,2.751,0.039,0.012,720.0,-0.3,-0.5,3.90
5020,PAD,0.23,-0.12,0.09,44.30,94319.0,25.00,5.545,0.007,0.036,720.9,-0.4,0.1,3.90
5030,PAD,0.01,-0.12,0.67,71.03,94321.5,25.00,8.270,0.017,0.042,719.7,-0.3,-0.2,3.90
5040,PAD,0.33,-0.09,1.54,98.73,94317.9,25.00,11.096,0.015,0.023,720.1,-0.7,-0.2,3.90
5050,PAD,-0.10,-0.07,2.67,125.95,94322.8,25.00,13.871,0.030,0.023,719.5,-0.1,-0.8,3.90
5060,PAD,0.36,-0.03,3.94,124.56,94317.5,25.00,13.700,-0.002,-0.005,720.4,-0.6,0.1,3.90
5070,PAD,-0.27,0.01,5.16,123.16,94324.7,25.00,13.557,-0.005,-0.020,720.1,0.4,-0.3,3.90
5080,PAD,0.32,0.07,6.39,121.16,94318.0,25.00,13.353,0.032,0.035,720.1,-0.3,-0.1,3.90
5090,PAD,0.26,0.15,7.60,119.40,94318.7,25.00,13.174,-0.018,0.013,719.9,-0.3,-0.3,3.90
5100,BOOST,0.54,0.24,8.80,117.88,94315.5,25.00,13.019,0.039,0.021,719.9,-0.2,-0.0,3.90
5110,BOOST,0.47,0.33,9.98,116.19,94316.3,25.00,12.847,-0.011,0.006,720.5,0.0,-0.2,3.90
5120,BOOST,0.53,0.44,11.13,114.76,94315.7,25.00,12.701,0.039,-0.003,720.2,-0.4,-0.4,3.90
5130,BOOST,0.94,0.57,12.29,112.77,94311.0,25.00,12.497,0.062,0.028,719.7,-0.1,-0.6,3.90
5140,BOOST,0.75,0.70,13.41,111.11,94313.1,24.99,12.328,0.047,0.014,720.2,-0.3,-0.3,3.90
5150,BOOST,0.59,0.83,14.50,108.99,94314.9,24.99,12.112,-0.014,0.047,720.8,-0.7,0.1,3.90
5160,BOOST,0.91,0.98,15.58,107.36,94311.3,24.99,11.946,-0.001,0.015,720.0,-0.0,-0.4,3.90
5170,BOOST,0.99,1.14,16.64,105.59,94310.4,24.99,11.765,0.051,0.029,720.4,-0.4,-0.3,3.90
5180,BOOST,1.45,1.31,17.69,104.20,94305.2,24.99,11.625,0.005,-0.004,720.0,-0.2,-0.2,3.90
5190,BOOST,1.62,1.50,18.73,101.98,94303.2,24.99,11.397,0.006,-0.010,720.4,-0.3,-0.0,3.90
5200,BOOST,2.10,1.70,19.76,100.48,94297.9,24.99,11.245,0.025,-0.010,719.9,-0.4,-0.2,3.90
5210,BOOST,1.95,1.91,20.75,98.47,94299.5,24.99,11.039,0.025,0.016,720.2,-0.5,-0.2,3.90
5220,BOOST,1.94,2.11,21.72,97.21,94299.6,24.99,10.912,0.006,0.043,720.0,-0.5,0.1,3.90
5230,BOOST,2.38,2.34,22.69,95.69,94294.6,24.98,10.756,0.013,0.014,720.3,-0.2,-0.3,3.90
5240,BOOST,2.68,2.57,23.64,93.49,94291.2,24.98,10.531,0.018,0.011,719.6,0.0,-0.4,3.90
5250,BOOST,2.98,2.82,24.57,91.57,94287.8,24.98,10.336,0.014,0.031,720.5,-0.2,-0.2,3.90
5260,BOOST,3.30,3.07,25.50,91.63,94284.3,24.98,10.343,0.023,0.008,719.8,-0.2,-0.5,3.90
5270,BOOST,2.99,3.32,26.40,91.71,94287.8,24.98,10.352,0.007,0.021,719.9,-0.3,0.3,3.90
5280,BOOST,3.43,3.59,27.31,91.40,94282.8,24.98,10.320,-0.004,0.001,720.8,-0.2,-0.1,3.90
5290,BOOST,4.11,3.87,28.23,91.86,94275.1,24.97,10.367,0.037,-0.023,719.8,-0.8,-0.6,3.90
5300,BOOST,4.46,4.17,29.16,91.32,94271.0,24.97,10.311,0.005,0.025,720.4,-0.2,0.0,3.90
5310,BOOST,4.88,4.48,30.09,91.83,94266.3,24.97,10.364,0.064,0.009,720.3,-0.2,-0.9,3.90
5320,BOOST,4.67,4.78,31.01,91.61,94268.8,24.97,10.342,-0.014,0.003,720.4,-0.1,-0.6,3.90
5330,BOOST,5.33,5.10,31.93,91.35,94261.2,24.97,10.315,0.021,-0.003,720.1,-0.3,-0.6,3.90
5340,BOOST,5.44,5.42,32.85,91.50,94259.9,24.96,10.331,0.004,0.026,720.8,-0.7,-0.1,3.90
5350,BOOST,5.68,5.76,33.76,91.43,94257.2,24.96,10.323,0.006,0.055,719.9,-0.3,-0.4,3.90
5360,BOOST,5.95,6.09,34.66,90.98,94254.2,24.96,10.276,-0.000,0.002,720.2,-0.2,0.1,3.90
5370,BOOST,6.60,6.45,35.58,91.21,94246.9,24.96,10.302,0.017,-0.006,719.9,-0.4,-0.1,3.90
5380,BOOST,6.75,6.81,36.49,91.11,94245.2,24.95,10.291,0.006,0.011,720.1,-0.3,-0.0,3.90
5390,BOOST,7.35,7.18,37.41,90.96,94238.3,24.95,10.275,0.044,-0.014,720.6,-0.2,-0.1,3.90
5400,BOOST,8.01,7.57,38.34,91.31,94230.9,24.95,10.312,0.014,-0.005,720.3,-0.0,0.2,3.90
5410,BOOST,8.34,7.97,39.26,91.08,94227.1,24.95,10.287,0.046,0.022,720.3,-0.4,-0.1,3.90
5420,BOOST,8.29,8.37,40.17,90.96,94227.7,24.94,10.275,0.005,0.017,720.5,-0.4,-0.0,3.90
5430,BOOST,9.06,8.78,41.09,90.93,94219.0,24.94,10.273,0.031,-0.009,720.1,-0.4,-0.1,3.90
5440,BOOST,9.57,9.21,42.02,90.86,94213.2,24.94,10.265,-0.010,0.008,720.5,-0.0,-0.2,3.90
5450,BOOST,9.75,9.64,42.93,91.32,94211.1,24.94,10.313,0.016,0.032,720.5,-0.1,-0.1,3.90
5460,BOOST,10.08,10.07,43.84,91.04,94207.5,24.93,10.284,0.024,-0.006,719.8,0.2,-0.2,3.90
5470,BOOST,10.97,10.53,44.77,91.28,94197.3,24.93,10.308,0.045,0.020,719.7,0.3,0.1,3.90
5480,BOOST,10.79,10.97,45.68,90.94,94199.4,24.93,10.273,0.026,0.006,720.0,-0.6,-0.4,3.90
5490,BOOST,11.63,11.44,46.60,90.95,94189.8,24.93,10.275,0.037,0.022,719.6,0.0,-0.6,3.90
5500,BOOST,11.89,11.91,47.50,90.87,94186.9,24.92,10.266,0.019,0.002,719.8,0.2,-0.9,3.90
5510,BOOST,12.67,12.40,48.42,91.12,94178.0,24.92,10.292,0.017,0.011,719.8,-0.6,-0.0,3.90
5520,BOOST,13.01,12.89,49.34,90.89,94174.2,24.92,10.268,0.033,-0.023,719.8,-0.5,-0.2,3.90
5530,BOOST,13.32,13.38,50.24,90.59,94170.7,24.91,10.237,0.013,0.009,720.0,0.2,-0.4,3.90
5540,BOOST,13.95,13.89,51.15,90.30,94163.6,24.91,10.208,0.015,0.013,720.3,-0.4,-0.4,3.90
5550,BOOST,14.77,14.42,52.07,90.61,94154.4,24.91,10.240,0.065,-0.023,719.6,-0.2,-0.5,3.90
5560,BOOST,14.75,14.94,52.97,90.37,94154.5,24.90,10.215,0.050,0.002,719.6,-0.9,-0.5,3.90
5570,BOOST,15.71,15.48,53.88,90.69,94143.7,24.90,10.248,-0.008,0.072,720.3,-0.3,-0.4,3.90
5580,BOOST,15.51,16.01,54.77,90.44,94145.9,24.90,10.222,0.033,0.041,719.8,-0.1,-0.4,3.90
5590,BOOST,16.35,16.56,55.67,90.82,94136.4,24.89,10.262,0.029,0.015,719.7,0.5,0.2,3.90
5600,BOOST,17.06,17.12,56.57,90.80,94128.4,24.89,10.259,0.018,-0.011,720.4,-0.6,-0.4,3.90
5610,BOOST,17.62,17.68,57.47,90.16,94122.0,24.88,10.193,0.019,0.006,719.8,-0.6,-0.3,3.90
5620,BOOST,18.44,18.27,58.38,90.45,94112.8,24.88,10.223,-0.012,0.013,719.7,-0.5,0.1,3.90
5630,BOOST,19.11,18.86,59.30,90.28,94105.1,24.88,10.206,0.002,0.011,720.3,-0.4,-0.0,3.90
5640,BOOST,19.85,19.47,60.22,90.42,94096.8,24.87,10.220,0.016,0.013,719.8,-0.4,-0.1,3.90
5650,BOOST,20.43,20.09,61.13,90.43,94090.2,24.87,10.222,0.009,0.021,719.8,-0.8,-0.0,3.90
5660,BOOST,20.64,20.70,62.04,90.23,94087.9,24.86,10.201,0.031,0.011,720.3,-0.2,-0.5,3.90
5670,BOOST,21.17,21.32,62.93,90.01,94081.9,24.86,10.178,0.063,0.009,719.8,-0.3,-0.2,3.90
5680,BOOST,22.02,21.96,63.83,90.25,94072.2,24.86,10.204,0.006,-0.030,719.8,-0.1,0.1,3.90
5690,BOOST,23.13,22.62,64.76,90.12,94059.7,24.85,10.190,0.041,-0.016,720.6,-0.5,-0.2,3.90
5700,BOOST,23.46,23.27,65.67,90.40,94056.0,24.85,10.219,0.036,0.015,720.0,-0.8,-0.3,3.90
5710,BOOST,24.14,23.94,66.58,89.99,94048.2,24.84,10.176,-0.020,0.037,720.4,0.2,-0.4,3.90
5720,BOOST,24.69,24.61,67.48,89.72,94042.1,24.84,10.149,0.036,0.007,720.6,-0.0,0.0,3.90
5730,BOOST,25.24,25.29,68.37,89.62,94035.8,24.84,10.139,0.033,-0.020,720.2,-0.1,-0.6,3.90
5740,BOOST,26.19,25.99,69.28,89.82,94025.1,24.83,10.160,0.024,0.018,720.1,-0.5,-0.1,3.90
5750,BOOST,26.20,26.67,70.16,89.70,94025.0,24.83,10.147,0.050,-0.012,719.9,0.1,0.1,3.90
5760,BOOST,27.10,27.37,71.05,89.88,94014.8,24.82,10.165,0.006,0.013,720.0,0.1,-0.0,3.90
5770,BOOST,27.90,28.08,71.94,89.58,94005.8,24.82,10.134,0.013,0.003,720.0,-0.3,0.2,3.90
5780,BOOST,28.88,28.80,72.84,89.89,93994.8,24.81,10.166,0.022,-0.024,719.7,-0.3,0.1,3.90
5790,BOOST,29.64,29.54,73.74,89.32,93986.1,24.81,10.108,0.021,0.007,720.3,-0.0,-0.1,3.90
5800,BOOST,30.53,30.29,74.64,89.35,93976.1,24.80,10.111,0.011,0.010,720.2,-0.4,-0.4,3.90
5810,BOOST,31.03,31.04,75.53,89.66,93970.4,24.80,10.143,0.024,-0.009,720.0,0.4,-0.5,3.90
5820,BOOST,31.98,31.80,76.44,89.63,93959.6,24.79,10.139,-0.001,0.005,720.5,0.0,-0.8,3.90
5830,BOOST,32.54,32.57,77.33,89.33,93953.4,24.79,10.109,-0.010,0.033,719.9,-0.3,-0.5,3.90
5840,BOOST,33.27,33.35,78.22,89.52,93945.0,24.78,10.128,0.034,0.060,720.3,-0.3,-0.0,3.90
5850,BOOST,34.15,34.13,79.12,89.44,93935.1,24.78,10.120,-0.028,0.030,720.7,0.0,-0.4,3.90
5860,BOOST,34.53,34.92,80.00,89.41,93930.8,24.77,10.117,0.063,0.035,720.1,-0.7,-0.1,3.90
5870,BOOST,35.67,35.72,80.89,89.15,93917.9,24.77,10.090,-0.003,0.033,720.0,0.2,-0.3,3.90
5880,BOOST,36.52,36.53,81.78,89.11,93908.4,24.76,10.086,0.031,0.027,719.5,-0.4,-0.3,3.90
5890,BOOST,37.56,37.36,82.68,89.09,93896.6,24.76,10.085,0.045,-0.004,720.3,-0.3,-0.3,3.90
5900,BOOST,38.60,38.21,83.58,88.90,93884.9,24.75,10.065,0.000,0.025,720.6,-0.0,0.1,3.90
5910,BOOST,39.30,39.05,84.48,89.12,93877.0,24.75,10.088,0.005,-0.003,720.2,-0.4,0.0,3.90
5920,BOOST,39.94,39.90,85.37,88.88,93869.7,24.74,10.063,0.010,0.019,720.2,-0.2,0.2,3.90
5930,BOOST,40.96,40.77,86.27,88.60,93858.2,24.73,10.035,-0.004,-0.004,719.9,-0.2,0.3,3.90
5940,BOOST,41.92,41.64,87.17,88.64,93847.3,24.73,10.039,0.011,-0.004,719.9,0.0,0.2,3.90
5950,BOOST,42.73,42.52,88.06,88.74,93838.2,24.72,10.049,0.040,0.021,720.1,-0.1,-0.2,3.90
5960,BOOST,43.61,43.41,88.96,88.79,93828.2,24.72,10.054,0.009,0.005,720.2,-0.6,0.1,3.90
5970,BOOST,44.52,44.31,89.85,88.44,93818.0,24.71,10.018,0.032,0.028,720.4,0.2,-0.4,3.90
5980,BOOST,45.33,45.22,90.74,88.36,93808.9,24.71,10.010,0.006,0.031,720.2,-0.1,-0.0,3.90
5990,BOOST,46.28,46.14,91.63,88.74,93798.2,24.70,10.049,0.001,0.027,720.0,-0.5,0.4,3.90
6000,BOOST,47.20,47.06,92.53,88.57,93787.8,24.69,10.031,0.005,-0.001,720.5,-0.1,-0.2,3.90
6010,BOOST,47.95,47.99,93.41,88.49,93779.3,24.69,10.024,0.037,0.023,720.3,-0.1,-0.1,3.90
6020,BOOST,48.75,48.92,94.28,87.90,93770.3,24.68,9.962,0.036,0.014,720.2,-0.3,-0.4,3.90
6030,BOOST,49.81,49.87,95.16,88.01,93758.3,24.68,9.975,0.000,-0.007,720.6,-0.2,-0.2,3.90
6040,BOOST,51.22,50.84,96.06,88.18,93742.5,24.67,9.992,0.035,-0.009,720.1,-0.2,-0.0,3.90
6050,BOOST,51.67,51.80,96.94,88.48,93737.3,24.66,10.022,0.018,0.012,719.9,0.0,-0.2,3.90
6060,BOOST,52.76,52.77,97.82,88.17,93725.0,24.66,9.991,0.015,0.008,720.1,-0.2,-0.2,3.90
6070,BOOST,53.88,53.76,98.70,87.96,93712.4,24.65,9.969,0.042,-0.000,720.1,-0.3,0.1,3.90
6080,BOOST,54.95,54.75,99.59,87.86,93700.3,24.64,9.959,0.008,0.027,720.3,-0.1,-0.2,3.90
6090,BOOST,55.36,55.74,100.45,87.90,93695.8,24.64,9.963,-0.019,-0.016,719.7,-0.4,-0.6,3.90
6100,BOOST,56.85,56.76,101.34,87.50,93678.9,24.63,9.923,0.017,-0.001,720.2,-0.2,-0.5,3.90
6110,BOOST,57.49,57.77,102.20,87.49,93671.7,24.62,9.922,0.008,-0.016,720.4,0.0,-0.2,3.90
6120,BOOST,59.43,58.81,103.10,87.78,93649.8,24.62,9.952,0.052,-0.006,720.2,-0.0,-0.2,3.90
6130,BOOST,60.20,59.85,103.99,87.53,93641.2,24.61,9.926,0.005,0.022,719.6,-0.1,-0.2,3.90
6140,BOOST,61.33,60.91,104.88,87.31,93628.5,24.60,9.903,0.028,0.036,720.3,0.6,-0.2,3.90
6150,BOOST,62.30,61.97,105.77,87.44,93617.5,24.60,9.916,0.004,-0.036,720.4,-0.6,-0.5,3.90
6160,BOOST,62.72,63.03,106.63,87.24,93612.8,24.59,9.896,0.001,0.028,720.6,-0.8,-0.5,3.90
6170,BOOST,64.32,64.10,107.51,87.44,93594.8,24.58,9.917,0.023,0.033,719.7,-0.3,0.2,3.90
6180,BOOST,65.66,65.20,108.41,87.43,93579.6,24.58,9.916,0.001,0.016,719.8,-0.1,0.0,3.90
6190,BOOST,66.39,66.29,109.29,87.47,93571.5,24.57,9.920,-0.002,0.030,719.8,0.0,0.0,3.90
6200,BOOST,67.61,67.39,110.17,87.39,93557.7,24.56,9.911,0.017,-0.016,720.0,0.0,-0.2,3.90
6210,BOOST,68.35,68.49,111.04,87.29,93549.3,24.55,9.901,0.034,0.022,720.2,-0.1,0.2,3.90
6220,BOOST,69.80,69.61,111.92,86.91,93533.0,24.55,9.862,0.034,-0.008,720.4,-0.2,-0.1,3.90
6230,BOOST,70.93,70.74,112.79,86.84,93520.4,24.54,9.855,0.042,-0.010,720.4,0.1,-0.2,3.90
6240,BOOST,72.35,71.89,113.68,86.59,93504.3,24.53,9.830,0.026,0.033,719.7,-0.2,-0.1,3.90
6250,BOOST,73.40,73.04,114.56,86.76,93492.5,24.53,9.848,0.003,-0.018,720.6,-0.5,-0.6,3.90
6260,BOOST,74.53,74.20,115.44,87.03,93479.8,24.52,9.875,0.038,0.023,719.8,-0.1,-0.2,3.90
6270,BOOST,75.22,75.35,116.30,86.31,93472.1,24.51,9.800,0.033,0.031,719.8,-0.5,-0.2,3.90
6280,BOOST,76.84,76.53,117.18,86.45,93453.8,24.50,9.816,0.012,0.039,719.8,-0.4,0.2,3.90
6290,BOOST,78.10,77.72,118.06,86.63,93439.6,24.49,9.834,0.009,0.023,720.1,-0.1,-1.2,3.90
6300,BOOST,79.07,78.91,118.93,85.94,93428.7,24.49,9.763,0.012,-0.002,720.1,0.2,-0.1,3.90
6310,BOOST,80.01,80.10,119.79,86.40,93418.1,24.48,9.811,0.013,0.042,720.3,-0.2,0.2,3.90
6320,BOOST,81.39,81.30,120.66,86.12,93402.7,24.47,9.781,0.001,-0.016,719.7,0.1,-0.3,3.90
6330,BOOST,82.53,82.51,121.52,86.27,93389.8,24.46,9.798,0.015,-0.008,719.8,-0.4,0.1,3.90
6340,BOOST,83.86,83.74,122.38,85.95,93374.9,24.46,9.764,0.028,0.012,720.1,-0.2,0.3,3.90
6350,BOOST,85.05,84.97,123.25,85.89,93361.5,24.45,9.758,0.054,-0.007,719.6,-0.0,-0.3,3.90
6360,BOOST,86.21,86.20,124.11,85.92,93348.4,24.44,9.761,-0.005,0.021,719.7,-0.0,0.1,3.90
6370,BOOST,87.61,87.45,124.97,86.03,93332.7,24.43,9.773,0.021,0.048,720.1,-0.8,-0.8,3.90
6380,BOOST,88.51,88.70,125.82,85.66,93322.5,24.42,9.734,0.025,-0.011,719.9,-0.9,-0.1,3.90
6390,BOOST,89.80,89.96,126.67,85.51,93308.1,24.42,9.720,0.028,-0.004,720.2,-0.4,-0.5,3.90
6400,BOOST,91.15,91.23,127.52,85.22,93292.9,24.41,9.689,0.054,-0.021,719.5,-0.2,-0.5,3.90
6410,BOOST,92.40,92.51,128.37,85.22,93278.9,24.40,9.690,0.047,0.036,719.8,0.3,-0.3,3.90
6420,BOOST,93.82,93.79,129.22,85.29,93262.9,24.39,9.697,0.023,0.018,720.0,-0.2,-0.2,3.90
6430,BOOST,95.01,95.09,130.07,85.08,93249.5,24.38,9.676,0.009,-0.013,720.1,-0.3,-0.3,3.90
6440,BOOST,96.58,96.40,130.93,85.61,93231.9,24.37,9.730,-0.002,0.021,720.0,0.2,0.1,3.90
6450,BOOST,97.64,97.71,131.78,85.31,93220.0,24.36,9.699,0.000,-0.010,720.3,-0.3,-0.7,3.90
6460,BOOST,99.10,99.03,132.64,84.84,93203.6,24.36,9.651,-0.012,0.009,720.1,-0.4,-0.4,3.90
6470,BOOST,100.63,100.37,133.50,84.97,93186.4,24.35,9.665,0.014,0.001,720.8,-0.4,-0.2,3.90
6480,BOOST,101.91,101.72,134.35,84.89,93172.1,24.34,9.657,0.018,0.022,719.2,0.0,-0.1,3.90
6490,BOOST,103.03,103.06,135.20,84.65,93159.5,24.33,9.631,-0.018,-0.012,720.3,-0.1,-0.2,3.90
6500,BOOST,104.28,104.42,136.04,84.58,93145.5,24.32,9.625,-0.004,0.036,720.4,-0.0,0.1,3.90
6510,BOOST,105.81,105.78,136.89,84.24,93128.3,24.31,9.590,0.012,0.033,720.0,-0.1,-0.0,3.90
6520,BOOST,107.38,107.16,137.74,84.70,93110.7,24.30,9.637,0.019,-0.018,720.4,-0.6,-0.1,3.90
6530,BOOST,108.45,108.54,138.58,84.37,93098.7,24.29,9.603,-0.001,0.020,720.2,0.1,-0.2,3.90
6540,BOOST,109.83,109.93,139.42,84.47,93083.2,24.29,9.613,0.037,-0.009,719.5,-0.1,-0.3,3.90
6550,BOOST,111.49,111.33,140.27,84.67,93064.6,24.28,9.634,-0.010,0.006,720.4,-0.3,-0.3,3.90
6560,BOOST,112.69,112.74,141.12,84.19,93051.2,24.27,9.585,-0.016,-0.015,720.3,-0.1,-0.6,3.90
6570,BOOST,114.11,114.15,141.96,84.30,93035.2,24.26,9.596,0.031,0.040,720.4,-0.3,-0.3,3.90
6580,BOOST,115.45,115.57,142.79,83.87,93020.2,24.25,9.552,-0.014,0.027,720.4,-0.1,-0.1,3.90
6590,BOOST,117.38,117.01,143.65,83.73,92998.6,24.24,9.538,0.006,0.044,720.0,-0.2,-0.4,3.90
6600,BOOST,118.18,118.45,144.47,83.55,92989.6,24.23,9.520,0.051,0.012,719.3,-0.2,-0.0,3.90
6610,BOOST,119.79,119.89,145.30,83.92,92971.5,24.22,9.557,0.012,0.006,720.1,-0.4,0.3,3.90
6620,BOOST,121.64,121.36,146.15,83.77,92950.8,24.21,9.542,0.013,-0.017,720.5,-0.2,-0.4,3.90
6630,BOOST,123.03,122.83,147.00,83.60,92935.2,24.20,9.525,0.049,0.016,719.8,-0.2,-0.4,3.90
6640,BOOST,124.20,124.30,147.83,83.65,92922.1,24.19,9.530,0.033,0.018,720.1,-0.6,-0.1,3.90
6650,BOOST,125.55,125.78,148.66,83.20,92907.0,24.18,9.484,0.037,0.000,719.9,-0.4,0.0,3.90
6660,BOOST,127.28,127.27,149.47,79.56,92887.6,24.17,9.109,-0.001,0.044,719.8,0.1,0.2,3.90
6670,BOOST,128.63,128.77,150.24,75.28,92872.6,24.16,8.672,0.020,-0.002,720.6,-0.2,-0.1,3.90
6680,BOOST,130.24,130.27,150.98,71.57,92854.5,24.15,8.295,0.040,0.055,720.3,0.1,0.0,3.90
6690,BOOST,131.71,131.79,151.67,67.30,92838.1,24.14,7.858,0.012,0.001,720.3,-1.1,-0.8,3.90
6700,BOOST,133.43,133.31,152.33,63.59,92818.8,24.13,7.481,0.013,0.012,720.3,0.2,0.3,3.90
6710,BOOST,134.72,134.83,152.94,59.72,92804.4,24.12,7.086,0.013,-0.003,720.3,0.2,0.0,3.90
6720,BOOST,136.79,136.36,153.52,55.72,92781.2,24.11,6.678,0.059,0.030,720.1,-0.4,-0.5,3.90
6730,BOOST,137.58,137.90,154.06,51.46,92772.4,24.10,6.243,0.017,0.012,720.1,-0.1,-0.3,3.90
6740,BOOST,139.37,139.45,154.55,47.40,92752.4,24.09,5.829,0.007,-0.019,720.2,0.2,0.0,3.90
6750,BOOST,140.75,140.99,155.00,43.42,92736.9,24.08,5.423,0.007,0.001,719.8,0.0,0.2,3.90
6760,BOOST,142.70,142.55,155.42,39.56,92715.1,24.07,5.030,-0.005,0.022,720.4,-0.4,0.2,3.90
6770,BOOST,144.20,144.10,155.79,35.52,92698.3,24.06,4.617,0.054,-0.015,720.3,-0.3,0.3,3.90
6780,BOOST,145.68,145.66,156.13,31.42,92681.8,24.05,4.200,0.031,0.050,720.0,-0.5,-0.4,3.90
6790,BOOST,147.03,147.22,156.42,27.09,92666.8,24.04,3.758,-0.002,0.002,719.9,-0.3,-0.4,3.90
6800,BOOST,149.26,148.79,156.67,23.85,92641.8,24.03,3.429,0.041,0.010,720.0,-0.4,-0.7,3.90
6810,BOOST,150.64,150.36,156.89,19.45,92626.4,24.02,2.978,0.025,0.041,720.1,-0.4,0.1,3.90
6820,BOOST,151.83,151.93,157.06,15.15,92613.1,24.01,2.541,0.006,0.031,719.9,-0.2,-0.5,3.90
6830,BOOST,153.31,153.50,157.20,11.79,92596.6,24.00,2.199,-0.021,-0.007,720.3,-0.2,-0.2,3.90
6840,BOOST,155.40,155.07,157.29,7.05,92573.2,23.99,1.714,0.012,0.033,720.4,0.5,-0.7,3.90
6850,BOOST,156.64,156.64,157.34,3.44,92559.4,23.98,1.347,0.059,0.000,720.5,-0.7,0.2,3.90
6860,BOOST,158.46,158.22,157.35,-0.81,92539.0,23.97,0.914,0.027,0.004,720.2,-0.3,-0.4,3.90
6870,BOOST,159.66,159.79,157.33,-4.66,92525.7,23.96,0.521,0.005,-0.002,719.5,-0.6,-0.1,3.90
6880,BOOST,161.38,161.36,157.26,-8.63,92506.5,23.95,0.116,0.045,0.012,720.1,-0.1,-0.1,3.90
6890,BOOST,162.73,162.94,157.15,-12.70,92491.4,23.94,-0.299,0.021,0.013,720.0,-0.3,0.1,3.90
6900,COAST,164.23,164.51,157.01,-16.57,92474.7,23.93,-0.694,0.020,0.019,720.5,-0.1,0.3,3.90
6910,COAST,165.71,166.08,156.84,-16.37,92458.2,23.92,-0.669,0.009,0.007,198.0,-0.4,0.1,3.90
6920,COAST,167.84,167.64,156.68,-16.48,92434.5,23.91,-0.680,0.013,-0.003,196.5,-0.6,0.2,3.90
6930,COAST,169.57,169.21,156.51,-16.46,92415.1,23.90,-0.679,0.026,0.020,194.2,-0.4,-0.2,3.90
6940,COAST,170.52,170.77,156.35,-16.36,92404.5,23.89,-0.668,0.066,0.037,192.5,-0.2,-0.2,3.90
6950,COAST,172.08,172.34,156.18,-16.59,92387.2,23.88,-0.692,0.016,0.002,190.6,0.8,-0.2,3.90
6960,COAST,174.33,173.90,156.02,-16.66,92362.0,23.87,-0.699,0.038,0.007,188.3,-0.0,-0.2,3.90
6970,COAST,175.72,175.46,155.85,-16.43,92346.6,23.86,-0.675,-0.000,0.011,187.2,-0.9,0.3,3.90
6980,COAST,177.51,177.01,155.69,-16.45,92326.7,23.85,-0.678,-0.023,0.007,184.5,-0.4,-0.4,3.90
6990,COAST,178.31,178.57,155.52,-16.30,92317.7,23.84,-0.662,-0.012,-0.023,182.9,-0.7,0.4,3.90
7000,COAST,179.89,180.12,155.36,-16.35,92300.1,23.83,-0.668,-0.016,-0.002,181.4,-0.5,0.0,3.90
7010,COAST,181.75,181.68,155.20,-16.28,92279.4,23.82,-0.660,0.018,0.011,178.9,-0.3,-0.4,3.90
7020,COAST,183.16,183.23,155.03,-16.73,92263.7,23.81,-0.706,0.036,0.032,177.7,-0.7,-0.6,3.90
7030,COAST,184.83,184.78,154.87,-16.42,92245.1,23.80,-0.674,0.011,0.008,175.4,-0.6,-0.5,3.90
7040,COAST,186.56,186.33,154.70,-16.45,92225.9,23.79,-0.678,0.011,-0.007,174.3,-0.2,-0.5,3.90
7050,COAST,187.38,187.87,154.54,-16.91,92216.7,23.78,-0.725,0.030,0.018,172.1,-0.6,-0.2,3.90
7060,COAST,189.29,189.42,154.37,-16.23,92195.5,23.77,-0.654,0.028,0.016,170.5,0.0,-0.2,3.90
7070,COAST,191.02,190.96,154.21,-16.12,92176.2,23.76,-0.643,0.008,0.018,168.8,-0.5,0.2,3.90
7080,COAST,192.83,192.50,154.05,-16.44,92156.1,23.75,-0.677,0.001,0.021,167.3,0.2,0.3,3.90
7090,COAST,193.79,194.04,153.88,-16.25,92145.4,23.74,-0.657,0.039,0.007,165.2,0.1,-0.4,3.90
7100,COAST,195.54,195.58,153.72,-16.04,92125.9,23.73,-0.636,0.019,0.041,163.9,-0.3,0.0,3.90
7110,COAST,196.81,197.12,153.56,-16.55,92111.8,23.72,-0.688,0.025,-0.001,162.3,-0.1,-0.6,3.90
7120,COAST,199.00,198.65,153.39,-16.13,92087.5,23.71,-0.644,0.028,0.000,160.6,0.0,0.1,3.90
7130,COAST,200.76,200.18,153.23,-16.39,92067.9,23.70,-0.672,0.052,0.005,158.9,-0.2,-0.1,3.90
7140,COAST,201.78,201.71,153.07,-16.21,92056.6,23.69,-0.652,0.004,0.021,157.7,-0.2,-0.2,3.90
7150,COAST,203.52,203.24,152.91,-16.23,92037.2,23.68,-0.655,-0.005,0.003,155.8,-0.9,-0.1,3.90
7160,COAST,205.25,204.77,152.74,-16.43,92018.0,23.67,-0.676,0.000,0.003,154.2,-0.1,-0.6,3.90
7170,COAST,206.54,206.30,152.58,-16.19,92003.6,23.66,-0.650,0.005,-0.004,152.8,-0.1,-0.1,3.90
7180,COAST,208.27,207.82,152.42,-16.22,91984.4,23.65,-0.654,0.015,0.043,151.2,-0.4,0.2,3.90
7190,COAST,209.67,209.35,152.26,-15.99,91968.9,23.64,-0.631,0.041,0.008,149.8,-0.1,0.4,3.90
7200,COAST,210.97,210.87,152.10,-16.28,91954.5,23.63,-0.660,0.032,0.014,148.0,-0.2,-0.1,3.90
7210,COAST,212.26,212.39,151.93,-16.07,91940.1,23.62,-0.639,0.030,0.002,147.1,-0.4,-0.4,3.90
7220,COAST,214.15,213.91,151.77,-16.32,91919.1,23.61,-0.665,0.021,0.025,145.4,-0.4,-0.1,3.90
7230,COAST,215.68,215.43,151.61,-15.97,91902.1,23.60,-0.628,0.048,0.007,143.8,0.1,0.5,3.90
7240,COAST,217.13,216.94,151.45,-15.88,91886.0,23.59,-0.619,0.030,-0.004,142.5,-0.1,-0.3,3.90
7250,COAST,218.17,218.45,151.29,-16.57,91874.5,23.58,-0.690,0.009,0.002,140.8,-0.5,-0.2,3.90
7260,COAST,220.02,219.97,151.13,-16.11,91854.0,23.57,-0.642,0.031,0.009,139.3,-0.5,0.2,3.90
7270,COAST,221.77,221.48,150.96,-16.19,91834.6,23.56,-0.651,0.026,0.023,138.2,-0.0,0.2,3.90
7280,COAST,222.79,222.99,150.80,-16.05,91823.2,23.55,-0.637,-0.008,-0.009,136.6,-0.2,0.2,3.90
7290,COAST,224.56,224.49,150.64,-15.91,91803.6,23.54,-0.622,0.078,-0.012,135.9,-0.3,-0.4,3.90
7300,COAST,226.25,226.00,150.48,-16.12,91784.8,23.53,-0.644,0.057,0.020,134.6,-0.6,0.2,3.90
7310,COAST,227.57,227.50,150.32,-15.87,91770.2,23.52,-0.618,0.001,0.024,132.9,-0.3,-0.2,3.90
7320,COAST,229.13,229.01,150.16,-15.96,91752.9,23.51,-0.628,0.003,0.028,131.1,-0.5,-0.7,3.90
7330,COAST,231.29,230.51,150.01,-15.69,91729.0,23.50,-0.600,0.053,0.002,130.1,-0.5,-0.2,3.90
7340,COAST,232.20,232.03,149.87,-16.23,91718.9,23.49,-0.655,0.016,-0.016,128.8,0.1,-0.0,3.90
7350,COAST,233.64,233.54,149.73,-16.06,91702.9,23.48,-0.637,0.057,0.007,127.0,-0.4,-0.9,3.90
7360,COAST,235.20,235.06,149.58,-16.03,91685.6,23.47,-0.635,0.047,0.039,126.3,-0.3,0.0,3.90
7370,COAST,236.92,236.59,149.46,-16.13,91666.6,23.46,-0.645,0.047,-0.009,125.2,0.5,-0.3,3.90
7380,COAST,237.75,238.05,149.27,-16.21,91657.5,23.45,-0.653,0.001,0.040,124.1,-0.2,-0.2,3.90
7390,COAST,239.43,239.53,149.10,-15.58,91638.9,23.44,-0.588,-0.004,0.005,122.9,-0.3,0.1,3.90
7400,COAST,241.37,241.05,148.97,-15.65,91617.4,23.43,-0.595,0.035,0.019,121.5,0.2,-0.5,3.90
7410,COAST,242.57,242.54,148.81,-16.06,91604.1,23.42,-0.638,0.003,0.042,120.4,-0.2,0.0,3.90
7420,COAST,244.24,244.04,148.67,-15.65,91585.5,23.41,-0.596,0.012,0.026,119.1,0.1,-0.4,3.90
7430,COAST,245.44,245.52,148.51,-15.71,91572.3,23.40,-0.603,0.023,0.004,117.5,-0.4,-0.1,3.90
7440,COAST,247.22,247.02,148.36,-16.18,91552.6,23.39,-0.651,0.032,0.023,116.6,-0.6,-0.4,3.90
7450,COAST,248.71,248.52,148.21,-15.99,91536.0,23.38,-0.630,0.022,-0.027,115.5,-0.4,0.1,3.90
7460,COAST,250.30,250.02,148.07,-15.88,91518.5,23.37,-0.619,0.011,-0.029,115.0,-0.3,-0.1,3.90
7470,COAST,251.56,251.50,147.92,-15.88,91504.6,23.36,-0.619,0.016,-0.028,113.3,-0.4,-0.3,3.90
7480,COAST,252.80,252.97,147.75,-15.82,91490.8,23.36,-0.613,0.058,0.037,112.3,-0.1,-0.5,3.90
7490,COAST,254.02,254.42,147.57,-15.47,91477.3,23.35,-0.577,0.017,0.015,110.5,0.1,-0.1,3.90
7500,COAST,255.92,255.90,147.41,-15.84,91456.3,23.34,-0.615,0.017,0.007,109.8,-0.4,-0.3,3.90
7510,COAST,257.06,257.36,147.24,-15.32,91443.7,23.33,-0.562,-0.020,0.011,108.6,-0.4,0.0,3.90
7520,COAST,259.71,258.87,147.13,-15.62,91414.5,23.32,-0.593,-0.021,0.015,107.5,-0.5,-0.2,3.90
7530,COAST,260.69,260.36,146.99,-15.42,91403.6,23.31,-0.572,-0.017,-0.022,106.6,-0.3,0.2,3.90
7540,COAST,261.95,261.83,146.84,-15.99,91389.7,23.30,-0.631,0.005,-0.005,105.4,-0.1,-0.3,3.90
7550,COAST,263.53,263.31,146.69,-15.63,91372.2,23.29,-0.593,-0.002,0.009,104.6,-0.5,0.1,3.90
7560,COAST,264.90,264.78,146.54,-15.38,91357.1,23.28,-0.568,0.012,0.001,103.1,-0.2,-0.0,3.90
7570,COAST,266.66,266.27,146.40,-16.08,91337.6,23.27,-0.641,-0.009,0.010,102.4,-0.6,-0.4,3.90
7580,COAST,267.80,267.73,146.25,-15.64,91325.0,23.26,-0.594,-0.007,-0.026,101.3,0.2,-0.4,3.90
7590,COAST,269.34,269.20,146.10,-15.67,91308.0,23.25,-0.598,-0.017,0.024,100.1,-0.8,-0.3,3.90
7600,COAST,270.76,270.66,145.95,-15.49,91292.4,23.24,-0.579,0.027,0.002,99.7,-0.0,0.3,3.90
7610,COAST,272.33,272.13,145.80,-15.64,91275.0,23.23,-0.595,0.003,0.016,98.8,0.0,-0.3,3.90
7620,COAST,274.15,273.61,145.67,-15.78,91254.9,23.22,-0.609,0.012,0.020,97.8,0.1,-0.1,3.90
7630,COAST,274.86,275.06,145.50,-15.81,91247.1,23.21,-0.612,0.003,0.038,96.6,0.0,0.1,3.90
7640,COAST,276.38,276.51,145.34,-15.66,91230.4,23.20,-0.597,0.034,0.011,95.8,0.0,-0.2,3.90
7650,COAST,277.55,277.94,145.17,-15.59,91217.5,23.19,-0.590,0.047,-0.010,94.8,-0.6,-0.5,3.90
7660,COAST,279.77,279.41,145.02,-15.65,91192.9,23.18,-0.596,0.019,0.002,94.3,0.0,-0.5,3.90
7670,COAST,280.87,280.86,144.87,-15.62,91180.8,23.17,-0.593,0.024,0.012,92.3,0.3,0.2,3.90
7680,COAST,282.19,282.30,144.71,-15.34,91166.3,23.16,-0.564,0.027,-0.002,91.4,-0.1,-0.4,3.90
7690,COAST,283.86,283.75,144.56,-15.78,91147.9,23.16,-0.609,0.032,0.004,90.9,-0.4,-0.5,3.90
7700,COAST,285.11,285.19,144.40,-15.56,91134.1,23.15,-0.587,0.002,0.028,90.3,0.3,0.0,3.90
7710,COAST,286.60,286.64,144.24,-15.34,91117.6,23.14,-0.564,0.003,0.011,89.1,-0.8,-0.0,3.90
7720,COAST,287.89,288.07,144.08,-15.55,91103.4,23.13,-0.586,0.042,-0.007,88.5,0.1,-0.3,3.90
7730,COAST,289.54,289.51,143.93,-15.60,91085.2,23.12,-0.590,-0.004,-0.016,87.0,-0.2,-0.7,3.90
7740,COAST,291.04,290.95,143.78,-15.03,91068.8,23.11,-0.532,0.032,0.015,86.3,-0.9,0.0,3.90
7750,COAST,292.22,292.39,143.62,-15.52,91055.7,23.10,-0.583,0.001,0.010,85.3,0.0,-0.2,3.90
7760,COAST,293.72,293.82,143.46,-15.66,91039.2,23.09,-0.597,-0.011,-0.037,84.8,-0.7,0.1,3.90
7770,COAST,295.31,295.25,143.30,-15.47,91021.6,23.08,-0.577,-0.019,0.025,84.1,0.2,-0.3,3.90
7780,COAST,296.69,296.69,143.15,-15.38,91006.5,23.07,-0.568,0.032,0.029,83.1,-0.1,0.0,3.90
7790,COAST,297.85,298.11,142.99,-15.25,90993.7,23.06,-0.554,0.025,0.009,82.1,-0.0,-0.5,3.90
7800,COAST,299.83,299.55,142.84,-15.42,90971.9,23.05,-0.573,0.009,0.007,81.5,-0.3,-0.1,3.90
7810,COAST,300.95,300.97,142.69,-15.41,90959.5,23.04,-0.572,0.003,0.025,80.6,-0.4,-0.5,3.90
7820,COAST,302.44,302.40,142.54,-15.03,90943.1,23.03,-0.532,0.020,0.029,79.7,-0.5,0.1,3.90
7830,COAST,303.80,303.82,142.38,-15.58,90928.2,23.02,-0.589,0.042,0.010,79.3,0.1,-0.2,3.90
7840,COAST,305.48,305.26,142.24,-15.12,90909.7,23.02,-0.541,0.061,0.018,77.8,-0.4,-0.0,3.90
7850,COAST,307.13,306.69,142.10,-15.49,90891.5,23.01,-0.580,0.002,0.003,78.1,-0.2,0.3,3.90
7860,COAST,308.09,308.11,141.95,-15.33,90881.0,23.00,-0.563,0.017,0.014,77.1,0.1,0.0,3.90
7870,COAST,309.34,309.52,141.79,-15.54,90867.2,22.99,-0.585,0.007,-0.015,75.7,0.1,-0.5,3.90
7880,COAST,311.19,310.95,141.64,-15.43,90846.9,22.98,-0.573,-0.007,0.014,75.4,0.1,-0.1,3.90
7890,COAST,312.27,312.36,141.49,-15.10,90835.0,22.97,-0.540,0.009,0.002,74.5,-0.2,-0.2,3.90
7900,COAST,313.83,313.78,141.34,-15.40,90817.9,22.96,-0.570,-0.001,0.017,73.5,-0.5,0.0,3.90
7910,COAST,315.20,315.19,141.18,-15.06,90802.8,22.95,-0.536,0.008,0.035,73.5,-0.4,-0.3,3.90
7920,COAST,316.83,316.61,141.04,-15.41,90784.9,22.94,-0.572,0.015,0.018,72.1,-0.1,-0.5,3.90
7930,COAST,318.13,318.02,140.89,-15.09,90770.6,22.93,-0.538,0.043,0.045,72.0,0.1,-0.7,3.90
7940,COAST,319.63,319.43,140.75,-15.35,90754.2,22.92,-0.566,0.017,0.020,71.2,-0.4,-1.0,3.90
7950,COAST,321.18,320.85,140.61,-15.18,90737.1,22.91,-0.548,0.031,-0.009,70.4,-0.2,0.2,3.90
7960,COAST,322.86,322.27,140.48,-15.20,90718.6,22.91,-0.550,0.016,0.014,69.3,-0.5,-0.3,3.90
7970,COAST,323.99,323.69,140.34,-15.66,90706.3,22.90,-0.597,0.031,0.001,68.4,0.1,-0.3,3.90
7980,COAST,325.14,325.09,140.19,-15.09,90693.6,22.89,-0.539,0.011,0.015,67.8,0.1,-0.2,3.90
7990,COAST,326.13,326.48,140.02,-15.07,90682.7,22.88,-0.537,0.043,0.004,67.2,0.0,0.1,3.90
8000,COAST,327.95,327.88,139.87,-15.06,90662.7,22.87,-0.536,0.015,0.022,66.5,-0.0,-0.3,3.90
8010,COAST,329.19,329.28,139.72,-15.23,90649.1,22.86,-0.553,0.020,0.014,66.1,0.1,0.3,3.90
8020,COAST,330.59,330.67,139.56,-15.38,90633.8,22.85,-0.568,0.019,-0.007,65.8,-0.2,-0.2,3.90
8030,COAST,332.01,332.07,139.41,-15.23,90618.1,22.84,-0.553,0.031,0.019,64.3,-0.0,-0.3,3.90
8040,COAST,333.31,333.45,139.25,-15.52,90603.9,22.83,-0.583,0.052,0.004,64.0,0.1,-0.4,3.90
8050,COAST,334.67,334.84,139.09,-15.43,90589.0,22.82,-0.573,0.046,0.042,63.7,-0.7,-0.1,3.90
8060,COAST,336.21,336.23,138.93,-15.19,90572.1,22.81,-0.548,0.003,0.005,62.6,-0.2,0.1,3.90
8070,COAST,337.69,337.62,138.78,-14.98,90555.9,22.81,-0.528,0.021,0.003,62.2,-0.3,-0.0,3.90
8080,COAST,338.65,339.00,138.62,-15.41,90545.3,22.80,-0.572,0.025,-0.023,61.5,-0.6,-0.1,3.90
8090,COAST,340.07,340.37,138.45,-15.21,90529.8,22.79,-0.550,0.024,-0.006,61.0,0.1,-0.5,3.90
8100,COAST,341.96,341.76,138.31,-15.35,90509.0,22.78,-0.566,0.024,0.021,60.2,-0.1,-0.7,3.90
8110,COAST,343.15,343.15,138.15,-15.10,90496.0,22.77,-0.540,-0.012,-0.019,59.5,-0.1,0.1,3.90
8120,COAST,344.54,344.53,138.01,-14.83,90480.7,22.76,-0.512,0.017,-0.005,59.5,-0.2,-0.6,3.90
8130,COAST,346.10,345.91,137.86,-14.90,90463.7,22.75,-0.519,0.036,0.017,58.3,-0.2,0.3,3.90
8140,COAST,347.21,347.29,137.71,-14.80,90451.5,22.74,-0.509,-0.002,0.003,58.1,-0.2,-0.2,3.90
8150,COAST,349.12,348.68,137.58,-14.95,90430.6,22.73,-0.525,0.022,-0.000,57.7,0.4,-0.2,3.90
8160,COAST,350.13,350.05,137.44,-14.81,90419.5,22.72,-0.510,0.060,0.016,56.8,-0.3,0.4,3.90
8170,COAST,351.28,351.42,137.28,-14.80,90406.9,22.72,-0.509,0.022,0.005,56.1,0.1,0.3,3.90
8180,COAST,353.01,352.80,137.14,-14.73,90388.0,22.71,-0.502,-0.013,-0.029,55.7,-0.1,0.1,3.90
8190,COAST,354.32,354.18,137.00,-15.09,90373.6,22.70,-0.540,0.043,-0.039,55.4,-0.2,-0.5,3.90
8200,COAST,355.73,355.55,136.86,-14.64,90358.1,22.69,-0.492,-0.036,0.003,54.2,-0.3,-0.2,3.90
8210,COAST,356.95,356.92,136.71,-14.84,90344.8,22.68,-0.514,0.033,0.020,53.7,-0.5,0.1,3.90
8220,COAST,358.44,358.29,136.57,-14.79,90328.5,22.67,-0.508,0.039,-0.045,54.1,-0.0,-0.0,3.90
8230,COAST,359.48,359.65,136.42,-14.76,90317.1,22.66,-0.505,0.040,-0.000,53.0,-0.4,-0.2,3.90
8240,COAST,361.02,361.01,136.27,-14.87,90300.3,22.65,-0.517,0.014,0.001,52.2,-0.3,-0.5,3.90
8250,COAST,362.61,362.38,136.13,-14.76,90282.9,22.64,-0.505,0.036,0.003,51.7,-0.9,-0.3,3.90
8260,COAST,363.78,363.74,135.98,-14.96,90270.1,22.64,-0.525,0.010,0.030,51.6,-0.4,0.3,3.90
8270,COAST,364.87,365.10,135.83,-14.45,90258.1,22.63,-0.473,0.021,0.003,50.9,-0.3,-0.4,3.90
8280,COAST,366.32,366.45,135.67,-14.98,90242.3,22.62,-0.528,-0.023,0.025,50.4,-0.1,-0.3,3.90
8290,COAST,368.34,367.82,135.55,-14.52,90220.2,22.61,-0.480,0.032,0.012,50.0,0.2,-0.1,3.90
8300,COAST,369.26,369.18,135.40,-14.83,90210.1,22.60,-0.512,-0.006,0.019,49.4,-0.1,-0.4,3.90
8310,COAST,370.71,370.54,135.26,-15.16,90194.3,22.59,-0.546,0.013,0.008,48.8,0.1,0.1,3.90
8320,COAST,371.92,371.89,135.11,-14.99,90181.0,22.58,-0.529,0.023,0.086,48.4,-0.3,0.0,3.90
8330,COAST,373.50,373.25,134.97,-14.71,90163.8,22.57,-0.499,-0.008,0.013,48.0,-0.2,0.1,3.90
8340,COAST,374.64,374.60,134.83,-14.82,90151.3,22.56,-0.511,0.036,0.010,47.7,-0.4,-0.1,3.90
8350,COAST,376.07,375.95,134.69,-14.77,90135.7,22.56,-0.506,0.011,0.012,46.3,0.1,-0.5,3.90
8360,COAST,377.30,377.30,134.54,-14.96,90122.2,22.55,-0.525,0.059,0.033,47.1,-0.4,-0.2,3.90
8370,COAST,378.46,378.64,134.38,-14.83,90109.6,22.54,-0.512,0.064,0.030,46.3,-0.2,0.2,3.90
8380,COAST,380.03,379.98,134.23,-15.01,90092.5,22.53,-0.531,0.020,-0.007,45.7,-0.1,-0.2,3.90
8390,COAST,381.43,381.32,134.09,-15.06,90077.2,22.52,-0.536,0.006,0.044,44.9,-0.8,-0.2,3.90
8400,COAST,382.41,382.66,133.93,-14.56,90066.4,22.51,-0.484,0.020,0.015,44.6,-0.1,-0.1,3.90
8410,COAST,384.08,384.00,133.78,-15.06,90048.2,22.50,-0.536,0.009,-0.002,44.0,-0.2,-0.2,3.90
8420,COAST,385.57,385.34,133.65,-14.59,90031.9,22.49,-0.488,0.014,-0.000,44.1,-0.1,0.5,3.90
8430,COAST,386.54,386.67,133.49,-14.63,90021.3,22.49,-0.492,0.021,-0.001,42.9,-0.3,-0.4,3.90
8440,COAST,388.06,388.01,133.35,-14.54,90004.8,22.48,-0.483,0.016,0.025,43.7,-0.3,-0.3,3.90
8450,COAST,389.11,389.34,133.20,-14.45,89993.3,22.47,-0.473,0.052,-0.004,42.1,0.2,0.2,3.90
8460,COAST,390.72,390.67,133.05,-15.12,89975.7,22.46,-0.543,0.059,0.044,42.5,-0.8,-0.1,3.90
8470,COAST,392.26,392.01,132.91,-14.64,89958.9,22.45,-0.493,0.047,0.008,41.4,-0.6,-0.1,3.90
8480,COAST,393.64,393.34,132.78,-14.74,89943.9,22.44,-0.503,0.004,-0.008,41.0,-0.7,0.2,3.90
8490,COAST,394.66,394.67,132.63,-14.73,89932.7,22.43,-0.502,0.058,0.013,41.1,-0.2,-0.4,3.90
8500,COAST,396.28,396.00,132.50,-14.73,89915.1,22.43,-0.502,0.044,-0.006,40.5,-0.4,-0.2,3.90
8510,COAST,397.38,397.33,132.35,-14.79,89903.0,22.42,-0.508,0.024,-0.002,40.3,-0.2,-0.2,3.90
8520,COAST,398.66,398.65,132.20,-14.51,89889.2,22.41,-0.479,0.040,0.035,40.0,-0.1,-0.2,3.90
8530,COAST,399.91,399.97,132.06,-14.65,89875.5,22.40,-0.494,0.010,0.017,39.5,-0.5,0.0,3.90
8540,COAST,401.32,401.29,131.91,-14.60,89860.1,22.39,-0.489,0.017,0.014,39.3,-0.7,0.0,3.90
8550,COAST,402.99,402.62,131.78,-14.45,89841.9,22.38,-0.474,0.010,-0.017,38.9,-0.7,-0.4,3.90
8560,COAST,404.25,403.95,131.65,-14.61,89828.2,22.37,-0.490,-0.008,0.020,38.5,0.2,0.2,3.90
8570,COAST,405.47,405.27,131.51,-14.61,89814.9,22.37,-0.490,0.024,0.012,37.6,-1.0,-0.4,3.90
8580,COAST,406.54,406.58,131.36,-14.57,89803.2,22.36,-0.486,0.065,-0.056,36.9,-0.7,0.1,3.90
8590,COAST,407.63,407.89,131.21,-14.75,89791.3,22.35,-0.504,0.018,0.023,37.1,-0.2,-0.4,3.90
8600,COAST,409.51,409.21,131.07,-14.82,89770.9,22.34,-0.512,-0.009,0.024,36.5,-0.4,-0.6,3.90
8610,COAST,410.57,410.52,130.93,-14.33,89759.3,22.33,-0.461,-0.007,0.040,36.4,-1.1,-0.2,3.90
8620,COAST,411.83,411.83,130.78,-14.24,89745.6,22.32,-0.452,0.014,-0.038,35.4,-0.7,-0.1,3.90
8630,COAST,413.45,413.14,130.65,-14.76,89727.9,22.31,-0.506,0.023,0.027,35.1,-0.3,0.1,3.90
8640,COAST,414.36,414.45,130.50,-14.22,89718.1,22.31,-0.449,0.045,0.027,35.0,0.4,0.0,3.90
8650,COAST,415.80,415.75,130.36,-14.54,89702.4,22.30,-0.483,0.030,0.001,34.8,0.1,-0.1,3.90
8660,COAST,417.39,417.07,130.23,-14.42,89685.1,22.29,-0.470,0.011,-0.005,34.2,-0.5,-0.2,3.90
8670,COAST,418.13,418.36,130.08,-14.49,89677.1,22.28,-0.478,0.047,-0.005,34.1,0.2,-0.2,3.90
8680,COAST,419.65,419.66,129.93,-14.37,89660.5,22.27,-0.466,0.007,0.060,33.8,0.0,-0.0,3.90
8690,COAST,420.78,420.95,129.78,-14.12,89648.2,22.26,-0.440,-0.029,-0.018,32.8,-0.5,-0.3,3.90
8700,COAST,422.25,422.25,129.64,-14.53,89632.2,22.25,-0.482,0.030,0.026,33.2,-0.6,-0.4,3.90
8710,COAST,423.66,423.55,129.50,-14.27,89616.9,22.25,-0.455,0.015,0.019,32.3,-1.1,-0.2,3.90
8720,COAST,424.89,424.84,129.36,-14.60,89603.5,22.24,-0.489,0.009,0.023,32.7,0.1,0.0,3.90
8730,COAST,426.27,426.14,129.22,-14.29,89588.4,22.23,-0.457,0.061,0.046,31.9,-0.2,0.2,3.90
8740,COAST,427.47,427.43,129.08,-14.26,89575.5,22.22,-0.454,0.045,0.017,32.0,-0.4,-0.5,3.90
8750,COAST,428.91,428.73,128.94,-14.24,89559.8,22.21,-0.452,0.014,0.014,32.2,-0.5,0.1,3.90
8760,COAST,430.21,430.02,128.81,-14.24,89545.7,22.20,-0.452,0.036,0.038,31.0,-0.4,-0.2,3.90
8770,COAST,431.39,431.31,128.66,-14.90,89532.8,22.20,-0.520,0.027,-0.013,30.9,-0.7,-0.1,3.90
8780,COAST,432.67,432.60,128.52,-13.83,89518.9,22.19,-0.409,0.032,0.004,30.9,-0.7,0.1,3.90
8790,COAST,433.68,433.88,128.37,-14.42,89508.0,22.18,-0.471,0.013,-0.025,30.4,0.0,-0.6,3.90
8800,COAST,435.07,435.16,128.23,-14.53,89492.9,22.17,-0.482,0.050,-0.032,29.9,0.0,-0.6,3.90
8810,COAST,436.68,436.45,128.09,-14.30,89475.4,22.16,-0.458,0.016,-0.003,29.5,-0.4,-0.3,3.90
8820,COAST,437.91,437.73,127.96,-14.13,89462.0,22.15,-0.440,0.022,0.021,29.6,-0.7,-0.6,3.90
8830,COAST,438.62,439.00,127.80,-14.71,89454.3,22.15,-0.501,0.003,0.024,29.1,-0.4,0.3,3.90
8840,COAST,440.62,440.29,127.67,-14.07,89432.6,22.14,-0.434,-0.013,-0.023,28.7,-0.2,0.5,3.90
8850,COAST,441.54,441.56,127.52,-14.23,89422.5,22.13,-0.451,0.033,0.012,28.3,-0.4,-0.0,3.90
8860,COAST,443.01,442.84,127.39,-14.57,89406.6,22.12,-0.486,0.004,-0.024,28.7,-0.8,-0.0,3.90
8870,COAST,444.26,444.12,127.25,-14.01,89393.1,22.11,-0.428,0.055,0.004,28.2,-0.2,-0.7,3.90
8880,COAST,445.10,445.38,127.10,-14.08,89383.9,22.10,-0.436,0.031,0.028,27.8,-0.5,-0.1,3.90
8890,COAST,447.01,446.66,126.97,-13.79,89363.2,22.10,-0.406,-0.007,0.034,27.2,-0.2,-0.0,3.90
8900,COAST,448.23,447.94,126.84,-14.20,89350.0,22.09,-0.448,-0.039,0.015,27.6,-0.3,-0.4,3.90
8910,COAST,449.46,449.22,126.71,-14.73,89336.6,22.08,-0.502,-0.011,0.019,27.5,-0.0,-0.2,3.90
8920,COAST,450.56,450.48,126.57,-14.12,89324.8,22.07,-0.439,0.054,0.008,26.6,-0.1,-0.0,3.90
8930,COAST,451.75,451.75,126.43,-14.47,89311.8,22.06,-0.476,-0.017,0.010,26.6,0.3,-0.1,3.90
8940,COAST,453.35,453.02,126.30,-14.27,89294.4,22.05,-0.455,-0.015,0.007,26.4,-0.2,0.5,3.90
8950,COAST,454.39,454.29,126.16,-14.16,89283.1,22.05,-0.444,0.025,0.020,25.9,-0.2,0.1,3.90
8960,COAST,455.73,455.55,126.02,-14.17,89268.6,22.04,-0.444,0.026,0.004,25.3,-0.2,-0.1,3.90
8970,COAST,457.04,456.82,125.89,-14.35,89254.5,22.03,-0.464,-0.027,-0.015,25.4,-1.0,-0.3,3.90
8980,COAST,458.10,458.08,125.75,-14.26,89242.9,22.02,-0.454,0.002,0.031,25.2,-0.6,0.1,3.90
8990,COAST,458.97,459.33,125.59,-14.32,89233.5,22.01,-0.460,-0.004,-0.001,24.9,-0.3,-0.3,3.90
9000,COAST,460.91,460.59,125.46,-13.99,89212.5,22.01,-0.426,0.017,0.013,24.6,-0.2,-0.7,3.90
9010,COAST,462.01,461.85,125.33,-14.11,89200.5,22.00,-0.439,0.024,0.021,24.6,-0.3,0.0,3.90
9020,COAST,462.99,463.10,125.18,-14.04,89190.0,21.99,-0.432,0.015,0.005,24.1,-0.0,-0.4,3.90
9030,COAST,464.59,464.36,125.05,-14.01,89172.6,21.98,-0.428,0.023,0.032,24.2,-0.1,-0.7,3.90
9040,COAST,465.40,465.60,124.90,-14.00,89163.8,21.97,-0.428,0.034,0.023,23.6,-0.1,-0.6,3.90
9050,COAST,467.15,466.86,124.78,-14.08,89144.9,21.97,-0.435,0.048,0.017,23.8,-0.3,-0.2,3.90
9060,COAST,467.91,468.10,124.63,-13.89,89136.6,21.96,-0.416,0.020,0.007,23.4,-0.2,-0.3,3.90
9070,COAST,469.43,469.35,124.49,-14.23,89120.2,21.95,-0.452,0.022,0.029,22.3,-0.4,-0.6,3.90
9080,COAST,470.73,470.59,124.36,-14.15,89106.1,21.94,-0.443,-0.005,0.014,22.3,-0.5,-0.6,3.90
9090,COAST,472.06,471.84,124.22,-13.95,89091.7,21.93,-0.422,0.010,0.037,22.4,-0.4,0.1,3.90
9100,COAST,473.04,473.08,124.08,-13.88,89081.1,21.92,-0.415,0.027,0.041,22.5,0.1,-0.5,3.90
9110,COAST,474.23,474.32,123.94,-13.85,89068.3,21.92,-0.412,0.019,0.036,22.1,-0.3,-0.0,3.90
9120,COAST,475.88,475.57,123.81,-14.30,89050.4,21.91,-0.459,0.014,-0.033,22.1,-0.4,0.3,3.90
9130,COAST,476.80,476.81,123.67,-14.14,89040.4,21.90,-0.441,0.007,0.024,21.9,-0.3,-0.6,3.90
9140,COAST,478.03,478.04,123.53,-13.88,89027.1,21.89,-0.415,0.033,-0.013,21.2,-0.1,0.3,3.90
9150,COAST,479.31,479.28,123.39,-14.21,89013.3,21.88,-0.449,0.030,-0.050,21.2,-0.4,0.3,3.90
9160,COAST,480.65,480.51,123.25,-14.21,88998.7,21.88,-0.449,0.069,0.019,21.0,-0.4,-0.5,3.90
9170,COAST,482.18,481.76,123.13,-13.85,88982.2,21.87,-0.412,0.002,0.027,20.9,0.0,-0.3,3.90
9180,COAST,482.99,482.99,122.99,-14.07,88973.5,21.86,-0.435,0.013,-0.006,19.9,-0.2,-0.6,3.90
9190,COAST,483.71,484.20,122.83,-13.95,88965.6,21.85,-0.423,-0.015,0.007,20.5,-0.1,-0.4,3.90
9200,COAST,485.41,485.43,122.69,-13.90,88947.3,21.84,-0.418,0.010,0.007,20.2,-0.2,-0.0,3.90
9210,COAST,486.48,486.65,122.55,-13.68,88935.7,21.84,-0.394,-0.003,0.004,20.0,-0.2,-0.4,3.90
9220,COAST,487.95,487.88,122.41,-13.93,88919.8,21.83,-0.421,0.022,0.024,19.6,-0.8,-0.3,3.90
9230,COAST,489.21,489.11,122.28,-13.95,88906.3,21.82,-0.423,0.037,-0.008,19.7,0.3,-0.6,3.90
9240,COAST,490.42,490.33,122.14,-13.91,88893.2,21.81,-0.418,0.032,0.023,19.2,0.6,-0.3,3.90
9250,COAST,491.55,491.55,122.00,-13.79,88881.0,21.80,-0.406,0.024,0.013,19.0,-0.4,-0.3,3.90
9260,COAST,492.51,492.76,121.85,-14.16,88870.6,21.80,-0.444,0.009,0.004,18.7,-0.0,-0.3,3.90
9270,COAST,494.17,493.99,121.72,-13.99,88852.6,21.79,-0.427,0.036,0.022,18.6,-0.2,-0.2,3.90
9280,COAST,494.93,495.20,121.57,-14.08,88844.5,21.78,-0.436,-0.020,0.003,18.4,-0.5,-0.2,3.90
9290,COAST,496.42,496.41,121.43,-13.82,88828.4,21.77,-0.409,0.021,-0.004,18.9,-0.4,-0.5,3.90
9300,COAST,497.70,497.63,121.29,-13.76,88814.6,21.76,-0.403,-0.017,0.026,18.3,-0.2,-0.2,3.90
9310,COAST,498.52,498.83,121.14,-13.47,88805.7,21.76,-0.373,-0.006,0.003,17.9,-0.3,-0.5,3.90
9320,COAST,500.41,500.05,121.02,-13.92,88785.3,21.75,-0.419,0.010,0.029,18.1,-0.1,-0.1,3.90
9330,COAST,500.97,501.25,120.87,-13.98,88779.2,21.74,-0.426,0.012,0.025,17.4,-0.1,-0.4,3.90
9340,COAST,502.62,502.46,120.74,-13.95,88761.4,21.73,-0.422,0.032,-0.003,17.6,-0.1,-0.0,3.90
9350,COAST,503.74,503.67,120.60,-14.02,88749.3,21.73,-0.430,0.029,-0.006,17.6,-0.3,0.1,3.90
9360,COAST,504.98,504.88,120.47,-13.80,88735.9,21.72,-0.407,-0.003,0.014,17.5,-0.2,-0.1,3.90
9370,COAST,506.37,506.09,120.34,-13.50,88720.9,21.71,-0.377,-0.005,0.041,16.9,-1.0,-0.2,3.90
9380,COAST,507.41,507.30,120.21,-13.96,88709.8,21.70,-0.424,-0.009,0.017,16.8,-0.3,0.2,3.90
9390,COAST,508.58,508.50,120.07,-13.86,88697.1,21.69,-0.413,-0.013,0.003,16.8,-0.1,-0.0,3.90
9400,COAST,509.84,509.71,119.94,-13.67,88683.6,21.69,-0.394,-0.022,0.004,17.2,-0.1,-0.2,3.90
9410,COAST,510.83,510.90,119.80,-13.42,88672.9,21.68,-0.368,0.018,0.021,16.6,-0.2,0.0,3.90
9420,COAST,512.33,512.11,119.68,-13.28,88656.6,21.67,-0.354,0.013,0.017,16.7,0.4,0.1,3.90
9430,COAST,513.25,513.30,119.54,-13.53,88646.7,21.66,-0.380,-0.027,0.013,16.5,-0.3,0.3,3.90
9440,COAST,514.24,514.49,119.39,-13.73,88636.1,21.66,-0.400,0.030,0.028,16.3,-0.3,-0.7,3.90
9450,COAST,515.72,515.68,119.26,-13.17,88620.2,21.65,-0.342,0.003,0.019,15.6,-0.1,0.5,3.90
9460,COAST,516.62,516.87,119.11,-13.97,88610.5,21.64,-0.426,0.018,0.014,15.6,-0.3,-0.5,3.90
9470,COAST,518.45,518.07,118.99,-13.73,88590.7,21.63,-0.400,0.027,0.007,15.4,0.3,-0.3,3.90
9480,COAST,519.19,519.26,118.85,-13.56,88582.8,21.62,-0.382,0.006,0.043,14.9,-0.4,-0.2,3.90
9490,COAST,520.25,520.44,118.71,-13.40,88571.3,21.62,-0.366,0.001,0.008,14.7,-0.6,0.3,3.90
9500,COAST,521.60,521.62,118.57,-13.55,88556.8,21.61,-0.381,-0.000,0.015,14.3,-0.2,-0.1,3.90
9510,COAST,522.49,522.80,118.43,-13.64,88547.2,21.60,-0.391,0.024,0.028,15.5,0.1,0.1,3.90
9520,COAST,524.20,523.99,118.30,-13.63,88528.8,21.59,-0.390,0.015,-0.008,14.9,-0.4,-0.1,3.90
9530,COAST,525.46,525.18,118.17,-13.59,88515.1,21.59,-0.385,-0.018,0.011,15.0,-0.4,-0.4,3.90
9540,COAST,526.40,526.36,118.04,-13.74,88505.1,21.58,-0.401,0.014,0.022,14.3,-0.4,-0.8,3.90
9550,COAST,527.98,527.55,117.92,-13.80,88488.0,21.57,-0.407,0.025,0.022,14.3,-0.4,-0.2,3.90
9560,COAST,528.79,528.74,117.79,-13.31,88479.3,21.56,-0.357,0.018,-0.003,14.0,-0.1,0.0,3.90
9570,COAST,530.17,529.92,117.66,-13.47,88464.5,21.55,-0.374,0.008,0.049,13.9,-0.4,-0.8,3.90
9580,COAST,530.83,531.09,117.51,-13.75,88457.5,21.55,-0.403,0.022,0.005,13.2,-0.2,-0.3,3.90
9590,COAST,532.40,532.27,117.38,-13.71,88440.5,21.54,-0.398,0.011,0.034,13.8,0.0,-0.3,3.90
9600,COAST,533.60,533.44,117.25,-13.75,88427.6,21.53,-0.402,0.025,0.006,13.4,-0.3,-0.4,3.90
9610,COAST,534.49,534.61,117.11,-13.78,88418.0,21.52,-0.405,0.046,0.016,13.8,0.4,-0.1,3.90
9620,COAST,535.73,535.78,116.97,-13.53,88404.7,21.52,-0.380,0.033,0.036,13.3,-0.2,-0.3,3.90
9630,COAST,537.26,536.96,116.85,-13.31,88388.2,21.51,-0.357,0.038,0.042,12.8,-0.1,-0.0,3.90
9640,COAST,537.88,538.12,116.71,-13.46,88381.5,21.50,-0.372,0.013,0.018,13.4,-0.3,-0.1,3.90
9650,COAST,539.34,539.29,116.57,-13.45,88365.9,21.49,-0.372,0.032,-0.003,13.5,-0.5,-0.4,3.90
9660,COAST,540.52,540.45,116.44,-13.30,88353.2,21.49,-0.356,0.045,0.055,12.9,-0.4,-0.5,3.90
9670,COAST,541.79,541.62,116.31,-13.44,88339.5,21.48,-0.371,0.019,-0.032,12.6,-0.1,-0.4,3.90
9680,COAST,543.06,542.79,116.19,-13.72,88325.8,21.47,-0.400,0.040,0.046,12.8,-0.4,-0.3,3.90
9690,COAST,543.61,543.95,116.04,-13.10,88319.9,21.46,-0.335,0.043,0.011,11.9,-0.0,0.3,3.90
9700,COAST,545.20,545.11,115.91,-13.65,88302.9,21.46,-0.393,0.024,0.017,12.2,-0.3,-0.8,3.90
9710,COAST,546.39,546.27,115.78,-13.85,88290.0,21.45,-0.412,0.004,-0.004,12.1,0.0,-0.5,3.90
9720,COAST,547.48,547.43,115.64,-13.75,88278.4,21.44,-0.402,0.017,0.007,11.9,-0.5,-0.5,3.90
9730,COAST,549.10,548.60,115.53,-13.76,88261.0,21.43,-0.403,-0.017,0.021,11.6,0.0,-0.0,3.90
9740,COAST,549.89,549.76,115.40,-13.24,88252.5,21.43,-0.350,0.012,-0.026,11.6,-0.3,-0.2,3.90
9750,COAST,551.29,550.92,115.28,-13.33,88237.4,21.42,-0.359,0.005,0.033,11.7,0.2,0.1,3.90
9760,COAST,552.23,552.08,115.15,-13.19,88227.4,21.41,-0.345,0.014,0.019,11.9,-0.2,0.1,3.90
9770,COAST,553.06,553.22,115.01,-13.31,88218.4,21.40,-0.358,0.010,-0.019,11.2,-0.5,0.2,3.90
9780,COAST,554.42,554.37,114.88,-13.37,88203.8,21.40,-0.364,0.014,-0.018,11.1,-0.1,0.2,3.90
9790,COAST,555.18,555.51,114.74,-13.22,88195.6,21.39,-0.348,0.046,0.005,11.5,-0.0,-0.5,3.90
9800,COAST,556.72,556.66,114.61,-13.41,88179.1,21.38,-0.368,0.049,0.015,10.7,-0.2,0.5,3.90
9810,COAST,558.20,557.82,114.49,-13.42,88163.2,21.37,-0.369,0.027,0.013,11.1,-0.6,-0.3,3.90
9820,COAST,559.12,558.97,114.36,-13.35,88153.4,21.37,-0.361,0.002,-0.018,11.2,0.2,0.0,3.90
9830,COAST,560.13,560.11,114.23,-13.21,88142.5,21.36,-0.347,0.015,0.021,10.5,-0.7,-0.3,3.90
9840,COAST,561.31,561.25,114.10,-13.31,88129.9,21.35,-0.357,0.030,-0.012,10.9,0.1,-0.3,3.90
9850,COAST,562.62,562.40,113.97,-13.53,88115.8,21.34,-0.380,0.027,-0.011,10.9,-0.2,-0.3,3.90
9860,COAST,563.49,563.54,113.84,-13.19,88106.5,21.34,-0.345,0.013,-0.010,10.3,-0.5,-0.0,3.90
9870,COAST,564.62,564.67,113.70,-13.07,88094.3,21.33,-0.333,0.021,0.024,9.9,-0.7,-0.6,3.90
9880,COAST,566.61,565.83,113.60,-13.31,88073.1,21.32,-0.358,-0.027,0.050,9.8,-0.3,-0.3,3.90
9890,COAST,566.74,566.96,113.46,-13.49,88071.6,21.31,-0.375,0.023,0.004,10.2,-0.3,-0.7,3.90
9900,COAST,568.32,568.10,113.33,-13.47,88054.7,21.31,-0.374,0.030,-0.020,10.6,-0.6,-0.1,3.90
9910,COAST,569.23,569.23,113.20,-13.30,88044.9,21.30,-0.356,-0.008,0.021,9.5,-0.4,-0.3,3.90
9920,COAST,570.69,570.37,113.08,-13.13,88029.2,21.29,-0.339,-0.023,0.031,9.7,-0.7,-0.1,3.90
9930,COAST,571.51,571.50,112.95,-13.54,88020.5,21.28,-0.381,0.015,0.045,9.7,-0.3,0.6,3.90
9940,COAST,572.67,572.63,112.82,-13.28,88008.0,21.28,-0.354,0.022,0.001,9.3,-0.1,-0.0,3.90
9950,COAST,573.89,573.77,112.69,-13.53,87995.0,21.27,-0.380,0.010,0.020,9.9,-0.6,-0.3,3.90
9960,COAST,574.89,574.89,112.55,-13.22,87984.3,21.26,-0.348,0.020,0.006,9.8,-0.1,-0.6,3.90
9970,COAST,575.35,576.00,112.39,-13.07,87979.3,21.26,-0.333,-0.001,0.005,8.9,-0.5,-0.5,3.90
9980,COAST,577.30,577.13,112.27,-13.08,87958.4,21.25,-0.333,0.021,0.007,9.3,-0.4,-0.1,3.90
9990,COAST,578.14,578.25,112.14,-12.90,87949.4,21.24,-0.315,0.018,-0.009,9.4,-0.6,-0.5,3.90
10000,COAST,579.42,579.37,112.01,-13.02,87935.7,21.23,-0.327,-0.003,0.041,9.0,0.0,-0.3,3.90
10010,COAST,580.69,580.49,111.89,-13.15,87922.1,21.23,-0.341,0.002,0.003,9.3,-0.2,-0.1,3.90
10020,COAST,582.11,581.62,111.77,-13.32,87907.0,21.22,-0.359,0.009,0.004,9.6,-0.5,-0.5,3.90
10030,COAST,582.89,582.75,111.65,-13.33,87898.6,21.21,-0.359,-0.029,-0.004,9.1,-0.1,-0.1,3.90
10040,COAST,583.92,583.86,111.52,-13.25,87887.5,21.20,-0.352,-0.002,0.015,9.2,-0.4,0.0,3.90
10050,COAST,584.69,584.97,111.37,-13.42,87879.3,21.20,-0.368,0.024,0.006,8.6,-0.5,-0.2,3.90
10060,COAST,586.35,586.09,111.25,-13.46,87861.5,21.19,-0.373,0.046,0.011,8.2,-0.2,0.2,3.90
10070,COAST,587.03,587.20,111.11,-13.11,87854.3,21.18,-0.337,0.006,0.045,8.7,-0.2,-0.1,3.90
10080,COAST,588.41,588.31,110.98,-13.03,87839.5,21.18,-0.328,0.002,0.014,8.4,-0.6,-0.0,3.90
10090,COAST,589.62,589.43,110.86,-13.24,87826.6,21.17,-0.350,0.051,0.018,8.6,-0.4,0.1,3.90
10100,COAST,590.84,590.54,110.74,-13.30,87813.5,21.16,-0.357,0.013,0.034,8.1,-0.2,-0.0,3.90
10110,COAST,592.12,591.66,110.63,-12.80,87799.8,21.15,-0.305,0.038,-0.005,8.0,0.1,0.1,3.90
10120,COAST,592.72,592.77,110.49,-13.35,87793.4,21.15,-0.362,0.042,0.041,7.7,-0.2,0.3,3.90
10130,COAST,594.17,593.88,110.37,-13.18,87777.9,21.14,-0.344,0.038,-0.011,8.1,-0.9,0.1,3.90
10140,COAST,594.66,594.97,110.23,-13.12,87772.6,21.13,-0.337,0.020,0.015,8.1,-0.4,-0.1,3.90
10150,COAST,595.95,596.07,110.09,-13.10,87758.8,21.13,-0.335,0.031,0.012,8.1,-0.5,-0.3,3.90
10160,COAST,597.21,597.17,109.96,-12.74,87745.4,21.12,-0.299,0.053,-0.001,7.8,-0.3,-0.5,3.90
10170,COAST,598.46,598.28,109.84,-12.96,87731.9,21.11,-0.322,-0.013,0.035,7.5,-0.2,-0.2,3.90
10180,COAST,599.53,599.38,109.72,-13.02,87720.5,21.10,-0.327,0.010,0.014,8.2,-0.4,0.2,3.90
10190,COAST,600.80,600.48,109.60,-12.68,87707.0,21.10,-0.292,-0.027,0.009,7.0,-0.3,-0.3,3.90
10200,COAST,601.96,601.59,109.49,-13.09,87694.5,21.09,-0.335,0.039,0.019,7.3,0.1,0.3,3.90
10210,COAST,602.91,602.69,109.37,-13.02,87684.4,21.08,-0.328,-0.005,-0.002,7.6,-0.1,0.1,3.90
10220,COAST,603.90,603.79,109.24,-12.90,87673.8,21.08,-0.316,0.057,0.023,7.6,-0.2,0.1,3.90
10230,COAST,604.46,604.87,109.10,-13.03,87667.8,21.07,-0.329,0.003,0.009,7.4,-0.4,0.4,3.90
10240,COAST,606.40,605.97,108.99,-13.04,87647.2,21.06,-0.330,0.024,0.031,7.5,-0.3,-0.1,3.90
10250,COAST,607.25,607.06,108.86,-13.22,87638.0,21.05,-0.348,0.022,0.011,7.2,-0.4,-0.6,3.90
10260,COAST,607.97,608.15,108.72,-12.85,87630.4,21.05,-0.310,0.021,0.030,6.8,0.1,-0.5,3.90
10270,COAST,609.10,609.23,108.59,-13.01,87618.2,21.04,-0.327,0.044,0.027,7.3,-0.2,0.3,3.90
10280,COAST,609.88,610.30,108.44,-13.15,87610.0,21.03,-0.341,0.024,0.024,7.0,-0.5,-0.3,3.90
10290,COAST,611.56,611.39,108.32,-13.20,87592.0,21.03,-0.346,0.013,0.020,6.7,-0.6,-0.3,3.90
10300,COAST,612.61,612.48,108.19,-13.00,87580.8,21.02,-0.326,0.044,0.035,5.9,0.8,0.3,3.90
10310,COAST,613.85,613.57,108.07,-12.95,87567.6,21.01,-0.320,0.000,0.058,6.4,0.1,-0.2,3.90
10320,COAST,614.49,614.64,107.94,-12.98,87560.7,21.00,-0.324,-0.008,-0.023,6.7,-0.3,-0.3,3.90
10330,COAST,615.45,615.71,107.80,-13.01,87550.5,21.00,-0.327,0.007,0.053,6.6,-0.3,-0.4,3.90
10340,COAST,616.97,616.80,107.67,-13.18,87534.3,20.99,-0.345,0.001,-0.006,6.2,-0.7,-0.1,3.90
10350,COAST,618.35,617.89,107.56,-12.99,87519.6,20.98,-0.324,0.040,0.000,6.4,0.1,-0.0,3.90
10360,COAST,619.23,618.97,107.44,-13.01,87510.2,20.98,-0.326,0.013,0.035,7.0,-0.4,0.0,3.90
10370,COAST,619.86,620.04,107.30,-12.85,87503.5,20.97,-0.310,-0.022,-0.011,6.0,-0.5,-0.6,3.90
10380,COAST,620.98,621.11,107.17,-12.92,87491.5,20.96,-0.318,0.013,-0.041,6.5,-0.8,-0.0,3.90
10390,COAST,622.31,622.18,107.05,-12.84,87477.3,20.96,-0.309,0.008,0.015,6.0,-0.1,-0.0,3.90
10400,COAST,623.27,623.25,106.92,-12.65,87467.0,20.95,-0.289,0.005,-0.054,6.9,0.5,-0.0,3.90
10410,COAST,624.54,624.33,106.80,-13.00,87453.5,20.94,-0.326,-0.031,-0.016,5.9,-0.3,-0.4,3.90
10420,COAST,625.25,625.39,106.67,-12.86,87445.9,20.93,-0.311,0.021,-0.007,6.0,0.0,-0.2,3.90
10430,COAST,626.20,626.45,106.53,-13.00,87435.8,20.93,-0.326,0.031,-0.012,5.6,-0.4,0.3,3.90
10440,COAST,627.82,627.52,106.41,-12.97,87418.6,20.92,-0.323,0.026,0.029,6.1,-0.2,-0.2,3.90
10450,COAST,628.40,628.58,106.27,-12.58,87412.3,20.91,-0.283,0.047,-0.004,5.4,-0.3,0.1,3.90
10460,COAST,629.35,629.63,106.13,-12.95,87402.3,20.91,-0.320,-0.003,-0.007,5.9,-0.3,0.5,3.90
10470,COAST,630.88,630.70,106.01,-13.38,87385.9,20.90,-0.364,0.068,0.038,5.3,-0.6,-0.6,3.90
10480,COAST,631.60,631.75,105.87,-12.95,87378.3,20.89,-0.321,0.028,-0.017,5.5,0.2,-0.6,3.90
10490,COAST,633.10,632.82,105.76,-12.64,87362.3,20.89,-0.288,0.014,0.008,5.3,-0.4,-0.7,3.90
10500,COAST,633.49,633.87,105.61,-12.87,87358.2,20.88,-0.313,0.024,-0.003,5.2,-0.4,-0.6,3.90
10510,COAST,635.08,634.93,105.49,-13.08,87341.1,20.87,-0.334,0.027,-0.005,5.7,0.1,-0.4,3.90
10520,COAST,636.13,635.98,105.36,-12.87,87330.0,20.87,-0.312,-0.007,0.020,5.7,-0.9,-0.0,3.90
10530,COAST,637.14,637.04,105.24,-13.00,87319.3,20.86,-0.326,0.009,-0.003,5.6,-0.4,0.2,3.90
10540,COAST,638.11,638.09,105.11,-12.66,87308.9,20.85,-0.290,-0.001,0.005,5.7,-0.4,-0.4,3.90
10550,COAST,638.78,639.13,104.97,-13.15,87301.8,20.85,-0.341,0.036,0.004,5.8,-0.2,-0.3,3.90
10560,COAST,639.79,640.17,104.82,-12.97,87291.0,20.84,-0.322,0.076,0.025,5.3,-0.2,-0.1,3.90
10570,COAST,641.33,641.22,104.70,-12.73,87274.6,20.83,-0.298,0.020,0.001,5.5,-0.3,-0.7,3.90
10580,COAST,642.32,642.27,104.57,-13.16,87264.1,20.82,-0.342,0.008,-0.007,5.1,-0.2,0.1,3.90
10590,COAST,643.48,643.32,104.45,-12.81,87251.8,20.82,-0.306,0.009,0.018,5.4,0.2,-0.5,3.90
10600,COAST,644.23,644.36,104.31,-12.87,87243.8,20.81,-0.312,0.018,-0.033,5.4,-0.6,-0.4,3.90
10610,COAST,645.52,645.41,104.19,-12.41,87230.0,20.80,-0.265,-0.008,-0.010,4.5,-0.4,-0.4,3.90
10620,COAST,646.36,646.44,104.06,-12.76,87221.2,20.80,-0.302,0.006,0.018,4.9,-0.1,-0.1,3.90
10630,COAST,647.43,647.48,103.93,-12.74,87209.7,20.79,-0.299,0.034,-0.022,5.0,-0.2,-0.3,3.90
10640,COAST,648.46,648.52,103.80,-12.92,87198.8,20.78,-0.318,-0.025,-0.010,4.9,-0.0,-0.2,3.90
10650,COAST,649.87,649.57,103.69,-12.74,87183.8,20.78,-0.299,0.028,0.015,4.8,-0.2,-0.4,3.90
10660,COAST,650.60,650.60,103.56,-12.83,87176.0,20.77,-0.309,0.029,0.006,4.0,-0.3,0.0,3.90
10670,COAST,651.71,651.64,103.43,-12.52,87164.2,20.76,-0.276,0.001,0.037,4.8,0.2,0.1,3.90
10680,COAST,653.11,652.69,103.33,-12.92,87149.3,20.76,-0.318,0.031,0.033,5.0,-0.5,-0.1,3.90
10690,COAST,653.89,653.72,103.21,-12.44,87141.1,20.75,-0.268,0.041,0.001,5.2,-0.3,-0.2,3.90
10700,COAST,654.73,654.75,103.08,-13.12,87132.1,20.74,-0.339,0.042,0.025,4.5,0.2,-0.5,3.90
10710,COAST,655.48,655.77,102.93,-12.80,87124.1,20.74,-0.305,0.048,-0.011,4.2,0.1,-0.6,3.90
10720,COAST,656.85,656.80,102.81,-12.82,87109.5,20.73,-0.307,0.027,0.040,4.4,0.2,0.1,3.90
10730,COAST,657.77,657.83,102.68,-12.47,87099.8,20.72,-0.272,0.014,0.038,4.4,-0.3,0.3,3.90
10740,COAST,658.98,658.86,102.56,-13.12,87086.9,20.72,-0.339,0.028,-0.005,4.3,0.1,-0.8,3.90
10750,COAST,659.75,659.88,102.42,-12.54,87078.8,20.71,-0.278,0.056,-0.009,3.8,-0.2,0.0,3.90
10760,COAST,661.16,660.91,102.31,-12.58,87063.8,20.70,-0.283,-0.017,0.020,3.8,-0.6,-0.3,3.90
10770,COAST,662.01,661.94,102.18,-12.57,87054.7,20.70,-0.282,0.031,0.009,4.9,-0.4,-0.8,3.90
10780,COAST,662.71,662.95,102.05,-12.53,87047.2,20.69,-0.277,0.023,0.016,4.0,0.0,0.1,3.90
10790,COAST,663.70,663.96,101.91,-12.95,87036.8,20.68,-0.321,0.013,-0.019,4.3,-0.2,0.0,3.90
10800,COAST,664.96,664.98,101.78,-12.57,87023.3,20.68,-0.282,0.024,0.000,4.0,0.0,-0.9,3.90
10810,COAST,666.30,666.01,101.67,-13.22,87009.1,20.67,-0.348,0.026,0.022,4.4,-0.3,-0.3,3.90
10820,COAST,666.87,667.02,101.53,-12.53,87003.1,20.66,-0.277,0.014,-0.002,4.6,-0.3,-0.2,3.90
10830,COAST,668.74,668.05,101.43,-12.62,86983.2,20.66,-0.287,0.047,0.018,3.2,-0.5,-0.0,3.90
10840,COAST,669.20,669.07,101.31,-12.73,86978.4,20.65,-0.298,0.012,-0.012,3.7,0.1,-0.5,3.90
10850,COAST,670.17,670.09,101.19,-12.43,86968.1,20.64,-0.268,0.030,0.033,3.8,0.1,0.1,3.90
10860,COAST,671.37,671.10,101.08,-12.53,86955.4,20.64,-0.277,-0.030,0.004,4.0,-0.1,-0.6,3.90
10870,COAST,672.13,672.11,100.95,-12.53,86947.2,20.63,-0.278,0.036,0.019,4.1,-0.1,-0.1,3.90
10880,COAST,673.02,673.12,100.82,-12.59,86937.8,20.62,-0.284,-0.002,0.015,4.2,-0.4,-0.5,3.90
10890,COAST,674.52,674.14,100.71,-12.50,86921.9,20.62,-0.275,0.004,0.014,3.1,-0.6,0.3,3.90
10900,COAST,674.85,675.14,100.58,-12.28,86918.4,20.61,-0.252,0.001,0.003,3.8,0.1,-0.4,3.90
10910,COAST,676.22,676.15,100.45,-12.57,86903.9,20.60,-0.282,0.009,0.005,3.8,-0.6,0.1,3.90
10920,COAST,677.22,677.15,100.33,-12.77,86893.2,20.60,-0.302,0.045,0.005,4.1,0.2,-0.0,3.90
10930,COAST,678.24,678.16,100.21,-12.42,86882.4,20.59,-0.267,0.015,0.028,3.6,-0.8,-0.3,3.90
10940,COAST,679.05,679.15,100.08,-12.62,86873.9,20.58,-0.287,0.028,-0.007,3.0,0.1,0.2,3.90
10950,COAST,680.05,680.15,99.95,-12.77,86863.3,20.58,-0.303,0.001,0.012,3.2,-0.4,-0.0,3.90
10960,COAST,680.95,681.14,99.82,-12.01,86853.7,20.57,-0.224,0.018,-0.009,3.5,0.1,-0.6,3.90
10970,COAST,682.14,682.14,99.69,-12.62,86841.1,20.57,-0.287,0.061,0.038,3.7,-0.3,-0.1,3.90
10980,COAST,683.23,683.14,99.57,-12.22,86829.5,20.56,-0.246,0.034,0.036,3.2,0.0,-0.1,3.90
10990,COAST,683.82,684.13,99.43,-12.77,86823.2,20.55,-0.303,0.018,0.015,3.2,0.3,-0.5,3.90
11000,COAST,685.30,685.13,99.31,-12.66,86807.6,20.55,-0.290,0.004,0.027,3.4,0.2,-0.0,3.90
11010,COAST,685.95,686.11,99.18,-12.54,86800.7,20.54,-0.278,0.030,-0.003,3.2,-0.2,-0.1,3.90
11020,COAST,686.97,687.10,99.05,-12.47,86789.8,20.53,-0.272,0.014,0.026,2.9,-0.9,-0.2,3.90
11030,COAST,687.99,688.09,98.92,-12.61,86779.0,20.53,-0.286,0.031,0.029,3.4,0.6,-0.2,3.90
11040,COAST,689.08,689.08,98.80,-12.58,86767.5,20.52,-0.282,0.041,0.011,3.1,-0.3,-0.4,3.90
11050,COAST,690.11,690.07,98.67,-12.45,86756.6,20.51,-0.270,0.024,0.009,3.0,-0.1,-0.2,3.90
11060,COAST,691.43,691.06,98.56,-12.54,86742.6,20.51,-0.278,0.023,0.024,3.2,-0.2,-0.5,3.90
11070,COAST,692.59,692.06,98.46,-12.60,86730.4,20.50,-0.285,0.014,-0.009,3.0,-0.2,-0.0,3.90
11080,COAST,692.68,693.04,98.32,-12.78,86729.4,20.49,-0.303,0.018,-0.004,3.1,-0.6,-0.0,3.90
11090,COAST,694.09,694.02,98.19,-12.33,86714.4,20.49,-0.257,0.032,0.011,3.2,0.1,-0.3,3.90
11100,COAST,695.41,695.01,98.09,-12.68,86700.5,20.48,-0.294,0.008,0.003,2.5,0.4,-0.0,3.90
11110,COAST,695.93,695.99,97.96,-12.41,86695.0,20.48,-0.265,0.024,0.009,2.7,-0.4,-0.5,3.90
11120,COAST,697.00,696.97,97.84,-12.31,86683.7,20.47,-0.255,0.001,0.004,3.1,-0.4,-0.1,3.90
11130,COAST,698.35,697.96,97.73,-12.77,86669.3,20.46,-0.302,0.007,0.023,3.0,-0.1,-0.3,3.90
11140,COAST,699.04,698.94,97.60,-12.30,86662.1,20.46,-0.253,0.065,0.022,3.2,-0.0,-0.0,3.90
11150,COAST,700.01,699.92,97.48,-12.70,86651.8,20.45,-0.295,0.026,0.040,2.7,0.3,-0.0,3.90
11160,COAST,701.11,700.90,97.37,-12.73,86640.2,20.44,-0.298,0.028,0.000,2.9,0.1,0.2,3.90
11170,COAST,701.85,701.87,97.24,-12.67,86632.4,20.44,-0.292,0.010,0.010,3.5,-0.1,-0.3,3.90
11180,COAST,703.26,702.85,97.13,-12.60,86617.4,20.43,-0.285,0.039,-0.001,3.0,-0.3,0.3,3.90
11190,COAST,703.96,703.83,97.01,-12.57,86609.9,20.42,-0.282,0.017,0.032,2.8,-0.4,-0.3,3.90
11200,COAST,705.21,704.81,96.90,-12.42,86596.8,20.42,-0.266,0.018,-0.001,2.5,0.2,-0.3,3.90
11210,COAST,705.90,705.78,96.78,-12.03,86589.5,20.41,-0.226,0.017,0.003,2.9,0.3,-0.2,3.90
11220,COAST,706.76,706.75,96.66,-12.44,86580.3,20.41,-0.269,0.014,0.004,2.5,-0.4,-0.2,3.90
11230,COAST,707.90,707.72,96.54,-12.05,86568.4,20.40,-0.229,0.046,-0.019,2.9,-0.1,-0.4,3.90
11240,COAST,708.69,708.69,96.42,-12.00,86560.0,20.39,-0.224,0.016,0.037,2.8,-0.2,-0.4,3.90
11250,COAST,709.50,709.64,96.30,-12.32,86551.4,20.39,-0.257,0.006,0.012,2.7,-0.1,-0.1,3.90
11260,COAST,710.81,710.61,96.18,-12.36,86537.6,20.38,-0.260,0.040,0.003,3.2,-0.6,-0.6,3.90
11270,COAST,711.43,711.57,96.05,-12.45,86530.9,20.37,-0.269,0.007,0.000,3.1,0.3,0.1,3.90
11280,COAST,712.26,712.52,95.92,-12.37,86522.1,20.37,-0.261,0.015,0.023,2.8,0.2,-0.2,3.90
11290,COAST,713.65,713.49,95.80,-12.27,86507.5,20.36,-0.252,0.034,-0.037,2.8,-0.9,-0.1,3.90
11300,COAST,714.62,714.45,95.68,-12.34,86497.3,20.36,-0.258,-0.022,0.014,2.6,-0.9,-0.3,3.90
11310,COAST,715.10,715.40,95.55,-12.14,86492.2,20.35,-0.238,0.013,-0.002,2.5,-0.3,-0.3,3.90
11320,COAST,716.41,716.35,95.43,-12.19,86478.4,20.34,-0.243,0.011,-0.002,2.6,-0.0,0.0,3.90
11330,COAST,717.15,717.30,95.30,-12.27,86470.5,20.34,-0.251,0.068,0.004,2.6,-0.5,-0.1,3.90
11340,COAST,718.68,718.27,95.19,-12.62,86454.3,20.33,-0.287,0.022,0.021,2.7,-0.8,0.0,3.90
11350,COAST,719.40,719.22,95.08,-11.78,86446.8,20.32,-0.201,0.004,-0.007,2.4,0.2,-0.2,3.90
11360,COAST,720.43,720.18,94.97,-12.46,86435.9,20.32,-0.271,0.013,-0.024,3.0,-0.1,-0.3,3.90
11370,COAST,721.27,721.13,94.85,-12.32,86427.0,20.31,-0.257,0.010,0.016,2.2,-0.4,-0.6,3.90
11380,COAST,721.87,722.07,94.72,-12.38,86420.6,20.31,-0.263,0.009,0.020,1.9,-0.2,-0.1,3.90
11390,COAST,723.14,723.02,94.60,-12.78,86407.2,20.30,-0.303,0.035,0.026,2.0,0.2,-0.5,3.90
11400,COAST,724.25,723.98,94.49,-12.05,86395.6,20.29,-0.228,0.036,0.007,2.5,-0.5,-0.5,3.90
11410,COAST,725.13,724.93,94.37,-12.04,86386.2,20.29,-0.228,0.041,0.018,3.1,-0.0,-0.3,3.90
11420,COAST,725.74,725.87,94.25,-12.15,86379.8,20.28,-0.240,-0.011,-0.011,2.7,-0.6,-0.2,3.90
11430,COAST,726.60,726.80,94.12,-12.00,86370.7,20.28,-0.224,0.012,-0.038,2.2,-0.0,-0.3,3.90
11440,COAST,728.27,727.76,94.02,-12.39,86353.1,20.27,-0.264,0.036,0.026,2.0,-0.2,-0.3,3.90
11450,COAST,728.67,728.70,93.89,-12.45,86348.9,20.26,-0.269,0.019,-0.004,2.6,-0.4,-0.2,3.90
11460,COAST,729.91,729.64,93.78,-12.67,86335.8,20.26,-0.293,0.014,-0.014,2.5,0.1,-0.3,3.90
11470,COAST,730.88,730.59,93.67,-12.11,86325.6,20.25,-0.234,0.010,0.027,2.4,-0.3,0.3,3.90
11480,COAST,731.49,731.52,93.54,-12.10,86319.1,20.24,-0.234,0.020,-0.009,2.2,-0.3,0.1,3.90
11490,COAST,732.69,732.47,93.43,-12.21,86306.4,20.24,-0.245,0.030,0.046,2.0,-0.2,-0.4,3.90
11500,COAST,733.68,733.41,93.32,-12.35,86296.0,20.23,-0.259,0.041,0.032,2.1,-0.5,0.1,3.90
11510,COAST,734.32,734.34,93.20,-12.16,86289.2,20.23,-0.240,0.028,0.038,2.2,-0.3,-0.3,3.90
11520,COAST,735.36,735.27,93.08,-12.27,86278.3,20.22,-0.251,-0.000,-0.006,2.6,0.1,-0.4,3.90
11530,COAST,736.25,736.20,92.96,-12.28,86268.9,20.21,-0.252,0.028,0.005,2.0,-0.2,0.2,3.90
11540,COAST,737.23,737.14,92.84,-12.24,86258.5,20.21,-0.248,-0.006,-0.008,2.0,-0.6,-0.9,3.90
11550,COAST,738.37,738.07,92.73,-12.28,86246.6,20.20,-0.252,0.007,0.007,1.8,-0.2,0.1,3.90
11560,COAST,738.66,738.99,92.59,-12.09,86243.5,20.20,-0.232,0.015,0.030,1.6,-0.9,0.3,3.90
11570,COAST,739.96,739.92,92.47,-12.45,86229.8,20.19,-0.270,0.047,0.041,2.1,-0.4,0.4,3.90
11580,COAST,741.00,740.84,92.35,-12.25,86218.9,20.18,-0.249,0.010,0.012,1.5,-0.4,-0.1,3.90
11590,COAST,741.36,741.76,92.21,-12.25,86215.0,20.18,-0.249,0.013,0.016,2.2,0.1,-0.3,3.90
11600,COAST,743.12,742.69,92.11,-12.68,86196.4,20.17,-0.293,0.048,0.018,2.2,-0.0,-0.0,3.90
11610,COAST,743.18,743.60,91.97,-12.10,86195.9,20.17,-0.234,0.047,0.000,2.1,-0.4,-0.4,3.90
11620,COAST,744.95,744.53,91.86,-12.15,86177.1,20.16,-0.240,0.018,0.036,1.7,-0.5,-0.4,3.90
11630,COAST,745.72,745.46,91.75,-11.99,86169.1,20.15,-0.223,0.034,-0.030,2.1,-0.5,-0.1,3.90
11640,COAST,746.70,746.38,91.65,-11.91,86158.8,20.15,-0.214,-0.014,-0.005,2.0,-0.6,-0.1,3.90
11650,COAST,747.60,747.31,91.54,-12.05,86149.2,20.14,-0.229,0.041,-0.037,2.0,-0.1,-0.5,3.90
11660,COAST,748.23,748.22,91.42,-12.17,86142.6,20.14,-0.241,0.060,0.007,2.0,-0.4,-0.2,3.90
11670,COAST,749.07,749.13,91.29,-12.22,86133.8,20.13,-0.247,0.033,0.002,1.7,-0.4,-0.3,3.90
11680,COAST,749.97,750.04,91.17,-12.02,86124.3,20.12,-0.226,-0.020,-0.013,1.7,-0.2,-0.7,3.90
11690,COAST,750.81,750.95,91.04,-11.74,86115.5,20.12,-0.197,0.014,-0.000,1.4,-0.4,-0.5,3.90
11700,COAST,751.94,751.86,90.93,-12.11,86103.6,20.11,-0.235,-0.018,0.023,1.8,-0.6,0.1,3.90
11710,COAST,752.47,752.76,90.79,-12.30,86098.0,20.11,-0.255,0.026,-0.002,1.5,-0.3,-0.8,3.90
11720,COAST,753.74,753.67,90.67,-12.28,86084.6,20.10,-0.252,0.007,0.002,1.4,0.1,-0.2,3.90
11730,COAST,754.31,754.57,90.54,-12.36,86078.6,20.09,-0.261,0.006,-0.009,1.4,-0.2,-0.0,3.90
11740,COAST,755.02,755.46,90.40,-12.22,86071.1,20.09,-0.246,0.028,0.011,1.5,-0.4,-0.4,3.90
11750,COAST,755.95,756.35,90.26,-12.05,86061.4,20.08,-0.229,0.033,0.000,1.8,-0.3,-0.3,3.90
11760,COAST,757.36,757.26,90.14,-12.25,86046.5,20.08,-0.249,0.046,0.003,1.5,-0.6,-0.5,3.90
11770,COAST,758.42,758.17,90.03,-12.47,86035.4,20.07,-0.272,0.003,0.021,2.1,-0.1,-0.0,3.90
11780,COAST,758.88,759.06,89.90,-12.31,86030.5,20.07,-0.255,0.040,0.026,1.7,-0.3,-0.1,3.90
11790,COAST,759.87,759.96,89.77,-12.41,86020.1,20.06,-0.265,0.023,0.022,1.8,-0.6,-0.4,3.90
11800,COAST,761.14,760.86,89.66,-11.95,86006.8,20.05,-0.218,0.068,0.023,1.8,-0.6,-0.4,3.90
11810,COAST,761.70,761.76,89.54,-12.11,86000.8,20.05,-0.235,0.008,0.002,1.5,-0.1,-0.1,3.90
11820,COAST,762.49,762.65,89.41,-12.05,85992.5,20.04,-0.229,0.053,-0.045,1.5,0.3,-0.3,3.90
11830,COAST,763.88,763.55,89.30,-12.22,85977.9,20.04,-0.246,0.021,0.026,1.3,-0.1,-0.5,3.90
11840,COAST,764.50,764.44,89.18,-12.11,85971.4,20.03,-0.235,0.033,0.020,1.9,-0.5,-1.4,3.90
11850,COAST,765.25,765.33,89.06,-11.97,85963.5,20.02,-0.220,0.014,-0.003,1.1,-0.3,-0.1,3.90
11860,COAST,766.12,766.22,88.94,-12.17,85954.4,20.02,-0.241,-0.011,0.024,1.9,-0.2,-0.8,3.90
11870,COAST,766.91,767.10,88.81,-12.38,85946.1,20.01,-0.262,0.031,-0.043,1.1,-0.2,-0.4,3.90
11880,COAST,768.07,767.99,88.69,-11.96,85933.8,20.01,-0.219,0.038,0.027,0.9,-0.5,0.4,3.90
11890,COAST,769.08,768.88,88.57,-12.40,85923.2,20.00,-0.265,0.034,0.007,1.4,0.1,0.1,3.90
11900,COAST,769.86,769.77,88.46,-11.74,85915.0,20.00,-0.197,0.018,0.013,1.7,-0.4,-0.2,3.90
11910,COAST,770.62,770.66,88.34,-11.98,85907.0,19.99,-0.222,0.008,0.052,1.5,0.1,-0.3,3.90
11920,COAST,771.54,771.54,88.22,-12.15,85897.4,19.98,-0.240,0.051,0.012,1.5,0.7,-0.6,3.90
11930,COAST,772.51,772.42,88.10,-12.00,85887.2,19.98,-0.224,0.021,0.019,1.1,-0.5,0.0,3.90
11940,COAST,773.53,773.31,87.99,-11.93,85876.5,19.97,-0.216,0.021,0.035,1.7,0.1,-0.7,3.90
11950,COAST,774.15,774.19,87.87,-11.97,85869.9,19.97,-0.221,0.042,0.019,1.8,-0.6,0.4,3.90
11960,COAST,775.12,775.07,87.75,-11.91,85859.7,19.96,-0.215,0.014,-0.002,1.6,-0.3,0.2,3.90
11970,COAST,775.68,775.94,87.62,-11.73,85853.9,19.96,-0.196,0.032,0.011,1.2,-0.6,-0.2,3.90
11980,COAST,776.66,776.81,87.50,-12.21,85843.6,19.95,-0.246,0.022,0.007,1.0,-0.3,-0.3,3.90
11990,COAST,778.22,777.70,87.39,-12.39,85827.3,19.94,-0.264,-0.029,0.037,1.5,-0.5,0.1,3.90
12000,COAST,778.63,778.57,87.27,-12.06,85822.9,19.94,-0.230,0.039,-0.015,0.8,-0.6,-0.4,3.90
12010,COAST,779.24,779.44,87.15,-11.71,85816.5,19.93,-0.194,-0.011,0.008,1.7,0.2,-0.6,3.90
12020,COAST,780.13,780.30,87.02,-11.88,85807.1,19.93,-0.211,0.020,0.029,1.0,-0.2,-0.4,3.90
12030,COAST,781.24,781.18,86.90,-12.03,85795.5,19.92,-0.227,0.027,0.041,1.3,-0.4,-0.4,3.90
12040,COAST,782.24,782.05,86.79,-12.02,85785.0,19.92,-0.226,0.033,0.002,0.8,-0.2,-0.2,3.90
12050,COAST,782.93,782.92,86.67,-11.89,85777.8,19.91,-0.212,0.004,0.010,1.5,0.0,-0.6,3.90
12060,COAST,783.70,783.78,86.55,-12.13,85769.7,19.90,-0.237,0.013,0.028,1.4,-0.2,-0.1,3.90
12070,COAST,784.64,784.65,86.43,-12.10,85759.8,19.90,-0.234,0.017,0.014,1.3,-0.4,0.6,3.90
12080,COAST,785.51,785.51,86.31,-11.67,85750.6,19.89,-0.189,0.019,0.023,1.3,-0.2,-0.1,3.90
12090,COAST,786.59,786.38,86.20,-11.77,85739.3,19.89,-0.200,0.047,-0.004,1.0,-0.7,0.0,3.90
12100,COAST,787.06,787.23,86.08,-11.78,85734.4,19.88,-0.201,0.001,0.012,1.4,0.0,0.0,3.90
12110,COAST,788.57,788.11,85.98,-12.28,85718.6,19.88,-0.253,0.008,-0.023,1.8,-0.5,0.3,3.90
12120,COAST,788.90,788.97,85.85,-11.96,85715.0,19.87,-0.219,0.012,0.026,1.5,-0.6,-0.4,3.90
12130,COAST,790.33,789.84,85.75,-11.82,85700.1,19.87,-0.205,-0.002,0.007,0.9,-0.6,-0.2,3.90
12140,COAST,790.87,790.70,85.64,-11.59,85694.5,19.86,-0.182,0.019,-0.027,1.5,-0.3,-0.1,3.90
12150,COAST,791.43,791.55,85.52,-12.26,85688.5,19.85,-0.251,-0.012,-0.023,1.2,-0.4,-0.0,3.90
12160,COAST,792.36,792.41,85.40,-12.04,85678.8,19.85,-0.228,0.012,0.032,1.6,0.2,-0.2,3.90
12170,COAST,793.20,793.26,85.27,-11.69,85670.0,19.84,-0.191,0.038,0.007,1.4,-0.3,-0.5,3.90
12180,COAST,793.60,794.09,85.13,-12.10,85665.8,19.84,-0.234,0.003,0.010,1.0,-0.1,-0.3,3.90
12190,COAST,795.36,794.96,85.03,-11.81,85647.3,19.83,-0.204,0.001,0.008,0.9,-0.7,0.1,3.90
12200,COAST,795.80,795.81,84.91,-11.93,85642.7,19.83,-0.217,0.017,-0.016,0.7,-0.3,0.1,3.90
12210,COAST,796.96,796.66,84.81,-11.94,85630.6,19.82,-0.217,-0.013,0.015,0.8,-0.6,-0.7,3.90
12220,COAST,797.68,797.52,84.70,-11.52,85623.0,19.82,-0.174,0.036,-0.018,1.6,-0.4,-0.1,3.90
12230,COAST,798.41,798.36,84.58,-11.36,85615.4,19.81,-0.158,-0.007,0.022,1.0,-0.4,-0.1,3.90
12240,COAST,799.65,799.22,84.49,-11.43,85602.4,19.80,-0.166,0.035,-0.022,1.1,-0.6,-0.1,3.90
12250,COAST,800.23,800.07,84.38,-11.48,85596.3,19.80,-0.171,0.053,-0.010,1.0,-0.6,0.1,3.90
12260,COAST,800.95,800.91,84.27,-11.58,85588.8,19.79,-0.181,0.053,0.007,1.2,-0.9,-0.0,3.90
12270,COAST,801.86,801.76,84.15,-11.74,85579.2,19.79,-0.197,0.010,0.065,0.8,-0.4,-0.3,3.90
12280,COAST,802.42,802.60,84.03,-11.69,85573.3,19.78,-0.192,0.030,-0.011,1.4,-0.1,-0.4,3.90
12290,COAST,804.22,803.46,83.94,-11.65,85554.5,19.78,-0.188,0.017,-0.037,1.4,0.1,-0.8,3.90
12300,COAST,804.21,804.29,83.82,-11.67,85554.6,19.77,-0.190,0.002,0.002,0.9,0.2,-0.3,3.90
12310,COAST,805.23,805.13,83.71,-11.86,85544.0,19.77,-0.209,0.001,0.019,0.5,-0.8,-0.8,3.90
12320,COAST,805.90,805.97,83.59,-11.34,85536.9,19.76,-0.156,0.029,0.012,1.0,-0.1,-0.2,3.90
12330,COAST,807.09,806.81,83.49,-11.51,85524.5,19.76,-0.174,0.021,0.010,1.2,0.2,-0.2,3.90
12340,COAST,807.58,807.64,83.37,-11.87,85519.3,19.75,-0.211,0.011,0.026,1.2,-0.1,0.1,3.90
12350,COAST,808.72,808.48,83.26,-12.06,85507.4,19.74,-0.230,-0.009,0.020,0.4,-0.1,-0.1,3.90
12360,COAST,809.19,809.31,83.13,-11.90,85502.4,19.74,-0.214,0.001,0.025,0.7,-0.3,-0.2,3.90
12370,COAST,810.27,810.15,83.02,-11.73,85491.1,19.73,-0.196,0.026,0.007,1.0,-0.1,-0.7,3.90
12380,COAST,810.81,810.97,82.90,-11.71,85485.5,19.73,-0.194,0.002,0.007,1.2,-0.3,-0.1,3.90
12390,COAST,811.71,811.80,82.78,-11.54,85476.0,19.72,-0.177,0.018,0.012,0.8,-0.3,0.0,3.90
12400,COAST,812.65,812.63,82.66,-11.88,85466.2,19.72,-0.212,0.035,0.001,0.7,-0.4,-0.6,3.90
12410,COAST,813.23,813.45,82.53,-12.14,85460.2,19.71,-0.238,0.017,0.018,0.6,0.0,0.1,3.90
12420,COAST,814.21,814.27,82.41,-11.81,85449.9,19.71,-0.204,0.041,-0.035,1.4,-0.2,-0.1,3.90
12430,COAST,815.30,815.10,82.30,-11.60,85438.5,19.70,-0.183,0.002,0.009,0.9,-0.0,-0.7,3.90
12440,COAST,816.02,815.92,82.19,-11.72,85431.0,19.70,-0.196,0.038,-0.000,0.6,-0.3,-0.2,3.90
12450,COAST,817.02,816.75,82.08,-11.81,85420.5,19.69,-0.205,0.036,0.016,1.1,-0.7,-0.3,3.90
12460,COAST,818.02,817.59,81.98,-11.57,85410.0,19.68,-0.180,0.040,0.066,1.0,-0.4,0.3,3.90
12470,COAST,818.15,818.40,81.85,-11.95,85408.7,19.68,-0.219,0.009,-0.018,0.5,-0.8,-0.5,3.90
12480,COAST,819.11,819.21,81.73,-11.58,85398.6,19.67,-0.180,0.042,-0.012,0.9,-0.2,-0.5,3.90
12490,COAST,819.90,820.03,81.61,-11.48,85390.4,19.67,-0.170,0.019,0.029,0.8,0.1,0.2,3.90
12500,COAST,821.27,820.85,81.51,-11.83,85376.0,19.66,-0.207,0.039,0.018,1.4,-0.3,-0.4,3.90
12510,COAST,821.61,821.67,81.39,-11.77,85372.5,19.66,-0.200,-0.014,-0.004,1.0,-0.2,-0.2,3.90
12520,COAST,822.53,822.48,81.28,-11.61,85362.8,19.65,-0.184,0.032,0.006,1.1,-0.2,-0.4,3.90
12530,COAST,823.21,823.29,81.16,-11.42,85355.8,19.65,-0.164,-0.003,0.024,1.4,-0.1,-0.7,3.90
12540,COAST,824.20,824.10,81.05,-11.46,85345.5,19.64,-0.169,0.040,0.012,0.8,-0.4,-0.5,3.90
12550,COAST,825.23,824.92,80.95,-11.59,85334.7,19.64,-0.182,0.014,-0.013,0.2,-0.5,0.2,3.90
12560,COAST,826.27,825.75,80.85,-11.64,85323.7,19.63,-0.187,-0.046,0.040,1.3,-0.0,0.1,3.90
12570,COAST,826.50,826.55,80.73,-11.66,85321.4,19.63,-0.189,0.035,-0.019,0.7,-0.5,0.1,3.90
12580,COAST,827.17,827.35,80.61,-11.38,85314.4,19.62,-0.160,0.040,0.018,1.2,0.1,-0.1,3.90
12590,COAST,828.15,828.16,80.49,-11.66,85304.2,19.62,-0.190,0.001,0.035,0.9,0.0,-0.0,3.90
12600,COAST,828.67,828.96,80.36,-11.92,85298.7,19.61,-0.215,0.023,0.037,1.2,-0.2,0.1,3.90
12610,COAST,829.82,829.76,80.25,-11.73,85286.6,19.61,-0.196,0.015,0.017,1.3,-0.4,-0.4,3.90
12620,COAST,830.80,830.57,80.14,-11.92,85276.4,19.60,-0.215,0.019,-0.023,1.2,-0.0,-0.6,3.90
12630,COAST,831.45,831.37,80.02,-11.78,85269.7,19.60,-0.201,0.026,0.024,0.8,-0.9,0.4,3.90
12640,COAST,832.04,832.17,79.90,-11.63,85263.5,19.59,-0.185,-0.012,0.008,0.1,0.0,-0.1,3.90
12650,COAST,833.12,832.97,79.79,-11.52,85252.2,19.58,-0.175,0.062,0.007,0.8,-0.3,-0.9,3.90
12660,COAST,833.49,833.76,79.67,-11.48,85248.4,19.58,-0.171,0.037,0.014,1.4,-0.1,-0.2,3.90
12670,COAST,834.42,834.55,79.55,-11.60,85238.6,19.57,-0.183,0.000,0.016,1.3,-0.7,-0.3,3.90
12680,COAST,835.52,835.35,79.44,-11.67,85227.2,19.57,-0.190,0.031,0.027,0.3,0.0,0.3,3.90
12690,COAST,836.51,836.16,79.33,-11.94,85216.8,19.56,-0.217,0.015,0.003,0.6,-0.4,-0.6,3.90
12700,COAST,836.84,836.95,79.21,-11.40,85213.3,19.56,-0.162,-0.003,0.018,0.9,-0.1,-0.5,3.90
12710,COAST,838.15,837.75,79.11,-11.21,85199.7,19.55,-0.142,-0.013,-0.002,0.6,-0.1,-0.6,3.90
12720,COAST,838.78,838.55,79.01,-11.31,85193.1,19.55,-0.154,0.048,0.013,0.5,-0.5,-0.0,3.90
12730,COAST,839.72,839.35,78.91,-11.43,85183.3,19.54,-0.166,0.004,-0.016,0.3,0.2,-0.5,3.90
12740,COAST,840.29,840.14,78.80,-11.63,85177.3,19.54,-0.186,-0.015,0.013,0.8,0.0,-0.4,3.90
12750,COAST,841.23,840.94,78.70,-11.60,85167.5,19.53,-0.183,0.026,0.030,0.1,-0.5,-0.0,3.90
12760,COAST,841.78,841.72,78.59,-11.21,85161.8,19.53,-0.142,0.039,-0.022,1.2,-0.3,-0.2,3.90
12770,COAST,842.58,842.51,78.48,-11.79,85153.5,19.52,-0.203,0.053,-0.006,0.3,-0.1,-0.1,3.90
12780,COAST,843.06,843.29,78.35,-11.82,85148.4,19.52,-0.206,0.024,0.012,0.3,-0.5,0.3,3.90
12790,COAST,844.47,844.08,78.25,-11.54,85133.7,19.51,-0.177,-0.013,0.010,0.9,-0.9,-0.3,3.90
12800,COAST,844.49,844.85,78.12,-11.56,85133.5,19.51,-0.178,0.028,-0.017,0.6,-0.5,0.1,3.90
12810,COAST,845.85,845.64,78.01,-11.69,85119.3,19.50,-0.192,0.017,-0.023,0.6,-0.5,-0.2,3.90
12820,COAST,846.52,846.42,77.90,-11.56,85112.3,19.50,-0.178,0.028,0.017,0.2,-1.1,0.1,3.90
12830,COAST,847.13,847.20,77.78,-11.41,85105.9,19.49,-0.164,0.015,0.037,0.3,-0.6,0.7,3.90
12840,COAST,848.23,847.98,77.68,-11.45,85094.5,19.49,-0.167,0.027,0.029,0.6,-0.0,0.2,3.90
12850,COAST,849.09,848.77,77.57,-12.02,85085.6,19.48,-0.226,0.033,-0.031,0.8,-0.2,0.2,3.90
12860,COAST,849.53,849.54,77.46,-11.25,85080.9,19.48,-0.147,0.016,-0.022,0.9,0.0,-0.1,3.90
12870,COAST,850.20,850.32,77.34,-11.49,85074.0,19.47,-0.172,-0.005,-0.004,0.8,0.4,0.0,3.90
12880,COAST,851.91,851.11,77.25,-11.60,85056.1,19.47,-0.183,-0.017,-0.006,0.1,-0.2,-0.2,3.90
12890,COAST,851.96,851.88,77.14,-11.45,85055.7,19.46,-0.168,0.015,0.019,1.1,-0.2,-0.4,3.90
12900,COAST,852.43,852.65,77.02,-11.70,85050.7,19.46,-0.193,0.060,0.020,0.9,-0.3,0.3,3.90
12910,COAST,853.54,853.42,76.90,-11.66,85039.1,19.45,-0.189,0.017,0.010,0.6,-0.0,0.1,3.90
12920,COAST,854.13,854.19,76.79,-11.44,85032.9,19.45,-0.167,0.015,-0.014,0.6,0.1,-0.1,3.90
12930,COAST,854.79,854.95,76.67,-11.40,85026.1,19.44,-0.162,0.047,-0.013,0.2,-1.0,-0.6,3.90
12940,COAST,855.82,855.72,76.55,-11.78,85015.4,19.44,-0.201,0.062,0.009,0.4,0.0,0.0,3.90
12950,COAST,856.22,856.48,76.43,-11.52,85011.2,19.43,-0.174,0.017,0.026,1.0,0.0,-0.1,3.90
12960,COAST,857.53,857.25,76.32,-11.74,84997.5,19.43,-0.198,0.040,0.005,0.7,-0.6,0.3,3.90
12970,COAST,857.79,858.01,76.20,-11.44,84994.9,19.42,-0.166,0.040,-0.009,0.2,-0.8,0.2,3.90
12980,COAST,858.80,858.77,76.08,-11.41,84984.3,19.42,-0.163,0.032,0.013,0.3,-1.2,-0.2,3.90
12990,COAST,859.48,859.53,75.97,-11.50,84977.3,19.41,-0.173,-0.009,-0.000,0.9,-0.2,-0.6,3.90
13000,COAST,860.35,860.29,75.86,-11.08,84968.1,19.41,-0.130,0.002,-0.017,0.6,-0.3,0.2,3.90
13010,COAST,861.34,861.05,75.76,-11.74,84957.9,19.40,-0.197,0.023,-0.010,0.7,-0.7,-0.4,3.90
13020,COAST,862.11,861.82,75.65,-11.44,84949.8,19.40,-0.166,0.057,0.042,0.1,0.3,-0.8,3.90
13030,COAST,862.32,862.57,75.53,-11.65,84947.6,19.39,-0.188,0.015,0.017,0.6,-1.0,0.4,3.90
13040,COAST,863.21,863.32,75.41,-11.36,84938.4,19.39,-0.158,-0.017,0.007,0.2,-0.1,-0.3,3.90
13050,COAST,863.66,864.06,75.28,-11.54,84933.7,19.38,-0.177,0.024,0.022,0.3,-0.2,-0.5,3.90
13060,COAST,865.04,864.82,75.17,-11.78,84919.4,19.38,-0.201,0.012,-0.004,0.8,-0.5,-0.5,3.90
13070,COAST,865.66,865.57,75.05,-11.82,84912.9,19.37,-0.205,0.015,-0.030,0.3,-0.2,-0.4,3.90
13080,COAST,866.58,866.33,74.95,-11.31,84903.3,19.37,-0.153,0.006,0.030,0.8,-0.1,-0.6,3.90
13090,COAST,866.98,867.08,74.83,-11.69,84899.1,19.36,-0.192,-0.008,-0.000,0.1,0.0,-0.6,3.90
13100,COAST,867.96,867.83,74.72,-11.32,84888.9,19.36,-0.154,0.036,0.032,0.5,0.1,0.3,3.90
13110,COAST,868.54,868.57,74.61,-11.19,84882.9,19.35,-0.141,0.029,0.013,0.6,-0.5,-0.1,3.90
13120,COAST,869.82,869.33,74.51,-11.25,84869.6,19.35,-0.147,0.021,0.035,0.2,-0.4,-0.4,3.90
13130,COAST,870.46,870.09,74.41,-11.52,84862.9,19.34,-0.175,0.019,-0.021,0.5,-0.6,-0.3,3.90
13140,COAST,871.02,870.84,74.31,-11.31,84857.0,19.34,-0.153,0.007,0.037,-0.2,-0.1,-0.0,3.90
13150,COAST,871.53,871.58,74.19,-11.20,84851.7,19.33,-0.142,-0.036,0.023,0.6,-0.2,-0.3,3.90
13160,COAST,872.96,872.34,74.11,-11.32,84836.8,19.33,-0.154,0.053,0.013,0.3,-0.8,0.2,3.90
13170,COAST,873.25,873.08,74.00,-11.54,84833.8,19.32,-0.177,-0.005,-0.010,0.5,-0.5,-0.1,3.90
13180,COAST,874.13,873.83,73.89,-11.82,84824.7,19.32,-0.206,0.015,0.035,0.6,-0.4,-0.3,3.90
13190,COAST,874.64,874.57,73.78,-11.78,84819.4,19.31,-0.201,-0.022,0.025,0.0,-0.2,-0.2,3.90
13200,COAST,875.06,875.30,73.65,-11.25,84815.0,19.31,-0.146,0.005,-0.047,0.2,-0.3,-0.4,3.90
13210,COAST,875.86,876.03,73.53,-11.68,84806.7,19.31,-0.191,0.016,0.041,0.2,-0.3,-0.3,3.90
13220,COAST,876.77,876.77,73.42,-11.13,84797.2,19.30,-0.134,-0.005,0.020,0.7,-0.3,-0.2,3.90
13230,COAST,877.32,877.50,73.30,-10.79,84791.6,19.30,-0.100,0.031,0.013,0.4,0.5,0.1,3.90
13240,COAST,878.60,878.24,73.21,-10.90,84778.3,19.29,-0.111,0.005,0.030,0.1,-0.2,-0.6,3.90
13250,COAST,878.79,878.97,73.09,-11.35,84776.3,19.29,-0.157,0.012,0.035,0.3,-0.1,-0.0,3.90
13260,COAST,879.87,879.70,72.98,-11.16,84765.1,19.28,-0.138,0.009,0.004,0.2,-0.3,0.0,3.90
13270,COAST,880.53,880.43,72.88,-11.32,84758.1,19.28,-0.154,0.023,0.023,0.3,0.0,0.1,3.90
13280,COAST,881.51,881.17,72.78,-11.13,84748.0,19.27,-0.134,0.012,-0.020,0.4,-0.2,-0.0,3.90
13290,COAST,881.82,881.90,72.66,-11.32,84744.8,19.27,-0.154,0.049,-0.013,0.5,-0.9,0.2,3.90
13300,COAST,882.24,882.61,72.53,-11.62,84740.4,19.26,-0.185,-0.012,0.026,0.1,-0.3,0.3,3.90
13310,COAST,883.29,883.34,72.42,-10.99,84729.5,19.26,-0.120,0.011,0.010,0.8,-0.8,0.0,3.90
13320,COAST,884.19,884.06,72.31,-11.15,84720.1,19.25,-0.137,-0.003,0.016,-0.3,0.0,0.1,3.90
13330,COAST,885.00,884.79,72.21,-11.23,84711.7,19.25,-0.145,0.011,0.012,0.7,-0.6,-0.4,3.90
13340,COAST,885.24,885.50,72.08,-11.40,84709.3,19.24,-0.163,0.005,0.009,-0.1,-0.4,-0.7,3.90
13350,COAST,886.40,886.23,71.98,-11.16,84697.2,19.24,-0.137,0.076,0.040,-0.0,-0.2,-0.3,3.90
13360,COAST,886.87,886.95,71.86,-11.30,84692.3,19.23,-0.152,0.009,0.018,0.3,-0.1,-0.1,3.90
13370,COAST,887.71,887.67,71.75,-11.77,84683.5,19.23,-0.200,0.032,-0.002,0.1,0.4,0.2,3.90
13380,COAST,888.61,888.39,71.64,-11.30,84674.1,19.22,-0.152,0.022,-0.013,0.2,-0.3,0.2,3.90
13390,COAST,889.37,889.11,71.54,-11.39,84666.3,19.22,-0.162,0.044,-0.019,1.0,0.3,-0.6,3.90
13400,COAST,889.61,889.82,71.42,-11.56,84663.8,19.22,-0.179,0.014,0.030,0.1,-0.3,-0.2,3.90
13410,COAST,890.95,890.55,71.32,-11.49,84649.9,19.21,-0.171,0.009,-0.001,0.7,0.5,-0.2,3.90
13420,COAST,891.40,891.26,71.21,-11.64,84645.2,19.21,-0.188,0.021,0.002,-0.1,-0.9,0.1,3.90
13430,COAST,892.21,891.98,71.11,-10.77,84636.8,19.20,-0.097,0.033,0.024,-0.3,-0.8,-0.1,3.90
13440,COAST,892.81,892.70,71.00,-10.91,84630.5,19.20,-0.112,-0.021,0.004,0.4,-0.3,0.1,3.90
13450,COAST,893.09,893.40,70.88,-11.05,84627.7,19.19,-0.127,-0.003,-0.043,0.6,-0.6,0.0,3.90
13460,COAST,894.27,894.11,70.77,-11.29,84615.4,19.19,-0.152,0.042,0.035,0.1,-0.8,0.1,3.90
13470,COAST,895.15,894.83,70.68,-11.26,84606.3,19.18,-0.148,-0.014,0.007,0.2,-0.1,0.2,3.90
13480,COAST,895.53,895.53,70.56,-11.31,84602.3,19.18,-0.154,0.019,-0.015,0.2,0.2,-0.4,3.90
13490,COAST,896.62,896.25,70.46,-11.35,84591.0,19.17,-0.157,0.007,0.002,0.5,-0.4,-0.2,3.90
13500,COAST,897.23,896.96,70.36,-11.09,84584.6,19.17,-0.130,0.023,0.054,0.5,-0.6,-0.7,3.90
13510,COAST,897.86,897.67,70.26,-11.24,84578.1,19.16,-0.147,0.016,0.003,0.5,-0.1,0.1,3.90
13520,COAST,897.98,898.36,70.13,-11.55,84576.9,19.16,-0.178,0.002,0.019,0.2,-0.7,0.1,3.90
13530,COAST,899.34,899.07,70.03,-11.58,84562.8,19.16,-0.181,0.027,0.044,0.3,-1.1,-0.1,3.90
13540,COAST,899.50,899.76,69.90,-10.78,84561.2,19.15,-0.099,0.063,0.041,0.2,-0.2,-0.1,3.90
13550,COAST,900.54,900.46,69.80,-11.22,84550.3,19.15,-0.144,0.029,0.007,0.2,-0.2,-0.2,3.90
13560,COAST,901.43,901.17,69.69,-11.44,84541.1,19.14,-0.167,0.019,-0.013,0.7,-0.1,0.3,3.90
13570,COAST,902.09,901.87,69.59,-11.29,84534.2,19.14,-0.151,-0.014,-0.004,0.5,-0.1,-0.7,3.90
13580,COAST,902.88,902.57,69.49,-11.28,84526.1,19.13,-0.150,0.009,0.021,0.1,-0.3,-0.7,3.90
13590,COAST,902.95,903.26,69.36,-11.18,84525.3,19.13,-0.140,0.028,0.025,0.4,-0.0,0.2,3.90
13600,COAST,903.85,903.95,69.25,-11.00,84516.0,19.12,-0.121,0.052,0.005,0.8,-0.7,-0.1,3.90
13610,COAST,904.58,904.64,69.14,-11.01,84508.5,19.12,-0.123,0.021,0.013,0.2,-0.1,0.1,3.90
13620,COAST,905.46,905.33,69.03,-10.88,84499.3,19.11,-0.110,0.016,0.031,0.4,-0.5,-0.6,3.90
13630,COAST,906.15,906.03,68.93,-11.47,84492.2,19.11,-0.170,0.016,0.015,0.4,-0.4,-0.6,3.90
13640,COAST,906.77,906.72,68.81,-11.14,84485.8,19.11,-0.136,0.032,0.019,-0.1,-0.4,-0.1,3.90
13650,COAST,907.44,907.41,68.70,-11.32,84478.8,19.10,-0.154,0.009,0.004,0.6,-0.6,0.4,3.90
13660,COAST,908.10,908.09,68.59,-10.98,84471.9,19.10,-0.119,0.027,0.049,0.4,-1.2,-0.4,3.90
13670,COAST,908.40,908.77,68.47,-11.40,84468.8,19.09,-0.163,-0.004,-0.034,0.5,0.4,-0.4,3.90
13680,COAST,909.85,909.46,68.37,-11.02,84453.8,19.09,-0.123,0.022,-0.008,-0.0,-0.1,-0.3,3.90
13690,COAST,910.45,910.15,68.27,-11.44,84447.5,19.08,-0.167,0.005,-0.035,0.6,-0.3,-0.0,3.90
13700,COAST,910.83,910.84,68.16,-11.27,84443.6,19.08,-0.149,0.037,-0.019,-0.2,-0.4,-0.4,3.90
13710,COAST,910.92,911.50,68.02,-11.28,84442.7,19.07,-0.150,0.017,0.009,0.6,-0.3,0.0,3.90
13720,COAST,912.21,912.18,67.91,-11.07,84429.3,19.07,-0.128,0.021,0.005,0.4,0.1,-0.1,3.90
13730,COAST,913.11,912.87,67.81,-11.03,84420.0,19.07,-0.125,0.001,0.000,0.3,-0.1,-0.0,3.90
13740,COAST,913.45,913.54,67.69,-11.36,84416.5,19.06,-0.159,0.034,0.009,-0.0,-0.0,-0.1,3.90
13750,COAST,914.14,914.22,67.58,-11.26,84409.3,19.06,-0.148,0.044,0.028,1.1,0.4,-0.2,3.90
13760,COAST,914.94,914.89,67.47,-11.01,84401.0,19.05,-0.123,0.011,-0.000,0.2,-0.5,-0.2,3.90
13770,COAST,914.91,915.55,67.33,-10.82,84401.3,19.05,-0.103,0.015,0.040,0.5,-0.1,-0.3,3.90
13780,COAST,916.10,916.22,67.22,-11.05,84389.0,19.04,-0.127,0.008,0.033,0.1,-0.7,-0.5,3.90
13790,COAST,916.78,916.89,67.10,-11.34,84382.0,19.04,-0.156,0.005,0.006,-0.5,-0.1,-0.2,3.90
13800,COAST,917.51,917.55,66.99,-11.07,84374.4,19.04,-0.128,-0.002,0.010,0.2,-0.2,-0.7,3.90
13810,COAST,918.11,918.22,66.87,-11.27,84368.2,19.03,-0.150,0.034,-0.047,-0.1,-0.4,-0.1,3.90
13820,COAST,918.85,918.89,66.76,-10.96,84360.5,19.03,-0.118,0.001,0.016,0.2,-0.6,-0.7,3.90
13830,COAST,919.93,919.57,66.66,-11.15,84349.3,19.02,-0.137,0.014,0.040,0.2,-0.2,-0.6,3.90
13840,COAST,920.46,920.24,66.56,-10.83,84343.9,19.02,-0.104,0.027,0.017,0.4,-0.9,0.1,3.90
13850,COAST,920.80,920.90,66.45,-11.15,84340.3,19.01,-0.138,0.024,0.017,0.2,0.0,-0.4,3.90
13860,COAST,921.70,921.57,66.34,-11.09,84331.0,19.01,-0.131,0.024,0.013,-0.0,-0.4,-0.0,3.90
13870,COAST,922.37,922.23,66.24,-11.03,84324.1,19.00,-0.125,0.003,0.010,0.3,-0.3,0.1,3.90
13880,COAST,923.08,922.90,66.13,-11.09,84316.8,19.00,-0.131,0.014,0.012,0.0,-0.2,-0.6,3.90
13890,COAST,923.71,923.57,66.03,-11.02,84310.2,19.00,-0.124,0.016,0.022,0.2,-0.4,-0.1,3.90
13900,COAST,924.31,924.23,65.92,-11.25,84304.0,18.99,-0.147,-0.007,-0.008,0.2,-0.1,-0.7,3.90
13910,COAST,924.97,924.89,65.81,-10.85,84297.2,18.99,-0.106,-0.007,-0.002,0.1,-0.4,-0.2,3.90
13920,COAST,925.81,925.55,65.72,-11.02,84288.4,18.98,-0.124,-0.020,0.030,0.4,0.2,-0.5,3.90
13930,COAST,926.32,926.21,65.61,-10.84,84283.2,18.98,-0.106,0.073,0.053,0.1,-0.2,-0.4,3.90
13940,COAST,927.33,926.88,65.52,-11.29,84272.7,18.97,-0.152,0.025,-0.014,0.2,-0.3,-0.4,3.90
13950,COAST,927.44,927.53,65.40,-11.62,84271.6,18.97,-0.185,0.017,0.021,0.5,-0.3,-0.3,3.90
13960,COAST,928.27,928.19,65.29,-11.26,84263.0,18.97,-0.148,0.017,0.018,0.1,0.2,-0.2,3.90
13970,COAST,928.67,928.84,65.17,-11.46,84258.9,18.96,-0.169,0.014,0.046,0.2,-0.3,0.2,3.90
13980,COAST,929.62,929.49,65.06,-11.17,84249.1,18.96,-0.139,0.023,-0.004,0.2,-0.4,-0.5,3.90
13990,COAST,929.95,930.14,64.94,-11.14,84245.7,18.95,-0.136,0.026,0.021,0.6,0.1,-0.3,3.90
14000,COAST,930.95,930.79,64.84,-11.01,84235.3,18.95,-0.122,-0.001,0.029,0.5,-0.7,0.7,3.90
14010,COAST,931.47,931.44,64.73,-10.84,84229.9,18.95,-0.105,-0.014,0.020,0.5,0.3,-0.4,3.90
14020,COAST,931.76,932.08,64.61,-11.22,84226.9,18.94,-0.144,0.014,0.041,0.1,-0.7,-0.4,3.90
14030,COAST,932.84,932.73,64.50,-10.92,84215.8,18.94,-0.113,0.042,0.017,0.9,-0.7,-0.4,3.90
14040,COAST,933.31,933.37,64.39,-11.10,84210.8,18.93,-0.132,-0.008,0.019,0.4,-0.3,-0.3,3.90
14050,COAST,934.17,934.02,64.28,-11.36,84202.0,18.93,-0.159,0.030,0.001,0.4,0.0,-0.4,3.90
14060,COAST,934.74,934.66,64.17,-10.80,84196.1,18.92,-0.100,0.024,0.004,-0.2,-0.8,0.0,3.90
14070,COAST,935.68,935.31,64.08,-11.05,84186.4,18.92,-0.127,0.043,0.032,0.0,0.2,-0.9,3.90
14080,COAST,936.03,935.96,63.97,-11.02,84182.8,18.92,-0.123,0.022,0.021,0.3,-0.3,-0.3,3.90
14090,COAST,936.81,936.60,63.87,-11.17,84174.7,18.91,-0.139,0.044,0.035,-0.0,-0.3,-0.9,3.90
14100,COAST,937.43,937.24,63.77,-11.11,84168.3,18.91,-0.133,0.007,0.026,0.3,-0.4,-0.5,3.90
14110,COAST,938.00,937.88,63.66,-10.63,84162.4,18.90,-0.083,-0.014,0.005,0.6,-0.3,-0.4,3.90
14120,COAST,938.75,938.53,63.56,-10.92,84154.7,18.90,-0.113,0.045,-0.044,0.3,-0.4,0.2,3.90
14130,COAST,939.04,939.16,63.45,-10.86,84151.7,18.90,-0.107,0.028,0.010,-0.1,-0.3,-0.1,3.90
14140,COAST,939.42,939.78,63.33,-11.00,84147.8,18.89,-0.122,-0.004,0.017,0.5,0.2,0.2,3.90
14150,COAST,940.55,940.42,63.22,-11.08,84136.0,18.89,-0.130,-0.027,0.002,-0.3,-0.3,0.2,3.90
14160,COAST,941.03,941.05,63.11,-11.35,84131.1,18.88,-0.158,0.033,0.022,-0.2,-0.5,0.0,3.90
14170,COAST,941.71,941.68,63.00,-10.95,84124.0,18.88,-0.116,-0.017,0.012,0.5,-0.5,-0.3,3.90
14180,COAST,942.48,942.31,62.89,-11.06,84116.1,18.87,-0.127,0.022,-0.016,0.3,-0.4,0.4,3.90
14190,COAST,943.05,942.95,62.79,-11.00,84110.2,18.87,-0.122,0.005,0.007,-0.1,-0.4,-0.4,3.90
14200,COAST,944.09,943.59,62.70,-11.28,84099.4,18.87,-0.151,0.009,0.021,-0.1,-0.5,-0.4,3.90
14210,COAST,944.60,944.23,62.60,-11.07,84094.2,18.86,-0.129,0.044,0.003,-0.0,-0.2,0.1,3.90
14220,COAST,944.62,944.84,62.48,-10.97,84094.0,18.86,-0.118,0.041,-0.014,-0.0,-0.4,0.1,3.90
14230,COAST,946.03,945.48,62.39,-11.00,84079.4,18.85,-0.122,0.008,0.040,-0.0,-0.0,-0.2,3.90
14240,COAST,946.00,946.10,62.28,-10.80,84079.7,18.85,-0.101,0.030,0.014,0.2,-0.5,-0.5,3.90
14250,COAST,946.64,946.72,62.17,-11.26,84073.1,18.85,-0.149,0.010,-0.033,0.3,-0.1,-0.3,3.90
14260,COAST,947.61,947.35,62.07,-11.04,84063.1,18.84,-0.126,0.025,-0.021,0.4,-0.6,0.1,3.90
14270,COAST,947.97,947.97,61.96,-11.01,84059.4,18.84,-0.123,0.014,-0.009,0.3,-0.6,-0.1,3.90
14280,COAST,948.72,948.60,61.85,-11.16,84051.6,18.83,-0.138,0.002,0.021,0.8,-0.8,0.1,3.90
14290,COAST,949.14,949.21,61.73,-11.40,84047.3,18.83,-0.163,0.011,-0.017,-0.1,-0.4,0.1,3.90
14300,COAST,950.16,949.84,61.64,-10.64,84036.7,18.83,-0.084,0.019,0.023,0.3,-0.7,-0.4,3.90
14310,COAST,950.50,950.45,61.53,-10.85,84033.3,18.82,-0.107,-0.019,0.001,0.6,-0.4,0.4,3.90
14320,COAST,951.68,951.09,61.45,-11.31,84021.0,18.82,-0.154,-0.016,0.047,0.1,0.2,0.0,3.90
14330,COAST,951.93,951.71,61.34,-11.26,84018.5,18.81,-0.148,0.020,0.059,0.1,0.2,-0.6,3.90
14340,COAST,952.01,952.31,61.22,-11.16,84017.6,18.81,-0.138,0.002,0.013,0.4,-0.4,0.0,3.90
14350,COAST,952.89,952.92,61.10,-11.26,84008.6,18.81,-0.148,0.017,0.015,0.3,-0.6,0.3,3.90
14360,COAST,953.47,953.53,60.99,-10.83,84002.7,18.80,-0.104,0.027,0.006,-0.2,0.1,-0.3,3.90
14370,COAST,954.02,954.14,60.88,-10.81,83996.9,18.80,-0.102,0.019,0.005,0.2,-0.6,0.1,3.90
14380,COAST,954.82,954.75,60.77,-10.82,83988.7,18.79,-0.104,0.061,-0.001,0.6,-0.3,0.0,3.90
14390,COAST,955.73,955.36,60.68,-10.76,83979.3,18.79,-0.097,-0.021,-0.004,0.2,0.3,0.1,3.90
14400,COAST,956.37,955.98,60.59,-10.66,83972.6,18.79,-0.087,0.051,-0.020,-0.5,-0.3,-0.3,3.90
14410,COAST,956.61,956.59,60.48,-11.01,83970.2,18.78,-0.123,0.009,-0.014,0.1,-0.3,-0.8,3.90
14420,COAST,956.97,957.19,60.36,-10.60,83966.5,18.78,-0.081,0.042,-0.002,0.2,-0.4,-0.4,3.90
14430,COAST,957.58,957.78,60.25,-11.33,83960.2,18.77,-0.156,0.016,0.062,0.2,0.2,0.2,3.90
14440,COAST,958.46,958.39,60.14,-11.01,83951.1,18.77,-0.123,0.049,0.036,0.5,-0.6,-0.2,3.90
14450,COAST,959.03,958.99,60.03,-10.98,83945.2,18.77,-0.120,0.021,0.004,0.4,-0.9,-0.7,3.90
14460,COAST,959.48,959.59,59.92,-10.97,83940.6,18.76,-0.119,-0.002,0.002,-0.2,0.0,-0.1,3.90
14470,COAST,960.07,960.18,59.80,-10.57,83934.5,18.76,-0.077,0.005,0.028,0.1,-0.1,0.0,3.90
14480,COAST,960.81,960.78,59.70,-10.52,83926.8,18.75,-0.073,0.024,-0.020,0.2,-0.6,-0.5,3.90
14490,COAST,961.84,961.39,59.61,-10.82,83916.3,18.75,-0.104,-0.028,-0.001,0.5,-0.4,-0.6,3.90
14500,COAST,961.98,961.98,59.50,-11.07,83914.8,18.75,-0.130,-0.004,0.023,0.4,0.1,0.1,3.90
14510,COAST,962.60,962.58,59.39,-10.76,83908.3,18.74,-0.097,0.013,0.010,0.6,-0.4,-0.7,3.90
14520,COAST,963.27,963.18,59.29,-10.55,83901.5,18.74,-0.076,0.022,0.013,0.4,-0.7,-0.5,3.90
14530,COAST,963.66,963.77,59.18,-11.02,83897.4,18.74,-0.124,-0.011,-0.017,0.3,-0.6,-0.3,3.90
14540,COAST,964.68,964.37,59.08,-11.02,83887.0,18.73,-0.124,-0.018,0.002,0.4,-0.3,-0.2,3.90
14550,COAST,965.26,964.96,58.98,-10.84,83881.0,18.73,-0.105,0.001,0.004,-0.0,-0.0,0.2,3.90
14560,COAST,965.71,965.56,58.88,-10.72,83876.4,18.72,-0.093,0.020,0.040,-0.0,-0.6,-0.0,3.90
14570,COAST,966.61,966.16,58.79,-10.71,83867.0,18.72,-0.092,0.038,0.013,0.1,-0.7,-0.3,3.90
14580,COAST,966.56,966.74,58.68,-10.76,83867.6,18.72,-0.097,0.037,-0.000,0.6,-0.4,0.0,3.90
14590,COAST,967.36,967.33,58.57,-10.85,83859.4,18.71,-0.107,0.025,0.017,0.2,-0.3,-0.2,3.90
14600,COAST,967.99,967.92,58.47,-10.97,83852.8,18.71,-0.119,0.056,-0.018,0.3,-0.5,-0.3,3.90
14610,COAST,968.26,968.49,58.35,-11.03,83850.0,18.70,-0.125,0.021,0.011,0.6,-0.0,0.1,3.90
14620,COAST,969.19,969.08,58.24,-10.70,83840.5,18.70,-0.091,0.066,-0.005,0.2,-0.1,0.0,3.90
14630,COAST,969.51,969.66,58.13,-10.86,83837.2,18.70,-0.107,-0.003,0.003,0.2,-0.6,0.1,3.90
14640,COAST,970.36,970.24,58.03,-10.64,83828.4,18.69,-0.084,-0.012,0.015,-0.2,-0.6,-0.1,3.90
14650,COAST,970.52,970.81,57.91,-11.01,83826.7,18.69,-0.123,0.035,0.007,0.2,-0.3,-0.1,3.90
14660,COAST,971.23,971.39,57.79,-10.92,83819.5,18.69,-0.113,0.022,0.016,0.4,-0.1,-0.4,3.90
14670,COAST,971.78,971.96,57.67,-10.81,83813.8,18.68,-0.103,0.022,-0.009,0.0,-0.3,-0.3,3.90
14680,COAST,972.82,972.54,57.58,-10.60,83803.0,18.68,-0.081,0.000,0.028,0.1,-0.7,0.3,3.90
14690,COAST,972.90,973.11,57.46,-10.94,83802.3,18.67,-0.116,0.044,0.020,-0.0,-0.2,0.1,3.90
14700,COAST,973.71,973.69,57.35,-10.70,83793.9,18.67,-0.091,0.015,0.001,-0.2,-0.1,0.3,3.90
14710,COAST,974.34,974.26,57.25,-11.08,83787.4,18.67,-0.130,0.012,0.016,0.6,-0.3,-0.1,3.90
14720,COAST,974.85,974.83,57.14,-11.01,83782.1,18.66,-0.123,0.012,0.003,-0.1,-0.3,-0.2,3.90
14730,COAST,975.80,975.42,57.05,-10.47,83772.4,18.66,-0.067,0.047,0.015,-0.1,-0.5,-0.4,3.90
14740,COAST,976.21,975.99,56.95,-10.75,83768.1,18.66,-0.096,-0.039,-0.008,-0.3,-0.3,-0.5,3.90
14750,COAST,976.46,976.56,56.84,-11.17,83765.5,18.65,-0.140,0.038,0.014,0.8,-0.2,-0.0,3.90
14760,COAST,977.05,977.12,56.72,-11.40,83759.6,18.65,-0.163,0.028,-0.012,-0.3,0.2,0.0,3.90
14770,COAST,977.74,977.69,56.61,-10.61,83752.4,18.64,-0.081,-0.005,0.031,0.2,-0.4,0.2,3.90
14780,COAST,978.21,978.26,56.50,-11.11,83747.6,18.64,-0.134,-0.021,-0.028,-0.2,0.2,-0.4,3.90
14790,COAST,978.79,978.82,56.39,-10.95,83741.6,18.64,-0.117,0.017,0.015,0.6,0.4,-0.5,3.90
14800,COAST,979.63,979.39,56.29,-10.84,83733.0,18.63,-0.105,0.048,-0.008,0.4,-0.3,-0.3,3.90
14810,COAST,980.12,979.96,56.19,-10.56,83728.0,18.63,-0.076,0.002,-0.008,-0.5,-0.1,-0.9,3.90
14820,COAST,981.15,980.54,56.11,-10.85,83717.4,18.63,-0.107,0.029,0.056,-0.1,-0.7,-0.0,3.90
14830,COAST,981.30,981.10,56.01,-11.05,83715.8,18.62,-0.127,-0.004,-0.032,0.6,-0.1,-0.5,3.90
14840,COAST,981.47,981.66,55.89,-10.78,83714.0,18.62,-0.099,0.023,0.018,0.1,-0.5,0.1,3.90
14850,COAST,981.57,982.20,55.76,-10.71,83713.0,18.62,-0.092,0.019,0.039,0.4,-0.2,0.5,3.90
14860,COAST,982.80,982.76,55.65,-10.90,83700.4,18.61,-0.112,-0.004,0.029,0.1,-0.1,0.2,3.90
14870,COAST,983.90,983.33,55.56,-11.12,83689.0,18.61,-0.134,0.013,-0.015,-0.2,-0.3,-0.4,3.90
14880,COAST,983.52,983.87,55.44,-10.51,83692.9,18.60,-0.071,0.021,0.007,-0.1,-0.2,-0.5,3.90
14890,COAST,984.49,984.43,55.34,-10.66,83683.0,18.60,-0.087,0.007,0.014,0.0,-0.3,0.0,3.90
14900,COAST,984.85,984.98,55.23,-10.73,83679.2,18.60,-0.094,0.003,0.024,-0.6,-0.2,-0.3,3.90
14910,COAST,985.50,985.53,55.12,-10.63,83672.5,18.59,-0.084,0.026,0.008,-0.1,-0.3,-0.1,3.90
14920,COAST,985.76,986.07,55.00,-10.85,83669.9,18.59,-0.106,-0.017,-0.018,0.5,-0.6,-0.3,3.90
14930,COAST,986.50,986.62,54.88,-11.00,83662.3,18.59,-0.122,0.043,0.031,0.6,-0.1,0.2,3.90
14940,COAST,987.10,987.16,54.77,-10.92,83656.0,18.58,-0.113,0.021,0.042,0.4,-0.6,-0.1,3.90
14950,COAST,987.60,987.71,54.66,-11.03,83650.9,18.58,-0.125,-0.023,0.019,0.5,-0.2,-0.7,3.90
14960,COAST,988.45,988.26,54.56,-10.99,83642.2,18.58,-0.121,0.030,-0.004,0.5,-0.4,0.1,3.90
14970,COAST,988.64,988.80,54.44,-10.88,83640.3,18.57,-0.110,0.073,0.011,-0.2,-0.1,-0.9,3.90
14980,COAST,989.16,989.34,54.32,-10.70,83635.0,18.57,-0.090,0.038,0.022,-0.2,-0.6,0.0,3.90
14990,COAST,989.88,989.88,54.22,-10.70,83627.5,18.57,-0.091,0.024,-0.015,-0.2,0.3,0.0,3.90
15000,COAST,990.79,990.43,54.13,-10.67,83618.1,18.56,-0.088,0.005,-0.035,-0.0,-0.0,-0.0,3.90
15010,COAST,991.38,990.98,54.03,-10.86,83612.1,18.56,-0.108,0.020,0.011,-0.1,-0.6,-0.5,3.90
15020,COAST,991.51,991.52,53.93,-10.60,83610.7,18.55,-0.081,0.016,0.002,0.1,0.2,-0.2,3.90
15030,COAST,992.02,992.06,53.82,-10.95,83605.4,18.55,-0.117,0.022,-0.023,-0.5,-0.3,-0.1,3.90
15040,COAST,992.65,992.60,53.71,-10.49,83599.0,18.55,-0.069,0.039,0.009,-0.1,-0.5,-0.1,3.90
15050,COAST,993.35,993.14,53.61,-11.15,83591.8,18.54,-0.137,0.037,0.053,0.1,0.2,0.6,3.90
15060,COAST,993.70,993.68,53.50,-10.73,83588.2,18.54,-0.093,0.055,0.012,0.5,-0.7,-0.2,3.90
15070,COAST,994.38,994.22,53.40,-10.73,83581.2,18.54,-0.094,0.009,-0.020,0.1,-1.0,0.2,3.90
15080,COAST,994.48,994.74,53.28,-10.74,83580.2,18.53,-0.095,-0.014,-0.008,0.8,0.0,-0.3,3.90
15090,COAST,995.32,995.28,53.18,-10.58,83571.6,18.53,-0.079,0.020,0.035,-0.1,-0.1,-0.2,3.90
15100,COAST,996.19,995.82,53.09,-10.70,83562.6,18.53,-0.091,0.008,0.002,-0.2,-0.0,-0.1,3.90
15110,COAST,996.29,996.35,52.98,-10.75,83561.5,18.52,-0.096,0.049,0.011,-0.0,-0.2,0.1,3.90
15120,COAST,996.73,996.87,52.87,-10.62,83557.1,18.52,-0.083,0.025,0.028,0.2,-0.6,-0.8,3.90
15130,COAST,997.68,997.41,52.77,-10.67,83547.3,18.52,-0.088,0.030,0.021,0.1,-0.2,0.2,3.90
15140,COAST,997.98,997.94,52.67,-10.71,83544.3,18.51,-0.092,-0.011,-0.002,-0.0,-0.9,0.0,3.90
15150,COAST,998.26,998.46,52.55,-10.47,83541.4,18.51,-0.067,0.021,0.031,-0.4,-0.3,-0.3,3.90
15160,COAST,999.51,999.00,52.47,-10.75,83528.5,18.51,-0.096,0.036,-0.006,0.2,-0.6,-0.0,3.90
15170,COAST,999.38,999.52,52.35,-11.03,83529.9,18.50,-0.125,-0.005,0.021,0.2,-0.3,-0.6,3.90
15180,COAST,999.88,1000.04,52.24,-10.83,83524.7,18.50,-0.104,-0.009,0.034,0.3,-0.4,-0.4,3.90
15190,COAST,1000.58,1000.56,52.13,-10.74,83517.6,18.50,-0.095,0.018,-0.001,-0.1,-0.0,-0.3,3.90
15200,COAST,1001.06,1001.08,52.02,-10.72,83512.6,18.49,-0.093,0.044,0.011,0.5,0.2,-0.6,3.90
15210,COAST,1001.81,1001.60,51.92,-10.87,83504.8,18.49,-0.109,0.020,0.014,0.1,0.2,-0.3,3.90
15220,COAST,1002.53,1002.14,51.83,-10.81,83497.5,18.49,-0.102,0.042,0.005,0.3,-0.4,-0.7,3.90
15230,COAST,1002.70,1002.65,51.72,-10.79,83495.8,18.48,-0.100,0.079,0.005,-0.3,0.0,-0.0,3.90
15240,COAST,1003.38,1003.18,51.62,-10.68,83488.8,18.48,-0.089,0.029,0.009,0.1,-0.8,-0.1,3.90
15250,COAST,1004.03,1003.70,51.53,-10.55,83482.1,18.48,-0.075,0.008,0.051,0.3,-0.0,-0.5,3.90
15260,COAST,1004.32,1004.22,51.43,-10.97,83479.1,18.47,-0.119,-0.015,-0.016,-0.1,-0.7,-0.1,3.90
15270,COAST,1004.65,1004.73,51.32,-10.53,83475.7,18.47,-0.073,0.026,0.013,-0.0,-0.3,-0.3,3.90
15280,COAST,1005.26,1005.24,51.21,-10.61,83469.4,18.47,-0.082,0.014,0.024,0.2,-0.2,-0.2,3.90
15290,COAST,1005.44,1005.75,51.09,-10.80,83467.5,18.46,-0.101,0.044,0.018,0.4,-0.4,-0.6,3.90
15300,COAST,1006.23,1006.26,50.98,-10.84,83459.5,18.46,-0.105,-0.011,0.014,0.2,-0.2,-0.5,3.90
15310,COAST,1006.55,1006.76,50.87,-10.63,83456.1,18.46,-0.084,-0.012,0.015,-0.3,-0.2,0.1,3.90
15320,COAST,1006.73,1007.25,50.74,-10.75,83454.3,18.45,-0.096,0.006,0.042,0.2,-0.2,-0.5,3.90
15330,COAST,1008.03,1007.77,50.64,-10.74,83441.0,18.45,-0.095,0.040,0.039,0.4,-0.2,0.4,3.90
15340,COAST,1008.20,1008.27,50.53,-10.76,83439.3,18.45,-0.098,0.017,0.016,0.4,-0.6,-0.1,3.90
15350,COAST,1009.14,1008.79,50.44,-10.82,83429.6,18.44,-0.103,-0.007,0.011,0.2,-0.1,0.1,3.90
15360,COAST,1009.08,1009.28,50.32,-10.34,83430.2,18.44,-0.054,-0.000,0.017,-0.3,0.4,-0.5,3.90
15370,COAST,1009.73,1009.78,50.22,-10.90,83423.6,18.44,-0.112,0.006,0.037,0.0,-0.1,-0.3,3.90
15380,COAST,1010.45,1010.29,50.12,-10.61,83416.1,18.43,-0.082,0.040,0.047,-0.3,0.1,0.3,3.90
15390,COAST,1010.85,1010.79,50.01,-10.54,83412.1,18.43,-0.074,0.007,-0.004,0.4,-0.3,0.1,3.90
15400,COAST,1011.13,1011.29,49.90,-10.58,83409.2,18.43,-0.079,0.007,0.072,-0.2,0.1,0.0,3.90
15410,COAST,1011.96,1011.79,49.80,-10.47,83400.6,18.42,-0.068,0.019,0.007,-0.5,-0.4,-0.3,3.90
15420,COAST,1011.98,1012.28,49.68,-10.79,83400.5,18.42,-0.101,0.031,-0.026,0.2,-0.7,0.1,3.90
15430,COAST,1012.69,1012.77,49.57,-10.33,83393.2,18.42,-0.053,0.022,0.006,0.3,-0.5,0.3,3.90
15440,COAST,1013.25,1013.27,49.47,-10.78,83387.5,18.41,-0.100,-0.011,0.046,0.6,-0.2,-0.0,3.90
15450,COAST,1014.21,1013.78,49.38,-10.39,83377.6,18.41,-0.060,0.024,0.031,0.6,0.1,-0.3,3.90
15460,COAST,1014.19,1014.27,49.27,-10.45,83377.8,18.41,-0.066,-0.030,0.014,0.6,0.2,-0.4,3.90
15470,COAST,1014.92,1014.76,49.17,-10.37,83370.4,18.40,-0.057,0.006,0.008,0.2,0.1,-0.1,3.90
15480,COAST,1015.30,1015.26,49.07,-10.58,83366.4,18.40,-0.079,0.003,-0.009,0.6,-0.2,-0.5,3.90
15490,COAST,1015.92,1015.75,48.97,-10.65,83360.0,18.40,-0.086,0.058,0.007,0.4,0.2,-0.1,3.90
15500,COAST,1016.22,1016.24,48.86,-10.66,83356.9,18.39,-0.087,-0.016,-0.002,-0.1,-0.2,-0.4,3.90
15510,COAST,1016.87,1016.73,48.76,-10.46,83350.3,18.39,-0.066,0.049,-0.005,0.3,-0.2,-0.4,3.90
15520,COAST,1017.24,1017.22,48.66,-10.83,83346.5,18.39,-0.105,0.020,0.011,-0.4,-0.1,-0.3,3.90
15530,COAST,1017.60,1017.70,48.55,-10.60,83342.8,18.38,-0.081,0.029,0.003,0.1,-0.1,-0.2,3.90
15540,COAST,1018.14,1018.19,48.44,-10.64,83337.2,18.38,-0.086,0.040,0.019,0.0,-0.1,-0.4,3.90
15550,COAST,1019.08,1018.68,48.35,-10.54,83327.6,18.38,-0.075,0.015,0.003,0.5,-0.0,-0.1,3.90
15560,COAST,1019.13,1019.16,48.24,-10.68,83327.1,18.37,-0.089,0.021,0.006,0.1,-0.3,0.6,3.90
15570,COAST,1019.64,1019.65,48.14,-10.60,83321.9,18.37,-0.081,0.033,0.000,0.1,-0.6,-0.4,3.90
15580,COAST,1019.98,1020.12,48.02,-10.64,83318.4,18.37,-0.085,0.013,0.026,0.5,0.1,-0.3,3.90
15590,COAST,1020.61,1020.60,47.92,-10.36,83312.0,18.37,-0.056,0.052,0.011,0.3,-0.3,0.2,3.90
15600,COAST,1021.55,1021.09,47.83,-10.66,83302.3,18.36,-0.087,0.044,-0.015,-0.2,-0.5,-0.2,3.90
15610,COAST,1021.75,1021.58,47.73,-10.71,83300.3,18.36,-0.092,0.041,-0.009,0.4,-0.2,-0.4,3.90
15620,COAST,1022.09,1022.05,47.63,-10.77,83296.8,18.36,-0.098,0.031,-0.004,0.6,0.2,-0.5,3.90
15630,COAST,1022.47,1022.53,47.52,-10.49,83292.8,18.35,-0.069,0.016,0.028,-0.1,-0.8,-0.6,3.90
15640,COAST,1022.56,1022.99,47.40,-10.71,83292.0,18.35,-0.092,-0.004,0.025,-0.1,-0.7,0.3,3.90
15650,COAST,1023.87,1023.48,47.31,-10.22,83278.6,18.35,-0.042,0.038,0.019,0.1,-0.7,-0.3,3.90
15660,COAST,1024.13,1023.95,47.21,-10.80,83275.9,18.34,-0.102,0.046,-0.001,0.3,-0.4,-0.0,3.90
15670,COAST,1024.63,1024.43,47.11,-10.59,83270.7,18.34,-0.080,0.007,0.016,0.2,-0.6,0.1,3.90
15680,COAST,1024.79,1024.90,47.00,-10.84,83269.1,18.34,-0.106,0.041,-0.007,-0.3,-0.4,-0.3,3.90
15690,COAST,1025.34,1025.37,46.89,-10.70,83263.5,18.33,-0.091,0.034,0.020,0.1,-0.1,-0.4,3.90
15700,COAST,1025.69,1025.83,46.78,-10.11,83259.9,18.33,-0.031,0.029,0.006,0.8,0.2,-0.5,3.90
15710,COAST,1026.40,1026.30,46.68,-10.60,83252.6,18.33,-0.081,0.017,0.021,0.0,-0.2,-0.5,3.90
15720,COAST,1027.00,1026.77,46.58,-10.75,83246.5,18.33,-0.096,0.029,-0.006,0.0,-0.2,0.1,3.90
15730,COAST,1027.19,1027.24,46.47,-10.43,83244.5,18.32,-0.064,0.039,-0.016,0.1,0.2,-0.1,3.90
15740,COAST,1027.21,1027.69,46.35,-10.38,83244.4,18.32,-0.058,-0.008,-0.062,0.0,0.5,-0.1,3.90
15750,COAST,1028.07,1028.15,46.24,-10.71,83235.5,18.32,-0.092,0.006,0.041,0.7,-0.2,0.2,3.90
15760,COAST,1028.68,1028.61,46.14,-10.97,83229.2,18.31,-0.119,-0.026,0.008,0.5,-0.4,-0.7,3.90
15770,COAST,1029.13,1029.08,46.03,-10.63,83224.6,18.31,-0.083,0.010,0.010,0.1,-0.2,-0.2,3.90
15780,COAST,1029.59,1029.54,45.93,-10.51,83219.9,18.31,-0.072,0.037,0.017,0.1,0.0,-0.5,3.90
15790,COAST,1030.12,1030.00,45.83,-10.56,83214.5,18.30,-0.077,0.013,0.020,0.1,0.1,-0.1,3.90
15800,COAST,1030.82,1030.47,45.74,-10.72,83207.3,18.30,-0.094,0.061,0.026,-0.2,0.0,-0.5,3.90
15810,COAST,1031.37,1030.94,45.65,-10.80,83201.7,18.30,-0.101,0.024,0.032,0.4,-0.3,-0.4,3.90
15820,COAST,1031.51,1031.40,45.54,-10.58,83200.3,18.30,-0.079,0.002,0.016,-0.2,0.2,0.1,3.90
15830,COAST,1032.12,1031.86,45.45,-10.80,83194.0,18.29,-0.102,0.015,-0.005,0.3,-0.1,-0.7,3.90
15840,COAST,1032.49,1032.32,45.35,-10.35,83190.3,18.29,-0.055,-0.008,-0.002,-0.0,-0.7,-0.7,3.90
15850,COAST,1032.57,1032.76,45.24,-10.46,83189.4,18.29,-0.067,0.009,0.041,0.1,0.1,-0.3,3.90
15860,COAST,1033.32,1033.22,45.14,-10.68,83181.7,18.28,-0.090,-0.003,0.026,0.8,-0.5,-0.6,3.90
15870,COAST,1033.79,1033.67,45.04,-10.32,83176.9,18.28,-0.052,0.021,-0.041,-0.0,-0.6,-0.3,3.90
15880,COAST,1034.21,1034.13,44.93,-10.69,83172.6,18.28,-0.090,0.022,0.018,0.4,-0.6,-0.2,3.90
15890,COAST,1034.64,1034.58,44.83,-10.45,83168.2,18.27,-0.065,-0.000,0.036,-0.2,0.0,0.1,3.90
15900,COAST,1034.72,1035.02,44.71,-10.82,83167.4,18.27,-0.104,-0.005,-0.008,0.3,0.1,-0.3,3.90
15910,COAST,1035.36,1035.46,44.60,-10.55,83160.9,18.27,-0.076,0.006,-0.001,-0.1,-0.5,-0.2,3.90
15920,COAST,1036.02,1035.91,44.50,-10.53,83154.1,18.27,-0.074,0.005,-0.014,0.0,-0.4,-0.2,3.90
15930,COAST,1036.46,1036.36,44.40,-10.12,83149.6,18.26,-0.031,0.006,0.054,0.0,-0.2,0.2,3.90
15940,COAST,1036.94,1036.80,44.30,-10.80,83144.7,18.26,-0.101,0.007,0.022,0.2,0.1,0.2,3.90
15950,COAST,1037.54,1037.25,44.21,-10.44,83138.5,18.26,-0.065,0.010,-0.002,0.2,0.8,-0.0,3.90
15960,COAST,1037.92,1037.70,44.11,-10.30,83134.7,18.25,-0.050,0.002,0.016,-0.3,-0.3,-0.2,3.90
15970,COAST,1038.54,1038.15,44.02,-10.64,83128.3,18.25,-0.085,0.015,-0.000,0.4,-0.2,-0.3,3.90
15980,COAST,1038.69,1038.60,43.92,-10.45,83126.8,18.25,-0.066,0.023,-0.006,0.4,0.2,0.6,3.90
15990,COAST,1039.23,1039.04,43.83,-9.99,83121.2,18.25,-0.019,0.012,-0.003,-0.0,-0.3,-0.2,3.90
16000,COAST,1039.49,1039.48,43.73,-10.55,83118.5,18.24,-0.076,0.032,0.014,-0.1,-0.3,-0.6,3.90
16010,COAST,1039.69,1039.91,43.61,-10.42,83116.5,18.24,-0.063,-0.009,-0.013,0.1,-0.4,-0.8,3.90
16020,COAST,1040.49,1040.35,43.51,-10.68,83108.4,18.24,-0.090,-0.008,-0.020,0.4,-0.1,0.2,3.90
16030,COAST,1040.60,1040.78,43.40,-10.39,83107.2,18.23,-0.059,0.029,0.043,0.7,-0.4,-0.2,3.90
16040,COAST,1041.13,1041.21,43.29,-10.33,83101.8,18.23,-0.053,0.048,0.032,0.2,-0.3,-0.0,3.90
16050,COAST,1041.30,1041.63,43.17,-10.81,83100.0,18.23,-0.103,-0.006,0.029,-0.8,-0.2,-0.6,3.90
16060,COAST,1041.98,1042.06,43.06,-10.32,83093.1,18.23,-0.052,0.018,0.017,-0.2,0.2,0.5,3.90
16070,COAST,1042.21,1042.48,42.95,-10.63,83090.7,18.22,-0.084,-0.024,0.043,-0.2,0.1,-0.9,3.90
16080,COAST,1043.40,1042.93,42.86,-10.47,83078.6,18.22,-0.067,0.005,0.026,-0.1,-0.3,0.4,3.90
16090,COAST,1043.59,1043.36,42.77,-10.49,83076.6,18.22,-0.070,0.022,0.021,-0.1,0.1,-0.1,3.90
16100,COAST,1043.78,1043.79,42.66,-10.28,83074.7,18.21,-0.048,0.009,0.031,-0.0,-0.8,0.1,3.90
16110,COAST,1044.18,1044.21,42.56,-10.75,83070.6,18.21,-0.097,0.011,0.007,0.3,-0.1,0.2,3.90
16120,COAST,1044.40,1044.63,42.44,-10.11,83068.4,18.21,-0.030,0.020,0.027,0.2,-0.3,-0.2,3.90
16130,COAST,1045.07,1045.06,42.34,-10.29,83061.5,18.21,-0.049,0.014,0.026,-0.0,-0.3,-0.4,3.90
16140,COAST,1046.02,1045.49,42.26,-10.49,83051.8,18.20,-0.070,0.033,0.030,-0.3,0.1,-0.6,3.90
16150,COAST,1045.91,1045.92,42.15,-10.70,83052.8,18.20,-0.092,-0.019,-0.010,0.3,-0.9,-0.7,3.90
16160,COAST,1046.47,1046.34,42.05,-11.00,83047.1,18.20,-0.122,0.018,0.022,0.2,-0.2,-0.4,3.90
16170,COAST,1046.65,1046.76,41.94,-10.75,83045.3,18.20,-0.096,0.000,0.020,0.1,0.1,-0.4,3.90
16180,COAST,1047.19,1047.18,41.83,-10.50,83039.8,18.19,-0.070,0.017,-0.028,0.2,-1.0,-0.6,3.90
16190,COAST,1047.69,1047.60,41.73,-10.61,83034.7,18.19,-0.082,0.016,0.014,-0.2,-0.3,-0.0,3.90
16200,COAST,1048.30,1048.02,41.63,-10.78,83028.5,18.19,-0.099,0.033,0.007,-0.0,-0.3,0.3,3.90
16210,COAST,1048.03,1048.43,41.51,-10.59,83031.2,18.18,-0.080,0.062,-0.019,0.2,-0.3,-0.3,3.90
16220,COAST,1049.21,1048.85,41.42,-10.34,83019.2,18.18,-0.054,-0.002,0.008,0.2,-0.2,0.1,3.90
16230,COAST,1049.16,1049.26,41.31,-10.44,83019.6,18.18,-0.065,0.027,0.020,0.4,-0.4,-0.3,3.90
16240,COAST,1049.80,1049.68,41.21,-10.65,83013.1,18.18,-0.086,0.020,-0.008,-0.3,-0.1,-0.2,3.90
16250,COAST,1050.51,1050.10,41.12,-10.63,83005.9,18.17,-0.084,-0.003,0.042,0.1,-0.3,-0.4,3.90
16260,COAST,1050.64,1050.52,41.02,-10.28,83004.5,18.17,-0.048,0.025,0.013,0.2,0.0,0.1,3.90
16270,COAST,1050.66,1050.92,40.91,-10.72,83004.3,18.17,-0.093,0.026,0.007,0.4,-0.4,-0.0,3.90
16280,COAST,1051.16,1051.32,40.80,-10.62,82999.2,18.17,-0.083,0.021,-0.004,0.2,-0.8,-0.5,3.90
16290,COAST,1051.48,1051.72,40.68,-10.32,82995.9,18.16,-0.052,0.020,-0.002,-0.1,-0.5,-0.4,3.90
16300,COAST,1052.36,1052.14,40.59,-10.46,82986.9,18.16,-0.067,0.017,0.016,-0.1,0.2,-0.4,3.90
16310,COAST,1052.77,1052.55,40.49,-10.44,82982.8,18.16,-0.064,0.045,0.006,0.1,-0.5,0.5,3.90
16320,COAST,1053.06,1052.95,40.39,-10.70,82979.8,18.16,-0.091,0.031,0.017,0.2,-0.3,-0.2,3.90
16330,COAST,1053.54,1053.36,40.29,-10.55,82974.9,18.15,-0.076,-0.016,0.019,-0.0,0.0,0.1,3.90
16340,COAST,1053.92,1053.77,40.19,-10.61,82971.0,18.15,-0.082,-0.036,0.018,0.1,-0.3,-0.5,3.90
16350,COAST,1054.54,1054.18,40.10,-10.20,82964.7,18.15,-0.040,-0.006,0.027,0.1,-0.6,0.4,3.90
16360,COAST,1054.94,1054.59,40.01,-10.51,82960.6,18.14,-0.072,0.006,0.012,-0.2,-0.1,-0.3,3.90
16370,COAST,1055.37,1055.00,39.92,-10.33,82956.2,18.14,-0.053,0.003,0.048,-0.2,-0.1,-0.1,3.90
16380,COAST,1055.19,1055.40,39.81,-10.14,82958.0,18.14,-0.034,-0.009,-0.014,-0.2,-0.4,0.6,3.90
16390,COAST,1056.05,1055.80,39.72,-10.26,82949.3,18.14,-0.046,0.015,-0.006,0.2,-0.8,-0.5,3.90
16400,COAST,1056.33,1056.20,39.62,-10.46,82946.4,18.13,-0.067,0.039,0.003,0.1,-0.1,0.1,3.90
16410,COAST,1056.61,1056.60,39.52,-10.58,82943.6,18.13,-0.079,0.037,0.028,-0.2,-0.3,0.0,3.90
16420,COAST,1056.96,1056.99,39.41,-10.39,82939.9,18.13,-0.059,-0.012,0.027,0.2,-0.4,-0.5,3.90
16430,COAST,1057.69,1057.39,39.32,-10.37,82932.5,18.13,-0.058,0.011,0.023,-0.5,0.0,-0.2,3.90
16440,COAST,1057.95,1057.79,39.23,-10.24,82929.8,18.12,-0.044,0.045,-0.010,-0.3,-0.5,-0.3,3.90
16450,COAST,1058.25,1058.18,39.12,-10.46,82926.8,18.12,-0.067,0.016,-0.002,0.1,-0.2,-0.2,3.90
16460,COAST,1058.73,1058.58,39.03,-10.59,82921.9,18.12,-0.080,0.060,0.040,-0.1,0.1,-0.6,3.90
16470,COAST,1058.91,1058.97,38.92,-10.56,82920.0,18.12,-0.077,0.013,0.034,0.0,-0.1,-0.7,3.90
16480,COAST,1059.30,1059.35,38.81,-10.27,82916.1,18.11,-0.047,0.067,0.022,-0.2,-0.3,-0.4,3.90
16490,COAST,1060.15,1059.75,38.72,-10.28,82907.4,18.11,-0.048,-0.015,-0.011,0.3,-0.5,-0.3,3.90
16500,COAST,1060.28,1060.14,38.63,-10.39,82906.0,18.11,-0.059,0.027,0.015,-0.4,-0.4,-0.4,3.90
16510,COAST,1060.78,1060.54,38.53,-10.41,82901.0,18.11,-0.061,0.016,0.015,0.0,-0.5,0.1,3.90
16520,COAST,1060.93,1060.92,38.43,-10.34,82899.4,18.10,-0.054,-0.019,-0.022,0.1,-0.4,0.1,3.90
16530,COAST,1061.10,1061.30,38.32,-10.34,82897.6,18.10,-0.055,0.017,-0.001,0.2,-0.4,-0.3,3.90
16540,COAST,1061.55,1061.68,38.21,-10.22,82893.0,18.10,-0.042,0.034,0.014,0.2,-0.4,0.2,3.90
16550,COAST,1062.56,1062.07,38.13,-10.49,82882.8,18.10,-0.070,0.015,0.013,-0.5,-0.2,-0.7,3.90
16560,COAST,1062.69,1062.46,38.03,-10.50,82881.4,18.09,-0.070,0.015,-0.005,-0.3,-0.3,0.0,3.90
16570,COAST,1062.84,1062.84,37.93,-10.40,82880.0,18.09,-0.061,0.028,0.017,-0.2,-0.1,0.1,3.90
16580,COAST,1062.80,1063.21,37.80,-10.80,82880.3,18.09,-0.102,0.077,0.032,-0.0,-0.2,-0.2,3.90
16590,COAST,1063.87,1063.59,37.71,-10.08,82869.4,18.09,-0.027,0.017,-0.013,-0.0,0.1,-0.2,3.90
16600,COAST,1063.59,1063.96,37.59,-10.46,82872.3,18.08,-0.067,0.014,-0.019,-0.4,-0.6,-0.4,3.90
16610,COAST,1064.56,1064.34,37.50,-10.51,82862.3,18.08,-0.071,0.037,-0.021,-0.0,-0.2,-0.2,3.90
16620,COAST,1064.82,1064.72,37.40,-10.25,82859.7,18.08,-0.045,-0.002,0.041,0.3,-0.2,-0.2,3.90
16630,COAST,1065.16,1065.09,37.30,-10.48,82856.2,18.08,-0.069,0.044,0.031,0.4,-0.5,-0.1,3.90
16640,COAST,1065.02,1065.45,37.17,-10.65,82857.6,18.07,-0.087,0.034,0.018,0.3,-0.1,-0.1,3.90
16650,COAST,1065.39,1065.81,37.05,-10.38,82853.9,18.07,-0.058,0.021,0.030,-0.5,-0.2,0.0,3.90
16660,COAST,1066.33,1066.19,36.95,-10.46,82844.3,18.07,-0.067,0.051,0.002,0.2,-0.2,-0.0,3.90
16670,COAST,1066.25,1066.55,36.84,-10.13,82845.1,18.07,-0.032,0.013,0.006,0.4,-0.4,-0.3,3.90
16680,COAST,1067.07,1066.92,36.74,-10.40,82836.8,18.06,-0.060,-0.006,0.000,0.1,-0.7,-0.3,3.90
16690,COAST,1067.44,1067.29,36.64,-10.27,82833.0,18.06,-0.047,0.037,0.037,0.9,-0.3,-0.4,3.90
16700,COAST,1067.65,1067.66,36.54,-10.41,82830.9,18.06,-0.061,0.009,0.013,0.1,-0.5,-0.6,3.90
16710,COAST,1068.39,1068.03,36.45,-10.50,82823.3,18.06,-0.071,0.036,0.026,0.3,-0.5,-0.5,3.90
16720,COAST,1067.95,1068.38,36.33,-10.25,82827.8,18.05,-0.045,0.014,-0.002,0.4,-0.3,-0.2,3.90
16730,COAST,1069.03,1068.75,36.24,-10.40,82816.8,18.05,-0.061,0.014,0.028,0.7,0.2,-1.2,3.90
16740,COAST,1069.04,1069.11,36.13,-10.17,82816.7,18.05,-0.037,0.001,0.012,-0.0,-0.6,-0.5,3.90
16750,COAST,1069.84,1069.48,36.04,-10.59,82808.5,18.05,-0.081,0.055,0.002,0.0,-0.2,-0.1,3.90
16760,COAST,1069.76,1069.84,35.93,-10.49,82809.3,18.05,-0.069,0.000,0.023,0.6,0.1,0.4,3.90
16770,COAST,1070.28,1070.20,35.83,-10.36,82804.0,18.04,-0.056,0.044,0.006,0.2,-0.5,-0.1,3.90
16780,COAST,1070.34,1070.55,35.72,-10.65,82803.4,18.04,-0.086,0.004,0.050,0.2,-0.4,0.1,3.90
16790,COAST,1071.41,1070.92,35.63,-10.45,82792.4,18.04,-0.065,0.019,0.005,0.3,-0.3,-0.5,3.90
16800,COAST,1071.20,1071.28,35.52,-10.24,82794.6,18.04,-0.044,0.032,0.023,0.4,-0.1,0.1,3.90
16810,COAST,1071.89,1071.64,35.43,-10.40,82787.5,18.03,-0.061,0.035,0.004,-0.0,-0.1,-0.2,3.90
16820,COAST,1072.26,1072.00,35.34,-10.00,82783.8,18.03,-0.020,0.006,0.032,0.3,-0.4,-0.3,3.90
16830,COAST,1072.14,1072.35,35.23,-10.14,82785.0,18.03,-0.034,0.021,-0.018,0.1,-0.4,-0.7,3.90
16840,COAST,1073.30,1072.72,35.15,-10.09,82773.2,18.03,-0.029,-0.001,0.007,-0.1,0.3,0.3,3.90
16850,COAST,1072.75,1073.06,35.04,-10.46,82778.8,18.02,-0.067,0.046,-0.009,0.1,-0.1,-0.6,3.90
16860,COAST,1073.52,1073.41,34.94,-10.19,82771.0,18.02,-0.039,0.014,0.010,0.2,-0.1,-0.4,3.90
16870,COAST,1073.89,1073.76,34.84,-10.56,82767.1,18.02,-0.078,-0.005,0.017,0.6,-0.0,-0.3,3.90
16880,COAST,1074.60,1074.13,34.76,-10.36,82760.0,18.02,-0.057,0.042,-0.011,-0.0,-0.2,-0.4,3.90
16890,COAST,1074.62,1074.48,34.66,-10.15,82759.7,18.02,-0.035,0.021,0.018,0.1,-0.1,-0.0,3.90
16900,COAST,1075.04,1074.83,34.56,-10.58,82755.4,18.01,-0.079,0.026,0.028,0.1,-0.6,-0.5,3.90
16910,COAST,1075.40,1075.18,34.47,-10.52,82751.8,18.01,-0.072,0.048,0.025,-0.2,-0.2,0.2,3.90
16920,COAST,1076.00,1075.54,34.38,-10.51,82745.6,18.01,-0.072,0.011,0.003,0.2,-0.6,0.1,3.90
16930,COAST,1075.88,1075.88,34.28,-10.39,82746.9,18.01,-0.060,0.012,0.001,0.0,-0.1,-0.5,3.90
16940,COAST,1076.14,1076.22,34.17,-10.32,82744.2,18.00,-0.052,0.015,0.004,0.1,-0.6,-0.2,3.90
16950,COAST,1077.08,1076.58,34.09,-10.70,82734.7,18.00,-0.092,0.035,0.015,-0.2,-0.3,-0.5,3.90
16960,COAST,1077.27,1076.93,34.00,-10.11,82732.7,18.00,-0.030,0.086,0.032,-0.1,0.3,-0.6,3.90
16970,COAST,1077.00,1077.26,33.88,-10.17,82735.4,18.00,-0.037,0.029,-0.014,0.4,-0.2,0.0,3.90
16980,COAST,1077.95,1077.61,33.80,-10.22,82725.8,18.00,-0.042,0.038,0.013,0.0,-0.2,-0.0,3.90
16990,COAST,1077.82,1077.94,33.69,-10.37,82727.1,17.99,-0.057,0.048,0.011,0.3,-0.4,-0.0,3.90
17000,COAST,1078.40,1078.28,33.59,-10.70,82721.1,17.99,-0.092,0.021,0.032,-0.3,-0.8,-0.2,3.90
17010,COAST,1078.94,1078.63,33.49,-10.47,82715.6,17.99,-0.067,0.001,-0.007,-0.3,-0.4,-0.4,3.90
17020,COAST,1079.08,1078.96,33.39,-10.52,82714.3,17.99,-0.073,0.038,0.006,-0.2,-0.4,-0.1,3.90
17030,COAST,1079.09,1079.29,33.28,-10.47,82714.1,17.98,-0.068,0.018,0.013,0.4,-0.5,-0.6,3.90
17040,COAST,1079.75,1079.63,33.18,-10.29,82707.4,17.98,-0.050,0.007,-0.004,0.3,-0.9,-0.8,3.90
17050,COAST,1080.42,1079.97,33.10,-10.28,82700.6,17.98,-0.049,0.012,0.014,-0.5,-0.9,0.2,3.90
17060,COAST,1080.15,1080.30,32.99,-10.65,82703.3,17.98,-0.087,0.020,0.028,0.5,-0.4,-0.6,3.90
17070,COAST,1081.23,1080.64,32.91,-10.48,82692.3,17.98,-0.069,0.009,0.025,-0.4,-0.3,-0.1,3.90
17080,COAST,1080.92,1080.97,32.80,-10.33,82695.5,17.97,-0.053,0.064,0.006,-0.2,0.3,0.5,3.90
17090,COAST,1081.50,1081.30,32.70,-10.55,82689.5,17.97,-0.076,0.047,0.010,-0.2,-0.7,0.6,3.90
17100,COAST,1081.61,1081.63,32.60,-10.59,82688.5,17.97,-0.080,0.034,0.018,0.5,-0.2,0.1,3.90
17110,COAST,1082.27,1081.96,32.51,-9.99,82681.7,17.97,-0.019,0.013,0.013,-0.0,-0.2,-0.0,3.90
17120,COAST,1081.93,1082.28,32.39,-10.41,82685.2,17.96,-0.062,0.036,0.047,-0.1,-0.1,-0.4,3.90
17130,COAST,1082.96,1082.61,32.30,-10.13,82674.7,17.96,-0.033,0.009,0.021,0.2,-0.1,-0.4,3.90
17140,COAST,1083.39,1082.95,32.22,-10.57,82670.3,17.96,-0.078,0.011,-0.005,0.3,-0.1,-0.4,3.90
17150,COAST,1082.89,1083.26,32.10,-10.31,82675.5,17.96,-0.051,0.031,0.006,-0.1,-0.2,0.3,3.90
17160,COAST,1084.01,1083.59,32.01,-10.26,82664.0,17.96,-0.046,0.061,-0.028,-0.3,-0.8,-0.3,3.90
17170,COAST,1084.02,1083.91,31.91,-10.37,82663.9,17.95,-0.058,0.024,0.031,-0.3,-0.2,0.1,3.90
17180,COAST,1083.93,1084.22,31.80,-10.22,82664.8,17.95,-0.042,0.021,0.000,0.2,0.1,0.2,3.90
17190,COAST,1084.23,1084.53,31.68,-10.11,82661.7,17.95,-0.031,0.013,0.006,-0.1,-0.8,-0.5,3.90
17200,COAST,1085.26,1084.86,31.60,-10.30,82651.3,17.95,-0.051,0.003,0.024,0.2,-0.4,0.0,3.90
17210,COAST,1085.25,1085.18,31.50,-10.52,82651.4,17.95,-0.073,0.005,0.008,-0.1,-0.3,-0.7,3.90
17220,COAST,1084.91,1085.48,31.37,-10.33,82654.8,17.94,-0.053,0.015,0.022,-0.3,0.1,0.2,3.90
17230,COAST,1085.90,1085.79,31.27,-10.37,82644.7,17.94,-0.057,0.038,0.007,-0.1,-0.3,0.1,3.90
17240,COAST,1086.71,1086.12,31.19,-10.49,82636.5,17.94,-0.070,0.055,0.025,-0.2,-0.2,-0.2,3.90
17250,COAST,1086.13,1086.42,31.08,-10.14,82642.4,17.94,-0.034,0.011,0.042,-0.1,-0.1,-0.2,3.90
17260,COAST,1086.59,1086.73,30.97,-10.04,82637.8,17.94,-0.024,0.018,0.043,0.4,-0.5,0.1,3.90
17270,COAST,1086.83,1087.03,30.86,-10.34,82635.3,17.93,-0.055,0.022,0.033,0.4,-0.5,-1.1,3.90
17280,COAST,1087.10,1087.34,30.74,-10.35,82632.5,17.93,-0.055,-0.009,-0.001,-0.2,-0.3,-0.3,3.90
17290,COAST,1087.54,1087.64,30.64,-10.24,82628.1,17.93,-0.044,0.008,0.017,-0.2,0.1,-0.4,3.90
17300,COAST,1088.06,1087.95,30.54,-10.48,82622.8,17.93,-0.069,0.019,-0.002,0.3,-0.3,-0.4,3.90
17310,COAST,1088.82,1088.27,30.46,-10.30,82615.0,17.93,-0.051,0.027,0.011,-0.1,-0.8,-0.1,3.90
17320,COAST,1088.79,1088.58,30.36,-10.25,82615.3,17.92,-0.045,0.030,0.008,0.7,-0.3,-0.1,3.90
17330,COAST,1088.75,1088.88,30.26,-10.08,82615.8,17.92,-0.028,0.004,0.023,0.0,-0.7,-0.2,3.90
17340,COAST,1089.05,1089.18,30.15,-10.48,82612.7,17.92,-0.069,0.026,0.029,-0.1,-0.7,-0.2,3.90
17350,COAST,1089.39,1089.48,30.04,-10.40,82609.2,17.92,-0.060,-0.015,0.002,-0.3,-0.4,0.1,3.90
17360,COAST,1089.70,1089.77,29.93,-10.08,82606.1,17.92,-0.028,0.012,-0.006,-0.2,0.1,-0.2,3.90
17370,COAST,1090.23,1090.08,29.84,-10.17,82600.6,17.91,-0.037,-0.002,0.031,-0.6,-0.2,-0.4,3.90
17380,COAST,1090.28,1090.37,29.73,-10.21,82600.2,17.91,-0.041,0.043,-0.009,-0.2,-0.2,-0.4,3.90
17390,COAST,1090.58,1090.67,29.63,-10.37,82597.2,17.91,-0.058,0.021,0.019,-0.1,-0.4,-0.7,3.90
17400,COAST,1091.35,1090.97,29.54,-10.45,82589.3,17.91,-0.066,0.033,0.049,-0.3,0.1,-0.2,3.90
17410,COAST,1091.53,1091.27,29.45,-10.23,82587.4,17.91,-0.043,0.024,0.020,0.4,-0.8,-0.2,3.90
17420,COAST,1091.20,1091.56,29.33,-10.28,82590.8,17.90,-0.049,0.041,-0.023,0.1,-0.4,-0.7,3.90
17430,COAST,1092.07,1091.86,29.23,-10.23,82581.9,17.90,-0.043,0.029,0.006,-0.1,-0.9,-0.2,3.90
17440,COAST,1091.87,1092.14,29.12,-10.04,82584.0,17.90,-0.024,0.038,-0.005,0.6,-0.3,-0.7,3.90
17450,COAST,1092.64,1092.44,29.03,-10.33,82576.1,17.90,-0.054,0.011,0.010,0.3,-0.0,-0.4,3.90
17460,COAST,1093.14,1092.74,28.94,-10.36,82571.0,17.90,-0.056,-0.008,0.041,0.1,-0.3,-0.1,3.90
17470,COAST,1093.14,1093.03,28.85,-9.77,82571.0,17.90,0.005,0.004,-0.023,0.0,-0.2,-0.5,3.90
17480,COAST,1093.50,1093.32,28.75,-10.69,82567.4,17.89,-0.091,0.033,0.050,-0.0,-0.5,0.0,3.90
17490,COAST,1093.72,1093.61,28.65,-9.89,82565.1,17.89,-0.007,0.017,-0.003,0.4,-0.4,0.0,3.90
17500,COAST,1093.64,1093.89,28.54,-10.70,82566.0,17.89,-0.092,0.056,0.013,-0.2,-0.5,0.0,3.90
17510,COAST,1093.98,1094.17,28.43,-10.25,82562.5,17.89,-0.045,0.010,-0.008,0.6,-0.1,-0.4,3.90
17520,COAST,1093.87,1094.44,28.30,-10.05,82563.6,17.89,-0.025,0.047,0.020,0.1,-1.0,-0.1,3.90
17530,COAST,1094.83,1094.72,28.21,-9.95,82553.9,17.88,-0.014,0.010,0.053,0.5,-0.4,-1.0,3.90
17540,COAST,1095.13,1095.01,28.11,-10.53,82550.8,17.88,-0.074,0.044,0.023,-0.2,0.1,-0.2,3.90
17550,COAST,1095.08,1095.28,28.00,-10.33,82551.3,17.88,-0.053,0.047,0.024,0.3,-0.2,0.2,3.90
17560,COAST,1095.39,1095.56,27.88,-10.49,82548.1,17.88,-0.070,0.054,0.038,-0.1,-0.0,-0.4,3.90
17570,COAST,1095.71,1095.83,27.78,-10.23,82544.9,17.88,-0.043,0.034,0.002,0.4,0.3,-0.3,3.90
17580,COAST,1096.33,1096.12,27.68,-10.51,82538.5,17.87,-0.072,0.009,0.029,-0.1,-0.7,-0.9,3.90
17590,COAST,1096.37,1096.39,27.58,-10.36,82538.1,17.87,-0.056,0.000,0.032,0.2,-0.6,-0.3,3.90
17600,COAST,1096.70,1096.67,27.47,-10.33,82534.8,17.87,-0.054,0.021,0.034,0.4,-0.6,-0.6,3.90
17610,COAST,1097.35,1096.95,27.39,-10.34,82528.2,17.87,-0.054,0.030,0.002,-0.2,-0.6,0.3,3.90
17620,COAST,1096.92,1097.22,27.27,-10.35,82532.5,17.87,-0.055,0.011,0.002,-0.2,-0.3,-0.5,3.90
17630,COAST,1097.66,1097.50,27.18,-10.12,82525.0,17.87,-0.032,0.007,0.014,0.2,-0.4,-0.2,3.90
17640,COAST,1097.60,1097.76,27.07,-10.16,82525.7,17.86,-0.036,0.013,0.019,0.1,-0.6,-0.1,3.90
17650,COAST,1098.27,1098.04,26.97,-10.36,82518.8,17.86,-0.057,0.014,0.027,0.2,-0.2,-0.5,3.90
17660,COAST,1098.51,1098.31,26.88,-10.16,82516.4,17.86,-0.036,-0.004,-0.006,-0.2,-0.2,-0.2,3.90
17670,COAST,1098.76,1098.59,26.79,-10.01,82513.8,17.86,-0.021,0.005,-0.025,-0.3,-0.3,0.1,3.90
17680,COAST,1099.17,1098.86,26.70,-10.58,82509.7,17.86,-0.079,0.039,-0.009,-0.4,-0.3,0.2,3.90
17690,COAST,1099.38,1099.14,26.60,-10.43,82507.6,17.86,-0.063,0.009,0.013,0.3,-0.1,0.3,3.90
17700,COAST,1099.39,1099.40,26.50,-10.35,82507.5,17.85,-0.055,0.015,0.017,0.1,-0.3,-0.6,3.90
17710,COAST,1100.13,1099.68,26.41,-10.19,82499.9,17.85,-0.039,0.025,-0.021,0.6,0.2,-0.1,3.90
17720,COAST,1100.10,1099.95,26.32,-9.73,82500.2,17.85,0.008,0.039,-0.025,0.6,-0.1,-0.1,3.90
17730,COAST,1099.98,1100.20,26.21,-10.44,82501.4,17.85,-0.065,0.042,0.011,-0.1,0.0,-0.3,3.90
17740,COAST,1100.42,1100.46,26.10,-10.06,82497.0,17.85,-0.025,0.014,0.030,0.1,-0.2,-0.4,3.90
17750,COAST,1100.52,1100.72,25.99,-10.15,82496.0,17.84,-0.035,0.025,0.035,0.3,-0.4,-0.3,3.90
17760,COAST,1100.95,1100.98,25.89,-10.00,82491.6,17.84,-0.019,0.033,0.020,0.4,-0.4,-0.5,3.90
17770,COAST,1101.16,1101.23,25.79,-10.60,82489.5,17.84,-0.082,0.021,-0.027,0.1,-0.6,-0.8,3.90
17780,COAST,1101.68,1101.50,25.69,-9.96,82484.1,17.84,-0.015,0.003,0.012,-0.2,-0.4,-0.7,3.90
17790,COAST,1101.98,1101.76,25.60,-10.33,82481.1,17.84,-0.054,0.008,0.017,-0.0,-0.1,-0.1,3.90
17800,COAST,1102.52,1102.03,25.52,-9.91,82475.6,17.84,-0.010,0.023,0.021,0.1,0.0,-0.4,3.90
17810,COAST,1102.32,1102.28,25.42,-10.39,82477.6,17.83,-0.060,0.029,0.012,0.2,0.1,-0.0,3.90
17820,COAST,1102.39,1102.53,25.31,-10.13,82477.0,17.83,-0.033,-0.017,-0.009,-0.1,0.1,0.2,3.90
17830,COAST,1103.19,1102.80,25.22,-10.58,82468.7,17.83,-0.079,0.025,0.036,0.3,-0.5,-0.1,3.90
17840,COAST,1103.21,1103.05,25.12,-10.24,82468.6,17.83,-0.044,0.006,0.004,0.0,-0.3,-0.2,3.90
17850,COAST,1103.10,1103.30,25.01,-10.39,82469.7,17.83,-0.059,0.004,-0.003,0.3,-0.4,-0.3,3.90
17860,COAST,1104.05,1103.56,24.93,-9.98,82460.0,17.83,-0.018,0.010,0.030,0.0,-0.1,-0.9,3.90
17870,COAST,1104.03,1103.82,24.84,-10.31,82460.2,17.82,-0.052,0.045,0.012,0.3,-0.4,-0.3,3.90
17880,COAST,1103.84,1104.06,24.73,-9.95,82462.2,17.82,-0.014,0.009,0.017,0.4,-0.9,0.0,3.90
17890,COAST,1104.58,1104.31,24.64,-10.38,82454.6,17.82,-0.059,0.001,0.031,-0.2,-0.4,-0.3,3.90
17900,COAST,1104.77,1104.57,24.55,-9.67,82452.7,17.82,0.015,-0.016,0.014,-0.0,-0.2,-0.4,3.90
17910,COAST,1104.67,1104.81,24.44,-9.99,82453.7,17.82,-0.019,0.018,0.002,-0.3,-0.1,-0.3,3.90
17920,COAST,1104.81,1105.04,24.33,-10.36,82452.3,17.82,-0.056,0.011,0.038,0.2,-0.1,-0.0,3.90
17930,COAST,1105.17,1105.28,24.22,-10.48,82448.7,17.82,-0.068,0.015,0.040,0.1,-0.6,-0.1,3.90
17940,COAST,1105.88,1105.54,24.13,-10.26,82441.4,17.81,-0.046,-0.019,-0.010,0.1,-0.0,-0.3,3.90
17950,COAST,1105.60,1105.77,24.02,-10.59,82444.2,17.81,-0.080,0.015,0.025,0.0,-0.2,-0.6,3.90
17960,COAST,1106.14,1106.02,23.92,-10.41,82438.8,17.81,-0.061,0.058,-0.009,0.4,-0.3,-0.3,3.90
17970,COAST,1106.20,1106.25,23.82,-9.92,82438.1,17.81,-0.011,-0.007,-0.008,-0.0,-0.3,-0.3,3.90
17980,COAST,1106.39,1106.49,23.71,-10.07,82436.3,17.81,-0.027,0.020,0.032,0.0,-0.3,0.0,3.90
17990,COAST,1106.79,1106.73,23.62,-10.25,82432.1,17.81,-0.045,-0.006,0.003,-0.2,-0.6,-0.5,3.90
18000,COAST,1106.87,1106.96,23.51,-9.99,82431.4,17.80,-0.019,0.002,0.043,0.4,-0.2,-0.2,3.90
18010,COAST,1107.35,1107.20,23.42,-9.87,82426.5,17.80,-0.006,0.031,-0.021,0.3,-0.4,0.0,3.90
18020,COAST,1107.09,1107.42,23.30,-10.42,82429.1,17.80,-0.063,0.022,-0.005,0.3,-0.5,-0.2,3.90
18030,COAST,1107.59,1107.65,23.20,-10.21,82424.0,17.80,-0.041,0.050,0.013,0.2,-0.6,-0.6,3.90
18040,COAST,1107.92,1107.89,23.10,-9.89,82420.7,17.80,-0.008,0.034,0.028,0.3,-0.6,-0.3,3.90
18050,COAST,1108.34,1108.12,23.01,-10.32,82416.4,17.80,-0.052,-0.022,0.014,0.7,-0.3,-0.3,3.90
18060,COAST,1108.81,1108.36,22.92,-10.02,82411.7,17.80,-0.022,-0.019,-0.031,-0.3,-0.2,-0.2,3.90
18070,COAST,1108.69,1108.60,22.82,-10.33,82412.9,17.79,-0.054,-0.016,-0.008,0.9,-0.2,-0.1,3.90
18080,COAST,1108.74,1108.82,22.72,-10.43,82412.4,17.79,-0.064,0.048,0.005,-0.2,-0.2,-0.6,3.90
18090,COAST,1109.11,1109.05,22.62,-10.26,82408.7,17.79,-0.046,0.027,-0.012,-0.2,-0.3,0.1,3.90
18100,COAST,1109.47,1109.28,22.52,-10.12,82405.0,17.79,-0.032,0.009,0.057,0.3,-0.2,-0.1,3.90
18110,COAST,1109.04,1109.49,22.40,-10.22,82409.3,17.79,-0.042,0.025,-0.022,0.1,-0.2,0.5,3.90
18120,COAST,1110.06,1109.73,22.31,-10.26,82399.0,17.79,-0.047,0.018,-0.007,0.8,-0.4,-0.1,3.90
18130,COAST,1110.01,1109.95,22.21,-10.47,82399.5,17.78,-0.068,0.034,0.005,-0.1,-0.1,-0.1,3.90
18140,COAST,1110.42,1110.18,22.12,-9.98,82395.3,17.78,-0.017,0.015,0.017,0.1,-0.4,-0.3,3.90
18150,COAST,1110.85,1110.41,22.04,-10.10,82390.9,17.78,-0.030,0.062,-0.001,0.2,-0.3,-0.1,3.90
18160,COAST,1110.83,1110.64,21.94,-10.23,82391.2,17.78,-0.043,0.028,0.014,0.8,-0.1,-0.1,3.90
18170,COAST,1110.84,1110.86,21.84,-10.06,82391.0,17.78,-0.026,0.000,0.038,0.0,-0.4,-0.2,3.90
18180,COAST,1110.96,1111.07,21.74,-10.26,82389.8,17.78,-0.047,0.026,-0.001,0.3,0.2,-0.3,3.90
18190,COAST,1111.62,1111.30,21.65,-10.36,82383.1,17.78,-0.057,0.003,0.032,0.6,-0.2,-0.3,3.90
18200,COAST,1112.05,1111.53,21.56,-10.27,82378.8,17.77,-0.047,0.029,0.013,0.8,-0.9,-0.2,3.90
18210,COAST,1111.51,1111.74,21.45,-10.03,82384.2,17.77,-0.023,0.026,0.021,-0.1,-0.1,-0.2,3.90
18220,COAST,1111.91,1111.95,21.35,-9.67,82380.1,17.77,0.014,0.031,0.019,-0.3,-0.1,0.2,3.90
18230,COAST,1112.02,1112.16,21.25,-10.13,82379.0,17.77,-0.033,0.036,0.028,0.0,-0.2,-0.4,3.90
18240,COAST,1112.24,1112.37,21.14,-10.08,82376.8,17.77,-0.027,0.008,0.009,0.2,-0.6,-0.4,3.90
18250,COAST,1112.44,1112.57,21.04,-10.07,82374.8,17.77,-0.027,-0.001,0.015,0.4,-0.7,-0.2,3.90
18260,COAST,1112.97,1112.79,20.94,-10.24,82369.4,17.77,-0.044,0.018,0.008,0.0,0.2,0.0,3.90
18270,COAST,1112.80,1112.99,20.83,-9.93,82371.1,17.77,-0.012,0.017,0.026,-0.0,-0.5,-0.5,3.90
18280,COAST,1113.29,1113.20,20.74,-10.20,82366.1,17.76,-0.041,0.037,0.017,-0.1,-0.2,-0.4,3.90
18290,COAST,1113.37,1113.41,20.63,-10.00,82365.3,17.76,-0.020,0.039,0.032,0.1,-0.2,-0.5,3.90
18300,COAST,1113.92,1113.62,20.55,-10.18,82359.7,17.76,-0.038,0.005,0.010,0.1,-0.2,-0.9,3.90
18310,COAST,1113.71,1113.82,20.44,-10.09,82361.9,17.76,-0.029,0.055,-0.012,-0.2,-0.5,0.2,3.90
18320,COAST,1114.19,1114.03,20.35,-10.03,82357.0,17.76,-0.023,0.019,0.049,0.6,0.1,-0.1,3.90
18330,COAST,1114.51,1114.24,20.26,-10.10,82353.7,17.76,-0.030,0.014,0.007,0.3,0.1,-0.2,3.90
18340,COAST,1114.25,1114.44,20.15,-10.21,82356.5,17.76,-0.042,0.000,-0.002,-0.7,0.5,-0.2,3.90
18350,COAST,1115.02,1114.65,20.06,-9.96,82348.5,17.75,-0.015,0.023,-0.001,0.2,0.3,-0.4,3.90
18360,COAST,1114.91,1114.85,19.96,-10.12,82349.7,17.75,-0.032,0.010,0.018,0.1,0.3,0.0,3.90
18370,COAST,1114.92,1115.05,19.86,-10.05,82349.6,17.75,-0.025,0.016,0.045,0.1,-0.3,-0.1,3.90
18380,COAST,1115.14,1115.24,19.75,-10.20,82347.4,17.75,-0.040,0.011,0.011,-0.0,-0.0,-0.3,3.90
18390,COAST,1115.25,1115.44,19.64,-9.91,82346.3,17.75,-0.010,0.040,0.013,0.1,-0.3,-0.4,3.90
18400,COAST,1115.98,1115.64,19.56,-10.21,82338.8,17.75,-0.041,-0.010,0.011,-0.4,-0.3,-0.2,3.90
18410,COAST,1115.84,1115.84,19.45,-10.33,82340.2,17.75,-0.054,-0.007,0.028,0.4,-0.6,-0.3,3.90
18420,COAST,1115.58,1116.02,19.33,-9.92,82342.9,17.75,-0.012,0.015,0.028,-0.1,-0.3,-0.1,3.90
18430,COAST,1116.47,1116.22,19.24,-10.01,82333.9,17.74,-0.021,0.003,-0.008,-0.0,-0.4,-0.4,3.90
18440,COAST,1116.49,1116.41,19.15,-10.09,82333.7,17.74,-0.029,0.037,-0.004,0.4,-0.4,-0.4,3.90
18450,COAST,1116.68,1116.61,19.05,-10.28,82331.7,17.74,-0.049,0.028,-0.005,0.2,-0.2,0.2,3.90
18460,COAST,1116.41,1116.78,18.93,-10.19,82334.5,17.74,-0.039,0.021,0.005,0.4,-0.0,-0.4,3.90
18470,COAST,1116.82,1116.97,18.82,-9.86,82330.3,17.74,-0.005,-0.019,0.016,0.2,-0.2,-0.3,3.90
18480,COAST,1117.44,1117.16,18.74,-10.30,82323.9,17.74,-0.051,0.030,0.010,-0.0,-0.3,-0.4,3.90
18490,COAST,1117.47,1117.35,18.64,-10.05,82323.7,17.74,-0.025,-0.041,0.015,0.4,-0.3,-0.2,3.90
18500,COAST,1117.70,1117.55,18.54,-9.99,82321.4,17.74,-0.018,0.020,0.012,0.1,0.1,-0.6,3.90
18510,COAST,1117.73,1117.73,18.44,-10.17,82321.1,17.73,-0.038,-0.009,0.004,0.4,-0.5,-0.5,3.90
18520,COAST,1118.33,1117.93,18.36,-9.64,82314.9,17.73,0.018,-0.012,0.020,0.1,0.3,0.1,3.90
18530,COAST,1118.05,1118.11,18.26,-10.05,82317.8,17.73,-0.025,0.015,0.034,0.1,0.1,-0.7,3.90
18540,COAST,1118.10,1118.28,18.15,-9.99,82317.3,17.73,-0.019,0.029,0.007,-0.4,-0.0,-0.2,3.90
18550,COAST,1118.41,1118.46,18.05,-10.37,82314.2,17.73,-0.058,0.003,0.017,0.8,-0.5,-0.0,3.90
18560,COAST,1118.91,1118.65,17.96,-9.95,82309.1,17.73,-0.014,0.021,0.029,-0.3,0.1,0.0,3.90
18570,COAST,1119.08,1118.84,17.87,-9.88,82307.4,17.73,-0.007,-0.005,0.012,0.1,-0.6,-0.2,3.90
18580,COAST,1119.05,1119.02,17.77,-9.89,82307.6,17.73,-0.008,0.034,0.011,-0.1,-0.3,-0.1,3.90
18590,COAST,1119.63,1119.21,17.69,-10.29,82301.8,17.72,-0.049,0.033,0.041,0.1,-0.4,-0.1,3.90
18600,COAST,1119.45,1119.38,17.59,-10.36,82303.6,17.72,-0.057,-0.005,0.030,0.1,-0.3,-0.1,3.90
18610,COAST,1119.65,1119.56,17.49,-9.95,82301.5,17.72,-0.014,0.020,0.032,0.3,0.3,-0.2,3.90
18620,COAST,1120.19,1119.75,17.41,-10.03,82296.1,17.72,-0.023,0.034,0.007,0.5,-0.1,-0.4,3.90
18630,COAST,1120.06,1119.93,17.31,-10.46,82297.4,17.72,-0.067,-0.006,0.018,-0.5,0.1,-0.3,3.90
18640,COAST,1120.29,1120.10,17.22,-10.00,82295.1,17.72,-0.020,0.044,0.017,0.2,-0.2,0.6,3.90
18650,COAST,1120.17,1120.27,17.11,-9.92,82296.2,17.72,-0.012,0.026,0.006,-0.2,0.1,-0.4,3.90
18660,COAST,1120.22,1120.44,17.00,-10.28,82295.7,17.72,-0.049,-0.011,0.019,0.2,-0.4,-0.3,3.90
18670,COAST,1120.71,1120.61,16.90,-10.22,82290.8,17.72,-0.042,0.014,-0.017,-0.2,-0.5,0.0,3.90
18680,COAST,1120.54,1120.77,16.79,-10.37,82292.5,17.71,-0.058,0.045,0.033,0.2,0.0,0.3,3.90
18690,COAST,1120.98,1120.94,16.69,-10.17,82288.1,17.71,-0.037,0.007,0.016,0.1,-0.3,-0.2,3.90
18700,COAST,1121.03,1121.10,16.59,-10.17,82287.6,17.71,-0.037,0.032,0.005,0.2,-0.4,-0.2,3.90
18710,COAST,1121.52,1121.28,16.49,-10.26,82282.6,17.71,-0.046,0.024,-0.012,0.3,-0.5,-0.1,3.90
18720,COAST,1121.64,1121.45,16.40,-10.41,82281.4,17.71,-0.062,0.026,0.045,0.6,-0.2,-0.2,3.90
18730,COAST,1121.86,1121.62,16.31,-9.94,82279.1,17.71,-0.013,0.023,-0.005,-0.0,-0.3,-0.4,3.90
18740,COAST,1122.43,1121.80,16.23,-10.05,82273.4,17.71,-0.025,0.033,0.019,0.4,-0.3,-0.6,3.90
18750,COAST,1122.10,1121.96,16.14,-9.79,82276.7,17.71,0.002,0.004,0.015,0.5,0.1,-0.4,3.90
18760,COAST,1122.50,1122.14,16.05,-10.32,82272.6,17.71,-0.053,0.018,0.005,-0.1,-0.1,0.2,3.90
18770,COAST,1122.50,1122.30,15.96,-9.89,82272.7,17.70,-0.008,0.006,0.016,-0.2,-0.7,0.1,3.90
18780,COAST,1122.17,1122.45,15.85,-10.07,82276.0,17.70,-0.027,0.014,0.008,0.4,-0.8,-0.3,3.90
18790,COAST,1122.22,1122.60,15.73,-10.14,82275.5,17.70,-0.034,0.014,-0.009,0.7,0.1,0.2,3.90
18800,COAST,1122.68,1122.75,15.63,-10.37,82270.8,17.70,-0.058,0.032,0.047,0.3,-0.3,0.0,3.90
18810,COAST,1123.10,1122.92,15.53,-10.12,82266.5,17.70,-0.032,0.011,-0.016,-0.1,0.6,-0.5,3.90
18820,COAST,1123.15,1123.07,15.43,-10.30,82266.0,17.70,-0.050,0.032,-0.019,0.3,-0.1,0.1,3.90
18830,COAST,1123.04,1123.22,15.32,-10.38,82267.1,17.70,-0.059,0.028,0.013,0.3,-0.6,-0.1,3.90
18840,COAST,1123.14,1123.37,15.21,-10.38,82266.1,17.70,-0.058,0.067,0.030,0.5,-0.3,-0.1,3.90
18850,COAST,1123.57,1123.52,15.11,-9.76,82261.7,17.70,0.005,0.006,0.016,0.7,0.3,-0.6,3.90
18860,COAST,1123.98,1123.68,15.02,-10.07,82257.6,17.70,-0.027,0.003,0.014,0.1,-0.8,-0.5,3.90
18870,COAST,1123.91,1123.83,14.93,-10.07,82258.3,17.69,-0.027,-0.012,0.001,-0.5,-0.3,0.3,3.90
18880,COAST,1123.95,1123.98,14.82,-10.34,82257.9,17.69,-0.055,0.023,0.001,-0.1,-0.7,-0.3,3.90
18890,COAST,1124.35,1124.13,14.73,-10.23,82253.8,17.69,-0.043,0.022,0.012,0.4,-0.3,-0.5,3.90
18900,COAST,1124.08,1124.27,14.62,-9.79,82256.6,17.69,0.002,0.024,0.017,0.4,0.3,0.1,3.90
18910,COAST,1124.84,1124.43,14.54,-10.15,82248.9,17.69,-0.035,-0.003,0.014,-0.4,0.2,-0.1,3.90
18920,COAST,1124.94,1124.59,14.45,-9.94,82247.9,17.69,-0.013,0.023,0.006,-0.2,-0.2,-0.1,3.90
18930,COAST,1124.95,1124.74,14.36,-10.07,82247.8,17.69,-0.027,0.005,0.026,-0.0,0.1,-0.3,3.90
18940,COAST,1124.72,1124.88,14.25,-9.81,82250.1,17.69,-0.000,0.015,-0.005,-0.2,-0.5,-0.5,3.90
18950,COAST,1124.98,1125.02,14.15,-10.41,82247.5,17.69,-0.063,-0.009,0.079,0.1,-0.3,0.3,3.90
18960,COAST,1124.90,1125.15,14.04,-10.29,82248.2,17.69,-0.050,0.044,0.013,-0.0,-0.3,-0.6,3.90
18970,COAST,1125.54,1125.30,13.95,-9.88,82241.8,17.69,-0.007,0.025,0.003,-0.1,-0.1,0.1,3.90
18980,COAST,1125.34,1125.43,13.84,-9.92,82243.8,17.68,-0.011,-0.002,0.014,-0.6,-0.2,-0.3,3.90
18990,COAST,1125.38,1125.57,13.74,-9.97,82243.4,17.68,-0.017,0.002,0.012,0.2,-0.1,0.1,3.90
19000,COAST,1125.30,1125.69,13.62,-10.07,82244.3,17.68,-0.027,0.028,0.023,-0.1,-0.5,-0.7,3.90
19010,COAST,1126.36,1125.84,13.54,-10.11,82233.5,17.68,-0.031,0.028,0.016,0.3,-0.6,-0.0,3.90
19020,COAST,1125.73,1125.97,13.43,-9.75,82239.8,17.68,0.006,0.030,0.041,-0.5,0.2,-0.5,3.90
19030,COAST,1126.12,1126.11,13.33,-9.87,82235.9,17.68,-0.007,0.002,0.004,-0.1,-0.6,-0.5,3.90
19040,COAST,1125.87,1126.23,13.22,-10.38,82238.4,17.68,-0.059,0.019,-0.007,0.4,-0.3,0.0,3.90
19050,COAST,1126.70,1126.37,13.13,-10.35,82230.1,17.68,-0.055,0.026,0.034,-0.2,-0.3,-0.2,3.90
19060,COAST,1126.46,1126.50,13.02,-10.14,82232.4,17.68,-0.034,0.021,0.008,0.9,-0.4,-0.0,3.90
19070,COAST,1126.93,1126.64,12.94,-10.01,82227.7,17.68,-0.021,-0.018,-0.004,0.3,-0.0,-0.0,3.90
19080,COAST,1127.13,1126.78,12.85,-9.91,82225.6,17.68,-0.010,-0.002,0.011,0.1,0.2,-0.2,3.90
19090,COAST,1127.36,1126.92,12.77,-10.20,82223.3,17.67,-0.041,0.039,0.023,0.3,0.1,-0.1,3.90
19100,COAST,1127.13,1127.05,12.67,-10.39,82225.6,17.67,-0.060,0.021,0.027,0.3,-0.1,-0.2,3.90
19110,COAST,1127.32,1127.18,12.57,-10.05,82223.7,17.67,-0.024,-0.001,0.016,0.3,0.3,-0.5,3.90
19120,COAST,1127.61,1127.31,12.48,-10.36,82220.8,17.67,-0.057,0.041,0.018,0.4,-0.3,-0.2,3.90
19130,COAST,1127.47,1127.44,12.38,-10.16,82222.2,17.67,-0.036,0.057,0.003,0.5,-0.3,0.1,3.90
19140,COAST,1127.29,1127.55,12.27,-9.85,82224.0,17.67,-0.004,0.027,0.010,0.3,-0.2,-0.4,3.90
19150,COAST,1128.33,1127.69,12.20,-9.90,82213.5,17.67,-0.009,-0.002,0.031,-0.4,-0.6,-0.6,3.90
19160,COAST,1128.16,1127.82,12.11,-10.33,82215.1,17.67,-0.054,0.052,0.025,0.6,-0.0,0.1,3.90
19170,COAST,1127.87,1127.94,12.01,-9.72,82218.1,17.67,0.010,0.033,0.037,0.1,-0.1,-0.7,3.90
19180,COAST,1127.91,1128.06,11.90,-10.08,82217.7,17.67,-0.028,0.029,0.033,0.3,-0.5,-0.1,3.90
19190,COAST,1128.26,1128.18,11.81,-10.26,82214.2,17.67,-0.046,0.033,0.041,0.2,-0.2,-0.3,3.90
19200,COAST,1128.23,1128.29,11.70,-10.06,82214.5,17.67,-0.025,0.018,-0.005,0.4,-0.3,-0.2,3.90
19210,COAST,1128.43,1128.41,11.60,-9.85,82212.5,17.66,-0.004,0.007,0.012,-0.1,-0.2,-0.0,3.90
19220,COAST,1128.74,1128.53,11.51,-10.28,82209.3,17.66,-0.049,0.034,-0.015,0.4,-0.3,0.3,3.90
19230,COAST,1128.96,1128.66,11.42,-9.90,82207.1,17.66,-0.009,0.011,-0.028,0.4,0.4,0.0,3.90
19240,COAST,1129.18,1128.78,11.34,-10.06,82204.9,17.66,-0.026,0.052,0.025,-0.0,-0.6,-0.0,3.90
19250,COAST,1129.14,1128.90,11.25,-9.81,82205.3,17.66,-0.000,0.015,0.001,0.1,-0.1,0.2,3.90
19260,COAST,1129.10,1129.02,11.15,-10.07,82205.6,17.66,-0.027,0.067,0.017,-0.2,-0.4,-0.3,3.90
19270,COAST,1129.58,1129.14,11.07,-10.39,82200.8,17.66,-0.060,0.026,-0.003,-0.3,-0.4,-0.7,3.90
19280,COAST,1129.34,1129.25,10.97,-10.84,82203.2,17.66,-0.105,-0.002,-0.003,-0.2,0.0,-0.7,3.90
19290,COAST,1129.54,1129.37,10.87,-10.16,82201.2,17.66,-0.035,0.032,0.006,-0.1,-0.2,-0.6,3.90
19300,COAST,1129.65,1129.48,10.78,-10.09,82200.1,17.66,-0.029,-0.004,0.020,0.1,-0.2,-0.0,3.90
19310,COAST,1129.71,1129.59,10.68,-10.21,82199.5,17.66,-0.041,0.054,0.015,0.2,-0.5,-0.2,3.90
19320,COAST,1129.96,1129.70,10.59,-10.11,82197.0,17.66,-0.030,0.013,-0.014,-0.1,-0.4,-0.4,3.90
19330,COAST,1129.66,1129.81,10.48,-10.17,82200.0,17.66,-0.037,0.017,0.004,-0.2,-0.4,0.0,3.90
19340,COAST,1129.84,1129.91,10.37,-10.43,82198.1,17.66,-0.063,0.034,-0.005,0.2,-0.2,0.4,3.90
19350,COAST,1129.97,1130.01,10.27,-10.08,82196.9,17.65,-0.027,0.017,0.025,0.4,0.2,-0.9,3.90
19360,COAST,1130.18,1130.11,10.17,-9.79,82194.8,17.65,0.002,0.019,-0.030,0.1,0.2,0.2,3.90
19370,COAST,1129.92,1130.21,10.06,-9.85,82197.3,17.65,-0.005,0.015,0.007,0.3,0.2,-0.1,3.90
19380,COAST,1130.23,1130.30,9.96,-10.22,82194.3,17.65,-0.043,0.022,-0.023,0.3,-0.2,-0.3,3.90
19390,COAST,1130.36,1130.40,9.86,-10.05,82192.9,17.65,-0.025,-0.008,-0.002,0.2,0.1,0.2,3.90
19400,COAST,1130.60,1130.50,9.76,-10.09,82190.5,17.65,-0.029,0.027,0.050,-0.3,0.0,-0.5,3.90
19410,COAST,1130.80,1130.61,9.67,-9.83,82188.4,17.65,-0.002,0.030,-0.009,0.1,0.1,-0.2,3.90
19420,COAST,1130.75,1130.70,9.57,-10.19,82189.0,17.65,-0.039,0.014,0.032,0.2,0.4,-0.1,3.90
19430,COAST,1130.73,1130.80,9.46,-10.33,82189.2,17.65,-0.054,0.025,-0.038,0.4,-0.5,-0.2,3.90
19440,COAST,1130.59,1130.88,9.35,-9.84,82190.6,17.65,-0.003,0.040,0.015,0.3,-0.5,0.0,3.90
19450,COAST,1130.78,1130.97,9.24,-10.20,82188.6,17.65,-0.040,0.025,0.039,0.1,-0.1,-0.1,3.90
19460,COAST,1130.50,1131.05,9.12,-9.89,82191.5,17.65,-0.008,0.012,0.019,0.2,-0.6,-0.2,3.90
19470,COAST,1131.23,1131.14,9.02,-10.16,82184.1,17.65,-0.036,0.019,0.004,0.3,0.1,0.2,3.90
19480,COAST,1131.08,1131.22,8.92,-10.11,82185.6,17.65,-0.031,0.004,0.037,-0.1,-0.4,-0.3,3.90
19490,COAST,1131.58,1131.32,8.82,-10.41,82180.6,17.65,-0.062,0.038,0.013,0.5,-0.2,0.2,3.90
19500,COAST,1131.60,1131.41,8.73,-10.09,82180.3,17.65,-0.029,-0.009,0.009,-0.3,-0.4,0.0,3.90
19510,COAST,1131.62,1131.50,8.63,-9.93,82180.1,17.64,-0.013,0.011,0.008,-0.5,-0.0,-0.4,3.90
19520,COAST,1131.30,1131.58,8.52,-10.24,82183.3,17.64,-0.044,0.008,-0.001,-0.2,-0.6,-0.6,3.90
19530,COAST,1131.32,1131.66,8.41,-9.89,82183.1,17.64,-0.008,0.021,-0.001,-0.2,-0.6,-0.3,3.90
19540,COAST,1132.17,1131.75,8.32,-10.20,82174.5,17.64,-0.040,0.019,0.005,0.2,-0.4,-0.8,3.90
19550,COAST,1132.21,1131.85,8.24,-10.17,82174.2,17.64,-0.037,0.020,-0.012,0.0,0.5,-0.3,3.90
19560,COAST,1132.04,1131.93,8.14,-10.01,82175.9,17.64,-0.021,0.005,0.002,-0.1,-0.3,0.3,3.90
19570,COAST,1131.92,1132.01,8.04,-10.04,82177.1,17.64,-0.024,0.023,0.023,0.6,-0.4,-0.4,3.90
19580,COAST,1132.29,1132.09,7.94,-10.14,82173.3,17.64,-0.034,0.019,0.030,-0.1,-0.3,0.3,3.90
19590,COAST,1132.47,1132.18,7.85,-10.38,82171.5,17.64,-0.058,0.020,0.013,0.4,-0.5,0.4,3.90
19600,COAST,1132.36,1132.26,7.76,-9.99,82172.6,17.64,-0.018,0.036,0.016,-0.1,-0.3,-0.1,3.90
19610,COAST,1132.43,1132.34,7.66,-9.97,82171.9,17.64,-0.016,0.024,0.028,-0.1,-0.0,-0.2,3.90
19620,COAST,1132.51,1132.42,7.56,-10.26,82171.1,17.64,-0.046,0.014,0.029,0.1,-0.5,-0.1,3.90
19630,COAST,1132.54,1132.50,7.46,-10.26,82170.8,17.64,-0.046,0.008,-0.009,-0.0,-0.3,-0.6,3.90
19640,COAST,1132.34,1132.56,7.35,-9.99,82172.9,17.64,-0.018,0.054,0.001,0.6,-0.1,-0.0,3.90
19650,COAST,1132.79,1132.64,7.25,-10.38,82168.2,17.64,-0.059,0.024,0.027,-0.2,-0.1,-0.2,3.90
19660,COAST,1133.29,1132.73,7.18,-9.93,82163.2,17.64,-0.012,0.045,-0.042,0.3,-0.4,-0.6,3.90
19670,COAST,1133.26,1132.81,7.09,-10.30,82163.5,17.64,-0.050,0.017,0.014,0.3,-0.1,-0.4,3.90
19680,COAST,1132.99,1132.89,7.00,-9.80,82166.2,17.64,0.001,0.010,0.014,0.0,0.4,-0.4,3.90
19690,COAST,1133.00,1132.96,6.90,-10.33,82166.1,17.64,-0.054,0.026,-0.006,0.5,-0.4,-0.3,3.90
19700,COAST,1132.72,1133.02,6.79,-9.93,82168.9,17.64,-0.012,-0.012,0.017,-0.2,-0.5,0.3,3.90
19710,COAST,1133.02,1133.08,6.68,-10.17,82166.0,17.63,-0.037,0.031,-0.026,0.2,-0.9,0.2,3.90
19720,COAST,1133.20,1133.15,6.58,-10.23,82164.1,17.63,-0.043,-0.001,0.022,0.1,-0.3,-0.5,3.90
19730,COAST,1133.69,1133.23,6.50,-9.96,82159.1,17.63,-0.015,0.023,0.013,-0.2,-0.2,-0.6,3.90
19740,COAST,1133.32,1133.30,6.40,-9.66,82162.9,17.63,0.015,0.004,-0.015,0.2,0.2,-0.3,3.90
19750,COAST,1133.66,1133.37,6.32,-10.32,82159.5,17.63,-0.053,-0.025,0.013,0.6,-0.4,-0.8,3.90
19760,COAST,1133.21,1133.42,6.20,-10.07,82164.0,17.63,-0.026,0.052,0.033,-0.2,-0.1,0.1,3.90
19770,COAST,1133.50,1133.49,6.10,-10.38,82161.0,17.63,-0.058,0.023,0.023,0.4,-0.8,-0.6,3.90
19780,COAST,1133.49,1133.54,6.00,-10.33,82161.1,17.63,-0.053,0.039,-0.002,0.2,0.3,-0.2,3.90
19790,COAST,1133.40,1133.60,5.89,-10.11,82162.1,17.63,-0.030,0.036,0.016,0.0,-0.1,-0.1,3.90
19800,COAST,1133.34,1133.65,5.77,-9.96,82162.7,17.63,-0.015,0.023,-0.011,0.2,-0.3,0.2,3.90
19810,COAST,1134.18,1133.72,5.69,-9.90,82154.2,17.63,-0.009,0.006,0.050,-0.5,-0.7,-0.4,3.90
19820,COAST,1133.97,1133.78,5.60,-9.82,82156.3,17.63,-0.002,0.021,-0.007,0.2,0.4,-0.2,3.90
19830,COAST,1133.96,1133.84,5.51,-9.70,82156.4,17.63,0.011,-0.007,0.015,0.2,-0.7,-0.1,3.90
19840,COAST,1133.59,1133.89,5.40,-10.38,82160.2,17.63,-0.059,0.019,0.042,0.2,-0.3,0.0,3.90
19850,COAST,1133.78,1133.93,5.29,-9.79,82158.2,17.63,0.002,0.015,0.032,0.5,0.1,-0.8,3.90
19860,COAST,1134.05,1133.99,5.19,-9.73,82155.5,17.63,0.008,0.031,0.016,-0.2,-0.7,-0.8,3.90
19870,COAST,1133.68,1134.03,5.08,-10.16,82159.2,17.63,-0.036,0.020,0.002,0.1,-0.1,-0.5,3.90
19880,COAST,1133.87,1134.07,4.97,-9.96,82157.3,17.63,-0.015,0.009,-0.022,0.4,0.2,0.2,3.90
19890,COAST,1134.04,1134.12,4.87,-9.98,82155.5,17.63,-0.017,0.018,0.026,-0.2,0.2,0.1,3.90
19900,COAST,1134.14,1134.17,4.77,-10.11,82154.5,17.63,-0.031,-0.033,0.026,0.1,0.1,-0.3,3.90
19910,COAST,1134.06,1134.21,4.66,-10.06,82155.4,17.63,-0.026,0.029,0.009,-0.0,-0.5,-0.5,3.90
19920,COAST,1134.10,1134.25,4.55,-10.10,82155.0,17.63,-0.030,0.009,0.010,0.2,-0.2,-0.4,3.90
19930,COAST,1134.11,1134.29,4.45,-9.95,82154.9,17.63,-0.015,0.004,-0.009,0.1,-0.2,-0.0,3.90
19940,COAST,1134.23,1134.33,4.34,-10.19,82153.6,17.63,-0.039,0.033,0.019,0.7,-0.2,-0.0,3.90
19950,COAST,1134.36,1134.38,4.24,-10.14,82152.4,17.63,-0.034,0.018,0.003,0.1,-0.4,-0.2,3.90
19960,COAST,1134.22,1134.41,4.13,-9.48,82153.8,17.63,0.034,0.012,-0.003,0.3,-0.4,-0.1,3.90
19970,COAST,1134.83,1134.46,4.05,-10.08,82147.5,17.63,-0.028,0.007,0.019,0.2,-0.5,0.1,3.90
19980,COAST,1134.45,1134.50,3.95,-10.11,82151.5,17.63,-0.031,0.048,-0.001,-0.5,0.2,0.1,3.90
19990,COAST,1134.49,1134.54,3.84,-9.95,82151.0,17.62,-0.014,0.038,0.020,0.2,-0.6,-0.3,3.90
20000,COAST,1134.38,1134.57,3.74,-9.85,82152.2,17.62,-0.005,0.025,0.020,-0.2,0.0,-0.3,3.90
20010,COAST,1134.79,1134.61,3.64,-10.08,82148.0,17.62,-0.029,0.017,0.006,-0.0,-0.4,0.2,3.90
20020,COAST,1134.84,1134.66,3.55,-10.00,82147.4,17.62,-0.020,0.030,0.003,0.1,0.4,0.2,3.90
20030,COAST,1134.82,1134.69,3.46,-9.85,82147.6,17.62,-0.004,0.015,0.018,0.4,-0.2,-0.6,3.90
20040,COAST,1134.87,1134.73,3.36,-10.38,82147.2,17.62,-0.059,0.008,-0.020,0.3,0.1,-0.1,3.90
20050,COAST,1135.15,1134.78,3.28,-9.92,82144.3,17.62,-0.011,0.010,0.030,0.0,-0.4,0.0,3.90
20060,COAST,1134.84,1134.81,3.18,-10.13,82147.5,17.62,-0.033,0.028,0.038,-0.7,-0.4,-0.5,3.90
20070,COAST,1134.78,1134.84,3.08,-9.74,82148.1,17.62,0.007,0.022,0.021,-0.4,0.2,0.0,3.90
20080,COAST,1134.94,1134.87,2.98,-10.01,82146.5,17.62,-0.021,-0.016,0.027,0.0,-0.1,-0.4,3.90
20090,COAST,1135.03,1134.90,2.88,-10.43,82145.5,17.62,-0.064,0.020,0.010,0.1,-0.2,-0.2,3.90
20100,COAST,1134.74,1134.93,2.77,-10.11,82148.5,17.62,-0.030,0.009,0.008,0.1,0.3,-0.5,3.90
20110,COAST,1134.95,1134.95,2.67,-9.79,82146.3,17.62,0.002,0.019,-0.021,0.0,-0.0,-0.4,3.90
20120,COAST,1135.10,1134.98,2.58,-9.92,82144.9,17.62,-0.011,0.043,0.041,0.2,-0.2,-0.2,3.90
20130,COAST,1135.69,1135.03,2.51,-10.21,82138.9,17.62,-0.041,0.003,0.007,-0.2,-0.4,-0.2,3.90
20140,COAST,1135.34,1135.06,2.42,-9.96,82142.4,17.62,-0.016,0.023,-0.012,0.3,-0.2,-0.2,3.90
20150,COAST,1135.09,1135.08,2.31,-10.42,82145.0,17.62,-0.063,0.034,0.010,0.7,0.0,-0.2,3.90
20160,COAST,1135.13,1135.11,2.21,-9.90,82144.5,17.62,-0.009,0.039,0.014,0.0,-0.4,0.2,3.90
20170,COAST,1134.83,1135.12,2.10,-9.83,82147.6,17.62,-0.003,0.024,-0.005,0.4,-0.4,-0.7,3.90
20180,COAST,1135.10,1135.14,2.00,-9.86,82144.8,17.62,-0.006,0.025,0.041,-0.1,-0.0,0.2,3.90
20190,COAST,1135.22,1135.16,1.91,-9.58,82143.6,17.62,0.024,-0.021,-0.001,-0.5,-0.9,-0.8,3.90
20200,COAST,1135.33,1135.18,1.82,-10.10,82142.5,17.62,-0.031,0.005,0.039,-0.1,-0.2,-0.2,3.90
20210,COAST,1135.06,1135.20,1.71,-10.12,82145.2,17.62,-0.032,0.002,-0.014,0.0,0.3,-0.9,3.90
20220,COAST,1135.39,1135.22,1.61,-10.42,82141.9,17.62,-0.063,0.044,-0.045,-0.1,0.0,-0.2,3.90
20230,COAST,1135.19,1135.23,1.51,-9.83,82143.9,17.62,-0.002,0.003,0.047,0.2,-0.7,-0.5,3.90
20240,COAST,1135.47,1135.25,1.42,-10.35,82141.1,17.62,-0.056,0.045,0.007,0.1,-0.1,0.2,3.90
20250,COAST,1135.38,1135.27,1.32,-10.10,82142.0,17.62,-0.029,0.032,0.038,-0.1,0.2,-0.1,3.90
20260,COAST,1135.55,1135.29,1.23,-9.88,82140.3,17.62,-0.007,0.019,-0.029,0.4,-0.7,-0.3,3.90
20270,COAST,1135.39,1135.31,1.13,-10.00,82141.8,17.62,-0.020,0.045,0.019,-0.6,-0.2,-0.3,3.90
20280,COAST,1135.67,1135.33,1.05,-9.97,82139.1,17.62,-0.017,0.021,0.058,0.7,-0.7,-0.4,3.90
20290,COAST,1135.48,1135.34,0.96,-9.75,82140.9,17.62,0.006,0.034,0.001,0.2,0.3,0.0,3.90
20300,COAST,1135.52,1135.35,0.86,-9.96,82140.6,17.62,-0.016,0.023,0.016,-0.2,0.2,-0.4,3.90
20310,COAST,1135.04,1135.35,0.75,-10.24,82145.5,17.62,-0.045,0.020,-0.004,0.1,0.0,-0.1,3.90
20320,COAST,1135.29,1135.36,0.65,-10.17,82142.9,17.62,-0.037,0.035,-0.004,0.0,-0.3,-0.9,3.90
20330,COAST,1135.92,1135.38,0.57,-9.89,82136.5,17.62,-0.008,0.022,0.020,0.5,-0.3,-0.3,3.90
20340,COAST,1135.30,1135.38,0.47,-9.88,82142.8,17.62,-0.008,0.013,0.017,-0.1,-0.6,-0.0,3.90
20350,COAST,1135.65,1135.39,0.38,-10.24,82139.3,17.62,-0.045,0.010,0.017,-0.2,-0.9,0.1,3.90
20360,COAST,1135.54,1135.40,0.28,-10.26,82140.4,17.62,-0.046,0.013,0.019,-0.2,-0.4,-0.6,3.90
20370,COAST,1135.50,1135.41,0.18,-9.84,82140.8,17.62,-0.003,-0.014,0.022,-0.3,-0.3,0.1,3.90
20380,COAST,1135.40,1135.41,0.08,-9.84,82141.8,17.62,-0.003,0.007,0.027,-0.6,-0.4,-0.3,3.90
20390,COAST,1135.81,1135.42,-0.00,-10.30,82137.6,17.62,-0.051,-0.020,0.016,0.3,-0.8,-0.1,3.90
20400,COAST,1135.50,1135.42,-0.10,-10.01,82140.8,17.62,-0.020,0.020,0.035,0.1,-0.2,-0.0,3.90
20410,COAST,1135.58,1135.42,-0.19,-9.73,82140.0,17.62,0.008,0.047,-0.004,-0.0,-0.9,-0.4,3.90
20420,COAST,1134.94,1135.41,-0.31,-10.05,82146.4,17.62,-0.025,0.046,-0.028,0.4,0.1,-0.3,3.90
20430,APOGEE,1135.86,1135.42,-0.39,-10.19,82137.1,17.62,-0.040,-0.006,-0.006,-0.3,-0.2,-0.1,3.90
20440,DESCENT,1135.34,1135.41,-0.50,-9.77,82142.4,17.62,0.003,0.003,0.001,0.2,-0.1,-0.1,3.90
20450,DESCENT,1135.60,1135.41,-0.58,-9.07,82139.8,17.62,-0.022,0.072,0.007,-0.2,0.2,-0.3,3.90
20460,DESCENT,1135.73,1135.41,-0.66,-9.35,82138.4,17.62,-0.022,0.005,0.041,0.3,-0.2,0.5,3.90
20470,DESCENT,1135.55,1135.41,-0.75,-9.70,82140.3,17.62,0.007,-0.006,0.006,-0.1,0.1,0.3,3.90
20480,DESCENT,1135.63,1135.41,-0.84,-9.36,82139.5,17.62,-0.012,0.043,0.010,-0.3,-0.3,-0.3,3.90
20490,DESCENT,1135.33,1135.40,-0.93,-9.46,82142.5,17.62,-0.004,0.034,-0.005,0.1,-0.1,-0.3,3.90
20500,DESCENT,1135.24,1135.38,-1.03,-9.46,82143.4,17.62,-0.022,0.027,-0.008,0.3,-0.2,0.2,3.90
20510,DESCENT,1135.21,1135.37,-1.13,-9.20,82143.7,17.62,-0.036,0.010,0.050,-0.3,-0.1,-0.6,3.90
20520,DESCENT,1135.53,1135.36,-1.22,-9.18,82140.5,17.62,-0.043,0.035,0.032,-0.1,-0.8,-0.2,3.90
20530,DESCENT,1135.62,1135.36,-1.30,-9.05,82139.6,17.62,-0.061,0.006,-0.047,0.3,-0.5,-0.8,3.90
20540,DESCENT,1135.36,1135.34,-1.39,-9.33,82142.2,17.62,-0.034,0.034,0.009,0.2,-0.1,-0.3,3.90
20550,DESCENT,1135.63,1135.34,-1.47,-8.85,82139.5,17.62,-0.070,0.064,0.022,-0.0,-0.4,-0.5,3.90
20560,DESCENT,1135.03,1135.31,-1.57,-9.43,82145.6,17.62,-0.032,0.014,0.013,-0.6,-0.4,-0.5,3.90
20570,DESCENT,1134.94,1135.29,-1.68,-9.52,82146.4,17.62,-0.020,0.015,-0.014,-0.1,-0.3,-0.5,3.90
20580,DESCENT,1135.31,1135.27,-1.77,-9.32,82142.7,17.62,-0.040,0.030,-0.007,0.3,-0.1,-0.2,3.90
20590,DESCENT,1135.23,1135.25,-1.87,-9.10,82143.6,17.62,-0.021,0.008,0.069,-0.1,-0.6,-0.7,3.90
20600,DESCENT,1135.33,1135.24,-1.96,-9.59,82142.5,17.62,0.017,0.012,-0.001,0.1,-0.2,-0.4,3.90
20610,DESCENT,1135.48,1135.22,-2.04,-9.25,82141.0,17.62,-0.036,0.037,0.023,0.4,0.2,0.2,3.90
20620,DESCENT,1135.38,1135.21,-2.13,-9.51,82142.0,17.62,-0.012,0.004,0.028,-0.2,-0.0,-0.1,3.90
20630,DESCENT,1135.71,1135.20,-2.20,-9.48,82138.6,17.62,-0.013,0.021,0.022,0.2,-0.1,-0.4,3.90
20640,DESCENT,1135.43,1135.19,-2.29,-9.28,82141.5,17.62,-0.044,-0.014,0.028,-0.0,0.2,-0.4,3.90
20650,DESCENT,1135.13,1135.16,-2.38,-9.43,82144.5,17.62,-0.019,0.018,0.028,0.6,0.3,-0.2,3.90
20660,DESCENT,1134.81,1135.13,-2.49,-9.55,82147.7,17.62,0.008,-0.002,0.024,-0.0,0.1,0.1,3.90
20670,DESCENT,1134.78,1135.09,-2.60,-9.48,82148.1,17.62,-0.013,0.012,0.028,0.0,0.8,0.0,3.90
20680,DESCENT,1135.24,1135.07,-2.68,-9.34,82143.5,17.62,-0.017,0.045,0.002,0.2,-0.3,-0.9,3.90
20690,DESCENT,1134.90,1135.04,-2.78,-9.57,82146.8,17.62,-0.015,0.004,0.018,-0.1,0.3,-0.5,3.90
20700,DESCENT,1134.88,1135.01,-2.89,-9.59,82147.1,17.62,0.013,0.004,0.018,-0.1,-0.8,0.2,3.90
20710,DESCENT,1135.03,1134.98,-2.98,-9.20,82145.5,17.62,0.003,0.043,0.045,0.1,-0.2,-0.5,3.90
20720,DESCENT,1134.74,1134.94,-3.08,-9.21,82148.5,17.62,-0.060,0.012,-0.004,0.3,-0.6,0.3,3.90
20730,DESCENT,1134.93,1134.91,-3.17,-9.53,82146.6,17.62,-0.011,0.024,0.008,0.1,-0.7,0.1,3.90
20740,DESCENT,1134.88,1134.88,-3.27,-9.49,82147.1,17.62,-0.024,-0.023,0.001,-0.1,-0.5,0.1,3.90
20750,DESCENT,1134.84,1134.85,-3.36,-9.59,82147.5,17.62,-0.003,0.021,0.007,0.2,-0.2,-0.2,3.90
20760,DESCENT,1135.18,1134.82,-3.44,-9.51,82144.0,17.62,0.011,0.003,0.028,0.3,0.0,-0.4,3.90
20770,DESCENT,1134.64,1134.79,-3.54,-9.21,82149.5,17.62,-0.047,0.031,0.022,-0.0,0.4,-0.7,3.90
20780,DESCENT,1134.96,1134.76,-3.63,-9.31,82146.3,17.62,-0.037,0.005,0.033,0.1,-0.2,-0.6,3.90
20790,DESCENT,1135.26,1134.73,-3.70,-9.12,82143.2,17.62,0.012,0.026,0.064,-0.0,-0.8,-0.1,3.90
20800,DESCENT,1134.48,1134.69,-3.80,-9.66,82151.2,17.62,0.009,0.009,0.004,-0.0,-0.5,0.1,3.90
20810,DESCENT,1134.95,1134.66,-3.88,-9.26,82146.3,17.62,-0.028,0.039,0.029,0.6,-0.0,-0.6,3.90
20820,DESCENT,1134.46,1134.62,-3.98,-9.38,82151.3,17.62,-0.030,0.032,0.001,0.4,-0.4,-0.2,3.90
20830,DESCENT,1134.46,1134.57,-4.08,-9.26,82151.3,17.62,-0.052,-0.017,0.010,0.1,-0.5,0.3,3.90
20840,DESCENT,1134.32,1134.53,-4.18,-9.08,82152.8,17.63,-0.012,0.038,0.062,0.5,0.5,0.2,3.90
20850,DESCENT,1134.64,1134.49,-4.27,-9.53,82149.5,17.63,0.026,0.007,-0.007,0.6,-0.1,-0.3,3.90
20860,DESCENT,1134.78,1134.45,-4.35,-9.26,82148.1,17.63,-0.034,0.023,0.039,0.1,-0.8,0.2,3.90
20870,DESCENT,1134.53,1134.41,-4.44,-9.67,82150.6,17.63,0.013,-0.001,0.005,0.2,-0.6,-0.5,3.90
20880,DESCENT,1134.18,1134.36,-4.54,-9.50,82154.1,17.63,-0.004,0.021,-0.024,0.0,-0.5,0.2,3.90
20890,DESCENT,1134.44,1134.32,-4.63,-9.47,82151.6,17.63,-0.030,0.012,-0.013,-0.3,-0.2,0.4,3.90
20900,DESCENT,1134.77,1134.29,-4.70,-9.40,82148.1,17.63,-0.034,0.024,0.007,-0.5,-0.3,0.3,3.90
20910,DESCENT,1134.31,1134.24,-4.79,-9.20,82152.8,17.63,-0.056,0.004,0.025,0.6,-0.5,-0.3,3.90
20920,DESCENT,1133.85,1134.18,-4.90,-9.50,82157.6,17.63,0.012,0.029,-0.001,0.4,-0.6,0.3,3.90
20930,DESCENT,1134.19,1134.14,-4.99,-9.17,82154.1,17.63,-0.048,0.004,0.044,0.1,-0.0,-0.2,3.90
20940,DESCENT,1134.26,1134.09,-5.08,-9.28,82153.4,17.63,-0.014,0.052,0.001,0.2,-0.7,-0.1,3.90
20950,DESCENT,1134.16,1134.04,-5.17,-9.41,82154.4,17.63,-0.036,0.005,-0.017,-0.0,-0.8,-0.1,3.90
20960,DESCENT,1133.96,1133.99,-5.26,-9.55,82156.4,17.63,0.004,0.024,0.010,-0.1,0.0,0.3,3.90
20970,DESCENT,1133.90,1133.94,-5.36,-9.40,82157.0,17.63,-0.008,0.026,-0.031,-0.2,0.0,0.2,3.90
20980,DESCENT,1133.90,1133.88,-5.45,-9.41,82157.0,17.63,-0.023,0.020,0.027,0.1,0.1,0.2,3.90
20990,DESCENT,1134.04,1133.83,-5.54,-9.67,82155.6,17.63,-0.012,0.001,0.006,0.6,0.2,-0.3,3.90
21000,DESCENT,1134.05,1133.78,-5.62,-9.29,82155.5,17.63,-0.030,0.026,0.036,-0.3,-0.1,-0.3,3.90
21010,DESCENT,1133.40,1133.72,-5.73,-9.38,82162.0,17.63,-0.031,-0.020,0.023,0.3,-0.2,-0.1,3.90
21020,DESCENT,1134.07,1133.67,-5.81,-9.29,82155.3,17.63,-0.042,0.010,0.030,-0.5,0.1,-0.6,3.90
21030,DESCENT,1133.29,1133.60,-5.91,-9.23,82163.2,17.63,-0.057,0.009,-0.013,0.1,-0.2,-0.2,3.90
21040,DESCENT,1133.79,1133.55,-6.00,-9.27,82158.2,17.63,-0.036,0.034,0.024,-0.0,0.1,-0.5,3.90
21050,DESCENT,1133.49,1133.49,-6.09,-9.46,82161.1,17.63,-0.017,0.026,0.017,0.2,-0.1,-0.2,3.90
21060,DESCENT,1133.07,1133.42,-6.20,-9.05,82165.4,17.63,-0.034,0.049,0.049,0.1,0.2,-0.2,3.90
21070,DESCENT,1133.17,1133.35,-6.29,-9.15,82164.4,17.63,-0.028,0.018,0.058,-0.3,-0.6,0.3,3.90
21080,DESCENT,1133.20,1133.29,-6.39,-9.45,82164.1,17.63,-0.016,0.031,0.009,0.2,-0.3,-0.7,3.90
21090,DESCENT,1133.38,1133.23,-6.48,-9.42,82162.3,17.63,0.016,0.034,0.010,0.3,0.2,-0.2,3.90
21100,DESCENT,1133.11,1133.16,-6.58,-9.42,82165.0,17.63,-0.009,0.014,-0.035,-0.1,0.3,-0.7,3.90
21110,DESCENT,1133.08,1133.09,-6.67,-9.26,82165.3,17.64,-0.045,0.016,0.029,0.6,-0.2,0.4,3.90
21120,DESCENT,1133.49,1133.04,-6.74,-9.38,82161.2,17.64,-0.027,0.024,0.023,0.5,-0.4,-0.3,3.90
21130,DESCENT,1132.58,1132.96,-6.85,-9.54,82170.4,17.64,-0.024,-0.001,0.011,0.3,0.1,0.7,3.90
21140,DESCENT,1132.48,1132.88,-6.96,-9.15,82171.3,17.64,-0.037,0.055,-0.012,0.6,-0.6,-0.6,3.90
21150,DESCENT,1132.70,1132.81,-7.06,-9.30,82169.2,17.64,-0.026,0.030,0.032,0.2,-0.3,0.0,3.90
21160,DESCENT,1132.60,1132.73,-7.16,-9.47,82170.1,17.64,0.006,-0.001,0.034,-0.1,-0.4,-0.1,3.90
21170,DESCENT,1132.53,1132.66,-7.26,-9.33,82170.9,17.64,0.003,0.037,-0.031,0.1,-0.2,-0.3,3.90
21180,DESCENT,1132.54,1132.58,-7.36,-9.50,82170.8,17.64,-0.030,0.007,0.005,-0.2,0.1,-0.6,3.90
21190,DESCENT,1132.18,1132.50,-7.46,-9.61,82174.4,17.64,0.007,0.006,0.017,0.3,-0.3,-0.1,3.90
21200,DESCENT,1132.10,1132.41,-7.57,-9.54,82175.2,17.64,-0.016,0.021,0.003,0.5,0.0,0.2,3.90
21210,DESCENT,1132.39,1132.34,-7.67,-9.50,82172.4,17.64,0.013,0.009,0.027,0.3,0.2,-0.1,3.90
21220,DESCENT,1132.14,1132.26,-7.77,-9.36,82174.9,17.64,-0.043,0.012,-0.011,0.2,0.0,-0.3,3.90
21230,DESCENT,1132.41,1132.19,-7.85,-9.21,82172.1,17.64,-0.023,0.051,0.022,-0.1,-0.4,-0.3,3.90
21240,DESCENT,1132.31,1132.11,-7.93,-9.45,82173.1,17.64,-0.011,0.034,0.002,-0.1,-0.4,-0.5,3.90
21250,DESCENT,1131.99,1132.03,-8.03,-9.14,82176.3,17.64,-0.062,0.026,0.005,-0.0,0.0,-0.2,3.90
21260,DESCENT,1131.97,1131.95,-8.12,-9.47,82176.6,17.64,0.025,0.022,-0.001,-0.1,-0.2,0.0,3.90
21270,DESCENT,1131.75,1131.87,-8.22,-9.22,82178.9,17.64,-0.008,0.036,0.048,-0.3,0.1,-0.2,3.90
21280,DESCENT,1131.55,1131.78,-8.32,-9.64,82180.8,17.64,-0.012,0.010,0.005,0.1,-0.1,-0.6,3.90
21290,DESCENT,1131.59,1131.69,-8.42,-9.66,82180.4,17.64,-0.015,-0.002,0.004,-0.1,-0.1,-0.6,3.90
21300,DESCENT,1131.26,1131.60,-8.53,-9.70,82183.7,17.64,0.011,-0.001,0.002,0.5,-0.4,-0.4,3.90
21310,DESCENT,1131.64,1131.52,-8.63,-9.57,82180.0,17.65,-0.011,0.022,0.001,-0.3,-0.0,-0.2,3.90
21320,DESCENT,1131.65,1131.43,-8.71,-9.50,82179.8,17.65,-0.028,0.014,0.004,-0.2,-0.6,-0.1,3.90
21330,DESCENT,1131.09,1131.34,-8.82,-9.10,82185.5,17.65,-0.046,0.046,0.032,0.1,-0.7,0.4,3.90
21340,DESCENT,1131.29,1131.25,-8.91,-9.50,82183.5,17.65,-0.023,-0.015,0.012,-0.2,-0.4,-0.2,3.90
21350,DESCENT,1130.54,1131.15,-9.03,-9.21,82191.1,17.65,-0.041,0.039,0.022,-0.2,-0.7,-0.7,3.90
21360,DESCENT,1131.01,1131.05,-9.12,-9.64,82186.3,17.65,-0.002,0.016,0.005,-0.0,-0.5,0.1,3.90
21370,DESCENT,1130.79,1130.96,-9.22,-9.43,82188.5,17.65,-0.005,0.036,-0.012,0.2,-0.6,-0.4,3.90
21380,DESCENT,1130.47,1130.85,-9.33,-9.51,82191.8,17.65,-0.029,0.002,-0.007,0.2,-0.1,-0.1,3.90
21390,DESCENT,1130.76,1130.76,-9.43,-9.46,82188.8,17.65,-0.030,-0.001,-0.020,-0.7,-0.0,-0.4,3.90
21400,DESCENT,1130.19,1130.65,-9.54,-9.36,82194.6,17.65,-0.013,-0.018,0.040,0.1,-0.3,0.2,3.90
21410,DESCENT,1112.79,1130.06,-10.15,28.88,82371.2,17.65,-0.566,-3.942,-0.060,0.4,-0.3,-0.3,3.90
21420,DESCENT,1112.91,1129.48,-10.04,129.38,82370.0,17.65,-1.623,-14.203,-0.039,0.2,-0.7,0.1,3.90
21430,DESCENT,1112.42,1128.91,-9.59,96.91,82374.9,17.65,4.035,-10.071,-0.015,-0.1,-0.8,-0.6,3.90
21440,DESCENT,1112.46,1128.35,-9.81,-6.76,82374.5,17.65,-0.063,-0.192,-0.043,0.4,0.1,-0.2,3.90
21450,DESCENT,1112.30,1127.81,-10.52,-8.33,82376.2,17.65,-0.056,-0.133,-0.035,-0.1,-0.3,-0.2,3.90
21460,DESCENT,1111.89,1127.26,-11.24,-8.28,82380.3,17.65,-0.063,-0.142,0.001,0.5,-0.2,-0.9,3.90
21470,DESCENT,1112.45,1126.73,-11.91,-7.90,82374.6,17.66,-0.108,-0.155,-0.051,-0.2,0.1,0.1,3.90
21480,DESCENT,1111.78,1126.19,-12.59,-8.03,82381.5,17.66,-0.046,-0.175,-0.008,0.1,0.0,-0.1,3.90
21490,DESCENT,1111.81,1125.67,-13.24,-7.98,82381.1,17.66,-0.089,-0.164,-0.011,0.6,-0.9,0.2,3.90
21500,DESCENT,1112.26,1125.16,-13.85,-8.22,82376.6,17.66,-0.065,-0.146,-0.023,-0.2,-0.6,-0.3,3.90
21510,DESCENT,1111.59,1124.64,-14.47,-7.73,82383.4,17.66,-0.072,-0.192,-0.053,-0.1,-0.1,-0.1,3.90
21520,DESCENT,1112.12,1124.15,-15.05,-8.07,82378.0,17.66,-0.065,-0.163,-0.019,0.0,-0.3,-0.4,3.90
21530,DESCENT,1128.96,1124.14,-14.93,-8.08,82207.1,17.66,-0.065,-0.159,-0.039,-0.3,-0.4,-0.0,3.90
21540,DESCENT,1129.42,1124.14,-14.79,-8.04,82202.4,17.66,-0.048,-0.164,-0.057,0.2,-0.4,-0.1,3.90
21550,DESCENT,1129.09,1124.14,-14.67,-7.80,82205.7,17.66,-0.089,-0.184,-0.007,0.5,-0.3,-0.2,3.90
21560,DESCENT,1128.93,1124.13,-14.55,-7.70,82207.4,17.66,-0.067,-0.201,-0.039,-0.4,-0.6,-0.1,3.90
21570,DESCENT,1128.96,1124.12,-14.42,-7.73,82207.1,17.66,-0.072,-0.190,-0.062,0.4,0.2,-0.2,3.90
21580,DESCENT,1129.09,1124.12,-14.29,-7.46,82205.8,17.66,-0.050,-0.231,-0.034,-0.3,-0.3,-0.2,3.90
21590,DESCENT,1128.95,1124.12,-14.17,-7.95,82207.1,17.66,-0.081,-0.163,-0.049,0.5,0.0,-0.1,3.90
21600,DESCENT,1128.53,1124.10,-14.07,-7.85,82211.5,17.66,-0.055,-0.191,-0.018,0.1,-0.5,-0.3,3.90
21610,DESCENT,1128.44,1124.09,-13.96,-7.53,82212.3,17.67,-0.079,-0.218,-0.023,-0.9,-0.4,-0.7,3.90
21620,DESCENT,1128.35,1124.07,-13.86,-7.58,82213.2,17.67,-0.033,-0.218,-0.055,-0.0,0.0,-0.2,3.90
21630,DESCENT,1128.04,1124.05,-13.77,-7.61,82216.4,17.67,-0.104,-0.194,-0.042,0.3,-0.4,-0.2,3.90
21640,DESCENT,1128.04,1124.03,-13.68,-7.65,82216.4,17.67,-0.054,-0.213,-0.013,-0.4,0.0,-0.5,3.90
21650,DESCENT,1128.16,1124.01,-13.59,-7.62,82215.2,17.67,-0.065,-0.212,-0.023,0.1,-0.3,-0.0,3.90
21660,DESCENT,1128.25,1124.00,-13.49,-7.46,82214.3,17.67,-0.062,-0.224,-0.057,0.4,-0.3,-0.3,3.90
21670,DESCENT,1127.99,1123.98,-13.40,-7.59,82217.0,17.67,-0.062,-0.213,-0.040,0.2,0.0,0.4,3.90
21680,DESCENT,1127.71,1123.95,-13.32,-7.85,82219.8,17.67,-0.085,-0.176,-0.040,0.5,-0.3,-0.7,3.90
21690,DESCENT,1127.75,1123.93,-13.24,-7.68,82219.3,17.67,-0.075,-0.204,-0.001,0.3,-0.6,0.4,3.90
21700,DESCENT,1127.73,1123.91,-13.16,-7.16,82219.6,17.67,-0.083,-0.256,-0.029,-0.3,-0.3,-0.2,3.90
21710,DESCENT,1127.13,1123.87,-13.10,-7.67,82225.6,17.67,-0.051,-0.209,-0.030,0.4,0.2,-0.9,3.90
21720,DESCENT,1126.79,1123.82,-13.05,-7.34,82229.1,17.67,-0.103,-0.229,0.002,0.4,-0.1,-0.1,3.90
21730,DESCENT,1127.03,1123.79,-12.99,-7.04,82226.6,17.67,-0.101,-0.257,-0.060,-0.1,-0.2,-0.1,3.90
21740,DESCENT,1126.90,1123.75,-12.93,-7.42,82228.0,17.68,-0.080,-0.222,-0.056,0.0,-0.2,-0.1,3.90
21750,DESCENT,1126.62,1123.70,-12.88,-7.40,82230.8,17.68,-0.085,-0.221,-0.063,-0.2,-0.1,0.1,3.90
21760,DESCENT,1126.36,1123.65,-12.84,-7.54,82233.4,17.68,-0.068,-0.221,-0.008,0.1,-0.2,-0.3,3.90
21770,DESCENT,1127.00,1123.62,-12.78,-7.08,82227.0,17.68,-0.068,-0.258,-0.080,-0.3,0.1,-0.2,3.90
21780,DESCENT,1126.59,1123.58,-12.72,-7.25,82231.1,17.68,-0.082,-0.243,-0.040,0.1,-0.5,-0.2,3.90
21790,DESCENT,1126.72,1123.54,-12.66,-7.02,82229.8,17.68,-0.043,-0.278,-0.041,0.5,-0.2,-0.2,3.90
21800,DESCENT,1125.97,1123.49,-12.63,-7.17,82237.4,17.68,-0.092,-0.246,-0.058,-0.4,0.2,-0.5,3.90
21810,DESCENT,1125.93,1123.44,-12.60,-6.90,82237.8,17.68,-0.085,-0.276,-0.069,-0.2,0.2,-0.4,3.90
21820,DESCENT,1126.39,1123.40,-12.55,-7.17,82233.1,17.68,-0.105,-0.244,-0.039,-0.2,-0.5,-0.2,3.90
21830,DESCENT,1125.33,1123.33,-12.53,-6.92,82243.9,17.68,-0.126,-0.256,-0.075,-0.1,-0.1,-0.2,3.90
21840,DESCENT,1125.26,1123.26,-12.52,-7.19,82244.6,17.68,-0.063,-0.257,-0.037,0.2,0.0,-0.2,3.90
21850,DESCENT,1125.61,1123.20,-12.50,-7.35,82241.1,17.68,-0.081,-0.235,-0.032,0.0,0.3,-0.5,3.90
21860,DESCENT,1125.31,1123.14,-12.48,-7.15,82244.1,17.69,-0.105,-0.249,-0.023,0.6,-0.9,0.0,3.90
21870,DESCENT,1125.10,1123.08,-12.47,-7.10,82246.2,17.69,-0.078,-0.262,-0.035,-0.3,-0.4,-0.3,3.90
21880,DESCENT,1124.97,1123.01,-12.45,-6.84,82247.6,17.69,-0.091,-0.287,-0.032,0.5,0.1,-0.7,3.90
21890,DESCENT,1125.06,1122.94,-12.43,-6.57,82246.7,17.69,-0.118,-0.294,-0.093,-0.3,0.0,-0.2,3.90
21900,DESCENT,1125.23,1122.89,-12.40,-6.90,82244.9,17.69,-0.083,-0.280,-0.048,0.2,-0.4,-0.6,3.90
21910,DESCENT,1124.67,1122.82,-12.40,-6.77,82250.7,17.69,-0.069,-0.291,-0.081,-0.1,0.2,-0.3,3.90
21920,DESCENT,1124.63,1122.75,-12.39,-6.55,82251.1,17.69,-0.068,-0.318,-0.067,0.6,-0.1,-0.2,3.90
21930,DESCENT,1124.51,1122.68,-12.37,-6.20,82252.2,17.69,-0.092,-0.352,-0.054,0.6,-0.8,-0.4,3.90
21940,DESCENT,1124.31,1122.60,-12.37,-6.33,82254.3,17.69,-0.090,-0.331,-0.091,-0.4,-0.3,0.4,3.90
21950,DESCENT,1124.26,1122.53,-12.36,-6.49,82254.8,17.69,-0.053,-0.330,-0.046,0.6,0.2,-0.3,3.90
21960,DESCENT,1123.87,1122.44,-12.36,-6.45,82258.7,17.69,-0.105,-0.316,-0.078,-0.2,-0.6,-0.1,3.90
21970,DESCENT,1123.61,1122.36,-12.38,-6.79,82261.4,17.69,-0.074,-0.289,-0.076,0.1,-0.5,0.1,3.90
21980,DESCENT,1123.69,1122.27,-12.39,-6.44,82260.5,17.70,-0.109,-0.319,-0.064,0.3,-0.1,0.1,3.90
21990,DESCENT,1123.68,1122.19,-12.39,-6.43,82260.6,17.70,-0.112,-0.322,-0.050,-0.8,0.3,-0.4,3.90
22000,DESCENT,1123.33,1122.10,-12.40,-6.61,82264.2,17.70,-0.113,-0.299,-0.060,-0.3,-0.4,-0.3,3.90
22010,DESCENT,1123.47,1122.02,-12.41,-6.28,82262.8,17.70,-0.112,-0.342,-0.017,0.1,-0.1,-0.2,3.90
22020,DESCENT,1123.52,1121.94,-12.41,-6.53,82262.2,17.70,-0.080,-0.320,-0.051,-0.0,-0.4,0.3,3.90
22030,DESCENT,1123.33,1121.86,-12.41,-6.40,82264.2,17.70,-0.119,-0.320,-0.069,0.1,0.2,-0.2,3.90
22040,DESCENT,1122.92,1121.77,-12.43,-6.33,82268.4,17.70,-0.056,-0.346,-0.052,-0.0,-0.1,0.1,3.90
22050,DESCENT,1122.77,1121.68,-12.44,-6.29,82269.9,17.70,-0.116,-0.338,-0.020,0.1,0.4,-0.0,3.90
22060,DESCENT,1122.62,1121.58,-12.46,-6.16,82271.4,17.70,-0.107,-0.352,-0.056,0.2,-0.8,-0.0,3.90
22070,DESCENT,1122.41,1121.48,-12.49,-6.56,82273.6,17.70,-0.076,-0.321,-0.025,-0.0,-0.4,-0.6,3.90
22080,DESCENT,1122.45,1121.39,-12.51,-6.59,82273.2,17.71,-0.114,-0.302,-0.055,-0.0,-0.4,-0.3,3.90
22090,DESCENT,1122.35,1121.29,-12.53,-6.05,82274.2,17.71,-0.133,-0.357,-0.040,0.4,-0.3,-0.6,3.90
22100,DESCENT,1122.31,1121.20,-12.55,-6.21,82274.6,17.71,-0.121,-0.344,-0.036,-0.6,-0.6,-0.3,3.90
22110,DESCENT,1121.56,1121.09,-12.59,-6.34,82282.1,17.71,-0.081,-0.336,-0.076,0.2,-0.1,-0.2,3.90
22120,DESCENT,1121.99,1120.99,-12.61,-6.08,82277.8,17.71,-0.112,-0.352,-0.089,-0.1,-0.9,-0.5,3.90
22130,DESCENT,1121.80,1120.89,-12.63,-6.28,82279.8,17.71,-0.087,-0.344,-0.056,-0.0,0.0,0.4,3.90
22140,DESCENT,1121.19,1120.78,-12.68,-6.04,82285.9,17.71,-0.115,-0.364,-0.045,0.2,0.2,0.1,3.90
22150,DESCENT,1121.05,1120.66,-12.72,-5.97,82287.3,17.71,-0.111,-0.372,-0.051,-0.6,-0.6,0.0,3.90
22160,DESCENT,1121.35,1120.56,-12.75,-6.11,82284.3,17.71,-0.072,-0.361,-0.079,1.0,-0.0,-0.3,3.90
22170,DESCENT,1120.88,1120.44,-12.79,-5.92,82289.0,17.71,-0.097,-0.378,-0.068,0.8,-0.6,-0.2,3.90
22180,DESCENT,1120.75,1120.33,-12.83,-5.62,82290.4,17.71,-0.132,-0.396,-0.090,-0.2,-0.3,-0.2,3.90
22190,DESCENT,1120.29,1120.20,-12.89,-6.07,82295.1,17.72,-0.104,-0.364,-0.045,0.6,-0.5,0.2,3.90
22200,DESCENT,1120.21,1120.07,-12.94,-5.68,82295.9,17.72,-0.121,-0.395,-0.081,0.2,-0.1,-0.3,3.90
22210,DESCENT,1120.40,1119.96,-12.98,-6.13,82293.9,17.72,-0.058,-0.365,-0.059,-0.1,-0.0,-0.0,3.90
22220,DESCENT,1120.06,1119.83,-13.03,-6.02,82297.4,17.72,-0.093,-0.368,-0.073,0.3,-0.5,-0.0,3.90
22230,DESCENT,1119.99,1119.71,-13.08,-5.81,82298.1,17.72,-0.096,-0.387,-0.082,-0.2,-0.2,-0.1,3.90
22240,DESCENT,1120.22,1119.60,-13.11,-5.84,82295.7,17.72,-0.096,-0.388,-0.062,-0.2,-0.5,0.2,3.90
22250,DESCENT,1119.69,1119.47,-13.16,-5.86,82301.1,17.72,-0.097,-0.387,-0.050,-0.0,-0.1,0.0,3.90
22260,DESCENT,1119.30,1119.34,-13.22,-5.76,82305.1,17.72,-0.108,-0.390,-0.077,-0.6,-0.3,-0.5,3.90
22270,DESCENT,1119.21,1119.21,-13.28,-5.64,82306.0,17.72,-0.089,-0.409,-0.071,-0.2,0.0,-0.0,3.90
22280,DESCENT,1119.32,1119.08,-13.33,-5.64,82304.9,17.72,-0.134,-0.398,-0.070,0.3,0.3,0.4,3.90
22290,DESCENT,1119.06,1118.95,-13.38,-5.58,82307.5,17.73,-0.130,-0.402,-0.087,0.1,-0.6,-0.3,3.90
22300,DESCENT,1119.22,1118.83,-13.41,-5.31,82305.9,17.73,-0.111,-0.437,-0.081,0.3,-0.5,-0.1,3.90
22310,DESCENT,1119.06,1118.70,-13.45,-5.59,82307.5,17.73,-0.080,-0.417,-0.062,-0.5,-0.3,0.1,3.90
22320,DESCENT,1118.87,1118.58,-13.50,-5.44,82309.5,17.73,-0.127,-0.422,-0.063,0.1,-0.6,-0.3,3.90
22330,DESCENT,1118.32,1118.44,-13.56,-5.53,82315.1,17.73,-0.118,-0.412,-0.080,-0.0,0.3,-0.4,3.90
22340,DESCENT,1118.30,1118.30,-13.61,-5.47,82315.2,17.73,-0.096,-0.423,-0.088,0.1,-0.3,-0.2,3.90
22350,DESCENT,1118.43,1118.17,-13.66,-5.64,82314.0,17.73,-0.088,-0.410,-0.066,-0.1,0.3,0.2,3.90
22360,DESCENT,1118.18,1118.04,-13.71,-5.09,82316.5,17.73,-0.126,-0.463,-0.048,0.3,-0.4,0.1,3.90
22370,DESCENT,1117.80,1117.90,-13.76,-5.47,82320.4,17.73,-0.119,-0.413,-0.106,0.0,-0.6,-0.1,3.90
22380,DESCENT,1117.54,1117.76,-13.83,-5.24,82323.0,17.74,-0.107,-0.443,-0.098,0.4,-0.7,-0.2,3.90
22390,DESCENT,1117.20,1117.61,-13.90,-5.49,82326.4,17.74,-0.103,-0.424,-0.056,0.3,-0.3,-0.3,3.90
22400,DESCENT,1116.99,1117.45,-13.97,-5.41,82328.5,17.74,-0.101,-0.433,-0.057,0.5,0.1,-0.6,3.90
22410,DESCENT,1117.11,1117.31,-14.03,-5.32,82327.3,17.74,-0.116,-0.433,-0.094,0.2,0.2,-0.4,3.90
22420,DESCENT,1117.25,1117.17,-14.08,-4.99,82325.9,17.74,-0.089,-0.479,-0.071,0.1,-0.8,-0.4,3.90
22430,DESCENT,1117.29,1117.04,-14.12,-5.31,82325.5,17.74,-0.151,-0.431,-0.045,0.6,-0.2,-0.4,3.90
22440,DESCENT,1116.28,1116.88,-14.20,-5.31,82335.8,17.74,-0.113,-0.440,-0.058,0.5,0.3,-0.3,3.90
22450,DESCENT,1116.69,1116.73,-14.25,-5.46,82331.7,17.74,-0.098,-0.414,-0.125,0.2,-0.7,0.0,3.90
22460,DESCENT,1115.81,1116.57,-14.34,-5.32,82340.6,17.74,-0.124,-0.433,-0.079,-0.0,0.2,-0.3,3.90
22470,DESCENT,1116.19,1116.42,-14.40,-5.15,82336.7,17.75,-0.095,-0.450,-0.118,0.1,-0.0,-0.4,3.90
22480,DESCENT,1115.80,1116.26,-14.47,-4.86,82340.6,17.75,-0.139,-0.478,-0.082,0.1,-0.6,-0.1,3.90
22490,DESCENT,1116.06,1116.11,-14.52,-5.16,82338.1,17.75,-0.113,-0.453,-0.078,0.4,-0.5,-0.0,3.90
22500,DESCENT,1115.61,1115.96,-14.59,-5.04,82342.6,17.75,-0.114,-0.461,-0.105,0.2,-0.6,-0.3,3.90
22510,DESCENT,1115.25,1115.80,-14.66,-5.02,82346.2,17.75,-0.125,-0.466,-0.074,-0.2,-0.6,0.0,3.90
22520,DESCENT,1115.16,1115.64,-14.73,-4.71,82347.2,17.75,-0.140,-0.491,-0.098,0.2,-0.6,-0.0,3.90
22530,DESCENT,1115.52,1115.49,-14.78,-4.85,82343.5,17.75,-0.132,-0.478,-0.095,0.1,-0.2,-0.4,3.90
22540,DESCENT,1114.89,1115.33,-14.84,-4.97,82349.9,17.75,-0.120,-0.471,-0.081,-0.1,-0.5,-0.5,3.90
22550,DESCENT,1114.93,1115.17,-14.90,-4.92,82349.5,17.75,-0.101,-0.480,-0.093,0.4,0.7,-0.5,3.90
22560,DESCENT,1114.20,1115.00,-14.99,-5.04,82356.9,17.75,-0.137,-0.460,-0.078,-0.4,-0.1,-0.3,3.90
22570,DESCENT,1114.67,1114.85,-15.04,-5.10,82352.1,17.76,-0.128,-0.454,-0.090,-0.0,-0.2,-0.4,3.90
22580,DESCENT,1114.48,1114.69,-15.10,-4.53,82354.0,17.76,-0.174,-0.499,-0.103,0.2,-0.9,-0.3,3.90
22590,DESCENT,1114.09,1114.53,-15.16,-4.95,82358.0,17.76,-0.133,-0.471,-0.072,0.4,-0.4,-0.3,3.90
22600,DESCENT,1113.82,1114.36,-15.23,-4.65,82360.7,17.76,-0.148,-0.495,-0.098,-0.3,-0.4,-0.6,3.90
22610,DESCENT,1113.64,1114.19,-15.31,-4.95,82362.6,17.76,-0.114,-0.469,-0.108,0.1,-0.4,-0.1,3.90
22620,DESCENT,1113.45,1114.02,-15.38,-4.84,82364.5,17.76,-0.143,-0.476,-0.101,-0.1,-0.2,-0.6,3.90
22630,DESCENT,1113.57,1113.86,-15.44,-5.15,82363.3,17.76,-0.110,-0.448,-0.113,0.1,-0.2,-0.3,3.90
22640,DESCENT,1113.72,1113.70,-15.49,-4.60,82361.8,17.76,-0.119,-0.510,-0.089,-0.2,0.1,-0.6,3.90
22650,DESCENT,1112.62,1113.52,-15.57,-5.06,82373.0,17.77,-0.124,-0.454,-0.112,0.4,-0.0,-0.4,3.90
22660,DESCENT,1112.84,1113.35,-15.64,-4.72,82370.7,17.77,-0.127,-0.490,-0.113,-0.3,-0.3,-0.1,3.90
22670,DESCENT,1112.64,1113.18,-15.71,-4.47,82372.8,17.77,-0.148,-0.517,-0.082,0.4,-0.5,0.3,3.90
22680,DESCENT,1112.59,1113.01,-15.77,-4.55,82373.2,17.77,-0.161,-0.502,-0.094,0.3,0.1,-0.4,3.90
22690,DESCENT,1112.72,1112.85,-15.83,-4.76,82371.9,17.77,-0.115,-0.491,-0.098,0.7,-0.3,0.1,3.90
22700,DESCENT,1112.37,1112.68,-15.89,-4.55,82375.5,17.77,-0.140,-0.514,-0.063,0.2,-0.7,-0.1,3.90
22710,DESCENT,1111.83,1112.50,-15.96,-4.31,82381.0,17.77,-0.132,-0.535,-0.104,0.2,0.0,0.2,3.90
22720,DESCENT,1111.84,1112.33,-16.02,-4.61,82380.9,17.77,-0.141,-0.499,-0.105,-0.1,-0.1,-0.3,3.90
22730,DESCENT,1111.41,1112.15,-16.10,-4.53,82385.2,17.77,-0.111,-0.520,-0.083,0.1,0.5,-0.6,3.90
22740,DESCENT,1111.15,1111.96,-16.18,-4.06,82387.9,17.78,-0.154,-0.555,-0.111,-0.2,-0.2,0.0,3.90
22750,DESCENT,1111.02,1111.78,-16.25,-4.25,82389.2,17.78,-0.145,-0.539,-0.098,0.3,-0.8,-0.0,3.90
22760,DESCENT,1111.32,1111.61,-16.30,-4.06,82386.1,17.78,-0.111,-0.564,-0.110,0.2,-0.0,-0.0,3.90
22770,DESCENT,1111.11,1111.43,-16.36,-4.36,82388.2,17.78,-0.142,-0.517,-0.146,-0.3,-0.4,0.1,3.90
22780,DESCENT,1110.41,1111.25,-16.44,-4.43,82395.4,17.78,-0.106,-0.530,-0.088,0.6,0.1,0.2,3.90
22790,DESCENT,1110.38,1111.06,-16.51,-4.16,82395.7,17.78,-0.144,-0.548,-0.104,0.1,-0.6,-0.2,3.90
22800,DESCENT,1110.14,1110.88,-16.58,-4.15,82398.1,17.78,-0.135,-0.547,-0.123,0.1,-0.4,-0.3,3.90
22810,DESCENT,1109.69,1110.68,-16.66,-4.24,82402.8,17.78,-0.143,-0.536,-0.117,0.1,-0.6,-0.4,3.90
22820,DESCENT,1110.04,1110.50,-16.72,-4.47,82399.2,17.79,-0.126,-0.518,-0.106,0.2,-0.4,-0.2,3.90
22830,DESCENT,1109.85,1110.32,-16.78,-3.92,82401.1,17.79,-0.132,-0.578,-0.101,-0.1,-0.1,-0.4,3.90
22840,DESCENT,1109.66,1110.14,-16.84,-4.09,82403.0,17.79,-0.131,-0.559,-0.101,0.4,-0.3,0.3,3.90
22850,DESCENT,1109.57,1109.96,-16.90,-4.17,82403.9,17.79,-0.165,-0.542,-0.100,0.3,-0.1,-0.5,3.90
22860,DESCENT,1109.21,1109.77,-16.97,-4.11,82407.6,17.79,-0.158,-0.547,-0.117,0.4,-0.0,0.1,3.90
22870,DESCENT,1109.44,1109.60,-17.01,-4.06,82405.2,17.79,-0.140,-0.561,-0.097,0.2,-0.3,-0.3,3.90
22880,DESCENT,1108.82,1109.41,-17.08,-3.92,82411.5,17.79,-0.163,-0.564,-0.125,0.1,-0.4,0.1,3.90
22890,DESCENT,1108.91,1109.23,-17.13,-4.06,82410.6,17.79,-0.161,-0.556,-0.088,0.0,-0.1,-0.2,3.90
22900,DESCENT,1108.30,1109.04,-17.20,-4.02,82416.8,17.79,-0.166,-0.556,-0.105,0.2,0.0,0.2,3.90
22910,DESCENT,1108.56,1108.86,-17.25,-3.80,82414.2,17.80,-0.157,-0.573,-0.149,0.6,0.0,0.2,3.90
22920,DESCENT,1108.34,1108.67,-17.31,-3.90,82416.4,17.80,-0.151,-0.575,-0.097,-0.2,-0.1,-0.6,3.90
22930,DESCENT,1107.40,1108.47,-17.39,-3.98,82426.0,17.80,-0.141,-0.569,-0.096,-0.2,-0.5,-0.6,3.90
22940,DESCENT,1108.01,1108.29,-17.44,-3.95,82419.8,17.80,-0.172,-0.561,-0.111,-0.6,-0.4,-0.1,3.90
22950,DESCENT,1107.31,1108.09,-17.51,-4.23,82426.9,17.80,-0.157,-0.533,-0.121,-0.2,-0.9,-0.2,3.90
22960,DESCENT,1107.33,1107.90,-17.58,-3.91,82426.7,17.80,-0.155,-0.573,-0.099,0.0,-0.5,-0.2,3.90
22970,DESCENT,1107.23,1107.71,-17.64,-3.97,82427.8,17.80,-0.174,-0.562,-0.086,-0.3,-0.3,-0.4,3.90
22980,DESCENT,1106.82,1107.51,-17.70,-3.52,82431.9,17.80,-0.133,-0.621,-0.093,-0.0,-0.0,-0.6,3.90
22990,DESCENT,1107.23,1107.33,-17.74,-4.01,82427.8,17.81,-0.166,-0.559,-0.094,-0.2,0.2,-0.6,3.90
23000,DESCENT,1106.68,1107.14,-17.80,-3.82,82433.3,17.81,-0.130,-0.584,-0.121,0.6,0.2,-0.3,3.90
23010,DESCENT,1105.87,1106.93,-17.88,-3.89,82441.5,17.81,-0.136,-0.574,-0.126,-0.2,-0.4,0.2,3.90
23020,DESCENT,1106.53,1106.75,-17.93,-3.85,82434.8,17.81,-0.142,-0.583,-0.093,0.3,-0.1,-0.9,3.90
23030,DESCENT,1105.99,1106.55,-17.99,-3.95,82440.3,17.81,-0.151,-0.573,-0.073,-0.1,-0.9,-0.3,3.90
23040,DESCENT,1105.76,1106.35,-18.06,-3.61,82442.7,17.81,-0.189,-0.592,-0.120,0.8,-0.2,-0.6,3.90
23050,DESCENT,1105.46,1106.15,-18.12,-3.71,82445.7,17.81,-0.170,-0.591,-0.091,0.4,-0.1,-0.2,3.90
23060,DESCENT,1106.03,1105.97,-18.16,-3.77,82439.9,17.81,-0.133,-0.597,-0.071,0.7,-0.3,-0.8,3.90
23070,DESCENT,1105.48,1105.78,-18.21,-3.51,82445.5,17.82,-0.139,-0.613,-0.131,-0.1,0.6,-0.3,3.90
23080,DESCENT,1105.31,1105.59,-18.25,-3.89,82447.3,17.82,-0.146,-0.570,-0.133,-0.6,-0.7,-0.1,3.90
23090,DESCENT,1104.71,1105.39,-18.32,-3.96,82453.4,17.82,-0.151,-0.560,-0.137,0.1,0.2,-0.3,3.90
23100,DESCENT,1104.80,1105.20,-18.38,-3.45,82452.4,17.82,-0.175,-0.610,-0.134,-0.3,0.1,-0.4,3.90
23110,DESCENT,1104.32,1104.99,-18.44,-3.63,82457.4,17.82,-0.179,-0.593,-0.111,0.2,-0.3,-0.3,3.90
23120,DESCENT,1104.33,1104.79,-18.49,-3.60,82457.2,17.82,-0.174,-0.595,-0.128,-0.4,-0.6,-0.3,3.90
23130,DESCENT,1104.26,1104.60,-18.54,-3.43,82457.9,17.82,-0.139,-0.624,-0.120,-0.1,-0.5,-0.2,3.90
23140,DESCENT,1103.63,1104.39,-18.61,-3.61,82464.3,17.82,-0.147,-0.605,-0.105,0.1,-0.3,-0.2,3.90
23150,DESCENT,1103.74,1104.19,-18.66,-3.39,82463.2,17.83,-0.143,-0.616,-0.167,0.4,-0.1,-0.1,3.90
23160,DESCENT,1103.63,1103.99,-18.71,-3.51,82464.3,17.83,-0.168,-0.615,-0.080,0.5,-0.4,0.1,3.90
23170,DESCENT,1103.12,1103.79,-18.78,-3.38,82469.5,17.83,-0.146,-0.623,-0.140,-0.1,-0.3,-0.1,3.90
23180,DESCENT,1103.02,1103.58,-18.83,-3.17,82470.5,17.83,-0.201,-0.631,-0.138,0.6,-0.2,-0.6,3.90
23190,DESCENT,1103.13,1103.39,-18.87,-3.03,82469.4,17.83,-0.161,-0.660,-0.128,-0.5,-0.4,-0.1,3.90
23200,DESCENT,1102.61,1103.18,-18.93,-3.32,82474.7,17.83,-0.146,-0.635,-0.117,-0.0,-0.5,0.2,3.90
23210,DESCENT,1102.23,1102.97,-18.99,-3.22,82478.6,17.83,-0.146,-0.648,-0.097,0.0,-0.2,-0.4,3.90
23220,DESCENT,1102.41,1102.77,-19.04,-3.18,82476.7,17.83,-0.155,-0.649,-0.107,0.9,-0.4,-0.1,3.90
23230,DESCENT,1101.87,1102.56,-19.10,-3.40,82482.2,17.84,-0.148,-0.630,-0.089,0.2,0.2,-0.0,3.90
23240,DESCENT,1102.17,1102.36,-19.14,-3.52,82479.2,17.84,-0.151,-0.604,-0.150,0.1,-0.2,-0.9,3.90
23250,DESCENT,1101.91,1102.16,-19.19,-3.31,82481.8,17.84,-0.160,-0.627,-0.145,0.3,-0.2,0.1,3.90
23260,DESCENT,1101.47,1101.96,-19.24,-3.51,82486.2,17.84,-0.135,-0.618,-0.109,0.3,0.3,0.1,3.90
23270,DESCENT,1101.84,1101.77,-19.27,-3.22,82482.5,17.84,-0.149,-0.648,-0.100,0.1,-0.1,-0.5,3.90
23280,DESCENT,1101.22,1101.56,-19.32,-3.18,82488.9,17.84,-0.191,-0.626,-0.168,-0.4,0.1,-0.5,3.90
23290,DESCENT,1101.29,1101.37,-19.35,-2.94,82488.1,17.84,-0.165,-0.668,-0.133,0.3,-0.4,0.1,3.90
23300,DESCENT,1100.67,1101.16,-19.40,-2.94,82494.4,17.85,-0.188,-0.657,-0.151,0.4,-0.0,-0.3,3.90
23310,DESCENT,1100.89,1100.96,-19.44,-3.51,82492.2,17.85,-0.151,-0.613,-0.116,0.0,-0.1,-0.0,3.90
23320,DESCENT,1100.15,1100.75,-19.49,-2.79,82499.8,17.85,-0.180,-0.684,-0.111,-0.2,-0.3,0.2,3.90
23330,DESCENT,1100.09,1100.54,-19.54,-2.93,82500.3,17.85,-0.172,-0.669,-0.121,0.1,-0.2,0.0,3.90
23340,DESCENT,1100.15,1100.34,-19.58,-3.33,82499.8,17.85,-0.139,-0.634,-0.123,0.1,-0.1,0.1,3.90
23350,DESCENT,1099.35,1100.12,-19.65,-3.45,82507.9,17.85,-0.150,-0.620,-0.117,0.2,-0.5,-0.2,3.90
23360,DESCENT,1099.32,1099.91,-19.70,-3.10,82508.2,17.85,-0.183,-0.652,-0.098,0.5,-0.1,-0.1,3.90
23370,DESCENT,1099.65,1099.71,-19.74,-2.86,82504.8,17.85,-0.172,-0.677,-0.119,-0.1,-0.4,-0.6,3.90
23380,DESCENT,1099.07,1099.50,-19.78,-3.17,82510.7,17.86,-0.150,-0.640,-0.156,0.3,-0.1,-0.1,3.90
23390,DESCENT,1098.91,1099.29,-19.83,-3.10,82512.4,17.86,-0.149,-0.659,-0.105,0.2,-0.1,-0.3,3.90
23400,DESCENT,1098.38,1099.07,-19.89,-2.98,82517.7,17.86,-0.165,-0.659,-0.156,0.5,-0.2,-0.1,3.90
23410,DESCENT,1098.32,1098.86,-19.94,-2.86,82518.3,17.86,-0.157,-0.676,-0.142,0.1,-1.0,-0.1,3.90
23420,DESCENT,1098.34,1098.65,-19.98,-2.79,82518.1,17.86,-0.175,-0.692,-0.053,-0.4,-0.2,-0.6,3.90
23430,DESCENT,1097.89,1098.44,-20.03,-2.73,82522.7,17.86,-0.170,-0.691,-0.119,-0.0,-0.6,-0.4,3.90
23440,DESCENT,1097.94,1098.23,-20.07,-2.74,82522.2,17.86,-0.204,-0.676,-0.146,-0.1,-0.5,-0.5,3.90
23450,DESCENT,1097.58,1098.01,-20.12,-2.82,82525.8,17.86,-0.191,-0.675,-0.123,-0.3,0.1,-0.3,3.90
23460,DESCENT,1097.66,1097.81,-20.15,-2.45,82525.1,17.87,-0.181,-0.714,-0.144,0.4,-0.1,0.3,3.90
23470,DESCENT,1097.19,1097.59,-20.19,-2.72,82529.9,17.87,-0.200,-0.667,-0.189,-0.0,-0.1,-0.4,3.90
23480,DESCENT,1097.06,1097.38,-20.23,-2.78,82531.1,17.87,-0.174,-0.684,-0.124,-0.1,-0.5,-0.4,3.90
23490,DESCENT,1096.64,1097.16,-20.28,-2.65,82535.4,17.87,-0.185,-0.686,-0.167,-0.1,-0.4,-0.5,3.90
23500,DESCENT,1096.49,1096.95,-20.33,-2.87,82537.0,17.87,-0.118,-0.675,-0.173,-0.1,-0.6,-0.1,3.90
23510,DESCENT,1096.56,1096.74,-20.36,-2.40,82536.2,17.87,-0.187,-0.709,-0.185,-0.1,-0.4,-0.5,3.90
23520,DESCENT,1096.27,1096.53,-20.40,-2.89,82539.2,17.87,-0.206,-0.662,-0.127,0.5,-0.6,-0.3,3.90
23530,DESCENT,1095.98,1096.31,-20.44,-2.68,82542.1,17.88,-0.149,-0.697,-0.141,0.0,-0.5,0.1,3.90
23540,DESCENT,1096.04,1096.11,-20.47,-2.60,82541.6,17.88,-0.164,-0.706,-0.119,-0.5,-0.3,-0.0,3.90
23550,DESCENT,1095.46,1095.89,-20.51,-2.40,82547.4,17.88,-0.199,-0.715,-0.139,-0.4,-0.2,-0.8,3.90
23560,DESCENT,1095.68,1095.69,-20.54,-2.12,82545.2,17.88,-0.205,-0.740,-0.159,0.2,-0.2,-0.3,3.90
23570,DESCENT,1094.96,1095.47,-20.58,-2.66,82552.5,17.88,-0.159,-0.700,-0.126,0.1,-0.2,0.2,3.90
23580,DESCENT,1094.81,1095.25,-20.63,-2.66,82554.0,17.88,-0.181,-0.696,-0.121,0.5,0.3,-0.1,3.90
23590,DESCENT,1094.91,1095.04,-20.66,-2.75,82553.0,17.88,-0.167,-0.687,-0.135,0.0,-0.5,-0.3,3.90
23600,DESCENT,1094.89,1094.83,-20.68,-2.80,82553.2,17.88,-0.174,-0.679,-0.137,-0.3,-0.2,0.1,3.90
23610,DESCENT,1094.50,1094.62,-20.72,-2.61,82557.1,17.89,-0.177,-0.700,-0.130,0.0,-0.3,-0.4,3.90
23620,DESCENT,1094.30,1094.41,-20.75,-2.96,82559.3,17.89,-0.161,-0.665,-0.140,0.2,-0.2,-0.1,3.90
23630,DESCENT,1093.82,1094.19,-20.79,-2.27,82564.1,17.89,-0.177,-0.734,-0.146,-0.1,-0.7,-0.1,3.90
23640,DESCENT,1093.66,1093.97,-20.83,-2.44,82565.7,17.89,-0.180,-0.714,-0.151,-0.1,-0.2,-0.1,3.90
23650,DESCENT,1093.62,1093.76,-20.86,-2.38,82566.1,17.89,-0.204,-0.712,-0.161,-0.2,-0.6,0.1,3.90
23660,DESCENT,1093.80,1093.56,-20.87,-2.62,82564.3,17.89,-0.176,-0.697,-0.139,-0.1,-0.4,-0.0,3.90
23670,DESCENT,1093.42,1093.35,-20.89,-2.30,82568.1,17.89,-0.176,-0.735,-0.123,0.1,-0.3,-0.2,3.90
23680,DESCENT,1093.11,1093.14,-20.92,-2.37,82571.3,17.90,-0.165,-0.727,-0.136,-0.3,-0.8,-0.4,3.90
23690,DESCENT,1092.59,1092.92,-20.96,-2.70,82576.6,17.90,-0.187,-0.680,-0.165,-0.2,-0.2,-0.5,3.90
23700,DESCENT,1092.22,1092.70,-21.00,-2.06,82580.4,17.90,-0.169,-0.756,-0.158,-0.0,-0.4,0.2,3.90
23710,DESCENT,1092.27,1092.48,-21.03,-2.21,82579.9,17.90,-0.186,-0.734,-0.162,-0.0,-0.9,-0.1,3.90
23720,DESCENT,1092.00,1092.27,-21.06,-2.42,82582.6,17.90,-0.162,-0.726,-0.119,0.1,-0.6,-0.2,3.90
23730,DESCENT,1091.88,1092.05,-21.10,-2.65,82583.8,17.90,-0.180,-0.696,-0.124,0.2,-0.2,-0.2,3.90
23740,DESCENT,1091.74,1091.84,-21.13,-2.08,82585.3,17.90,-0.213,-0.742,-0.159,0.1,-0.4,-0.2,3.90
23750,DESCENT,1091.65,1091.63,-21.15,-2.31,82586.2,17.91,-0.180,-0.733,-0.121,-0.3,-0.6,-0.6,3.90
23760,DESCENT,1091.42,1091.42,-21.17,-2.47,82588.5,17.91,-0.161,-0.721,-0.117,0.7,-0.3,-0.3,3.90
23770,DESCENT,1091.38,1091.21,-21.19,-2.42,82589.0,17.91,-0.191,-0.716,-0.137,0.2,-0.2,-0.2,3.90
23780,DESCENT,1091.09,1091.00,-21.21,-2.43,82591.9,17.91,-0.182,-0.719,-0.124,-0.2,-0.8,-0.3,3.90
23790,DESCENT,1090.54,1090.78,-21.24,-2.35,82597.5,17.91,-0.186,-0.721,-0.158,0.3,-0.2,-0.2,3.90
23800,DESCENT,1090.31,1090.56,-21.27,-2.07,82599.8,17.91,-0.211,-0.746,-0.144,0.4,-0.2,-0.2,3.90
23810,DESCENT,1090.09,1090.34,-21.31,-2.31,82602.1,17.91,-0.190,-0.731,-0.114,0.2,-0.1,-0.3,3.90
23820,DESCENT,1089.69,1090.11,-21.35,-2.32,82606.1,17.92,-0.201,-0.715,-0.173,0.2,-0.3,0.0,3.90
23830,DESCENT,1089.68,1089.90,-21.38,-2.33,82606.2,17.92,-0.178,-0.728,-0.140,-0.4,0.0,-0.2,3.90
23840,DESCENT,1089.77,1089.68,-21.40,-2.39,82605.3,17.92,-0.143,-0.723,-0.167,0.2,-0.5,-0.4,3.90
23850,DESCENT,1089.22,1089.46,-21.43,-2.40,82610.9,17.92,-0.185,-0.720,-0.137,0.1,-0.3,-0.6,3.90
23860,DESCENT,1089.69,1089.26,-21.44,-2.02,82606.1,17.92,-0.185,-0.751,-0.180,-0.3,0.1,-0.2,3.90
23870,DESCENT,1089.12,1089.05,-21.46,-2.46,82611.9,17.92,-0.179,-0.713,-0.142,0.2,0.1,0.1,3.90
23880,DESCENT,1088.97,1088.84,-21.47,-1.97,82613.5,17.92,-0.174,-0.768,-0.139,0.1,-0.4,-0.2,3.90
23890,DESCENT,1088.68,1088.62,-21.49,-2.10,82616.5,17.92,-0.167,-0.750,-0.164,-0.1,-0.6,-0.4,3.90
23900,DESCENT,1087.94,1088.40,-21.53,-2.17,82624.0,17.93,-0.171,-0.743,-0.155,-0.4,-0.5,-0.5,3.90
23910,DESCENT,1088.07,1088.18,-21.56,-1.77,82622.7,17.93,-0.218,-0.778,-0.140,-0.2,-0.1,-0.1,3.90
23920,DESCENT,1087.61,1087.95,-21.59,-1.89,82627.3,17.93,-0.168,-0.770,-0.174,0.4,0.3,-0.6,3.90
23930,DESCENT,1087.86,1087.74,-21.60,-2.21,82624.8,17.93,-0.163,-0.747,-0.125,0.4,-0.3,-0.8,3.90
23940,DESCENT,1087.67,1087.53,-21.62,-2.53,82626.7,17.93,-0.184,-0.708,-0.120,-0.4,-0.3,0.6,3.90
23950,DESCENT,1087.56,1087.32,-21.63,-1.56,82627.8,17.93,-0.250,-0.792,-0.143,-0.4,-0.6,0.3,3.90
23960,DESCENT,1086.90,1087.10,-21.66,-1.66,82634.6,17.93,-0.195,-0.792,-0.155,0.2,-0.6,-0.0,3.90
23970,DESCENT,1086.79,1086.88,-21.68,-1.74,82635.7,17.94,-0.233,-0.771,-0.168,0.4,-0.6,-0.8,3.90
23980,DESCENT,1086.68,1086.66,-21.69,-2.01,82636.8,17.94,-0.178,-0.764,-0.131,-0.4,0.3,-0.2,3.90
23990,DESCENT,1085.94,1086.43,-21.73,-1.92,82644.4,17.94,-0.178,-0.768,-0.161,0.4,0.2,0.3,3.90
24000,DESCENT,1086.16,1086.21,-21.76,-1.91,82642.1,17.94,-0.200,-0.767,-0.139,0.1,-0.4,-0.0,3.90
24010,DESCENT,1085.69,1085.98,-21.79,-2.05,82646.9,17.94,-0.208,-0.744,-0.170,0.2,-0.3,0.2,3.90
24020,DESCENT,1085.50,1085.76,-21.82,-1.75,82648.9,17.94,-0.204,-0.785,-0.132,0.2,-0.2,-0.3,3.90
24030,DESCENT,1085.46,1085.54,-21.84,-1.99,82649.3,17.94,-0.182,-0.756,-0.174,-0.1,-0.7,-0.3,3.90
24040,DESCENT,1085.15,1085.31,-21.87,-2.04,82652.4,17.95,-0.179,-0.755,-0.157,-0.3,-0.5,0.1,3.90
24050,DESCENT,1085.04,1085.09,-21.89,-2.02,82653.5,17.95,-0.163,-0.760,-0.161,0.2,-0.1,-0.2,3.90
24060,DESCENT,1085.16,1084.88,-21.90,-2.08,82652.3,17.95,-0.174,-0.755,-0.140,0.2,-0.4,-0.5,3.90
24070,DESCENT,1084.76,1084.67,-21.91,-1.83,82656.4,17.95,-0.167,-0.782,-0.150,-0.4,-0.7,0.2,3.90
24080,DESCENT,1084.79,1084.46,-21.92,-2.00,82656.0,17.95,-0.184,-0.759,-0.155,-0.3,-0.5,-0.7,3.90
24090,DESCENT,1083.86,1084.23,-21.95,-1.51,82665.6,17.95,-0.191,-0.804,-0.182,0.9,0.0,0.2,3.90
24100,DESCENT,1083.48,1083.99,-21.99,-1.94,82669.4,17.95,-0.173,-0.766,-0.164,0.0,-0.7,-0.1,3.90
24110,DESCENT,1083.36,1083.76,-22.03,-1.88,82670.6,17.96,-0.196,-0.769,-0.155,0.1,-0.1,-0.5,3.90
24120,DESCENT,1083.30,1083.53,-22.05,-1.86,82671.3,17.96,-0.165,-0.779,-0.152,0.0,0.1,-0.1,3.90
24130,DESCENT,1083.14,1083.31,-22.08,-1.36,82672.9,17.96,-0.185,-0.828,-0.150,0.4,-0.4,-0.3,3.90
24140,DESCENT,1083.52,1083.10,-22.08,-1.73,82669.0,17.96,-0.199,-0.783,-0.159,0.5,-0.3,-0.0,3.90
24150,DESCENT,1082.70,1082.87,-22.10,-2.03,82677.4,17.96,-0.181,-0.762,-0.127,0.2,-0.4,-0.4,3.90
24160,DESCENT,1082.53,1082.65,-22.12,-1.71,82679.1,17.96,-0.185,-0.795,-0.122,0.2,-0.2,0.1,3.90
24170,DESCENT,1082.24,1082.42,-22.15,-1.70,82682.0,17.96,-0.219,-0.782,-0.150,0.0,-0.6,0.1,3.90
24180,DESCENT,1082.21,1082.20,-22.17,-1.74,82682.3,17.97,-0.201,-0.785,-0.137,0.4,-0.2,-0.4,3.90
24190,DESCENT,1081.89,1081.98,-22.19,-1.99,82685.6,17.97,-0.173,-0.763,-0.150,-0.1,-0.3,-0.4,3.90
24200,DESCENT,1081.63,1081.75,-22.21,-1.55,82688.3,17.97,-0.193,-0.797,-0.195,0.2,0.2,-0.2,3.90
24210,DESCENT,1081.94,1081.54,-22.21,-1.71,82685.1,17.97,-0.179,-0.788,-0.169,0.6,-0.1,-0.6,3.90
24220,DESCENT,1081.28,1081.32,-22.23,-1.77,82691.8,17.97,-0.196,-0.769,-0.206,-0.2,-0.7,-0.0,3.90
24230,DESCENT,1081.20,1081.10,-22.24,-1.59,82692.7,17.97,-0.221,-0.800,-0.115,-0.1,0.3,0.3,3.90
24240,DESCENT,1080.69,1080.87,-22.27,-1.67,82697.9,17.97,-0.193,-0.789,-0.170,-0.4,0.4,-0.3,3.90
24250,DESCENT,1080.67,1080.65,-22.28,-1.63,82698.1,17.98,-0.183,-0.803,-0.131,-0.1,-0.1,-0.0,3.90
24260,DESCENT,1080.48,1080.43,-22.30,-1.53,82700.0,17.98,-0.208,-0.789,-0.218,-0.0,-0.3,0.0,3.90
24270,DESCENT,1080.06,1080.20,-22.32,-1.14,82704.2,17.98,-0.198,-0.843,-0.174,-0.5,-0.8,-0.3,3.90
24280,DESCENT,1080.32,1079.99,-22.32,-1.67,82701.6,17.98,-0.209,-0.783,-0.175,0.4,0.1,-0.2,3.90
24290,DESCENT,1079.71,1079.76,-22.33,-1.45,82707.8,17.98,-0.169,-0.827,-0.118,0.4,0.3,0.5,3.90
24300,DESCENT,1079.34,1079.53,-22.36,-1.46,82711.6,17.98,-0.206,-0.810,-0.163,-0.6,-0.0,-0.4,3.90
24310,DESCENT,1079.19,1079.31,-22.37,-1.35,82713.2,17.98,-0.215,-0.807,-0.215,0.4,-0.1,0.1,3.90
24320,DESCENT,1079.28,1079.09,-22.38,-1.62,82712.1,17.99,-0.167,-0.803,-0.154,0.2,-0.7,-0.0,3.90
24330,DESCENT,1079.31,1078.88,-22.38,-1.77,82711.9,17.99,-0.159,-0.783,-0.183,0.4,-0.5,-0.1,3.90
24340,DESCENT,1078.57,1078.65,-22.40,-1.50,82719.4,17.99,-0.205,-0.800,-0.189,0.3,-0.2,-0.3,3.90
24350,DESCENT,1078.47,1078.43,-22.41,-1.43,82720.5,17.99,-0.198,-0.822,-0.123,0.0,-0.2,0.2,3.90
24360,DESCENT,1077.95,1078.20,-22.44,-1.20,82725.8,17.99,-0.211,-0.839,-0.153,-0.1,-0.3,-0.6,3.90
24370,DESCENT,1077.96,1077.97,-22.45,-1.20,82725.7,17.99,-0.232,-0.831,-0.161,0.1,-0.3,-0.1,3.90
24380,DESCENT,1077.91,1077.75,-22.46,-1.92,82726.2,17.99,-0.203,-0.754,-0.192,0.2,0.2,-0.4,3.90
24390,DESCENT,1077.65,1077.53,-22.47,-1.62,82728.9,18.00,-0.197,-0.800,-0.138,-0.2,-0.1,-0.0,3.90
24400,DESCENT,1077.59,1077.31,-22.47,-1.55,82729.4,18.00,-0.235,-0.793,-0.156,0.2,0.2,-0.3,3.90
24410,DESCENT,1076.96,1077.08,-22.49,-1.31,82735.8,18.00,-0.230,-0.814,-0.186,-0.7,-0.4,-0.2,3.90
24420,DESCENT,1076.54,1076.85,-22.52,-1.70,82740.2,18.00,-0.215,-0.780,-0.169,0.2,-0.1,-0.1,3.90
24430,DESCENT,1076.93,1076.63,-22.53,-1.48,82736.2,18.00,-0.184,-0.812,-0.164,-0.1,-0.3,-0.4,3.90
24440,DESCENT,1076.03,1076.40,-22.56,-1.51,82745.3,18.00,-0.170,-0.810,-0.177,-0.0,-0.9,-0.2,3.90
24450,DESCENT,1075.91,1076.16,-22.58,-1.22,82746.6,18.00,-0.243,-0.824,-0.169,0.3,-0.6,-0.1,3.90
24460,DESCENT,1075.81,1075.94,-22.60,-1.12,82747.5,18.01,-0.216,-0.839,-0.186,0.1,0.2,-0.4,3.90
24470,DESCENT,1075.77,1075.71,-22.61,-1.01,82748.0,18.01,-0.212,-0.858,-0.155,-0.2,-0.3,0.3,3.90
24480,DESCENT,1075.87,1075.50,-22.60,-1.13,82747.0,18.01,-0.202,-0.835,-0.211,-0.5,-0.2,-0.3,3.90
24490,DESCENT,1075.46,1075.28,-22.61,-1.49,82751.1,18.01,-0.184,-0.813,-0.154,0.4,0.3,-0.1,3.90
24500,DESCENT,1075.13,1075.05,-22.62,-1.17,82754.5,18.01,-0.223,-0.834,-0.179,0.3,-0.5,-0.1,3.90
24510,DESCENT,1074.52,1074.82,-22.64,-1.29,82760.7,18.01,-0.212,-0.824,-0.174,-0.1,0.2,-0.1,3.90
24520,DESCENT,1074.78,1074.60,-22.65,-1.59,82758.0,18.01,-0.194,-0.801,-0.153,0.3,-0.6,-0.1,3.90
24530,DESCENT,1074.53,1074.37,-22.66,-1.57,82760.6,18.02,-0.205,-0.799,-0.159,0.1,-0.6,0.5,3.90
24540,DESCENT,1074.43,1074.16,-22.66,-1.67,82761.7,18.02,-0.212,-0.791,-0.133,0.4,0.2,-0.7,3.90
24550,DESCENT,1074.44,1073.94,-22.66,-1.59,82761.6,18.02,-0.232,-0.794,-0.136,-0.0,-0.2,-0.3,3.90
24560,DESCENT,1073.86,1073.72,-22.66,-1.21,82767.4,18.02,-0.220,-0.836,-0.148,0.2,-0.3,0.2,3.90
24570,DESCENT,1073.38,1073.49,-22.68,-1.48,82772.3,18.02,-0.180,-0.799,-0.222,0.1,-0.0,-0.4,3.90
24580,DESCENT,1073.63,1073.27,-22.68,-1.37,82769.8,18.02,-0.230,-0.809,-0.184,0.5,-0.1,0.1,3.90
24590,DESCENT,1072.96,1073.04,-22.70,-1.23,82776.7,18.02,-0.251,-0.823,-0.159,0.4,-0.3,-0.3,3.90
24600,DESCENT,1072.32,1072.80,-22.73,-1.46,82783.1,18.03,-0.194,-0.811,-0.170,0.3,-0.3,-0.2,3.90
24610,DESCENT,1072.80,1072.58,-22.74,-1.27,82778.2,18.03,-0.225,-0.822,-0.181,-0.1,-0.2,-0.4,3.90
24620,DESCENT,1072.36,1072.35,-22.75,-0.78,82782.8,18.03,-0.199,-0.887,-0.151,0.0,-0.3,-0.3,3.90
24630,DESCENT,1072.13,1072.13,-22.76,-1.53,82785.1,18.03,-0.197,-0.802,-0.171,-0.0,-0.5,-0.0,3.90
24640,DESCENT,1072.21,1071.91,-22.76,-1.43,82784.3,18.03,-0.209,-0.808,-0.183,-0.1,-0.4,-0.1,3.90
24650,DESCENT,1071.84,1071.69,-22.77,-1.50,82788.0,18.03,-0.208,-0.806,-0.157,-0.2,-0.1,0.0,3.90
24660,DESCENT,1071.20,1071.45,-22.79,-1.21,82794.6,18.04,-0.200,-0.833,-0.186,0.6,-0.4,-0.3,3.90
24670,DESCENT,1071.21,1071.22,-22.80,-0.84,82794.4,18.04,-0.205,-0.866,-0.209,-0.3,-0.8,0.1,3.90
24680,DESCENT,1070.97,1070.99,-22.81,-1.11,82797.0,18.04,-0.204,-0.849,-0.157,0.2,-0.4,-0.6,3.90
24690,DESCENT,1070.95,1070.77,-22.82,-1.05,82797.1,18.04,-0.216,-0.851,-0.162,0.5,-0.5,-0.4,3.90
24700,DESCENT,1070.33,1070.54,-22.84,-1.16,82803.5,18.04,-0.228,-0.835,-0.165,0.5,-0.4,-0.5,3.90
24710,DESCENT,1070.26,1070.31,-22.85,-1.28,82804.1,18.04,-0.191,-0.829,-0.180,-0.2,-0.2,-0.2,3.90
24720,DESCENT,1069.84,1070.07,-22.87,-1.03,82808.4,18.04,-0.221,-0.849,-0.179,-0.1,-0.5,-0.1,3.90
24730,DESCENT,1070.20,1069.85,-22.87,-1.15,82804.8,18.05,-0.199,-0.846,-0.153,0.2,-0.4,-0.4,3.90
24740,DESCENT,1069.80,1069.63,-22.87,-1.06,82808.9,18.05,-0.190,-0.847,-0.205,0.4,-0.5,-0.0,3.90
24750,DESCENT,1069.27,1069.40,-22.89,-1.19,82814.3,18.05,-0.199,-0.842,-0.151,-0.3,-0.4,-0.2,3.90
24760,DESCENT,1068.98,1069.16,-22.91,-1.22,82817.3,18.05,-0.178,-0.838,-0.180,-0.1,-0.1,-0.1,3.90
24770,DESCENT,1068.38,1068.92,-22.94,-1.12,82823.4,18.05,-0.213,-0.846,-0.153,0.2,-0.2,0.1,3.90
24780,DESCENT,1068.35,1068.68,-22.97,-1.03,82823.7,18.05,-0.233,-0.849,-0.161,-0.2,-0.2,0.0,3.90
24790,DESCENT,1068.78,1068.46,-22.96,-1.21,82819.2,18.05,-0.185,-0.833,-0.201,0.3,-0.7,-0.5,3.90
24800,DESCENT,1068.24,1068.23,-22.97,-0.85,82824.8,18.06,-0.219,-0.862,-0.207,0.3,-0.1,-0.5,3.90
24810,DESCENT,1068.75,1068.02,-22.95,-0.83,82819.6,18.06,-0.243,-0.862,-0.187,-0.1,-0.8,-0.1,3.90
24820,DESCENT,1068.44,1067.81,-22.94,-1.15,82822.8,18.06,-0.191,-0.847,-0.159,-0.2,-0.3,-0.8,3.90
24830,DESCENT,1067.47,1067.58,-22.95,-0.98,82832.6,18.06,-0.197,-0.855,-0.204,0.5,-0.3,-0.5,3.90
24840,DESCENT,1067.53,1067.35,-22.95,-1.00,82832.0,18.06,-0.216,-0.854,-0.175,0.4,-0.9,-0.2,3.90
24850,DESCENT,1067.38,1067.13,-22.95,-0.87,82833.5,18.06,-0.233,-0.862,-0.182,-0.0,-0.2,0.3,3.90
24860,DESCENT,1066.88,1066.90,-22.96,-0.91,82838.7,18.06,-0.246,-0.859,-0.160,0.1,-0.2,-0.6,3.90
24870,DESCENT,1067.16,1066.68,-22.95,-1.17,82835.8,18.07,-0.229,-0.836,-0.156,0.4,-0.3,0.2,3.90
24880,DESCENT,1066.52,1066.46,-22.96,-1.15,82842.3,18.07,-0.179,-0.847,-0.173,-0.1,-0.8,-0.0,3.90
24890,DESCENT,1066.74,1066.24,-22.95,-1.05,82840.1,18.07,-0.222,-0.847,-0.176,-0.6,-0.2,-0.0,3.90
24900,DESCENT,1066.15,1066.01,-22.96,-1.24,82846.1,18.07,-0.218,-0.829,-0.167,0.2,-0.4,-0.0,3.90
24910,DESCENT,1065.84,1065.79,-22.97,-0.95,82849.3,18.07,-0.248,-0.848,-0.189,-0.0,0.3,-0.1,3.90
24920,DESCENT,1065.34,1065.55,-22.99,-1.51,82854.4,18.07,-0.194,-0.809,-0.152,-0.0,-0.3,-0.2,3.90
24930,DESCENT,1065.38,1065.32,-23.00,-1.04,82854.0,18.07,-0.197,-0.856,-0.166,0.3,-0.7,-0.5,3.90
24940,DESCENT,1065.42,1065.10,-23.00,-1.38,82853.5,18.08,-0.162,-0.829,-0.157,0.4,-0.1,0.3,3.90
24950,DESCENT,1065.02,1064.88,-23.00,-1.28,82857.7,18.08,-0.199,-0.833,-0.150,-0.0,-0.0,-0.2,3.90
24960,DESCENT,1064.55,1064.64,-23.02,-0.79,82862.5,18.08,-0.238,-0.865,-0.201,0.6,-0.2,0.1,3.90
24970,DESCENT,1064.40,1064.41,-23.03,-0.94,82864.0,18.08,-0.197,-0.861,-0.193,-0.1,-0.2,0.4,3.90
24980,DESCENT,1064.00,1064.18,-23.05,-1.11,82868.0,18.08,-0.217,-0.849,-0.130,0.1,0.0,-0.2,3.90
24990,DESCENT,1064.32,1063.96,-23.04,-0.98,82864.8,18.08,-0.181,-0.866,-0.168,0.3,-0.7,0.2,3.90
25000,DESCENT,1063.97,1063.73,-23.04,-1.12,82868.4,18.09,-0.214,-0.841,-0.176,0.6,-0.4,-0.5,3.90
25010,DESCENT,1063.74,1063.51,-23.04,-1.22,82870.7,18.09,-0.200,-0.836,-0.162,0.0,-0.2,-0.3,3.90
25020,DESCENT,1063.01,1063.27,-23.07,-1.05,82878.1,18.09,-0.195,-0.856,-0.166,0.4,-0.2,-0.6,3.90
25030,DESCENT,1063.00,1063.04,-23.08,-0.61,82878.2,18.09,-0.228,-0.897,-0.157,0.6,-0.4,-0.5,3.90
25040,DESCENT,1062.77,1062.81,-23.09,-1.40,82880.6,18.09,-0.237,-0.805,-0.168,0.1,-0.0,-0.3,3.90
25050,DESCENT,1062.80,1062.58,-23.09,-0.92,82880.3,18.09,-0.166,-0.877,-0.160,0.1,-0.5,-0.7,3.90
25060,DESCENT,1062.23,1062.35,-23.10,-0.97,82886.1,18.09,-0.175,-0.864,-0.190,-0.2,-0.2,-0.5,3.90
25070,DESCENT,1062.47,1062.13,-23.10,-1.08,82883.6,18.10,-0.222,-0.842,-0.183,0.3,0.0,0.1,3.90
25080,DESCENT,1061.89,1061.90,-23.11,-1.09,82889.6,18.10,-0.204,-0.845,-0.188,0.3,-0.1,-0.8,3.90
25090,DESCENT,1061.73,1061.67,-23.12,-0.97,82891.2,18.10,-0.198,-0.864,-0.162,-0.2,-0.2,0.4,3.90
25100,DESCENT,1061.04,1061.42,-23.14,-1.03,82898.3,18.10,-0.175,-0.859,-0.177,0.3,-0.1,0.2,3.90
25110,DESCENT,1060.95,1061.19,-23.16,-0.72,82899.2,18.10,-0.249,-0.875,-0.176,0.4,-0.2,-0.3,3.90
25120,DESCENT,1060.92,1060.95,-23.17,-1.26,82899.6,18.10,-0.209,-0.832,-0.149,-0.0,0.4,-0.0,3.90
25130,DESCENT,1060.65,1060.72,-23.19,-1.42,82902.2,18.10,-0.206,-0.813,-0.167,0.1,-0.5,-0.4,3.90
25140,DESCENT,1060.30,1060.48,-23.21,-1.06,82905.8,18.11,-0.213,-0.845,-0.191,-0.0,-0.1,-0.7,3.90
25150,DESCENT,1060.24,1060.25,-23.22,-0.84,82906.4,18.11,-0.212,-0.873,-0.173,-0.3,0.2,-0.2,3.90
25160,DESCENT,1060.20,1060.02,-23.22,-1.22,82906.8,18.11,-0.177,-0.837,-0.185,0.3,-0.6,-0.0,3.90
25170,DESCENT,1059.66,1059.79,-23.24,-0.64,82912.3,18.11,-0.192,-0.897,-0.179,0.7,-0.4,-0.2,3.90
25180,DESCENT,1060.15,1059.57,-23.22,-0.91,82907.4,18.11,-0.200,-0.870,-0.159,-0.2,-0.4,-0.4,3.90
25190,DESCENT,1059.86,1059.35,-23.21,-0.90,82910.3,18.11,-0.207,-0.874,-0.136,0.3,-0.0,0.2,3.90
25200,DESCENT,1059.33,1059.13,-23.21,-1.18,82915.8,18.12,-0.208,-0.841,-0.154,0.9,-0.6,0.4,3.90
25210,DESCENT,1059.00,1058.90,-23.22,-0.63,82919.1,18.12,-0.177,-0.909,-0.137,-0.1,-0.2,-0.8,3.90
25220,DESCENT,1058.30,1058.66,-23.24,-1.17,82926.3,18.12,-0.216,-0.837,-0.164,0.0,-0.3,0.8,3.90
25230,DESCENT,1058.33,1058.42,-23.25,-0.88,82926.0,18.12,-0.200,-0.875,-0.155,0.0,-0.1,-0.4,3.90
25240,DESCENT,1058.63,1058.20,-23.25,-0.93,82922.9,18.12,-0.184,-0.871,-0.161,0.8,-0.9,0.0,3.90
25250,DESCENT,1058.06,1057.97,-23.25,-0.91,82928.8,18.12,-0.212,-0.863,-0.181,0.1,-0.2,-0.2,3.90
25260,DESCENT,1057.58,1057.73,-23.27,-0.67,82933.7,18.12,-0.236,-0.885,-0.174,-0.2,-0.6,-0.6,3.90
25270,DESCENT,1057.84,1057.51,-23.26,-0.63,82931.0,18.13,-0.226,-0.890,-0.180,0.3,-0.0,-0.3,3.90
25280,DESCENT,1057.57,1057.29,-23.25,-0.93,82933.7,18.13,-0.210,-0.858,-0.197,0.4,-0.4,-0.4,3.90
25290,DESCENT,1057.81,1057.07,-23.23,-0.77,82931.3,18.13,-0.203,-0.883,-0.167,0.2,-0.6,-0.1,3.90
25300,DESCENT,1057.21,1056.85,-23.23,-0.68,82937.4,18.13,-0.218,-0.887,-0.181,-0.4,0.6,-0.2,3.90
25310,DESCENT,1056.49,1056.62,-23.24,-1.02,82944.8,18.13,-0.209,-0.852,-0.183,-0.4,-0.2,-0.1,3.90
25320,DESCENT,1056.58,1056.39,-23.24,-1.14,82943.8,18.13,-0.193,-0.848,-0.155,0.0,-0.4,-0.2,3.90
25330,DESCENT,1056.07,1056.15,-23.26,-0.79,82949.1,18.13,-0.237,-0.871,-0.175,-0.2,0.1,0.1,3.90
25340,DESCENT,1056.04,1055.93,-23.26,-0.91,82949.3,18.14,-0.201,-0.869,-0.165,0.1,-0.4,-0.4,3.90
25350,DESCENT,1055.89,1055.70,-23.26,-0.91,82950.9,18.14,-0.218,-0.858,-0.200,0.0,0.1,-0.7,3.90
25360,DESCENT,1055.64,1055.47,-23.26,-0.76,82953.4,18.14,-0.231,-0.871,-0.203,0.2,-0.2,-0.2,3.90
25370,DESCENT,1055.48,1055.24,-23.26,-1.05,82955.1,18.14,-0.196,-0.842,-0.220,0.3,-0.6,-0.2,3.90
25380,DESCENT,1054.96,1055.01,-23.27,-0.96,82960.3,18.14,-0.196,-0.855,-0.212,-0.0,-0.6,-0.5,3.90
25390,DESCENT,1054.77,1054.78,-23.28,-0.64,82962.3,18.14,-0.201,-0.896,-0.175,-0.1,-0.2,0.1,3.90
25400,DESCENT,1054.60,1054.55,-23.28,-0.54,82964.1,18.15,-0.233,-0.900,-0.169,-0.1,-0.5,-0.4,3.90
25410,DESCENT,1054.38,1054.32,-23.29,-0.72,82966.4,18.15,-0.185,-0.887,-0.194,-0.8,-0.3,-0.6,3.90
25420,DESCENT,1054.11,1054.08,-23.29,-0.54,82969.1,18.15,-0.200,-0.911,-0.158,0.3,0.1,-0.7,3.90
25430,DESCENT,1053.39,1053.84,-23.32,-0.70,82976.4,18.15,-0.211,-0.883,-0.198,0.0,0.0,-0.4,3.90
25440,DESCENT,1053.74,1053.61,-23.32,-0.71,82972.9,18.15,-0.227,-0.881,-0.177,0.0,0.2,-0.1,3.90
25450,DESCENT,1053.55,1053.38,-23.32,-0.71,82974.8,18.15,-0.229,-0.883,-0.173,0.4,-0.2,-0.1,3.90
25460,DESCENT,1053.32,1053.15,-23.32,-0.87,82977.2,18.15,-0.201,-0.864,-0.206,0.3,-0.9,-0.4,3.90
25470,DESCENT,1053.03,1052.92,-23.33,-0.95,82980.1,18.16,-0.174,-0.868,-0.181,0.1,-0.3,0.2,3.90
25480,DESCENT,1052.34,1052.68,-23.35,-1.00,82987.2,18.16,-0.203,-0.859,-0.169,-0.1,-0.4,-0.1,3.90
25490,DESCENT,1052.38,1052.44,-23.36,-0.70,82986.7,18.16,-0.236,-0.883,-0.168,-0.2,-0.1,-0.3,3.90
25500,DESCENT,1052.32,1052.21,-23.36,-0.74,82987.3,18.16,-0.183,-0.890,-0.173,0.0,-0.3,-0.2,3.90
25510,DESCENT,1052.05,1051.98,-23.37,-0.80,82990.1,18.16,-0.221,-0.877,-0.154,0.3,-0.3,-0.3,3.90
25520,DESCENT,1051.57,1051.74,-23.38,-0.71,82995.0,18.16,-0.213,-0.884,-0.184,0.4,-0.4,0.4,3.90
25530,DESCENT,1051.51,1051.51,-23.39,-0.45,82995.6,18.16,-0.209,-0.913,-0.188,-0.5,0.4,-0.2,3.90
25540,DESCENT,1051.48,1051.28,-23.39,-1.28,82996.0,18.17,-0.227,-0.823,-0.158,-0.3,-1.0,-0.5,3.90
25550,DESCENT,1051.11,1051.05,-23.40,-0.82,82999.7,18.17,-0.193,-0.884,-0.148,-0.0,0.0,-0.1,3.90
25560,DESCENT,1051.34,1050.83,-23.38,-0.62,82997.4,18.17,-0.194,-0.894,-0.205,-0.4,-0.2,-0.2,3.90
25570,DESCENT,1050.63,1050.60,-23.39,-0.74,83004.7,18.17,-0.239,-0.876,-0.176,0.2,-0.1,-0.1,3.90
25580,DESCENT,1050.81,1050.37,-23.38,-1.05,83002.8,18.17,-0.237,-0.842,-0.181,-0.1,-0.7,-0.3,3.90
25590,DESCENT,1049.94,1050.13,-23.40,-0.73,83011.7,18.17,-0.228,-0.883,-0.160,0.4,-0.4,0.1,3.90
25600,DESCENT,1049.89,1049.90,-23.40,-0.81,83012.2,18.18,-0.206,-0.876,-0.178,-0.0,-0.6,0.4,3.90
25610,DESCENT,1049.66,1049.67,-23.41,-0.80,83014.6,18.18,-0.222,-0.872,-0.183,-0.3,-0.1,-0.3,3.90
25620,DESCENT,1049.92,1049.45,-23.40,-0.74,83012.0,18.18,-0.211,-0.880,-0.192,-0.2,-0.2,-0.1,3.90
25630,DESCENT,1049.11,1049.21,-23.41,-0.57,83020.2,18.18,-0.218,-0.897,-0.188,0.1,-0.5,0.4,3.90
25640,DESCENT,1049.12,1048.98,-23.41,-0.80,83020.0,18.18,-0.193,-0.882,-0.171,0.1,0.3,-0.9,3.90
25650,DESCENT,1049.00,1048.75,-23.41,-1.03,83021.4,18.18,-0.203,-0.855,-0.170,0.5,-0.3,0.0,3.90
25660,DESCENT,1048.55,1048.52,-23.42,-0.79,83025.9,18.18,-0.238,-0.868,-0.189,0.2,0.0,-0.0,3.90
25670,DESCENT,1048.61,1048.29,-23.41,-0.55,83025.3,18.19,-0.218,-0.900,-0.185,0.4,-0.5,-0.9,3.90
25680,DESCENT,1048.32,1048.07,-23.41,-0.43,83028.2,18.19,-0.202,-0.917,-0.179,-0.1,0.2,-0.2,3.90
25690,DESCENT,1048.47,1047.85,-23.39,-0.59,83026.7,18.19,-0.215,-0.901,-0.157,-0.0,-0.3,0.3,3.90
25700,DESCENT,1047.23,1047.61,-23.41,-0.34,83039.4,18.19,-0.218,-0.925,-0.170,-0.3,-0.2,-0.3,3.90
25710,DESCENT,1047.55,1047.38,-23.40,-0.63,83036.2,18.19,-0.235,-0.895,-0.136,-0.0,0.5,-0.3,3.90
25720,DESCENT,1046.82,1047.13,-23.43,-0.89,83043.6,18.19,-0.243,-0.858,-0.176,0.1,-0.1,-0.4,3.90
25730,DESCENT,1046.93,1046.90,-23.43,-0.55,83042.4,18.20,-0.213,-0.895,-0.213,0.3,-0.4,0.2,3.90
25740,DESCENT,1046.38,1046.66,-23.45,-0.62,83048.1,18.20,-0.209,-0.896,-0.177,0.1,-0.2,0.0,3.90
25750,DESCENT,1046.90,1046.44,-23.43,-0.40,83042.8,18.20,-0.234,-0.900,-0.235,0.5,-0.4,0.3,3.90
25760,DESCENT,1045.95,1046.19,-23.45,-0.44,83052.5,18.20,-0.195,-0.911,-0.209,0.3,-0.3,-0.2,3.90
25770,DESCENT,1046.09,1045.96,-23.45,-0.58,83051.0,18.20,-0.196,-0.903,-0.173,0.1,-0.8,-0.2,3.90
25780,DESCENT,1045.71,1045.73,-23.45,-0.49,83055.0,18.20,-0.215,-0.907,-0.181,0.5,0.1,-0.4,3.90
25790,DESCENT,1045.93,1045.51,-23.44,-0.70,83052.7,18.20,-0.214,-0.884,-0.188,0.2,-0.2,0.1,3.90
25800,DESCENT,1045.63,1045.28,-23.44,-0.61,83055.8,18.21,-0.215,-0.898,-0.162,0.5,-0.1,0.2,3.90
25810,DESCENT,1045.05,1045.05,-23.44,-0.70,83061.7,18.21,-0.233,-0.875,-0.205,0.0,-0.0,-0.2,3.90
25820,DESCENT,1044.74,1044.81,-23.45,-0.30,83064.8,18.21,-0.233,-0.920,-0.199,-0.1,0.1,-0.1,3.90
25830,DESCENT,1044.66,1044.58,-23.45,-0.20,83065.6,18.21,-0.254,-0.934,-0.155,0.3,-0.4,0.0,3.90
25840,DESCENT,1044.36,1044.34,-23.45,-0.47,83068.7,18.21,-0.260,-0.899,-0.178,-0.1,-0.1,-0.2,3.90
25850,DESCENT,1043.98,1044.11,-23.46,-0.56,83072.6,18.21,-0.227,-0.895,-0.189,-0.0,-0.0,-0.7,3.90
25860,DESCENT,1043.77,1043.87,-23.47,-0.84,83074.8,18.21,-0.188,-0.873,-0.192,-0.2,-0.1,-0.1,3.90
25870,DESCENT,1043.80,1043.64,-23.47,-0.56,83074.5,18.22,-0.218,-0.902,-0.172,0.4,-0.7,-0.2,3.90
25880,DESCENT,1043.46,1043.41,-23.48,-0.78,83078.0,18.22,-0.248,-0.873,-0.152,0.3,0.2,-0.8,3.90
25890,DESCENT,1042.98,1043.17,-23.49,-0.57,83082.9,18.22,-0.214,-0.898,-0.192,0.2,-0.5,-0.4,3.90
25900,DESCENT,1042.81,1042.93,-23.50,-0.77,83084.6,18.22,-0.206,-0.880,-0.175,0.2,-0.5,-0.1,3.90
25910,DESCENT,1042.88,1042.70,-23.50,-0.69,83083.9,18.22,-0.199,-0.892,-0.168,0.1,-0.3,-0.4,3.90
25920,DESCENT,1042.45,1042.46,-23.51,-0.49,83088.3,18.22,-0.234,-0.899,-0.199,0.6,-0.1,0.0,3.90
25930,DESCENT,1042.10,1042.22,-23.52,-1.03,83091.9,18.23,-0.212,-0.853,-0.169,-0.4,-0.4,-0.2,3.90
25940,DESCENT,1041.69,1041.98,-23.54,-0.02,83096.0,18.23,-0.237,-0.955,-0.175,0.6,-0.1,-0.7,3.90
25950,DESCENT,1041.81,1041.75,-23.54,-0.62,83094.8,18.23,-0.220,-0.893,-0.173,0.2,-0.3,0.4,3.90
25960,DESCENT,1041.53,1041.51,-23.55,-0.47,83097.7,18.23,-0.202,-0.915,-0.168,0.0,-0.2,-0.2,3.90
25970,DESCENT,1041.22,1041.27,-23.55,-0.57,83100.8,18.23,-0.220,-0.902,-0.159,0.1,-0.0,0.2,3.90
25980,DESCENT,1041.55,1041.05,-23.54,-0.50,83097.5,18.23,-0.218,-0.902,-0.203,-0.2,0.1,-0.2,3.90
25990,DESCENT,1040.44,1040.81,-23.56,-0.55,83108.8,18.23,-0.203,-0.899,-0.203,-0.2,-0.4,0.0,3.90
26000,DESCENT,1040.71,1040.58,-23.56,-0.40,83106.1,18.24,-0.211,-0.916,-0.192,-0.0,-0.4,-0.1,3.90
26010,DESCENT,1040.37,1040.34,-23.56,-0.69,83109.6,18.24,-0.230,-0.877,-0.207,0.2,0.3,-0.4,3.90
26020,DESCENT,1039.96,1040.10,-23.57,-0.72,83113.8,18.24,-0.225,-0.886,-0.152,0.1,-0.7,-0.1,3.90
26030,DESCENT,1039.75,1039.86,-23.59,-0.81,83115.9,18.24,-0.190,-0.881,-0.172,0.1,-0.5,-0.5,3.90
26040,DESCENT,1040.08,1039.64,-23.57,-0.38,83112.5,18.24,-0.231,-0.910,-0.213,-0.4,-0.5,-0.4,3.90
26050,DESCENT,1039.51,1039.41,-23.57,-0.54,83118.4,18.24,-0.231,-0.894,-0.199,-0.0,-0.2,-0.2,3.90
26060,DESCENT,1038.98,1039.17,-23.59,-0.42,83123.8,18.25,-0.249,-0.909,-0.167,-0.1,0.2,0.1,3.90
26070,DESCENT,1038.93,1038.93,-23.59,-0.71,83124.3,18.25,-0.209,-0.883,-0.194,-0.8,-0.1,-0.2,3.90
26080,DESCENT,1038.85,1038.70,-23.59,-0.90,83125.1,18.25,-0.193,-0.869,-0.179,-0.2,0.1,0.0,3.90
26090,DESCENT,1038.46,1038.46,-23.60,-0.84,83129.1,18.25,-0.228,-0.869,-0.167,0.2,0.2,-0.2,3.90
26100,DESCENT,1037.99,1038.22,-23.62,-0.47,83133.9,18.25,-0.202,-0.914,-0.174,0.2,-0.5,-0.5,3.90
26110,DESCENT,1037.76,1037.98,-23.63,-0.97,83136.2,18.25,-0.210,-0.853,-0.200,0.3,-1.0,0.1,3.90
26120,DESCENT,1037.55,1037.74,-23.65,-0.39,83138.5,18.25,-0.186,-0.916,-0.224,-0.4,0.2,0.3,3.90
26130,DESCENT,1037.83,1037.51,-23.64,-0.32,83135.5,18.26,-0.240,-0.919,-0.186,-0.2,-0.5,-0.8,3.90
26140,DESCENT,1037.46,1037.28,-23.64,-0.52,83139.3,18.26,-0.194,-0.912,-0.164,-0.3,0.1,0.1,3.90
26150,DESCENT,1037.25,1037.05,-23.63,-0.54,83141.5,18.26,-0.216,-0.902,-0.181,-0.2,0.1,-0.1,3.90
26160,DESCENT,1036.70,1036.81,-23.64,-0.36,83147.2,18.26,-0.218,-0.921,-0.181,0.5,0.3,-0.3,3.90
26170,DESCENT,1037.09,1036.59,-23.63,-0.79,83143.1,18.26,-0.205,-0.878,-0.175,0.3,-0.2,-0.2,3.90
26180,DESCENT,1035.99,1036.34,-23.65,-0.54,83154.4,18.26,-0.237,-0.903,-0.151,0.6,-0.5,-0.4,3.90
26190,DESCENT,1036.58,1036.12,-23.63,-0.41,83148.4,18.26,-0.248,-0.908,-0.180,0.0,-0.8,-0.3,3.90
26200,DESCENT,1035.31,1035.86,-23.66,-0.18,83161.4,18.27,-0.201,-0.949,-0.154,-0.4,-0.4,-0.3,3.90
26210,DESCENT,1035.71,1035.63,-23.66,-0.33,83157.3,18.27,-0.242,-0.915,-0.191,0.2,-0.1,0.2,3.90
26220,DESCENT,1035.29,1035.39,-23.67,-0.46,83161.5,18.27,-0.207,-0.911,-0.187,-0.1,-0.1,-0.1,3.90
26230,DESCENT,1035.12,1035.15,-23.67,-0.74,83163.3,18.27,-0.250,-0.864,-0.209,0.2,-0.9,-0.4,3.90
26240,DESCENT,1035.17,1034.92,-23.67,-0.53,83162.8,18.27,-0.227,-0.895,-0.205,0.2,-0.1,-0.4,3.90
26250,DESCENT,1034.79,1034.69,-23.67,-0.30,83166.7,18.27,-0.199,-0.934,-0.169,0.4,-0.4,0.2,3.90
26260,DESCENT,1034.45,1034.45,-23.67,-0.50,83170.2,18.28,-0.201,-0.912,-0.164,-0.0,-0.1,0.1,3.90
26270,DESCENT,1033.82,1034.20,-23.69,-0.47,83176.6,18.28,-0.206,-0.914,-0.171,-0.3,0.0,-0.4,3.90
26280,DESCENT,1034.21,1033.97,-23.69,-0.63,83172.6,18.28,-0.256,-0.875,-0.211,0.4,-0.4,-0.1,3.90
26290,DESCENT,1033.70,1033.74,-23.70,-0.58,83177.9,18.28,-0.218,-0.894,-0.197,-0.2,-0.3,-0.7,3.90
26300,DESCENT,1033.53,1033.50,-23.70,-0.56,83179.6,18.28,-0.201,-0.906,-0.163,-0.6,-0.4,-0.2,3.90
26310,DESCENT,1033.58,1033.27,-23.70,-0.43,83179.0,18.28,-0.199,-0.919,-0.173,-0.2,-0.4,-0.3,3.90
26320,DESCENT,1032.96,1033.03,-23.70,-0.40,83185.4,18.28,-0.240,-0.906,-0.204,-0.2,-0.2,-0.3,3.90
26330,DESCENT,1033.23,1032.81,-23.69,-0.34,83182.7,18.29,-0.229,-0.926,-0.151,-0.4,-0.7,-0.5,3.90
26340,DESCENT,1032.51,1032.57,-23.69,-0.44,83190.0,18.29,-0.195,-0.914,-0.196,0.2,-0.1,-0.3,3.90
26350,DESCENT,1032.17,1032.33,-23.71,-0.96,83193.5,18.29,-0.216,-0.855,-0.187,0.3,-0.4,-0.1,3.90
26360,DESCENT,1032.24,1032.09,-23.71,-0.31,83192.8,18.29,-0.203,-0.930,-0.177,-0.3,-0.6,-0.2,3.90
26370,DESCENT,1031.93,1031.86,-23.71,-0.50,83196.0,18.29,-0.241,-0.900,-0.177,0.1,-0.3,0.1,3.90
26380,DESCENT,1031.05,1031.61,-23.74,-0.67,83204.9,18.29,-0.231,-0.885,-0.178,0.5,-0.2,-0.4,3.90
26390,DESCENT,1031.58,1031.37,-23.74,-0.46,83199.5,18.30,-0.189,-0.920,-0.163,-0.2,-0.3,-0.5,3.90
26400,DESCENT,1030.81,1031.13,-23.75,-0.47,83207.4,18.30,-0.192,-0.908,-0.212,-0.1,-0.2,-0.2,3.90
26410,DESCENT,1030.72,1030.89,-23.76,-0.33,83208.3,18.30,-0.229,-0.924,-0.173,-0.1,-0.2,-0.1,3.90
26420,DESCENT,1030.82,1030.65,-23.76,-0.63,83207.4,18.30,-0.220,-0.885,-0.208,0.3,-0.7,-0.3,3.90
26430,DESCENT,1030.42,1030.42,-23.77,-0.41,83211.4,18.30,-0.226,-0.919,-0.152,0.1,-0.6,-0.1,3.90
26440,DESCENT,1030.10,1030.18,-23.78,-0.76,83214.8,18.30,-0.226,-0.873,-0.190,-0.1,-0.7,-0.3,3.90
26450,DESCENT,1029.84,1029.93,-23.79,-0.44,83217.3,18.30,-0.222,-0.908,-0.197,-0.2,-0.1,-0.4,3.90
26460,DESCENT,1029.40,1029.69,-23.80,-0.18,83221.9,18.31,-0.212,-0.931,-0.229,-0.1,-0.2,-0.6,3.90
26470,DESCENT,1029.29,1029.45,-23.81,-0.80,83223.0,18.31,-0.201,-0.876,-0.189,0.3,-0.7,0.2,3.90
26480,DESCENT,1029.42,1029.21,-23.81,-0.44,83221.7,18.31,-0.241,-0.903,-0.200,0.1,-0.6,0.2,3.90
26490,DESCENT,1028.93,1028.97,-23.82,-0.78,83226.7,18.31,-0.216,-0.874,-0.191,0.5,-0.5,0.2,3.90
26500,DESCENT,1029.40,1028.76,-23.80,-0.34,83221.9,18.31,-0.223,-0.921,-0.186,-0.2,-0.5,-0.3,3.90
26510,DESCENT,1028.45,1028.52,-23.80,-0.63,83231.6,18.31,-0.195,-0.903,-0.148,-0.4,-0.4,-0.1,3.90
26520,DESCENT,1028.68,1028.29,-23.79,-0.63,83229.3,18.32,-0.203,-0.896,-0.179,-0.4,0.3,-0.5,3.90
26530,DESCENT,1028.10,1028.05,-23.80,-0.47,83235.2,18.32,-0.247,-0.905,-0.160,-0.5,-0.1,-0.0,3.90
26540,DESCENT,1028.26,1027.83,-23.78,-0.04,83233.6,18.32,-0.226,-0.950,-0.201,-0.2,-0.7,-0.5,3.90
26550,DESCENT,1027.73,1027.59,-23.78,-0.37,83239.0,18.32,-0.206,-0.923,-0.176,-0.1,-0.6,0.2,3.90
26560,DESCENT,1027.46,1027.36,-23.78,-0.58,83241.7,18.32,-0.219,-0.899,-0.169,0.2,0.0,-0.1,3.90
26570,DESCENT,1027.09,1027.12,-23.79,-0.67,83245.5,18.32,-0.207,-0.893,-0.166,-0.3,-1.0,-0.6,3.90
26580,DESCENT,1026.82,1026.88,-23.79,-0.33,83248.3,18.32,-0.212,-0.924,-0.191,-0.0,-0.0,-0.1,3.90
26590,DESCENT,1027.21,1026.66,-23.78,-0.43,83244.3,18.33,-0.224,-0.911,-0.185,0.4,-0.3,0.1,3.90
26600,DESCENT,1026.56,1026.42,-23.77,-0.42,83251.0,18.33,-0.252,-0.901,-0.199,-0.0,-0.2,-0.6,3.90
26610,DESCENT,1026.26,1026.19,-23.77,-0.31,83254.0,18.33,-0.216,-0.926,-0.184,0.2,-0.2,-0.4,3.90
26620,DESCENT,1025.85,1025.95,-23.78,-0.45,83258.3,18.33,-0.267,-0.898,-0.177,0.1,-0.7,0.2,3.90
26630,DESCENT,1025.82,1025.71,-23.78,-0.53,83258.6,18.33,-0.237,-0.899,-0.172,-0.1,-0.4,0.2,3.90
26640,DESCENT,1025.75,1025.48,-23.78,-0.22,83259.2,18.33,-0.216,-0.933,-0.197,0.5,-0.1,0.2,3.90
26650,DESCENT,1025.49,1025.25,-23.77,-0.63,83261.9,18.34,-0.207,-0.900,-0.146,0.4,-0.3,-0.0,3.90
26660,DESCENT,1025.28,1025.02,-23.76,-0.28,83264.1,18.34,-0.230,-0.914,-0.239,0.0,-0.5,-0.1,3.90
26670,DESCENT,1024.49,1024.78,-23.78,-0.44,83272.2,18.34,-0.193,-0.914,-0.196,0.1,-0.7,-0.4,3.90
26680,DESCENT,1024.51,1024.54,-23.79,-0.58,83272.0,18.34,-0.221,-0.896,-0.179,0.0,-0.5,-0.1,3.90
26690,DESCENT,1024.12,1024.29,-23.80,-0.47,83276.0,18.34,-0.207,-0.913,-0.172,0.1,-0.1,-0.1,3.90
26700,DESCENT,1024.31,1024.06,-23.79,-0.48,83274.0,18.34,-0.219,-0.906,-0.188,0.3,-0.5,-0.1,3.90
26710,DESCENT,1024.22,1023.84,-23.78,-0.24,83275.0,18.34,-0.222,-0.926,-0.216,-0.0,-0.6,-0.8,3.90
26720,DESCENT,1023.96,1023.61,-23.77,-0.55,83277.7,18.35,-0.219,-0.902,-0.171,0.2,-0.4,-0.3,3.90
26730,DESCENT,1022.93,1023.36,-23.79,-0.28,83288.2,18.35,-0.230,-0.921,-0.206,-0.4,-0.0,-0.2,3.90
26740,DESCENT,1023.12,1023.12,-23.80,-0.49,83286.2,18.35,-0.262,-0.900,-0.154,-0.5,-0.5,-0.1,3.90
26750,DESCENT,1022.56,1022.87,-23.81,-0.40,83292.0,18.35,-0.200,-0.918,-0.197,-0.2,0.2,-0.1,3.90
26760,DESCENT,1022.46,1022.63,-23.82,-0.43,83293.0,18.35,-0.232,-0.912,-0.171,0.5,-0.0,0.3,3.90
26770,DESCENT,1022.46,1022.39,-23.82,-0.12,83293.0,18.35,-0.230,-0.945,-0.176,-0.0,0.1,0.4,3.90
26780,DESCENT,1022.19,1022.16,-23.82,-0.16,83295.8,18.36,-0.242,-0.932,-0.204,0.0,-1.2,-0.1,3.90
26790,DESCENT,1021.87,1021.92,-23.83,-0.33,83299.1,18.36,-0.216,-0.921,-0.198,-0.3,-0.4,-0.1,3.90
26800,DESCENT,1021.86,1021.68,-23.83,-0.58,83299.2,18.36,-0.212,-0.896,-0.197,0.1,-0.1,0.0,3.90
26810,DESCENT,1021.89,1021.46,-23.81,-0.27,83298.9,18.36,-0.241,-0.919,-0.205,-0.1,-0.2,-0.2,3.90
26820,DESCENT,1021.82,1021.24,-23.79,-0.24,83299.5,18.36,-0.252,-0.925,-0.182,0.1,-0.3,-0.6,3.90
26830,DESCENT,1021.00,1021.00,-23.79,-0.30,83307.9,18.36,-0.193,-0.935,-0.168,-0.2,-0.3,-0.6,3.90
26840,DESCENT,1021.17,1020.77,-23.78,-0.56,83306.2,18.36,-0.220,-0.892,-0.207,0.4,-0.8,-0.3,3.90
26850,DESCENT,1020.93,1020.55,-23.77,-0.26,83308.7,18.37,-0.248,-0.924,-0.183,0.3,-0.3,0.0,3.90
26860,DESCENT,1020.43,1020.31,-23.77,-0.32,83313.8,18.37,-0.222,-0.922,-0.189,-0.1,-0.2,0.5,3.90
26870,DESCENT,1020.41,1020.08,-23.76,-0.32,83314.0,18.37,-0.220,-0.929,-0.156,0.2,-0.6,0.3,3.90
26880,DESCENT,1019.69,1019.84,-23.77,-0.24,83321.4,18.37,-0.202,-0.933,-0.203,-0.5,-0.4,-0.3,3.90
26890,DESCENT,1019.65,1019.60,-23.77,-0.27,83321.8,18.37,-0.229,-0.926,-0.186,-0.4,-0.4,-0.6,3.90
26900,DESCENT,1019.58,1019.37,-23.76,-0.23,83322.6,18.37,-0.238,-0.927,-0.193,-0.3,0.3,-0.4,3.90
26910,DESCENT,1019.61,1019.15,-23.75,-0.41,83322.2,18.38,-0.245,-0.898,-0.226,0.2,0.2,-0.1,3.90
26920,DESCENT,1019.19,1018.92,-23.74,-0.35,83326.5,18.38,-0.194,-0.929,-0.171,0.2,-0.4,0.1,3.90
26930,DESCENT,1018.85,1018.69,-23.74,-0.33,83330.0,18.38,-0.268,-0.911,-0.177,0.3,-0.3,-0.1,3.90
26940,DESCENT,1018.67,1018.46,-23.73,-0.13,83331.8,18.38,-0.226,-0.938,-0.210,0.1,-0.3,-0.6,3.90
26950,DESCENT,1018.27,1018.22,-23.73,-0.15,83336.0,18.38,-0.221,-0.938,-0.201,1.0,-0.6,-0.1,3.90
26960,DESCENT,1017.54,1017.97,-23.75,-0.28,83343.5,18.38,-0.252,-0.917,-0.199,0.3,0.2,0.2,3.90
26970,DESCENT,1017.78,1017.73,-23.75,-0.25,83341.0,18.38,-0.216,-0.931,-0.190,0.4,-0.2,-0.3,3.90
26980,DESCENT,1017.52,1017.50,-23.75,-0.58,83343.7,18.39,-0.208,-0.898,-0.190,-0.1,-0.5,-0.5,3.90
26990,DESCENT,1017.17,1017.26,-23.76,-0.44,83347.2,18.39,-0.225,-0.910,-0.182,0.3,-0.4,-0.6,3.90
27000,DESCENT,1017.20,1017.02,-23.76,-0.27,83347.0,18.39,-0.221,-0.932,-0.169,0.0,-0.2,0.1,3.90
27010,DESCENT,1016.86,1016.79,-23.76,-0.17,83350.4,18.39,-0.219,-0.942,-0.176,0.1,0.2,-0.3,3.90
27020,DESCENT,1016.57,1016.55,-23.76,-0.27,83353.3,18.39,-0.255,-0.912,-0.218,-0.4,-0.0,-0.4,3.90
27030,DESCENT,1016.16,1016.31,-23.77,-0.55,83357.5,18.39,-0.214,-0.905,-0.158,-0.4,-0.4,0.1,3.90
27040,DESCENT,1016.04,1016.07,-23.77,-0.10,83358.9,18.40,-0.237,-0.948,-0.157,0.2,-0.3,0.3,3.90
27050,DESCENT,1015.88,1015.83,-23.77,-0.21,83360.4,18.40,-0.226,-0.931,-0.199,0.6,-0.3,0.2,3.90
27060,DESCENT,1015.62,1015.60,-23.77,-0.47,83363.2,18.40,-0.216,-0.907,-0.193,-0.3,-1.0,-0.2,3.90
27070,DESCENT,1014.89,1015.35,-23.80,-0.45,83370.7,18.40,-0.227,-0.908,-0.186,-0.4,0.2,-0.2,3.90
27080,DESCENT,1015.18,1015.11,-23.80,-0.12,83367.6,18.40,-0.241,-0.945,-0.162,-0.1,-0.3,0.2,3.90
27090,DESCENT,1014.84,1014.87,-23.80,-0.18,83371.2,18.40,-0.188,-0.944,-0.188,0.2,-0.4,-0.3,3.90
27100,DESCENT,1015.04,1014.64,-23.79,-0.31,83369.1,18.40,-0.226,-0.921,-0.198,-0.1,-0.3,-0.3,3.90
27110,DESCENT,1014.65,1014.41,-23.78,-0.33,83373.1,18.41,-0.227,-0.923,-0.176,-0.1,-0.5,-0.3,3.90
27120,DESCENT,1014.52,1014.19,-23.77,-0.25,83374.4,18.41,-0.212,-0.939,-0.152,0.3,-0.1,-0.4,3.90
27130,DESCENT,1014.09,1013.95,-23.77,-0.09,83378.8,18.41,-0.211,-0.946,-0.207,0.3,-0.2,0.0,3.90
27140,DESCENT,1013.58,1013.71,-23.77,-0.32,83384.1,18.41,-0.240,-0.922,-0.166,0.1,0.0,-0.9,3.90
27150,DESCENT,1013.31,1013.47,-23.78,-0.49,83386.8,18.41,-0.231,-0.912,-0.133,-0.0,-0.2,-0.1,3.90
27160,DESCENT,1013.35,1013.23,-23.78,-0.46,83386.4,18.41,-0.256,-0.903,-0.163,0.6,-0.1,-0.6,3.90
27170,DESCENT,1012.86,1012.99,-23.79,-0.33,83391.5,18.42,-0.241,-0.912,-0.207,0.1,-0.1,0.2,3.90
27180,DESCENT,1012.86,1012.76,-23.79,-0.56,83391.5,18.42,-0.213,-0.900,-0.182,0.4,-0.1,-0.3,3.90
27190,DESCENT,1012.52,1012.52,-23.80,-0.27,83394.9,18.42,-0.238,-0.929,-0.161,-0.3,-0.5,-0.2,3.90
27200,DESCENT,1012.50,1012.29,-23.79,-0.15,83395.1,18.42,-0.208,-0.951,-0.146,0.3,-0.3,-0.3,3.90
27210,DESCENT,1012.28,1012.06,-23.78,-0.38,83397.3,18.42,-0.242,-0.914,-0.171,-0.2,-0.3,-0.2,3.90
27220,DESCENT,1011.59,1011.81,-23.80,-0.33,83404.5,18.42,-0.237,-0.918,-0.183,0.1,-0.8,0.3,3.90
27230,DESCENT,1011.93,1011.58,-23.79,-0.44,83401.0,18.42,-0.239,-0.903,-0.203,-0.0,-0.2,-1.2,3.90
27240,DESCENT,1011.12,1011.34,-23.80,-0.51,83409.3,18.43,-0.228,-0.902,-0.177,0.2,-0.3,-0.3,3.90
27250,DESCENT,1011.52,1011.11,-23.79,-0.49,83405.2,18.43,-0.216,-0.908,-0.180,0.1,-0.3,-0.5,3.90
27260,DESCENT,1010.91,1010.88,-23.79,-0.55,83411.5,18.43,-0.218,-0.896,-0.202,0.4,-0.7,-0.0,3.90
27270,DESCENT,1010.47,1010.63,-23.80,-0.06,83416.0,18.43,-0.230,-0.947,-0.200,0.4,0.3,-0.0,3.90
27280,DESCENT,1010.59,1010.40,-23.80,-0.28,83414.7,18.43,-0.249,-0.925,-0.160,0.1,-0.1,0.2,3.90
27290,DESCENT,1009.86,1010.15,-23.81,-0.43,83422.2,18.43,-0.230,-0.913,-0.165,0.2,-0.3,-0.2,3.90
27300,DESCENT,1010.29,1009.93,-23.80,-0.73,83417.8,18.44,-0.222,-0.874,-0.207,0.6,-0.3,-0.1,3.90
27310,DESCENT,1009.60,1009.69,-23.81,-0.17,83424.9,18.44,-0.215,-0.947,-0.155,-0.1,-0.1,0.2,3.90
27320,DESCENT,1009.51,1009.45,-23.81,-0.35,83425.9,18.44,-0.225,-0.910,-0.227,0.7,-0.1,-0.3,3.90
27330,DESCENT,1008.98,1009.20,-23.82,-0.47,83431.3,18.44,-0.229,-0.901,-0.204,0.6,-0.3,-0.6,3.90
27340,DESCENT,1008.89,1008.96,-23.83,-0.38,83432.2,18.44,-0.221,-0.908,-0.225,0.2,-0.5,-0.0,3.90
27350,DESCENT,1009.01,1008.73,-23.82,-0.18,83430.9,18.44,-0.221,-0.933,-0.211,-0.4,-0.7,-0.4,3.90
27360,DESCENT,1008.61,1008.50,-23.82,-0.37,83435.1,18.44,-0.189,-0.928,-0.171,-0.3,-0.0,-0.3,3.90
27370,DESCENT,1008.26,1008.26,-23.82,-0.37,83438.6,18.45,-0.267,-0.904,-0.194,0.7,-0.1,-1.0,3.90
27380,DESCENT,1007.96,1008.02,-23.83,-0.30,83441.7,18.45,-0.206,-0.928,-0.188,-0.0,-0.2,-1.0,3.90
27390,DESCENT,1007.97,1007.79,-23.83,-0.25,83441.6,18.45,-0.219,-0.933,-0.179,0.5,-0.1,-0.6,3.90
27400,DESCENT,1007.58,1007.55,-23.83,-0.51,83445.7,18.45,-0.194,-0.909,-0.189,-0.1,0.2,-0.8,3.90
27410,DESCENT,1007.57,1007.32,-23.82,-0.12,83445.8,18.45,-0.215,-0.948,-0.176,-0.2,-0.3,0.2,3.90
27420,DESCENT,1007.50,1007.09,-23.81,-0.60,83446.5,18.45,-0.218,-0.898,-0.164,-0.3,-0.0,0.1,3.90
27430,DESCENT,1006.90,1006.86,-23.81,-0.17,83452.7,18.46,-0.213,-0.938,-0.204,0.6,-0.4,-0.1,3.90
27440,DESCENT,1006.54,1006.62,-23.82,-0.60,83456.3,18.46,-0.212,-0.896,-0.180,0.4,0.6,-0.6,3.90
27450,DESCENT,1006.36,1006.38,-23.82,-0.26,83458.1,18.46,-0.211,-0.925,-0.218,0.6,-0.8,0.1,3.90
27460,DESCENT,1005.61,1006.12,-23.85,-0.44,83465.9,18.46,-0.205,-0.917,-0.168,0.1,0.5,-0.2,3.90
27470,DESCENT,1006.21,1005.89,-23.84,-0.44,83459.7,18.46,-0.260,-0.896,-0.205,-0.1,-0.2,-0.1,3.90
27480,DESCENT,1005.53,1005.65,-23.85,-0.18,83466.6,18.46,-0.230,-0.937,-0.182,-0.2,-0.7,-1.0,3.90
27490,DESCENT,1005.55,1005.42,-23.84,-0.08,83466.4,18.46,-0.210,-0.951,-0.185,0.8,-0.5,-0.8,3.90
27500,DESCENT,1005.57,1005.19,-23.83,-0.25,83466.3,18.47,-0.263,-0.920,-0.183,-0.3,-0.2,0.3,3.90
27510,DESCENT,1004.64,1004.94,-23.84,-0.46,83475.9,18.47,-0.261,-0.901,-0.168,-0.4,0.0,-0.2,3.90
27520,DESCENT,1004.77,1004.71,-23.85,-0.43,83474.5,18.47,-0.215,-0.911,-0.198,0.3,-0.1,-0.5,3.90
27530,DESCENT,1004.36,1004.47,-23.85,-0.23,83478.7,18.47,-0.220,-0.936,-0.172,-0.1,-0.4,-0.2,3.90
27540,DESCENT,1004.27,1004.23,-23.85,-0.28,83479.6,18.47,-0.201,-0.931,-0.192,0.3,-0.1,-0.1,3.90
27550,DESCENT,1003.56,1003.98,-23.87,-0.16,83486.9,18.47,-0.259,-0.932,-0.180,-0.1,-0.1,0.1,3.90
27560,DESCENT,1004.16,1003.75,-23.86,-0.56,83480.8,18.48,-0.240,-0.894,-0.174,-0.0,-0.2,-0.5,3.90
27570,DESCENT,1003.61,1003.51,-23.86,-0.46,83486.4,18.48,-0.189,-0.915,-0.186,-0.3,-0.4,-0.4,3.90
27580,DESCENT,1003.16,1003.27,-23.87,-0.08,83491.0,18.48,-0.213,-0.945,-0.215,-0.2,0.1,-0.2,3.90
27590,DESCENT,1002.82,1003.03,-23.88,-0.20,83494.5,18.48,-0.215,-0.940,-0.173,0.6,0.2,-0.2,3.90
27600,DESCENT,1003.30,1002.80,-23.86,-0.47,83489.6,18.48,-0.232,-0.910,-0.152,0.6,-0.1,-0.3,3.90
27610,DESCENT,1002.39,1002.56,-23.87,-0.43,83498.9,18.48,-0.240,-0.905,-0.195,0.6,-0.4,-0.2,3.90
27620,DESCENT,1002.13,1002.32,-23.89,-0.39,83501.5,18.48,-0.195,-0.925,-0.170,-0.0,-0.3,-0.1,3.90
27630,DESCENT,1002.17,1002.08,-23.89,-0.33,83501.2,18.49,-0.202,-0.926,-0.190,0.3,-0.3,-0.6,3.90
27640,DESCENT,1001.86,1001.84,-23.89,-0.33,83504.4,18.49,-0.234,-0.916,-0.198,-0.6,-0.2,-0.1,3.90
27650,DESCENT,1001.82,1001.61,-23.88,-0.62,83504.8,18.49,-0.215,-0.895,-0.168,-0.1,-0.3,-0.3,3.90
27660,DESCENT,1001.13,1001.36,-23.90,-0.24,83511.9,18.49,-0.198,-0.936,-0.194,0.3,-0.2,-0.5,3.90
27670,DESCENT,1001.33,1001.13,-23.89,-0.46,83509.9,18.49,-0.209,-0.915,-0.164,0.6,-0.7,-0.4,3.90
27680,DESCENT,1001.09,1000.90,-23.89,-0.40,83512.3,18.49,-0.223,-0.917,-0.174,0.3,-0.3,-0.2,3.90
27690,DESCENT,1000.61,1000.66,-23.89,0.27,83517.1,18.50,-0.263,-0.976,-0.186,0.6,-0.5,-0.4,3.90
27700,DESCENT,1000.49,1000.42,-23.89,-0.09,83518.4,18.50,-0.215,-0.947,-0.194,0.2,-0.3,-0.1,3.90
27710,DESCENT,999.66,1000.17,-23.91,-0.22,83526.9,18.50,-0.251,-0.925,-0.193,0.3,-0.4,-0.7,3.90
27720,DESCENT,1000.09,999.93,-23.91,-0.46,83522.6,18.50,-0.236,-0.899,-0.213,0.2,-0.4,-0.6,3.90
27730,DESCENT,1000.07,999.70,-23.90,-0.45,83522.7,18.50,-0.223,-0.914,-0.159,0.4,-0.1,-0.7,3.90
27740,DESCENT,999.43,999.46,-23.90,-0.16,83529.3,18.50,-0.248,-0.935,-0.179,0.2,-0.0,-0.1,3.90
27750,DESCENT,999.35,999.23,-23.90,-0.24,83530.2,18.50,-0.218,-0.938,-0.158,0.3,-0.0,-0.6,3.90
27760,DESCENT,998.98,998.99,-23.90,-0.43,83534.0,18.51,-0.222,-0.907,-0.203,0.1,-0.5,-0.2,3.90
27770,DESCENT,999.26,998.76,-23.89,-0.44,83531.1,18.51,-0.259,-0.902,-0.180,0.5,-0.3,0.1,3.90
27780,DESCENT,998.73,998.53,-23.88,-0.36,83536.6,18.51,-0.165,-0.927,-0.203,0.6,-0.3,-0.1,3.90
27790,DESCENT,998.08,998.29,-23.89,-0.55,83543.2,18.51,-0.204,-0.903,-0.181,0.2,-0.8,-0.5,3.90
27800,DESCENT,998.35,998.05,-23.89,-0.20,83540.4,18.51,-0.243,-0.931,-0.185,-0.3,-0.4,-0.4,3.90
27810,DESCENT,997.95,997.82,-23.88,0.34,83544.5,18.51,-0.230,-0.993,-0.178,-0.3,-0.2,-0.6,3.90
27820,DESCENT,997.36,997.57,-23.89,0.11,83550.6,18.52,-0.235,-0.971,-0.156,0.2,0.5,-0.3,3.90
27830,DESCENT,997.68,997.35,-23.87,-0.53,83547.3,18.52,-0.199,-0.909,-0.168,0.1,-0.6,-0.2,3.90
27840,DESCENT,997.25,997.11,-23.87,-0.25,83551.7,18.52,-0.200,-0.933,-0.202,0.3,-0.7,-0.2,3.90
27850,DESCENT,997.40,996.89,-23.85,-0.35,83550.2,18.52,-0.223,-0.923,-0.167,-0.1,-0.1,-0.2,3.90
27860,DESCENT,996.72,996.65,-23.85,-0.30,83557.2,18.52,-0.209,-0.927,-0.188,0.3,-0.6,-0.0,3.90
27870,DESCENT,996.34,996.41,-23.86,-0.14,83561.1,18.52,-0.212,-0.939,-0.216,0.0,-0.4,0.4,3.90
27880,DESCENT,995.95,996.16,-23.87,-0.40,83565.1,18.52,-0.204,-0.913,-0.212,0.3,-0.3,-0.6,3.90
27890,DESCENT,995.97,995.93,-23.87,-0.45,83564.9,18.53,-0.208,-0.913,-0.184,-0.3,-0.1,-0.2,3.90
27900,DESCENT,995.75,995.69,-23.88,-0.44,83567.2,18.53,-0.197,-0.920,-0.166,0.2,-0.5,-0.6,3.90
27910,DESCENT,995.39,995.45,-23.88,-0.17,83570.8,18.53,-0.226,-0.936,-0.194,-0.2,-0.0,0.0,3.90
27920,DESCENT,995.60,995.22,-23.87,-0.06,83568.6,18.53,-0.228,-0.945,-0.211,0.0,-0.1,-0.2,3.90
27930,DESCENT,994.69,994.97,-23.88,-0.39,83578.1,18.53,-0.209,-0.912,-0.215,0.5,0.0,-0.3,3.90
27940,DESCENT,995.04,994.74,-23.87,-0.18,83574.5,18.53,-0.236,-0.937,-0.175,0.3,0.2,-0.2,3.90
27950,DESCENT,994.55,994.51,-23.87,-0.23,83579.5,18.54,-0.236,-0.936,-0.154,0.1,0.2,0.1,3.90
27960,DESCENT,994.04,994.26,-23.88,-0.45,83584.8,18.54,-0.213,-0.906,-0.206,-0.2,-0.2,-0.1,3.90
27970,DESCENT,993.77,994.02,-23.90,0.02,83587.5,18.54,-0.196,-0.960,-0.214,0.3,-0.1,-0.3,3.90
27980,DESCENT,993.35,993.76,-23.91,-0.11,83591.8,18.54,-0.220,-0.949,-0.169,0.3,0.1,-0.5,3.90
27990,DESCENT,993.18,993.52,-23.93,-0.33,83593.6,18.54,-0.197,-0.924,-0.201,0.2,0.1,-0.1,3.90
28000,DESCENT,993.41,993.28,-23.93,-0.19,83591.2,18.54,-0.239,-0.936,-0.171,0.3,-0.3,0.0,3.90
28010,DESCENT,993.59,993.06,-23.91,0.14,83589.3,18.54,-0.225,-0.973,-0.178,0.0,-0.3,-0.2,3.90
28020,DESCENT,993.49,992.84,-23.88,-0.27,83590.4,18.55,-0.266,-0.917,-0.179,-0.1,0.2,-0.5,3.90
28030,DESCENT,992.40,992.59,-23.89,-0.28,83601.6,18.55,-0.228,-0.919,-0.215,0.1,-0.1,0.2,3.90
28040,DESCENT,992.03,992.34,-23.90,-0.05,83605.4,18.55,-0.195,-0.958,-0.187,-0.2,-0.5,-0.3,3.90
28050,DESCENT,992.29,992.11,-23.90,-0.16,83602.7,18.55,-0.243,-0.936,-0.177,0.1,-0.4,-0.6,3.90
28060,DESCENT,992.12,991.88,-23.89,-0.23,83604.4,18.55,-0.269,-0.920,-0.184,0.0,-0.1,0.0,3.90
28070,DESCENT,992.03,991.65,-23.88,-0.61,83605.4,18.55,-0.197,-0.899,-0.177,0.1,0.0,-0.7,3.90
28080,DESCENT,991.30,991.41,-23.89,-0.43,83612.9,18.56,-0.211,-0.908,-0.213,0.2,0.0,0.1,3.90
28090,DESCENT,991.26,991.17,-23.89,-0.25,83613.3,18.56,-0.234,-0.926,-0.198,-0.2,0.1,0.1,3.90
28100,DESCENT,991.26,990.94,-23.88,-0.18,83613.3,18.56,-0.257,-0.921,-0.222,0.3,-0.4,-0.1,3.90
28110,DESCENT,990.57,990.70,-23.89,-0.54,83620.4,18.56,-0.203,-0.901,-0.197,0.1,-0.4,-1.0,3.90
28120,DESCENT,990.58,990.46,-23.89,-0.59,83620.3,18.56,-0.240,-0.892,-0.174,0.1,-0.1,-0.1,3.90
28130,DESCENT,990.22,990.23,-23.89,0.23,83624.0,18.56,-0.242,-0.974,-0.207,-0.1,-0.5,0.1,3.90
28140,DESCENT,990.32,990.00,-23.88,-0.24,83623.0,18.56,-0.209,-0.938,-0.160,0.0,-0.0,0.3,3.90
28150,DESCENT,990.00,989.76,-23.87,0.01,83626.3,18.57,-0.256,-0.943,-0.219,-0.1,-0.1,-0.4,3.90
28160,DESCENT,989.58,989.53,-23.86,0.10,83630.6,18.57,-0.258,-0.957,-0.196,-0.1,-0.1,-0.1,3.90
28170,DESCENT,989.61,989.30,-23.85,-0.46,83630.2,18.57,-0.210,-0.920,-0.127,0.0,-0.1,-0.3,3.90
28180,DESCENT,988.83,989.05,-23.87,-0.24,83638.3,18.57,-0.256,-0.924,-0.181,0.2,-0.1,-0.3,3.90
28190,DESCENT,989.18,988.82,-23.85,-0.25,83634.7,18.57,-0.228,-0.928,-0.191,0.2,0.0,0.7,3.90
28200,DESCENT,988.51,988.58,-23.86,-0.46,83641.6,18.57,-0.222,-0.908,-0.189,0.0,-0.1,0.3,3.90
28210,DESCENT,988.77,988.36,-23.85,-0.47,83638.9,18.58,-0.211,-0.912,-0.172,0.0,-0.5,0.5,3.90
28220,DESCENT,988.17,988.12,-23.85,-0.11,83645.1,18.58,-0.237,-0.947,-0.157,-0.2,-0.6,-0.5,3.90
28230,DESCENT,987.95,987.88,-23.85,-0.28,83647.4,18.58,-0.208,-0.927,-0.200,0.2,0.1,0.0,3.90
28240,DESCENT,987.80,987.65,-23.84,-0.18,83648.9,18.58,-0.254,-0.937,-0.147,0.3,-0.3,-0.3,3.90
28250,DESCENT,987.38,987.41,-23.85,-0.43,83653.2,18.58,-0.203,-0.910,-0.211,-0.5,-0.5,-0.1,3.90
28260,DESCENT,987.06,987.17,-23.86,-0.37,83656.5,18.58,-0.235,-0.913,-0.195,0.6,-0.4,0.1,3.90
28270,DESCENT,987.13,986.94,-23.85,-0.28,83655.8,18.58,-0.232,-0.929,-0.163,0.1,-0.5,0.1,3.90
28280,DESCENT,986.54,986.69,-23.86,-0.22,83661.9,18.59,-0.251,-0.929,-0.171,0.3,-0.2,0.1,3.90
28290,DESCENT,986.59,986.46,-23.86,-0.40,83661.3,18.59,-0.197,-0.924,-0.170,0.3,-0.4,-1.2,3.90
28300,DESCENT,986.26,986.22,-23.86,-0.52,83664.7,18.59,-0.190,-0.913,-0.162,-0.2,-0.3,-0.1,3.90
28310,DESCENT,985.92,985.98,-23.87,-0.41,83668.3,18.59,-0.228,-0.910,-0.197,0.0,-0.6,-0.5,3.90
28320,DESCENT,985.60,985.74,-23.88,-0.03,83671.5,18.59,-0.213,-0.949,-0.222,0.6,0.6,0.0,3.90
28330,DESCENT,985.34,985.49,-23.88,-0.09,83674.2,18.59,-0.235,-0.937,-0.221,0.3,-0.3,-0.2,3.90
28340,DESCENT,985.49,985.26,-23.87,-0.14,83672.6,18.60,-0.224,-0.937,-0.211,-0.2,-0.6,-0.7,3.90
28350,DESCENT,985.07,985.02,-23.88,-0.34,83677.0,18.60,-0.269,-0.910,-0.172,0.3,-0.5,-0.4,3.90
28360,DESCENT,985.02,984.79,-23.87,-0.38,83677.5,18.60,-0.184,-0.916,-0.223,0.3,-0.2,-0.2,3.90
28370,DESCENT,984.68,984.56,-23.87,0.08,83681.0,18.60,-0.230,-0.961,-0.204,-0.3,-0.8,-0.3,3.90
28380,DESCENT,984.59,984.33,-23.85,-0.05,83681.9,18.60,-0.238,-0.951,-0.171,0.1,-0.6,0.3,3.90
28390,DESCENT,984.19,984.09,-23.85,-0.22,83686.0,18.60,-0.221,-0.930,-0.202,-0.6,0.3,0.1,3.90
28400,DESCENT,984.08,983.86,-23.85,-0.44,83687.1,18.60,-0.226,-0.909,-0.186,0.3,-0.3,-0.1,3.90
28410,DESCENT,984.07,983.63,-23.83,-0.44,83687.3,18.61,-0.197,-0.911,-0.209,-0.1,-0.4,0.0,3.90
28420,DESCENT,983.15,983.39,-23.85,-0.34,83696.7,18.61,-0.222,-0.914,-0.214,0.2,-0.2,-0.4,3.90
28430,DESCENT,983.28,983.15,-23.85,-0.60,83695.4,18.61,-0.228,-0.888,-0.204,0.2,-0.1,-0.3,3.90
28440,DESCENT,983.18,982.92,-23.84,-0.02,83696.4,18.61,-0.233,-0.951,-0.194,0.2,-0.4,0.7,3.90
28450,DESCENT,982.53,982.68,-23.84,-0.15,83703.1,18.61,-0.263,-0.932,-0.179,0.2,0.4,0.1,3.90
28460,DESCENT,982.68,982.45,-23.84,-0.41,83701.5,18.61,-0.214,-0.914,-0.190,-0.5,-0.3,-0.5,3.90
28470,DESCENT,982.41,982.21,-23.83,0.17,83704.3,18.62,-0.219,-0.972,-0.207,0.3,-0.3,-0.4,3.90
28480,DESCENT,982.49,981.99,-23.81,-0.38,83703.6,18.62,-0.214,-0.920,-0.174,0.3,-0.2,-0.2,3.90
28490,DESCENT,981.92,981.76,-23.81,-0.35,83709.4,18.62,-0.238,-0.913,-0.203,-0.2,-0.8,-0.2,3.90
28500,DESCENT,981.52,981.52,-23.81,0.01,83713.5,18.62,-0.249,-0.956,-0.159,-0.2,0.6,0.2,3.90
28510,DESCENT,981.22,981.28,-23.81,0.04,83716.5,18.62,-0.243,-0.956,-0.190,0.1,0.2,-0.4,3.90
28520,DESCENT,980.98,981.04,-23.82,-0.28,83719.0,18.62,-0.238,-0.924,-0.181,0.2,-0.5,-0.3,3.90
28530,DESCENT,981.12,980.81,-23.81,-0.23,83717.6,18.62,-0.221,-0.925,-0.223,0.1,-0.2,-0.5,3.90
28540,DESCENT,980.77,980.58,-23.80,-0.34,83721.3,18.63,-0.219,-0.918,-0.203,-0.3,-0.3,-0.3,3.90
28550,DESCENT,980.38,980.34,-23.80,-0.24,83725.2,18.63,-0.233,-0.929,-0.185,0.2,0.1,-0.2,3.90
28560,DESCENT,979.93,980.10,-23.81,0.10,83729.9,18.63,-0.234,-0.961,-0.208,0.1,-0.1,0.1,3.90
28570,DESCENT,980.12,979.87,-23.80,-0.23,83727.9,18.63,-0.247,-0.927,-0.181,0.7,-0.5,-0.1,3.90
28580,DESCENT,980.03,979.64,-23.79,-0.26,83728.8,18.63,-0.221,-0.928,-0.192,0.7,-0.3,-0.7,3.90
28590,DESCENT,980.07,979.42,-23.76,-0.42,83728.5,18.63,-0.233,-0.908,-0.194,-0.4,-0.2,0.0,3.90
28600,DESCENT,979.47,979.19,-23.75,-0.25,83734.6,18.64,-0.226,-0.928,-0.197,0.4,-0.4,-0.6,3.90
28610,DESCENT,978.74,978.95,-23.76,-0.07,83742.1,18.64,-0.196,-0.960,-0.159,0.3,-0.2,-0.3,3.90
28620,DESCENT,979.13,978.72,-23.75,0.19,83738.1,18.64,-0.222,-0.970,-0.226,0.1,-0.3,-0.4,3.90
28630,DESCENT,978.28,978.48,-23.75,0.12,83746.9,18.64,-0.226,-0.963,-0.217,0.2,-0.2,-0.3,3.90
28640,DESCENT,978.53,978.25,-23.74,0.08,83744.3,18.64,-0.216,-0.961,-0.212,-0.0,-0.1,-0.4,3.90
28650,DESCENT,977.69,978.00,-23.75,0.02,83753.0,18.64,-0.222,-0.959,-0.188,0.4,-0.4,-0.1,3.90
28660,DESCENT,977.31,977.75,-23.77,-0.03,83756.8,18.64,-0.202,-0.959,-0.187,-0.1,0.1,-0.2,3.90
28670,DESCENT,977.58,977.52,-23.77,-0.40,83754.0,18.65,-0.217,-0.914,-0.193,0.0,-0.8,-0.1,3.90
28680,DESCENT,977.36,977.28,-23.77,-0.10,83756.4,18.65,-0.229,-0.946,-0.184,0.1,-0.0,-0.5,3.90
28690,DESCENT,977.12,977.05,-23.77,-0.20,83758.8,18.65,-0.229,-0.932,-0.198,0.1,-0.7,-0.2,3.90
28700,DESCENT,976.56,976.80,-23.78,-0.59,83764.5,18.65,-0.221,-0.887,-0.214,-0.2,-0.2,-0.3,3.90
28710,DESCENT,976.90,976.57,-23.77,-0.02,83761.1,18.65,-0.230,-0.950,-0.201,-0.1,0.1,-0.3,3.90
28720,DESCENT,976.73,976.35,-23.76,0.16,83762.8,18.65,-0.241,-0.966,-0.205,0.4,-0.3,-0.1,3.90
28730,DESCENT,975.85,976.10,-23.77,-0.35,83771.9,18.66,-0.218,-0.928,-0.144,0.2,-0.3,-0.1,3.90
28740,DESCENT,975.51,975.85,-23.79,-0.36,83775.4,18.66,-0.213,-0.920,-0.188,-0.1,-0.1,-0.0,3.90
28750,DESCENT,975.49,975.61,-23.79,-0.42,83775.6,18.66,-0.192,-0.916,-0.196,-0.1,-0.7,0.2,3.90
28760,DESCENT,975.33,975.37,-23.80,-0.20,83777.2,18.66,-0.246,-0.928,-0.199,-0.3,0.2,-0.6,3.90
28770,DESCENT,974.96,975.13,-23.81,-0.08,83781.1,18.66,-0.255,-0.942,-0.176,0.1,-0.2,0.3,3.90
28780,DESCENT,974.77,974.89,-23.82,-0.37,83783.0,18.66,-0.205,-0.915,-0.213,0.2,-0.6,-0.7,3.90
28790,DESCENT,974.61,974.65,-23.82,-0.30,83784.7,18.66,-0.213,-0.926,-0.191,-0.1,-0.4,-0.7,3.90
28800,DESCENT,975.10,974.43,-23.80,-0.39,83779.6,18.67,-0.234,-0.909,-0.203,0.4,-0.1,-0.2,3.90
28810,DESCENT,974.31,974.20,-23.80,-0.56,83787.7,18.67,-0.225,-0.898,-0.178,0.0,0.1,0.4,3.90
28820,DESCENT,973.67,973.95,-23.81,-0.59,83794.3,18.67,-0.239,-0.892,-0.174,0.4,0.0,0.9,3.90
28830,DESCENT,973.48,973.70,-23.83,-0.39,83796.2,18.67,-0.237,-0.917,-0.159,0.3,-0.3,-0.3,3.90
28840,DESCENT,973.17,973.46,-23.84,-0.21,83799.5,18.67,-0.246,-0.922,-0.217,0.3,0.3,0.3,3.90
28850,DESCENT,973.11,973.22,-23.85,-0.29,83800.0,18.67,-0.203,-0.927,-0.202,0.4,-0.0,-0.3,3.90
28860,DESCENT,972.94,972.98,-23.85,-0.19,83801.8,18.68,-0.206,-0.946,-0.156,0.1,-0.2,-0.4,3.90
28870,DESCENT,972.42,972.73,-23.87,-0.38,83807.2,18.68,-0.201,-0.914,-0.216,0.5,-0.7,-0.1,3.90
28880,DESCENT,972.28,972.48,-23.88,-0.42,83808.7,18.68,-0.217,-0.910,-0.204,0.2,-0.2,0.0,3.90
28890,DESCENT,972.47,972.25,-23.88,-0.25,83806.7,18.68,-0.220,-0.930,-0.188,0.6,-0.3,0.1,3.90
28900,DESCENT,972.04,972.01,-23.88,-0.03,83811.1,18.68,-0.237,-0.954,-0.166,-0.1,-0.3,-0.3,3.90
28910,DESCENT,971.89,971.78,-23.87,-0.11,83812.6,18.68,-0.243,-0.933,-0.220,-0.2,-0.2,-0.5,3.90
28920,DESCENT,971.23,971.53,-23.89,-0.48,83819.4,18.69,-0.174,-0.914,-0.197,0.0,-0.3,0.2,3.90
28930,DESCENT,971.13,971.29,-23.90,0.05,83820.4,18.69,-0.212,-0.964,-0.194,0.2,-0.2,-0.5,3.90
28940,DESCENT,970.86,971.04,-23.91,-0.57,83823.2,18.69,-0.246,-0.896,-0.146,-0.0,-0.4,-0.1,3.90
28950,DESCENT,971.08,970.81,-23.90,-0.28,83821.0,18.69,-0.194,-0.941,-0.143,0.1,-0.4,-0.1,3.90
28960,DESCENT,970.82,970.58,-23.89,-0.25,83823.7,18.69,-0.212,-0.931,-0.195,0.2,-0.2,-0.2,3.90
28970,DESCENT,969.90,970.33,-23.91,-0.04,83833.2,18.69,-0.210,-0.958,-0.177,0.1,-0.1,-0.2,3.90
28980,DESCENT,969.74,970.08,-23.93,-0.30,83834.8,18.69,-0.213,-0.931,-0.167,-0.0,-0.7,-0.7,3.90
28990,DESCENT,969.76,969.84,-23.93,0.16,83834.6,18.70,-0.243,-0.968,-0.192,-0.3,-0.2,-0.6,3.90
29000,DESCENT,969.50,969.60,-23.94,-0.34,83837.3,18.70,-0.209,-0.930,-0.146,-0.3,-0.5,-0.1,3.90
29010,DESCENT,969.56,969.36,-23.93,-0.11,83836.7,18.70,-0.252,-0.940,-0.175,-0.1,-0.6,0.1,3.90
29020,DESCENT,968.74,969.11,-23.95,-0.04,83845.1,18.70,-0.218,-0.954,-0.181,-0.1,0.1,-0.1,3.90
29030,DESCENT,969.23,968.88,-23.93,0.16,83840.1,18.70,-0.223,-0.970,-0.206,-0.3,-0.7,-0.1,3.90
29040,DESCENT,968.74,968.65,-23.93,-0.19,83845.1,18.70,-0.177,-0.947,-0.181,0.7,-0.5,-0.5,3.90
29050,DESCENT,968.33,968.41,-23.93,-0.28,83849.4,18.71,-0.196,-0.931,-0.195,0.3,-0.4,0.1,3.90
29060,DESCENT,968.44,968.17,-23.92,-0.17,83848.2,18.71,-0.201,-0.935,-0.226,-0.4,-0.3,-0.1,3.90
29070,DESCENT,968.32,967.95,-23.91,-0.23,83849.4,18.71,-0.229,-0.927,-0.206,-0.1,-0.1,-0.0,3.90
29080,DESCENT,967.74,967.71,-23.91,-0.42,83855.5,18.71,-0.218,-0.920,-0.147,0.6,-0.0,-0.3,3.90
29090,DESCENT,967.65,967.47,-23.91,-0.30,83856.4,18.71,-0.245,-0.928,-0.142,0.3,-0.3,0.3,3.90
29100,DESCENT,966.97,967.23,-23.92,0.18,83863.4,18.71,-0.228,-0.972,-0.206,-0.2,0.0,-0.0,3.90
29110,DESCENT,966.68,966.98,-23.93,-0.23,83866.4,18.71,-0.236,-0.924,-0.208,-0.2,-0.1,-0.2,3.90
29120,DESCENT,966.52,966.73,-23.94,-0.14,83868.0,18.72,-0.257,-0.925,-0.225,0.0,-0.4,-0.5,3.90
29130,DESCENT,966.36,966.49,-23.95,-0.60,83869.7,18.72,-0.218,-0.899,-0.163,0.2,0.2,-0.2,3.90
29140,DESCENT,966.63,966.26,-23.94,-0.19,83866.9,18.72,-0.210,-0.946,-0.154,-0.2,-0.4,-0.5,3.90
29150,DESCENT,966.20,966.03,-23.94,-0.06,83871.3,18.72,-0.211,-0.955,-0.176,0.6,-0.1,-0.7,3.90
29160,DESCENT,965.86,965.79,-23.93,-0.20,83874.8,18.72,-0.236,-0.933,-0.186,0.2,-0.3,-0.0,3.90
29170,DESCENT,965.68,965.55,-23.93,0.13,83876.7,18.72,-0.263,-0.954,-0.216,0.1,-0.1,-0.3,3.90
29180,DESCENT,965.53,965.32,-23.92,-0.18,83878.2,18.73,-0.229,-0.939,-0.169,-0.2,-0.2,-0.2,3.90
29190,DESCENT,964.67,965.07,-23.94,-0.10,83887.1,18.73,-0.207,-0.949,-0.194,-0.2,-0.1,-0.1,3.90
29200,DESCENT,964.61,964.82,-23.95,0.34,83887.7,18.73,-0.214,-0.999,-0.164,0.1,0.2,0.2,3.90
29210,DESCENT,964.79,964.59,-23.94,-0.36,83885.9,18.73,-0.201,-0.928,-0.155,-0.1,-0.5,0.4,3.90
29220,DESCENT,964.66,964.36,-23.93,-0.39,83887.2,18.73,-0.217,-0.917,-0.185,0.3,-0.4,-0.1,3.90
29230,DESCENT,964.82,964.14,-23.90,-0.12,83885.5,18.73,-0.251,-0.937,-0.188,0.4,-1.0,-0.0,3.90
29240,DESCENT,963.88,963.90,-23.91,-0.10,83895.2,18.73,-0.198,-0.953,-0.183,-0.2,-0.5,-0.4,3.90
29250,DESCENT,963.74,963.66,-23.90,0.19,83896.6,18.74,-0.243,-0.970,-0.196,-0.6,-0.0,0.2,3.90
29260,DESCENT,963.68,963.43,-23.89,-0.39,83897.2,18.74,-0.187,-0.929,-0.152,0.7,-0.1,-0.5,3.90
29270,DESCENT,963.58,963.20,-23.88,-0.16,83898.3,18.74,-0.209,-0.941,-0.199,0.0,-0.3,0.1,3.90
29280,DESCENT,962.92,962.96,-23.89,-0.55,83905.1,18.74,-0.217,-0.898,-0.190,0.2,-0.5,-0.0,3.90
29290,DESCENT,962.69,962.72,-23.89,-0.10,83907.5,18.74,-0.224,-0.942,-0.205,0.3,-0.1,-0.4,3.90
29300,DESCENT,962.35,962.48,-23.90,0.05,83911.0,18.74,-0.226,-0.960,-0.194,0.1,-0.2,-0.8,3.90
29310,DESCENT,962.66,962.25,-23.88,-0.40,83907.8,18.75,-0.216,-0.911,-0.204,1.0,-0.1,-0.1,3.90
29320,DESCENT,962.09,962.02,-23.88,-0.42,83913.7,18.75,-0.240,-0.903,-0.205,-0.2,-0.3,-0.2,3.90
29330,DESCENT,961.29,961.76,-23.91,-0.31,83921.9,18.75,-0.207,-0.922,-0.212,0.7,-0.4,-0.1,3.90
29340,DESCENT,961.40,961.52,-23.91,-0.30,83920.8,18.75,-0.235,-0.919,-0.198,0.0,-0.3,-0.4,3.90
29350,DESCENT,961.25,961.28,-23.92,-0.16,83922.3,18.75,-0.233,-0.933,-0.212,0.2,-0.2,-0.2,3.90
29360,DESCENT,960.97,961.04,-23.92,-0.10,83925.2,18.75,-0.245,-0.937,-0.201,-0.1,-0.0,0.0,3.90
29370,DESCENT,960.96,960.81,-23.92,-0.25,83925.3,18.75,-0.206,-0.931,-0.201,0.1,-0.6,-0.0,3.90
29380,DESCENT,961.00,960.58,-23.90,-0.31,83924.9,18.76,-0.210,-0.923,-0.203,-0.1,-0.1,0.3,3.90
29390,DESCENT,960.03,960.33,-23.92,-0.03,83934.9,18.76,-0.233,-0.949,-0.199,0.3,-0.3,-0.3,3.90
29400,DESCENT,960.60,960.11,-23.90,-0.34,83929.0,18.76,-0.237,-0.920,-0.170,1.0,-0.2,-0.8,3.90
29410,DESCENT,959.95,959.87,-23.90,-0.17,83935.8,18.76,-0.234,-0.935,-0.191,-0.2,-0.3,-0.1,3.90
29420,DESCENT,959.46,959.63,-23.91,-0.26,83940.8,18.76,-0.215,-0.929,-0.192,-0.2,0.1,-0.9,3.90
29430,DESCENT,959.13,959.38,-23.92,-0.43,83944.2,18.76,-0.231,-0.910,-0.183,0.0,-0.0,-0.5,3.90
29440,DESCENT,959.41,959.15,-23.91,-0.35,83941.3,18.77,-0.201,-0.924,-0.187,0.1,-0.2,-0.6,3.90
29450,DESCENT,958.80,958.91,-23.92,-0.43,83947.6,18.77,-0.245,-0.906,-0.181,0.3,-0.1,-0.4,3.90
29460,DESCENT,958.90,958.67,-23.91,0.03,83946.5,18.77,-0.238,-0.941,-0.253,0.1,-0.5,0.2,3.90
29470,DESCENT,958.32,958.43,-23.92,-0.09,83952.5,18.77,-0.255,-0.938,-0.191,0.4,-0.2,-0.1,3.90
29480,DESCENT,958.42,958.20,-23.91,-0.19,83951.5,18.77,-0.214,-0.941,-0.172,0.1,-0.6,-0.3,3.90
29490,DESCENT,957.95,957.96,-23.91,-0.47,83956.3,18.77,-0.205,-0.916,-0.157,0.1,-0.1,-0.2,3.90
29500,DESCENT,957.66,957.72,-23.92,-0.25,83959.3,18.77,-0.242,-0.927,-0.180,0.2,0.0,-0.9,3.90
29510,DESCENT,957.94,957.49,-23.90,-0.31,83956.5,18.78,-0.205,-0.934,-0.154,0.1,0.2,-0.2,3.90
29520,DESCENT,957.52,957.26,-23.89,0.08,83960.8,18.78,-0.225,-0.963,-0.194,-0.3,-0.5,-0.9,3.90
29530,DESCENT,957.15,957.03,-23.89,-0.27,83964.6,18.78,-0.209,-0.932,-0.185,0.0,-0.2,-0.3,3.90
29540,DESCENT,956.82,956.79,-23.89,0.02,83968.1,18.78,-0.214,-0.954,-0.222,-0.6,-0.0,-0.2,3.90
29550,DESCENT,956.19,956.54,-23.91,-0.15,83974.6,18.78,-0.226,-0.935,-0.206,0.2,-0.2,0.2,3.90
29560,DESCENT,956.35,956.30,-23.90,0.02,83972.9,18.78,-0.239,-0.952,-0.202,0.3,-0.1,0.2,3.90
29570,DESCENT,955.78,956.05,-23.92,-0.61,83978.8,18.79,-0.217,-0.891,-0.193,0.1,-0.3,-0.1,3.90
29580,DESCENT,955.51,955.81,-23.93,0.11,83981.6,18.79,-0.225,-0.967,-0.197,0.3,0.3,0.1,3.90
29590,DESCENT,955.65,955.57,-23.93,-0.24,83980.2,18.79,-0.255,-0.921,-0.195,0.5,-0.1,0.0,3.90
29600,DESCENT,955.20,955.33,-23.94,-0.31,83984.7,18.79,-0.209,-0.927,-0.184,0.1,-0.1,0.2,3.90
29610,DESCENT,955.35,955.09,-23.93,-0.19,83983.2,18.79,-0.233,-0.938,-0.163,0.5,-0.4,-0.3,3.90
29620,DESCENT,954.86,954.85,-23.93,-0.17,83988.3,18.79,-0.242,-0.932,-0.192,0.2,-0.0,0.4,3.90
29630,DESCENT,955.10,954.63,-23.91,-0.03,83985.8,18.79,-0.217,-0.957,-0.174,0.3,-0.5,-0.9,3.90
29640,DESCENT,954.40,954.39,-23.91,-0.07,83993.1,18.80,-0.263,-0.940,-0.186,0.4,0.1,0.4,3.90
29650,DESCENT,954.08,954.15,-23.92,-0.47,83996.3,18.80,-0.192,-0.913,-0.185,-0.0,-0.0,-0.3,3.90
29660,DESCENT,953.91,953.91,-23.92,-0.50,83998.0,18.80,-0.200,-0.910,-0.180,0.4,0.5,-0.9,3.90
29670,DESCENT,953.43,953.66,-23.94,-0.24,84003.0,18.80,-0.222,-0.934,-0.176,-0.1,-0.3,-0.6,3.90
29680,DESCENT,953.51,953.43,-23.94,-0.40,84002.2,18.80,-0.210,-0.916,-0.190,0.1,-0.3,-0.0,3.90
29690,DESCENT,952.64,953.17,-23.96,-0.52,84011.2,18.80,-0.235,-0.896,-0.196,0.6,-0.2,-0.2,3.90
29700,DESCENT,953.02,952.93,-23.96,-0.23,84007.2,18.81,-0.168,-0.947,-0.172,-0.2,-0.5,-0.6,3.90
29710,DESCENT,952.69,952.69,-23.97,0.03,84010.7,18.81,-0.226,-0.958,-0.197,0.1,-0.7,-0.1,3.90
29720,DESCENT,952.27,952.45,-23.98,-0.47,84015.0,18.81,-0.232,-0.903,-0.190,0.5,-0.2,-0.6,3.90
29730,DESCENT,952.07,952.21,-23.99,-0.52,84017.1,18.81,-0.226,-0.903,-0.177,0.4,-0.6,-0.2,3.90
29740,DESCENT,952.25,951.97,-23.98,-0.05,84015.2,18.81,-0.203,-0.956,-0.186,0.5,-0.5,0.2,3.90
29750,DESCENT,951.49,951.73,-23.99,-0.17,84023.0,18.81,-0.252,-0.923,-0.222,0.3,-0.5,-0.1,3.90
29760,DESCENT,951.53,951.49,-23.99,-0.28,84022.6,18.81,-0.231,-0.926,-0.185,0.7,-0.2,-0.2,3.90
29770,DESCENT,951.59,951.26,-23.98,-0.28,84022.0,18.82,-0.226,-0.923,-0.199,0.6,-0.4,-0.2,3.90
29780,DESCENT,951.33,951.03,-23.97,-0.39,84024.7,18.82,-0.217,-0.919,-0.171,0.7,0.1,0.0,3.90
29790,DESCENT,951.37,950.80,-23.95,-0.16,84024.3,18.82,-0.215,-0.943,-0.182,-0.0,0.4,0.1,3.90
29800,DESCENT,950.85,950.57,-23.94,-0.21,84029.7,18.82,-0.232,-0.927,-0.209,0.3,-0.0,-0.2,3.90
29810,DESCENT,950.08,950.33,-23.95,-0.40,84037.6,18.82,-0.201,-0.921,-0.177,-0.2,0.3,-0.8,3.90
29820,DESCENT,950.69,950.10,-23.93,-0.27,84031.3,18.82,-0.222,-0.933,-0.160,0.2,-0.8,-0.4,3.90
29830,DESCENT,950.03,949.87,-23.93,-0.18,84038.1,18.83,-0.238,-0.937,-0.170,0.4,-0.1,0.5,3.90
29840,DESCENT,949.58,949.63,-23.93,-0.22,84042.7,18.83,-0.246,-0.929,-0.176,-0.1,0.2,-0.1,3.90
29850,DESCENT,949.26,949.38,-23.94,-0.53,84046.1,18.83,-0.247,-0.900,-0.150,0.1,0.1,0.4,3.90
29860,DESCENT,949.12,949.14,-23.94,-0.14,84047.5,18.83,-0.252,-0.940,-0.162,0.4,-0.1,-0.2,3.90
29870,DESCENT,949.00,948.91,-23.94,-0.24,84048.7,18.83,-0.226,-0.922,-0.224,0.2,-0.8,0.4,3.90
29880,DESCENT,948.30,948.66,-23.96,-0.13,84056.0,18.83,-0.237,-0.943,-0.170,-0.2,0.0,-0.2,3.90
29890,DESCENT,947.93,948.40,-23.98,-0.37,84059.8,18.83,-0.222,-0.921,-0.165,0.3,-0.3,-0.3,3.90
29900,DESCENT,948.46,948.17,-23.97,-0.40,84054.3,18.84,-0.182,-0.920,-0.200,0.0,-0.3,-1.1,3.90
29910,DESCENT,947.69,947.93,-23.99,-0.18,84062.2,18.84,-0.237,-0.933,-0.194,0.4,-0.0,-0.5,3.90
29920,DESCENT,947.95,947.69,-23.98,-0.36,84059.6,18.84,-0.204,-0.924,-0.179,-0.2,-0.3,-0.3,3.90
29930,DESCENT,947.24,947.45,-23.99,-0.04,84066.9,18.84,-0.246,-0.942,-0.211,-0.2,-0.4,-0.9,3.90
29940,DESCENT,947.33,947.21,-23.98,0.04,84066.0,18.84,-0.244,-0.941,-0.251,0.3,-0.6,0.1,3.90
29950,DESCENT,947.55,946.99,-23.96,-0.12,84063.8,18.84,-0.198,-0.955,-0.156,0.0,-0.4,-0.2,3.90
29960,DESCENT,946.92,946.75,-23.96,-0.24,84070.2,18.85,-0.219,-0.929,-0.202,-0.5,-0.3,-0.9,3.90
29970,DESCENT,946.63,946.52,-23.95,-0.11,84073.2,18.85,-0.241,-0.940,-0.190,-0.1,0.5,0.0,3.90
29980,DESCENT,946.50,946.28,-23.94,0.03,84074.6,18.85,-0.212,-0.956,-0.218,0.4,-0.5,-0.6,3.90
29990,DESCENT,946.34,946.05,-23.93,-0.14,84076.2,18.85,-0.237,-0.935,-0.201,-0.3,-0.2,-0.6,3.90
30000,DESCENT,946.12,945.82,-23.92,-0.27,84078.5,18.85,-0.248,-0.921,-0.190,-0.7,-0.0,-0.4,3.90
30010,DESCENT,945.34,945.58,-23.93,-0.00,84086.5,18.85,-0.247,-0.952,-0.180,0.5,-0.1,0.2,3.90
30020,DESCENT,945.18,945.33,-23.94,-0.08,84088.2,18.85,-0.240,-0.938,-0.219,-0.1,-0.8,-0.2,3.90
30030,DESCENT,945.17,945.10,-23.94,-0.21,84088.3,18.86,-0.228,-0.934,-0.183,0.1,-0.2,-0.3,3.90
30040,DESCENT,945.13,944.86,-23.93,-0.23,84088.7,18.86,-0.197,-0.943,-0.162,0.5,-0.5,-0.0,3.90
30050,DESCENT,944.51,944.62,-23.94,-0.37,84095.2,18.86,-0.233,-0.914,-0.191,0.5,0.4,-0.0,3.90
30060,DESCENT,944.44,944.38,-23.94,-0.08,84095.8,18.86,-0.235,-0.947,-0.180,-0.1,-0.3,-0.5,3.90
30070,DESCENT,944.45,944.15,-23.93,-0.07,84095.7,18.86,-0.230,-0.944,-0.207,-0.2,-0.2,-0.5,3.90
30080,DESCENT,943.75,943.91,-23.93,-0.19,84103.0,18.86,-0.216,-0.934,-0.203,-0.1,-0.2,0.3,3.90
30090,DESCENT,943.28,943.66,-23.95,0.10,84107.8,18.87,-0.264,-0.952,-0.211,0.5,-0.6,-0.2,3.90
30100,DESCENT,943.63,943.42,-23.94,-0.00,84104.2,18.87,-0.230,-0.954,-0.188,0.3,0.2,-0.5,3.90
30110,DESCENT,943.06,943.18,-23.95,-0.12,84110.1,18.87,-0.247,-0.939,-0.183,0.1,-0.1,-0.7,3.90
30120,DESCENT,943.07,942.95,-23.94,-0.51,84110.0,18.87,-0.260,-0.894,-0.177,-0.5,-0.4,-0.1,3.90
30130,DESCENT,943.17,942.72,-23.93,-0.19,84109.0,18.87,-0.191,-0.942,-0.195,0.1,-0.4,0.2,3.90
30140,DESCENT,942.66,942.49,-23.92,0.11,84114.2,18.87,-0.279,-0.950,-0.209,0.4,-0.1,-0.1,3.90
30150,DESCENT,942.49,942.25,-23.91,-0.21,84116.0,18.87,-0.181,-0.939,-0.207,0.1,-0.3,-0.5,3.90
30160,DESCENT,942.03,942.01,-23.91,-0.33,84120.7,18.88,-0.247,-0.916,-0.185,-0.5,-0.6,-0.2,3.90
30170,DESCENT,941.77,941.78,-23.92,-0.41,84123.4,18.88,-0.206,-0.917,-0.185,-0.1,-0.5,-0.2,3.90
30180,DESCENT,941.28,941.53,-23.93,-0.30,84128.5,18.88,-0.226,-0.924,-0.189,-0.5,-0.6,0.1,3.90
30190,DESCENT,941.41,941.29,-23.93,0.05,84127.1,18.88,-0.235,-0.960,-0.182,0.0,-0.2,-0.1,3.90
30200,DESCENT,941.33,941.06,-23.92,-0.45,84128.0,18.88,-0.230,-0.903,-0.203,0.1,-0.4,-0.3,3.90
30210,DESCENT,940.53,940.81,-23.93,0.12,84136.3,18.88,-0.222,-0.966,-0.205,0.4,-0.1,-0.0,3.90
30220,DESCENT,940.79,940.58,-23.92,0.27,84133.6,18.89,-0.267,-0.980,-0.158,0.1,0.2,-0.3,3.90
30230,DESCENT,940.73,940.35,-23.91,-0.40,84134.2,18.89,-0.211,-0.921,-0.163,0.0,-0.0,-0.1,3.90
30240,DESCENT,940.26,940.12,-23.90,0.01,84139.0,18.89,-0.240,-0.954,-0.186,-0.1,0.1,-0.2,3.90
30250,DESCENT,939.71,939.87,-23.91,-0.32,84144.7,18.89,-0.202,-0.914,-0.241,0.6,-0.5,0.1,3.90
30260,DESCENT,939.56,939.63,-23.92,-0.28,84146.2,18.89,-0.242,-0.924,-0.178,0.6,-0.9,-0.2,3.90
30270,DESCENT,939.23,939.39,-23.93,-0.67,84149.6,18.89,-0.208,-0.892,-0.166,0.4,-0.7,-0.3,3.90
30280,DESCENT,939.32,939.15,-23.93,-0.29,84148.7,18.89,-0.229,-0.931,-0.152,0.3,-0.1,0.3,3.90
30290,DESCENT,939.16,938.92,-23.92,-0.06,84150.4,18.90,-0.238,-0.949,-0.175,0.3,0.0,0.3,3.90
30300,DESCENT,938.68,938.68,-23.92,-0.56,84155.3,18.90,-0.186,-0.910,-0.156,-0.1,0.0,-0.3,3.90
30310,DESCENT,938.89,938.46,-23.91,-0.20,84153.2,18.90,-0.234,-0.920,-0.242,0.3,-0.8,0.1,3.90
30320,DESCENT,938.55,938.23,-23.90,-0.09,84156.7,18.90,-0.231,-0.946,-0.183,-0.3,0.0,0.2,3.90
30330,DESCENT,937.76,937.98,-23.91,-0.22,84164.8,18.90,-0.235,-0.931,-0.182,0.6,0.1,0.1,3.90
30340,DESCENT,937.16,937.73,-23.93,-0.66,84171.1,18.90,-0.192,-0.891,-0.195,0.2,-0.6,-0.0,3.90
30350,DESCENT,937.90,937.50,-23.92,0.01,84163.4,18.91,-0.245,-0.949,-0.208,0.3,0.3,-0.2,3.90
30360,DESCENT,937.52,937.27,-23.91,-0.06,84167.4,18.91,-0.208,-0.952,-0.195,-0.6,0.2,0.1,3.90
30370,DESCENT,937.15,937.03,-23.91,-0.01,84171.2,18.91,-0.239,-0.953,-0.182,0.1,-0.6,-0.9,3.90
30380,DESCENT,936.68,936.79,-23.91,-0.09,84176.1,18.91,-0.234,-0.945,-0.182,0.2,-0.0,-0.7,3.90
30390,DESCENT,936.70,936.55,-23.91,-0.08,84175.8,18.91,-0.210,-0.954,-0.174,0.2,0.3,0.2,3.90
30400,DESCENT,936.34,936.32,-23.90,-0.00,84179.5,18.91,-0.193,-0.960,-0.201,0.1,-0.3,0.2,3.90
30410,DESCENT,935.88,936.07,-23.91,-0.10,84184.4,18.92,-0.205,-0.951,-0.186,-0.2,-0.1,-0.2,3.90
30420,DESCENT,936.05,935.84,-23.91,-0.15,84182.5,18.92,-0.218,-0.940,-0.195,0.6,-0.4,-0.1,3.90
30430,DESCENT,935.78,935.60,-23.90,-0.44,84185.4,18.92,-0.238,-0.907,-0.181,0.0,-0.1,-0.6,3.90
30440,DESCENT,935.81,935.38,-23.89,-0.34,84185.0,18.92,-0.230,-0.922,-0.171,0.4,-0.3,0.1,3.90
30450,DESCENT,934.98,935.13,-23.90,-0.12,84193.6,18.92,-0.248,-0.943,-0.159,0.4,-0.1,-0.2,3.90
30460,DESCENT,934.98,934.90,-23.89,-0.03,84193.6,18.92,-0.208,-0.949,-0.223,0.3,-0.3,0.0,3.90
30470,DESCENT,934.93,934.67,-23.88,-0.33,84194.1,18.92,-0.238,-0.916,-0.193,0.7,-0.3,0.2,3.90
30480,DESCENT,934.28,934.42,-23.89,-0.23,84200.8,18.93,-0.221,-0.932,-0.189,0.2,-0.3,-0.6,3.90
30490,DESCENT,934.26,934.19,-23.89,-0.25,84201.1,18.93,-0.193,-0.941,-0.166,0.4,0.2,-0.2,3.90
30500,DESCENT,934.32,933.96,-23.88,0.02,84200.4,18.93,-0.228,-0.958,-0.191,-0.1,-0.5,-0.3,3.90
30510,DESCENT,933.94,933.73,-23.87,-0.14,84204.4,18.93,-0.194,-0.951,-0.175,0.1,-0.1,-0.5,3.90
30520,DESCENT,933.41,933.48,-23.88,-0.25,84209.9,18.93,-0.264,-0.920,-0.184,0.4,-0.2,0.0,3.90
30530,DESCENT,933.03,933.24,-23.88,0.22,84213.8,18.93,-0.228,-0.974,-0.214,0.6,-0.3,-0.0,3.90
30540,DESCENT,932.79,932.99,-23.89,-0.09,84216.2,18.94,-0.216,-0.951,-0.171,0.1,-0.5,-0.3,3.90
30550,DESCENT,933.08,932.77,-23.88,-0.35,84213.3,18.94,-0.203,-0.928,-0.167,-0.3,-0.3,-0.2,3.90
30560,DESCENT,932.56,932.53,-23.88,-0.09,84218.6,18.94,-0.235,-0.941,-0.205,-0.3,-0.7,-0.4,3.90
30570,DESCENT,932.13,932.28,-23.89,-0.35,84223.1,18.94,-0.196,-0.924,-0.191,0.2,-0.2,-0.2,3.90
30580,DESCENT,932.30,932.05,-23.89,-0.66,84221.3,18.94,-0.188,-0.896,-0.179,0.0,0.1,0.0,3.90
30590,DESCENT,932.14,931.82,-23.88,-0.10,84223.0,18.94,-0.241,-0.946,-0.168,0.8,-0.5,-0.2,3.90
30600,DESCENT,931.72,931.59,-23.87,0.04,84227.4,18.94,-0.242,-0.946,-0.235,-0.2,-0.5,-0.4,3.90
30610,DESCENT,931.27,931.35,-23.87,-0.09,84232.0,18.95,-0.237,-0.946,-0.174,0.5,-0.6,-0.2,3.90
30620,DESCENT,931.45,931.12,-23.86,-0.25,84230.1,18.95,-0.235,-0.928,-0.177,0.0,0.4,-0.3,3.90
30630,DESCENT,931.29,930.89,-23.85,-0.00,84231.8,18.95,-0.264,-0.938,-0.227,0.6,-0.1,-0.4,3.90
30640,DESCENT,930.91,930.66,-23.84,-0.34,84235.8,18.95,-0.238,-0.921,-0.162,-0.1,-0.6,-0.5,3.90
30650,DESCENT,930.41,930.42,-23.84,-0.51,84240.9,18.95,-0.193,-0.910,-0.181,0.1,-0.6,-0.2,3.90
30660,DESCENT,930.12,930.18,-23.85,-0.23,84243.9,18.95,-0.244,-0.925,-0.199,-0.1,-0.8,0.4,3.90
30670,DESCENT,929.72,929.94,-23.86,0.14,84248.0,18.96,-0.210,-0.975,-0.184,-0.2,0.0,-0.6,3.90
30680,DESCENT,929.50,929.69,-23.87,-0.44,84250.3,18.96,-0.198,-0.920,-0.163,0.2,0.1,0.7,3.90
30690,DESCENT,929.50,929.45,-23.87,-0.07,84250.3,18.96,-0.203,-0.955,-0.183,0.2,-0.8,-0.2,3.90
30700,DESCENT,929.55,929.22,-23.86,-0.19,84249.8,18.96,-0.270,-0.931,-0.145,0.2,-0.5,-0.1,3.90
30710,DESCENT,929.27,928.99,-23.85,-0.05,84252.6,18.96,-0.247,-0.938,-0.224,0.6,-0.4,-0.2,3.90
30720,DESCENT,928.65,928.75,-23.85,-0.34,84259.0,18.96,-0.223,-0.923,-0.172,-0.2,-0.4,-0.3,3.90
30730,DESCENT,928.49,928.51,-23.86,-0.14,84260.7,18.96,-0.275,-0.922,-0.218,0.1,0.1,-0.3,3.90
30740,DESCENT,928.26,928.27,-23.86,-0.32,84263.1,18.97,-0.231,-0.924,-0.169,-0.3,-0.0,-0.1,3.90
30750,DESCENT,928.00,928.04,-23.86,-0.24,84265.8,18.97,-0.216,-0.934,-0.177,-0.0,-0.8,-0.0,3.90
30760,DESCENT,927.64,927.79,-23.87,-0.01,84269.5,18.97,-0.221,-0.955,-0.197,-0.1,-0.1,-0.6,3.90
30770,DESCENT,927.86,927.56,-23.86,0.15,84267.2,18.97,-0.257,-0.957,-0.220,-0.2,0.2,-0.2,3.90
30780,DESCENT,926.85,927.31,-23.88,-0.37,84277.7,18.97,-0.178,-0.918,-0.223,-0.0,-0.4,-0.3,3.90
30790,DESCENT,927.18,927.07,-23.87,-0.14,84274.2,18.97,-0.254,-0.931,-0.204,-0.1,-0.4,-0.1,3.90
30800,DESCENT,926.67,926.83,-23.88,-0.34,84279.6,18.98,-0.216,-0.920,-0.195,-0.4,-0.4,0.1,3.90
30810,DESCENT,926.95,926.60,-23.87,-0.16,84276.6,18.98,-0.246,-0.929,-0.208,0.2,-0.1,-0.2,3.90
30820,DESCENT,926.59,926.37,-23.86,-0.20,84280.4,18.98,-0.242,-0.928,-0.200,0.6,0.0,-0.1,3.90
30830,DESCENT,926.12,926.13,-23.87,-0.27,84285.2,18.98,-0.239,-0.925,-0.184,0.4,-0.4,-0.4,3.90
30840,DESCENT,925.87,925.89,-23.87,0.02,84287.9,18.98,-0.223,-0.958,-0.190,-0.4,-0.4,-0.4,3.90
30850,DESCENT,925.95,925.66,-23.86,0.10,84287.1,18.98,-0.271,-0.951,-0.206,0.7,0.1,-0.6,3.90
30860,DESCENT,925.85,925.43,-23.84,-0.12,84288.1,18.98,-0.235,-0.935,-0.214,0.3,-0.3,0.1,3.90
30870,DESCENT,925.30,925.20,-23.84,-0.37,84293.8,18.99,-0.196,-0.922,-0.191,-0.0,-0.1,-0.5,3.90
30880,DESCENT,925.01,924.96,-23.84,-0.25,84296.7,18.99,-0.230,-0.934,-0.153,-0.1,-0.6,-0.0,3.90
30890,DESCENT,924.72,924.72,-23.84,-0.03,84299.8,18.99,-0.274,-0.941,-0.184,0.3,0.1,-0.5,3.90
30900,DESCENT,925.19,924.51,-23.81,-0.27,84294.9,18.99,-0.205,-0.930,-0.196,-0.3,-0.4,-0.2,3.90
30910,DESCENT,924.38,924.27,-23.81,-0.16,84303.3,18.99,-0.185,-0.949,-0.182,0.6,0.1,-0.3,3.90
30920,DESCENT,924.06,924.03,-23.81,-0.28,84306.6,18.99,-0.221,-0.922,-0.211,-0.1,-0.2,-0.4,3.90
30930,DESCENT,923.27,923.78,-23.84,-0.25,84314.8,19.00,-0.238,-0.925,-0.197,-0.1,-0.6,0.3,3.90
30940,DESCENT,923.39,923.54,-23.85,-0.63,84313.6,19.00,-0.207,-0.897,-0.165,0.2,-0.1,-0.2,3.90
30950,DESCENT,923.31,923.30,-23.85,-0.19,84314.3,19.00,-0.225,-0.939,-0.177,-0.2,-0.5,-0.2,3.90
30960,DESCENT,923.70,923.08,-23.83,-0.18,84310.3,19.00,-0.227,-0.943,-0.155,0.8,-0.0,-0.7,3.90
30970,DESCENT,922.75,922.84,-23.83,-0.13,84320.2,19.00,-0.230,-0.936,-0.211,-0.1,-0.5,0.1,3.90
30980,DESCENT,922.60,922.60,-23.83,0.04,84321.7,19.00,-0.211,-0.965,-0.179,0.5,-0.1,0.3,3.90
30990,DESCENT,922.44,922.36,-23.83,0.05,84323.3,19.00,-0.215,-0.955,-0.225,-0.2,-0.3,-0.7,3.90
31000,DESCENT,921.91,922.12,-23.84,-0.33,84328.9,19.01,-0.229,-0.921,-0.181,0.1,-0.2,-0.2,3.90
31010,DESCENT,921.91,921.88,-23.84,-0.38,84328.9,19.01,-0.227,-0.918,-0.167,-0.1,0.4,-0.3,3.90
31020,DESCENT,921.69,921.64,-23.84,-0.29,84331.1,19.01,-0.211,-0.926,-0.198,0.2,-0.2,-0.0,3.90
31030,DESCENT,920.96,921.39,-23.86,0.02,84338.7,19.01,-0.221,-0.963,-0.170,-0.1,-0.2,-0.5,3.90
31040,DESCENT,920.98,921.15,-23.87,-0.39,84338.5,19.01,-0.183,-0.923,-0.189,0.3,-0.3,-0.2,3.90
31050,DESCENT,920.84,920.91,-23.88,-0.41,84339.9,19.01,-0.183,-0.916,-0.215,0.1,-0.2,-0.0,3.90
31060,DESCENT,920.81,920.67,-23.88,-0.23,84340.2,19.02,-0.253,-0.922,-0.200,-0.2,-0.2,0.2,3.90
31070,DESCENT,920.06,920.42,-23.89,-0.34,84348.0,19.02,-0.224,-0.922,-0.177,-0.1,-0.0,-0.5,3.90
31080,DESCENT,920.19,920.19,-23.90,-0.02,84346.6,19.02,-0.203,-0.952,-0.222,0.1,-0.3,-0.1,3.90
31090,DESCENT,919.89,919.94,-23.90,-0.32,84349.8,19.02,-0.198,-0.924,-0.206,0.1,-0.4,-0.2,3.90
31100,DESCENT,919.76,919.71,-23.90,-0.22,84351.1,19.02,-0.252,-0.924,-0.196,0.3,-0.0,-0.5,3.90
31110,DESCENT,919.05,919.46,-23.92,-0.58,84358.5,19.02,-0.201,-0.898,-0.195,-0.3,-0.8,-0.3,3.90
31120,DESCENT,919.16,919.22,-23.93,-0.11,84357.3,19.02,-0.219,-0.947,-0.184,-0.4,-0.5,-0.1,3.90
31130,DESCENT,918.96,918.98,-23.93,-0.11,84359.4,19.03,-0.210,-0.942,-0.219,-0.2,0.1,-0.3,3.90
31140,DESCENT,918.96,918.74,-23.92,0.09,84359.4,19.03,-0.243,-0.955,-0.218,0.2,-0.2,-0.6,3.90
31150,DESCENT,918.88,918.51,-23.90,0.10,84360.2,19.03,-0.243,-0.966,-0.165,-0.3,-0.5,-0.1,3.90
31160,DESCENT,918.33,918.28,-23.90,-0.29,84366.0,19.03,-0.231,-0.930,-0.151,0.1,-0.3,0.1,3.90
31170,DESCENT,917.67,918.03,-23.92,0.06,84372.8,19.03,-0.242,-0.958,-0.191,-0.2,0.1,-0.4,3.90
31180,DESCENT,917.62,917.78,-23.93,-0.45,84373.2,19.03,-0.204,-0.912,-0.190,-0.3,-0.2,-0.4,3.90
31190,DESCENT,917.53,917.54,-23.93,0.21,84374.2,19.04,-0.219,-0.978,-0.199,0.5,-0.2,-0.4,3.90
31200,DESCENT,917.52,917.31,-23.92,-0.18,84374.2,19.04,-0.223,-0.931,-0.213,0.6,-0.9,-0.3,3.90
31210,DESCENT,917.09,917.07,-23.92,-0.48,84378.8,19.04,-0.232,-0.903,-0.184,0.6,-0.5,-0.3,3.90
31220,DESCENT,916.92,916.84,-23.92,-0.34,84380.5,19.04,-0.198,-0.929,-0.171,0.3,0.2,-0.4,3.90
31230,DESCENT,917.18,916.61,-23.90,-0.08,84377.9,19.04,-0.228,-0.945,-0.199,0.1,-0.0,-0.3,3.90
31240,DESCENT,916.23,916.37,-23.91,0.00,84387.7,19.04,-0.211,-0.959,-0.191,0.1,-0.0,0.0,3.90
31250,DESCENT,916.30,916.13,-23.90,-0.18,84387.0,19.04,-0.265,-0.925,-0.194,-0.0,-0.9,0.6,3.90
31260,DESCENT,915.96,915.90,-23.90,-0.06,84390.4,19.05,-0.219,-0.949,-0.203,-0.2,-0.1,-0.3,3.90
31270,DESCENT,915.99,915.67,-23.89,0.02,84390.2,19.05,-0.254,-0.944,-0.219,0.5,-0.6,-0.7,3.90
31280,DESCENT,915.71,915.44,-23.88,-0.18,84393.0,19.05,-0.226,-0.937,-0.186,-0.2,-0.2,0.1,3.90
31290,DESCENT,915.38,915.20,-23.87,0.08,84396.5,19.05,-0.243,-0.958,-0.203,0.2,-0.1,-0.1,3.90
31300,DESCENT,914.57,914.95,-23.89,-0.46,84404.9,19.05,-0.205,-0.909,-0.198,-0.2,-0.3,0.3,3.90
31310,DESCENT,914.49,914.71,-23.90,0.36,84405.7,19.05,-0.259,-0.983,-0.211,0.1,-0.1,-0.1,3.90
31320,DESCENT,914.63,914.47,-23.89,-0.74,84404.2,19.06,-0.197,-0.894,-0.124,0.2,-0.3,-0.5,3.90
31330,DESCENT,914.55,914.24,-23.89,-0.29,84405.0,19.06,-0.221,-0.925,-0.199,0.4,-0.2,-0.6,3.90
31340,DESCENT,913.55,913.99,-23.90,0.26,84415.5,19.06,-0.236,-0.984,-0.173,-0.3,-0.2,-0.4,3.90
31350,DESCENT,913.47,913.74,-23.91,-0.01,84416.2,19.06,-0.246,-0.947,-0.198,-0.2,-0.4,-0.1,3.90
31360,DESCENT,913.66,913.51,-23.91,-0.28,84414.3,19.06,-0.215,-0.924,-0.205,-0.1,-0.2,0.1,3.90
31370,DESCENT,913.02,913.26,-23.92,-0.13,84420.9,19.06,-0.254,-0.934,-0.190,0.2,0.2,-0.6,3.90
31380,DESCENT,912.97,913.02,-23.93,-0.09,84421.4,19.06,-0.216,-0.952,-0.170,-0.1,-0.5,-0.7,3.90
31390,DESCENT,912.51,912.78,-23.94,-0.07,84426.2,19.07,-0.199,-0.954,-0.189,0.3,-0.2,0.0,3.90
31400,DESCENT,912.71,912.54,-23.93,-0.22,84424.1,19.07,-0.231,-0.932,-0.185,-0.2,-0.6,-0.4,3.90
31410,DESCENT,912.24,912.30,-23.94,-0.44,84429.0,19.07,-0.215,-0.915,-0.170,-0.2,-0.2,-0.1,3.90
31420,DESCENT,912.25,912.07,-23.93,-0.14,84428.9,19.07,-0.219,-0.941,-0.196,0.5,-0.2,-0.1,3.90
31430,DESCENT,912.31,911.84,-23.91,-0.08,84428.2,19.07,-0.189,-0.953,-0.202,-0.2,-0.5,0.2,3.90
31440,DESCENT,911.57,911.60,-23.92,-0.10,84436.0,19.07,-0.248,-0.943,-0.169,0.2,-0.2,-0.2,3.90
31450,DESCENT,911.67,911.37,-23.90,-0.13,84435.0,19.08,-0.228,-0.939,-0.199,-0.3,0.1,-0.5,3.90
31460,DESCENT,911.68,911.15,-23.89,-0.38,84434.9,19.08,-0.222,-0.918,-0.180,-0.4,-0.8,-0.2,3.90
31470,DESCENT,911.12,910.91,-23.88,-0.36,84440.6,19.08,-0.202,-0.921,-0.194,-0.5,-0.4,-0.2,3.90
31480,DESCENT,910.75,910.68,-23.88,-0.13,84444.5,19.08,-0.232,-0.938,-0.199,0.4,0.1,-0.4,3.90
31490,DESCENT,910.52,910.44,-23.88,-0.21,84446.9,19.08,-0.217,-0.934,-0.193,-0.4,0.2,-0.2,3.90
31500,DESCENT,909.99,910.20,-23.89,0.16,84452.3,19.08,-0.267,-0.963,-0.188,0.2,-0.2,-0.8,3.90
31510,DESCENT,910.07,909.96,-23.88,-0.32,84451.5,19.08,-0.191,-0.931,-0.175,0.5,-0.7,-0.3,3.90
31520,DESCENT,909.78,909.72,-23.88,-0.45,84454.5,19.09,-0.181,-0.925,-0.145,0.0,-1.1,-0.2,3.90
31530,DESCENT,909.83,909.49,-23.87,-0.18,84454.0,19.09,-0.188,-0.949,-0.169,0.2,-0.1,-0.2,3.90
31540,DESCENT,908.99,909.25,-23.89,-0.47,84462.6,19.09,-0.238,-0.901,-0.191,0.4,-0.6,-0.4,3.90
31550,DESCENT,909.26,909.02,-23.88,-0.04,84459.9,19.09,-0.225,-0.955,-0.179,-0.2,-0.1,-0.3,3.90
31560,DESCENT,908.86,908.78,-23.88,-0.33,84464.1,19.09,-0.212,-0.923,-0.190,0.6,0.2,-0.3,3.90
31570,DESCENT,908.26,908.53,-23.89,-0.32,84470.2,19.09,-0.247,-0.915,-0.196,-0.3,-0.4,-0.4,3.90
31580,DESCENT,908.62,908.30,-23.88,-0.41,84466.5,19.10,-0.214,-0.916,-0.183,0.4,-0.3,0.1,3.90
31590,DESCENT,908.27,908.07,-23.88,0.01,84470.1,19.10,-0.224,-0.959,-0.182,0.2,-0.2,-0.4,3.90
31600,DESCENT,908.15,907.84,-23.87,-0.29,84471.4,19.10,-0.248,-0.920,-0.182,0.3,-0.1,-0.3,3.90
31610,DESCENT,907.71,907.60,-23.86,0.00,84476.0,19.10,-0.250,-0.949,-0.193,0.2,-0.5,-0.0,3.90
31620,DESCENT,907.38,907.37,-23.86,-0.31,84479.3,19.10,-0.221,-0.930,-0.158,0.3,-0.4,-0.4,3.90
31630,DESCENT,907.24,907.13,-23.86,-0.64,84480.9,19.10,-0.243,-0.881,-0.194,-0.2,-0.3,0.1,3.90
31640,DESCENT,907.11,906.90,-23.86,-0.42,84482.2,19.10,-0.254,-0.909,-0.163,0.4,-1.0,-0.5,3.90
31650,DESCENT,906.85,906.67,-23.86,-0.34,84484.9,19.11,-0.227,-0.918,-0.195,0.2,-0.4,-0.3,3.90
31660,DESCENT,906.69,906.43,-23.85,-0.25,84486.5,19.11,-0.189,-0.933,-0.210,-0.3,-0.2,-0.1,3.90
31670,DESCENT,906.17,906.19,-23.85,-0.19,84491.9,19.11,-0.224,-0.932,-0.207,0.4,-0.4,-0.3,3.90
31680,DESCENT,906.15,905.96,-23.84,0.17,84492.2,19.11,-0.250,-0.969,-0.184,0.1,-0.2,-0.3,3.90
31690,DESCENT,905.62,905.72,-23.85,-0.29,84497.6,19.11,-0.214,-0.928,-0.184,0.2,-0.6,-0.1,3.90
31700,DESCENT,905.81,905.49,-23.84,-0.24,84495.7,19.11,-0.205,-0.932,-0.204,0.2,-0.5,-0.4,3.90
31710,DESCENT,905.42,905.26,-23.83,-0.14,84499.8,19.12,-0.257,-0.935,-0.179,0.7,0.1,-0.2,3.90
31720,DESCENT,905.01,905.02,-23.84,-0.46,84504.0,19.12,-0.190,-0.911,-0.207,0.1,-0.5,-0.8,3.90
31730,DESCENT,905.14,904.79,-23.83,-0.07,84502.6,19.12,-0.234,-0.937,-0.232,0.2,-0.4,-0.6,3.90
31740,DESCENT,904.43,904.55,-23.83,0.01,84510.0,19.12,-0.218,-0.958,-0.192,0.2,-0.8,0.4,3.90
31750,DESCENT,904.13,904.31,-23.84,-0.47,84513.1,19.12,-0.188,-0.912,-0.194,0.3,-0.3,-0.1,3.90
31760,DESCENT,903.73,904.06,-23.86,-0.35,84517.2,19.12,-0.208,-0.922,-0.194,-0.4,-0.3,0.1,3.90
31770,DESCENT,903.92,903.82,-23.86,-0.16,84515.3,19.12,-0.229,-0.931,-0.222,0.4,0.1,0.1,3.90
31780,DESCENT,903.50,903.58,-23.86,-0.02,84519.7,19.13,-0.221,-0.954,-0.193,0.3,0.0,0.1,3.90
31790,DESCENT,903.71,903.35,-23.85,-0.05,84517.4,19.13,-0.190,-0.955,-0.207,0.7,-0.1,0.3,3.90
31800,DESCENT,903.34,903.12,-23.84,-0.06,84521.3,19.13,-0.231,-0.951,-0.172,0.1,0.1,-0.2,3.90
31810,DESCENT,902.68,902.88,-23.85,-0.18,84528.1,19.13,-0.203,-0.944,-0.174,0.2,-0.5,-0.4,3.90
31820,DESCENT,902.97,902.65,-23.83,0.16,84525.1,19.13,-0.247,-0.967,-0.195,0.2,-0.6,0.2,3.90
31830,DESCENT,902.53,902.41,-23.83,-0.29,84529.7,19.13,-0.233,-0.920,-0.200,-0.1,-0.1,0.3,3.90
31840,DESCENT,902.13,902.17,-23.83,0.30,84533.8,19.14,-0.193,-0.990,-0.216,0.1,-0.1,-0.5,3.90
31850,DESCENT,902.05,901.94,-23.83,-0.22,84534.7,19.14,-0.260,-0.928,-0.161,-0.2,0.1,-0.4,3.90
31860,DESCENT,901.50,901.69,-23.84,-0.43,84540.4,19.14,-0.232,-0.912,-0.171,0.1,-0.2,0.2,3.90
31870,DESCENT,901.89,901.47,-23.82,-0.35,84536.3,19.14,-0.230,-0.914,-0.206,0.2,-0.8,-0.5,3.90
31880,DESCENT,901.85,901.25,-23.80,-0.38,84536.7,19.14,-0.243,-0.916,-0.163,-0.3,-0.3,-0.2,3.90
31890,DESCENT,900.81,901.00,-23.81,-0.13,84547.5,19.14,-0.235,-0.941,-0.186,-0.5,-0.4,0.1,3.90
31900,DESCENT,900.17,900.75,-23.84,-0.24,84554.1,19.14,-0.225,-0.924,-0.215,-0.1,-0.4,-0.2,3.90
31910,DESCENT,900.77,900.52,-23.83,-0.24,84548.0,19.15,-0.203,-0.937,-0.182,0.1,-0.1,0.2,3.90
31920,DESCENT,900.45,900.28,-23.83,-0.30,84551.3,19.15,-0.227,-0.927,-0.172,-0.2,-0.3,-0.2,3.90
31930,DESCENT,899.97,900.04,-23.83,-0.25,84556.2,19.15,-0.177,-0.938,-0.195,0.5,0.0,0.2,3.90
31940,DESCENT,900.24,899.82,-23.82,-0.04,84553.5,19.15,-0.241,-0.945,-0.200,0.2,-0.3,-0.3,3.90
31950,DESCENT,899.77,899.58,-23.81,-0.46,84558.4,19.15,-0.246,-0.902,-0.180,-0.3,0.1,0.0,3.90
31960,DESCENT,899.56,899.35,-23.81,-0.22,84560.5,19.15,-0.252,-0.928,-0.173,0.5,-0.2,-0.5,3.90
31970,DESCENT,899.26,899.12,-23.80,-0.36,84563.7,19.16,-0.212,-0.914,-0.214,0.3,-0.6,-0.7,3.90
31980,DESCENT,898.48,898.87,-23.82,-0.53,84571.8,19.16,-0.223,-0.901,-0.178,-0.0,0.2,-0.1,3.90
31990,DESCENT,898.52,898.63,-23.83,-0.11,84571.3,19.16,-0.251,-0.936,-0.197,-0.3,-0.4,-0.0,3.90
32000,DESCENT,898.43,898.39,-23.83,-0.31,84572.2,19.16,-0.215,-0.920,-0.211,0.1,-0.4,-0.4,3.90
32010,DESCENT,897.87,898.14,-23.85,-0.33,84578.1,19.16,-0.220,-0.923,-0.186,-0.1,-0.3,-0.2,3.90
32020,DESCENT,898.16,897.91,-23.84,-0.31,84575.0,19.16,-0.215,-0.926,-0.187,0.4,-0.9,-0.1,3.90
32030,DESCENT,897.79,897.68,-23.84,-0.30,84578.9,19.16,-0.241,-0.921,-0.181,0.1,-0.5,-0.0,3.90
32040,DESCENT,897.17,897.43,-23.85,-0.10,84585.3,19.17,-0.201,-0.942,-0.228,0.2,-0.4,-0.7,3.90
32050,DESCENT,897.04,897.19,-23.86,-0.02,84586.7,19.17,-0.215,-0.961,-0.161,-0.4,-0.4,0.2,3.90
32060,DESCENT,896.97,896.95,-23.86,-0.30,84587.4,19.17,-0.229,-0.928,-0.157,-0.2,-0.2,-0.3,3.90
32070,DESCENT,897.03,896.72,-23.85,0.06,84586.8,19.17,-0.202,-0.968,-0.187,0.1,-0.6,-0.5,3.90
32080,DESCENT,896.77,896.49,-23.84,0.02,84589.5,19.17,-0.191,-0.958,-0.220,0.6,-0.3,-0.1,3.90
32090,DESCENT,896.44,896.26,-23.83,-0.07,84592.9,19.17,-0.224,-0.951,-0.180,0.3,-0.5,-0.2,3.90
32100,DESCENT,895.96,896.02,-23.83,-0.26,84597.8,19.18,-0.203,-0.934,-0.183,0.6,-0.4,-0.2,3.90
32110,DESCENT,895.40,895.77,-23.85,-0.18,84603.7,19.18,-0.227,-0.943,-0.150,-0.2,0.3,0.1,3.90
32120,DESCENT,895.74,895.54,-23.84,-0.41,84600.1,19.18,-0.210,-0.919,-0.171,-0.5,-0.6,-0.2,3.90
32130,DESCENT,895.34,895.30,-23.84,0.02,84604.2,19.18,-0.205,-0.960,-0.205,0.6,0.1,-0.1,3.90
32140,DESCENT,895.24,895.07,-23.84,-0.28,84605.4,19.18,-0.216,-0.929,-0.181,0.4,0.0,-0.3,3.90
32150,DESCENT,894.83,894.83,-23.84,0.00,84609.5,19.18,-0.223,-0.955,-0.199,0.2,-0.6,-0.4,3.90
32160,DESCENT,894.51,894.59,-23.84,-0.16,84612.9,19.18,-0.189,-0.948,-0.179,-0.3,-0.3,-0.8,3.90
32170,DESCENT,894.36,894.35,-23.84,-0.04,84614.4,19.19,-0.237,-0.952,-0.172,0.5,0.0,-0.4,3.90
32180,DESCENT,893.97,894.11,-23.85,-0.23,84618.6,19.19,-0.242,-0.920,-0.220,0.0,-0.0,-0.3,3.90
32190,DESCENT,893.88,893.87,-23.85,-0.15,84619.5,19.19,-0.220,-0.945,-0.172,-0.0,-0.2,0.1,3.90
32200,DESCENT,893.75,893.63,-23.85,-0.00,84620.8,19.19,-0.261,-0.947,-0.186,-0.3,-0.8,-0.5,3.90
32210,DESCENT,893.57,893.40,-23.84,-0.12,84622.7,19.19,-0.223,-0.945,-0.184,-0.0,-0.5,-0.3,3.90
32220,DESCENT,893.27,893.16,-23.84,-0.45,84625.8,19.19,-0.220,-0.902,-0.218,0.1,-0.5,0.2,3.90
32230,DESCENT,893.01,892.93,-23.84,-0.30,84628.5,19.20,-0.236,-0.919,-0.199,-0.4,-0.1,0.1,3.90
32240,DESCENT,892.26,892.68,-23.86,-0.67,84636.3,19.20,-0.179,-0.898,-0.172,0.1,-0.2,-0.5,3.90
32250,DESCENT,892.56,892.44,-23.86,-0.14,84633.2,19.20,-0.212,-0.945,-0.187,-0.2,-0.4,-0.3,3.90
32260,DESCENT,892.44,892.21,-23.85,-0.32,84634.4,19.20,-0.193,-0.927,-0.196,0.3,-0.4,0.4,3.90
32270,DESCENT,891.84,891.97,-23.86,0.12,84640.6,19.20,-0.282,-0.954,-0.191,0.1,-0.0,-0.4,3.90
32280,DESCENT,891.72,891.73,-23.86,-0.47,84641.9,19.20,-0.211,-0.911,-0.177,0.4,-0.6,-0.4,3.90
32290,DESCENT,891.71,891.50,-23.86,-0.07,84642.0,19.20,-0.230,-0.951,-0.168,0.2,0.1,-0.4,3.90
32300,DESCENT,891.46,891.26,-23.85,-0.44,84644.6,19.21,-0.216,-0.910,-0.192,0.1,-0.3,-0.2,3.90
32310,DESCENT,891.21,891.03,-23.85,-0.45,84647.2,19.21,-0.188,-0.919,-0.172,0.2,-0.2,-0.1,3.90
32320,DESCENT,890.95,890.80,-23.84,0.09,84649.9,19.21,-0.229,-0.964,-0.194,-0.2,-0.1,-0.1,3.90
32330,DESCENT,890.87,890.57,-23.83,-0.54,84650.7,19.21,-0.196,-0.900,-0.207,0.3,-0.5,-0.1,3.90
32340,DESCENT,890.19,890.32,-23.84,-0.31,84657.8,19.21,-0.217,-0.931,-0.160,0.4,-0.3,0.0,3.90
32350,DESCENT,890.04,890.08,-23.85,-0.13,84659.3,19.21,-0.221,-0.943,-0.189,0.3,-0.7,-0.4,3.90
32360,DESCENT,889.86,889.85,-23.85,-0.08,84661.2,19.22,-0.268,-0.937,-0.188,0.4,-0.7,-0.1,3.90
32370,DESCENT,889.74,889.61,-23.84,0.01,84662.4,19.22,-0.208,-0.962,-0.187,0.1,-0.4,-0.4,3.90
32380,DESCENT,889.47,889.38,-23.84,-0.39,84665.3,19.22,-0.201,-0.914,-0.215,-0.7,0.6,-0.7,3.90
32390,DESCENT,889.02,889.13,-23.85,-0.27,84670.0,19.22,-0.240,-0.928,-0.167,0.4,-0.1,-0.6,3.90
32400,DESCENT,889.42,888.91,-23.83,-0.11,84665.8,19.22,-0.174,-0.954,-0.198,0.5,-0.5,0.6,3.90
32410,DESCENT,888.63,888.67,-23.83,-0.08,84674.0,19.22,-0.212,-0.951,-0.187,-0.4,-0.4,-0.0,3.90
32420,DESCENT,888.51,888.43,-23.83,-0.06,84675.2,19.22,-0.233,-0.947,-0.194,0.1,-0.9,-0.1,3.90
32430,DESCENT,888.03,888.19,-23.84,-0.16,84680.2,19.23,-0.273,-0.917,-0.227,0.6,-0.6,-0.6,3.90
32440,DESCENT,888.10,887.96,-23.83,-0.22,84679.5,19.23,-0.224,-0.924,-0.228,-0.2,0.1,-0.1,3.90
32450,DESCENT,887.77,887.72,-23.83,-0.15,84682.9,19.23,-0.216,-0.943,-0.183,-0.4,0.0,-0.3,3.90
32460,DESCENT,887.48,887.48,-23.83,-0.12,84686.0,19.23,-0.268,-0.927,-0.208,0.1,-0.4,-0.4,3.90
32470,DESCENT,887.17,887.24,-23.84,-0.34,84689.1,19.23,-0.216,-0.925,-0.166,0.0,-0.3,-0.2,3.90
32480,DESCENT,887.13,887.01,-23.84,-0.15,84689.6,19.23,-0.221,-0.941,-0.189,-0.4,-0.3,-0.3,3.90
32490,DESCENT,886.83,886.77,-23.84,-0.14,84692.7,19.24,-0.185,-0.953,-0.175,0.3,0.1,-0.5,3.90
32500,DESCENT,886.34,886.53,-23.84,0.32,84697.8,19.24,-0.229,-0.993,-0.169,0.2,-0.3,-0.2,3.90
32510,DESCENT,886.10,886.28,-23.85,-0.13,84700.3,19.24,-0.238,-0.935,-0.206,-0.2,0.2,-0.7,3.90
32520,DESCENT,885.63,886.03,-23.87,-0.58,84705.1,19.24,-0.202,-0.906,-0.147,0.2,0.0,0.3,3.90
32530,DESCENT,886.06,885.80,-23.86,-0.07,84700.7,19.24,-0.234,-0.952,-0.158,-0.1,0.1,-0.3,3.90
32540,DESCENT,885.85,885.57,-23.85,-0.47,84702.9,19.24,-0.200,-0.911,-0.189,0.0,-0.3,-0.3,3.90
32550,DESCENT,885.49,885.34,-23.85,-0.21,84706.6,19.24,-0.193,-0.938,-0.203,0.2,-0.6,-0.4,3.90
32560,DESCENT,885.38,885.11,-23.84,-0.33,84707.8,19.25,-0.226,-0.924,-0.170,0.1,-0.3,0.2,3.90
32570,DESCENT,885.06,884.87,-23.84,-0.17,84711.1,19.25,-0.268,-0.930,-0.173,0.5,-0.3,-0.4,3.90
32580,DESCENT,884.57,884.63,-23.84,-0.50,84716.1,19.25,-0.218,-0.897,-0.217,0.3,-0.4,-0.4,3.90
32590,DESCENT,883.99,884.38,-23.86,-0.52,84722.2,19.25,-0.210,-0.907,-0.170,0.2,-0.1,-0.1,3.90
32600,DESCENT,884.31,884.15,-23.86,-0.09,84718.9,19.25,-0.223,-0.948,-0.185,0.4,-0.1,-0.7,3.90
32610,DESCENT,884.10,883.92,-23.85,0.04,84721.1,19.25,-0.238,-0.957,-0.190,0.4,0.0,-0.4,3.90
32620,DESCENT,883.91,883.68,-23.85,-0.26,84723.0,19.26,-0.248,-0.922,-0.186,0.4,-0.4,0.3,3.90
32630,DESCENT,883.40,883.44,-23.85,-0.10,84728.3,19.26,-0.254,-0.944,-0.154,0.5,-0.1,-0.9,3.90
32640,DESCENT,883.28,883.21,-23.85,0.13,84729.5,19.26,-0.204,-0.976,-0.184,0.2,0.2,-0.5,3.90
32650,DESCENT,883.10,882.97,-23.84,-0.19,84731.4,19.26,-0.227,-0.936,-0.184,-0.8,-1.0,-0.6,3.90
32660,DESCENT,882.81,882.74,-23.84,-0.10,84734.5,19.26,-0.223,-0.945,-0.193,0.0,-0.1,-0.5,3.90
32670,DESCENT,882.46,882.50,-23.84,-0.55,84738.1,19.26,-0.225,-0.896,-0.192,0.1,-0.2,-0.4,3.90
32680,DESCENT,882.28,882.26,-23.85,-0.25,84740.0,19.26,-0.219,-0.932,-0.185,0.4,0.3,0.1,3.90
32690,DESCENT,881.77,882.01,-23.86,-0.30,84745.3,19.27,-0.217,-0.915,-0.233,-0.2,0.2,-0.4,3.90
32700,DESCENT,881.85,881.78,-23.86,-0.01,84744.4,19.27,-0.191,-0.956,-0.216,0.1,-0.0,-0.1,3.90
32710,DESCENT,881.92,881.55,-23.84,-0.12,84743.7,19.27,-0.252,-0.935,-0.194,-0.2,0.3,-0.2,3.90
32720,DESCENT,881.42,881.31,-23.84,-0.05,84748.9,19.27,-0.230,-0.948,-0.196,0.3,-0.4,0.1,3.90
32730,DESCENT,881.02,881.07,-23.85,-0.36,84753.1,19.27,-0.182,-0.930,-0.173,0.2,-0.3,-0.0,3.90
32740,DESCENT,881.08,880.84,-23.84,-0.31,84752.4,19.27,-0.221,-0.924,-0.188,0.1,0.7,-0.0,3.90
32750,DESCENT,880.86,880.61,-23.83,-0.08,84754.8,19.28,-0.207,-0.951,-0.194,-0.7,-0.3,-0.7,3.90
32760,DESCENT,880.72,880.38,-23.82,0.09,84756.2,19.28,-0.219,-0.969,-0.180,-0.1,-0.1,0.1,3.90
32770,DESCENT,880.07,880.14,-23.82,0.40,84763.0,19.28,-0.247,-0.988,-0.216,0.4,-0.2,-0.3,3.90
32780,DESCENT,880.06,879.91,-23.81,-0.47,84763.0,19.28,-0.254,-0.900,-0.173,-0.2,-0.0,0.3,3.90
32790,DESCENT,879.78,879.67,-23.81,-0.13,84766.0,19.28,-0.228,-0.941,-0.191,0.4,-0.2,-0.7,3.90
32800,DESCENT,879.28,879.43,-23.82,-0.14,84771.1,19.28,-0.218,-0.936,-0.217,-0.3,-1.0,-0.5,3.90
32810,DESCENT,879.54,879.20,-23.81,-0.30,84768.5,19.28,-0.229,-0.924,-0.181,0.3,-0.4,-1.1,3.90
32820,DESCENT,879.19,878.97,-23.80,0.04,84772.0,19.29,-0.190,-0.965,-0.201,0.2,0.2,0.5,3.90
32830,DESCENT,878.62,878.73,-23.80,-0.40,84778.0,19.29,-0.200,-0.920,-0.184,-0.4,0.1,-0.0,3.90
32840,DESCENT,878.29,878.49,-23.81,-0.08,84781.4,19.29,-0.240,-0.945,-0.182,-0.2,0.1,0.2,3.90
32850,DESCENT,878.00,878.24,-23.82,-0.01,84784.4,19.29,-0.222,-0.955,-0.193,-0.3,-0.2,-0.6,3.90
32860,DESCENT,877.80,878.00,-23.83,-0.05,84786.5,19.29,-0.260,-0.942,-0.187,0.2,0.2,-0.3,3.90
32870,DESCENT,877.76,877.76,-23.83,0.08,84787.0,19.29,-0.262,-0.958,-0.171,0.2,0.0,0.2,3.90
32880,DESCENT,877.16,877.51,-23.85,-0.24,84793.2,19.30,-0.230,-0.928,-0.194,0.1,-0.4,0.4,3.90
32890,DESCENT,877.41,877.28,-23.85,-0.40,84790.6,19.30,-0.233,-0.913,-0.178,-0.2,-0.4,-0.4,3.90
32900,DESCENT,877.39,877.05,-23.84,-0.27,84790.8,19.30,-0.223,-0.927,-0.190,0.3,-0.6,-0.0,3.90
32910,DESCENT,877.17,876.82,-23.83,-0.65,84793.1,19.30,-0.210,-0.894,-0.161,0.4,-0.4,-0.1,3.90
32920,DESCENT,876.78,876.59,-23.82,-0.03,84797.2,19.30,-0.254,-0.946,-0.188,-0.2,0.0,-1.5,3.90
32930,DESCENT,876.54,876.35,-23.81,-0.15,84799.6,19.30,-0.265,-0.922,-0.223,-0.1,0.0,-0.6,3.90
32940,DESCENT,876.01,876.11,-23.82,-0.25,84805.2,19.30,-0.252,-0.918,-0.207,0.1,-0.5,-0.3,3.90
32950,DESCENT,876.30,875.89,-23.81,-0.25,84802.1,19.31,-0.238,-0.929,-0.172,0.2,0.0,-0.3,3.90
32960,DESCENT,875.92,875.66,-23.80,-0.26,84806.1,19.31,-0.244,-0.914,-0.227,-0.1,-0.1,0.2,3.90
32970,DESCENT,875.60,875.42,-23.79,-0.26,84809.4,19.31,-0.219,-0.930,-0.184,0.3,-0.2,0.2,3.90
32980,DESCENT,875.45,875.19,-23.78,-0.15,84811.0,19.31,-0.223,-0.943,-0.172,0.2,0.0,-0.4,3.90
32990,DESCENT,874.95,874.95,-23.79,-0.11,84816.2,19.31,-0.246,-0.941,-0.181,0.2,-0.5,0.2,3.90
33000,DESCENT,874.51,874.71,-23.79,0.08,84820.8,19.31,-0.237,-0.959,-0.203,0.1,-0.3,-0.6,3.90
33010,DESCENT,874.44,874.47,-23.79,-0.06,84821.4,19.32,-0.199,-0.956,-0.186,0.1,-0.2,-0.2,3.90
33020,DESCENT,874.18,874.23,-23.80,0.46,84824.2,19.32,-0.266,-0.996,-0.185,0.4,-0.9,-0.3,3.90
33030,DESCENT,873.96,873.99,-23.80,-0.63,84826.5,19.32,-0.230,-0.889,-0.174,0.3,-0.1,0.1,3.90
33040,DESCENT,874.30,873.77,-23.78,-0.21,84823.0,19.32,-0.230,-0.937,-0.168,-0.3,-0.2,-0.3,3.90
33050,DESCENT,873.30,873.53,-23.79,-0.27,84833.4,19.32,-0.253,-0.914,-0.215,-0.1,-0.6,0.5,3.90
33060,DESCENT,873.18,873.29,-23.80,0.02,84834.6,19.32,-0.268,-0.951,-0.167,-0.3,-0.1,-0.0,3.90
33070,DESCENT,873.02,873.05,-23.80,-0.44,84836.2,19.32,-0.225,-0.910,-0.178,0.4,-0.2,-0.1,3.90
33080,DESCENT,872.86,872.81,-23.80,-0.57,84837.9,19.33,-0.208,-0.906,-0.152,-0.2,-0.2,0.3,3.90
33090,DESCENT,872.81,872.58,-23.80,-0.21,84838.5,19.33,-0.254,-0.924,-0.201,0.2,-0.4,-0.0,3.90
33100,DESCENT,872.18,872.34,-23.80,0.27,84845.0,19.33,-0.230,-0.984,-0.191,0.2,-0.5,-0.2,3.90
33110,DESCENT,871.98,872.09,-23.81,-0.26,84847.1,19.33,-0.214,-0.932,-0.181,0.5,-0.3,0.2,3.90
33120,DESCENT,871.80,871.85,-23.81,-0.05,84849.0,19.33,-0.277,-0.929,-0.223,-0.3,-0.4,-0.4,3.90
33130,DESCENT,871.63,871.62,-23.81,-0.20,84850.7,19.33,-0.211,-0.938,-0.189,-0.1,-0.1,-0.4,3.90
33140,DESCENT,871.32,871.38,-23.82,-0.13,84854.0,19.34,-0.248,-0.933,-0.201,-0.2,0.3,-0.2,3.90
33150,DESCENT,870.88,871.13,-23.83,-0.28,84858.5,19.34,-0.225,-0.928,-0.176,0.3,-0.4,-0.6,3.90
33160,DESCENT,871.29,870.91,-23.82,-0.33,84854.2,19.34,-0.231,-0.920,-0.181,-0.1,-0.3,-0.6,3.90
33170,DESCENT,870.84,870.67,-23.81,-0.42,84859.0,19.34,-0.222,-0.908,-0.202,0.8,-0.0,-0.6,3.90
33180,DESCENT,870.65,870.44,-23.81,-0.13,84860.9,19.34,-0.201,-0.946,-0.199,0.4,-0.5,-0.4,3.90
33190,DESCENT,870.37,870.21,-23.80,-0.13,84863.8,19.34,-0.197,-0.949,-0.187,0.2,-0.1,0.1,3.90
33200,DESCENT,870.31,869.98,-23.79,-0.08,84864.4,19.34,-0.192,-0.948,-0.217,0.4,0.3,-0.2,3.90
33210,DESCENT,869.67,869.74,-23.79,-0.29,84871.1,19.35,-0.213,-0.930,-0.176,-0.0,0.1,0.2,3.90
33220,DESCENT,869.63,869.50,-23.79,-0.44,84871.6,19.35,-0.211,-0.917,-0.161,0.2,-0.0,-0.1,3.90
33230,DESCENT,869.07,869.26,-23.80,-0.07,84877.3,19.35,-0.233,-0.947,-0.191,-0.2,-0.2,-0.1,3.90
33240,DESCENT,869.32,869.03,-23.79,-0.31,84874.7,19.35,-0.212,-0.924,-0.194,-0.0,-0.5,-0.2,3.90
33250,DESCENT,869.05,868.80,-23.78,0.06,84877.6,19.35,-0.233,-0.956,-0.213,0.3,-0.3,-0.5,3.90
33260,DESCENT,868.68,868.57,-23.78,-0.30,84881.5,19.35,-0.220,-0.925,-0.185,-0.1,-0.1,0.1,3.90
33270,DESCENT,868.55,868.33,-23.77,-0.21,84882.8,19.36,-0.209,-0.942,-0.163,-0.4,0.1,-0.1,3.90
33280,DESCENT,868.19,868.10,-23.77,-0.34,84886.5,19.36,-0.268,-0.898,-0.230,0.4,0.1,-0.2,3.90
33290,DESCENT,868.13,867.87,-23.76,0.22,84887.2,19.36,-0.199,-0.979,-0.220,0.3,-0.2,-0.4,3.90
33300,DESCENT,867.32,867.62,-23.78,-0.38,84895.5,19.36,-0.206,-0.922,-0.175,-0.2,-0.7,-0.4,3.90
33310,DESCENT,867.11,867.38,-23.79,-0.17,84897.8,19.36,-0.231,-0.934,-0.201,-0.0,-0.4,-0.1,3.90
33320,DESCENT,867.55,867.15,-23.77,0.15,84893.2,19.36,-0.231,-0.966,-0.210,-0.0,-0.4,-0.2,3.90
33330,DESCENT,867.18,866.92,-23.76,-0.05,84897.1,19.36,-0.255,-0.945,-0.176,0.1,-0.3,-0.3,3.90
33340,DESCENT,867.00,866.69,-23.75,-0.13,84899.0,19.37,-0.241,-0.940,-0.180,-0.1,-0.4,-0.2,3.90
33350,DESCENT,866.44,866.45,-23.75,-0.20,84904.7,19.37,-0.245,-0.931,-0.181,0.3,-0.4,-0.0,3.90
33360,DESCENT,865.64,866.20,-23.78,-0.38,84913.1,19.37,-0.198,-0.917,-0.211,0.1,-0.1,0.1,3.90
33370,DESCENT,866.09,865.97,-23.78,-0.14,84908.3,19.37,-0.194,-0.947,-0.192,0.3,-0.6,0.5,3.90
33380,DESCENT,865.54,865.72,-23.79,-0.30,84914.1,19.37,-0.240,-0.928,-0.144,0.4,-0.5,-0.3,3.90
33390,DESCENT,865.58,865.49,-23.78,-0.23,84913.7,19.37,-0.239,-0.931,-0.175,0.4,-0.7,-0.5,3.90
33400,DESCENT,865.11,865.25,-23.79,-0.51,84918.6,19.38,-0.258,-0.887,-0.210,-0.0,-0.6,-0.6,3.90
33410,DESCENT,865.51,865.02,-23.78,-0.20,84914.4,19.38,-0.231,-0.936,-0.174,-0.1,0.1,-0.1,3.90
33420,DESCENT,865.24,864.80,-23.76,-0.39,84917.3,19.38,-0.218,-0.922,-0.154,0.0,-0.1,0.1,3.90
33430,DESCENT,864.30,864.55,-23.78,-0.25,84927.0,19.38,-0.169,-0.946,-0.157,0.0,-0.4,-0.0,3.90
33440,DESCENT,864.12,864.31,-23.79,-0.35,84928.9,19.38,-0.190,-0.928,-0.181,0.7,0.2,-0.0,3.90
33450,DESCENT,864.56,864.08,-23.77,-0.15,84924.3,19.38,-0.193,-0.946,-0.195,0.4,-0.0,0.0,3.90
33460,DESCENT,863.86,863.85,-23.77,-0.07,84931.6,19.38,-0.243,-0.943,-0.194,-0.2,-0.2,-0.4,3.90
33470,DESCENT,863.55,863.61,-23.77,-0.25,84934.9,19.39,-0.207,-0.936,-0.175,0.2,-0.3,-0.4,3.90
33480,DESCENT,863.34,863.37,-23.78,-0.43,84937.0,19.39,-0.213,-0.919,-0.156,0.3,-0.9,0.2,3.90
33490,DESCENT,863.22,863.13,-23.78,-0.11,84938.3,19.39,-0.194,-0.951,-0.191,-0.2,-0.4,0.2,3.90
33500,DESCENT,862.81,862.89,-23.78,-0.00,84942.5,19.39,-0.228,-0.943,-0.240,-0.2,0.2,-0.5,3.90
33510,DESCENT,862.90,862.66,-23.77,-0.09,84941.6,19.39,-0.240,-0.947,-0.166,-0.3,-0.2,-0.4,3.90
33520,DESCENT,862.02,862.41,-23.79,-0.07,84950.8,19.39,-0.254,-0.938,-0.204,-0.3,-0.1,-0.4,3.90
33530,DESCENT,862.10,862.17,-23.79,0.08,84949.9,19.40,-0.265,-0.948,-0.216,0.5,-0.4,-0.4,3.90
33540,DESCENT,862.10,861.94,-23.79,-0.48,84949.9,19.40,-0.203,-0.905,-0.212,0.3,0.4,-0.4,3.90
33550,DESCENT,861.73,861.70,-23.79,-0.25,84953.8,19.40,-0.245,-0.921,-0.205,0.2,0.1,0.1,3.90
33560,DESCENT,861.19,861.46,-23.81,-0.49,84959.4,19.40,-0.214,-0.906,-0.189,0.6,-0.0,0.2,3.90
33570,DESCENT,861.53,861.23,-23.79,0.15,84955.9,19.40,-0.246,-0.966,-0.195,-0.4,-0.4,-0.3,3.90
33580,DESCENT,861.15,860.99,-23.79,-0.05,84959.8,19.40,-0.205,-0.959,-0.169,0.2,0.1,-0.4,3.90
33590,DESCENT,860.71,860.76,-23.79,-0.26,84964.5,19.40,-0.235,-0.923,-0.202,-0.2,-0.9,-0.6,3.90
33600,DESCENT,861.02,860.53,-23.77,0.04,84961.1,19.41,-0.187,-0.966,-0.201,0.2,-0.2,-0.1,3.90
33610,DESCENT,860.16,860.29,-23.78,0.01,84970.1,19.41,-0.257,-0.948,-0.192,0.3,-0.3,-0.0,3.90
33620,DESCENT,860.14,860.06,-23.77,-0.14,84970.3,19.41,-0.249,-0.937,-0.181,-0.6,0.1,0.1,3.90
33630,DESCENT,859.74,859.82,-23.78,-0.36,84974.5,19.41,-0.213,-0.917,-0.200,0.3,-0.4,-0.1,3.90
33640,DESCENT,859.76,859.58,-23.78,-0.61,84974.4,19.41,-0.208,-0.896,-0.183,0.3,-0.7,-0.1,3.90
33650,DESCENT,859.23,859.34,-23.79,-0.29,84979.9,19.41,-0.222,-0.929,-0.171,0.0,-0.0,-0.1,3.90
33660,DESCENT,859.32,859.11,-23.78,-0.09,84978.9,19.42,-0.232,-0.947,-0.172,0.0,-0.1,0.1,3.90
33670,DESCENT,858.74,858.87,-23.79,-0.25,84984.9,19.42,-0.214,-0.936,-0.169,0.1,-0.1,-0.6,3.90
33680,DESCENT,858.75,858.63,-23.79,-0.47,84984.9,19.42,-0.236,-0.906,-0.171,0.1,-0.3,-0.1,3.90
33690,DESCENT,858.43,858.40,-23.79,-0.32,84988.1,19.42,-0.224,-0.923,-0.185,0.2,-0.5,0.1,3.90
33700,DESCENT,857.99,858.15,-23.80,-0.15,84992.8,19.42,-0.222,-0.937,-0.206,0.1,-0.6,-0.1,3.90
33710,DESCENT,858.15,857.92,-23.79,0.24,84991.1,19.42,-0.231,-0.983,-0.175,0.1,-0.3,-0.5,3.90
33720,DESCENT,857.81,857.69,-23.78,-0.23,84994.6,19.42,-0.235,-0.927,-0.196,0.1,0.1,-0.5,3.90
33730,DESCENT,857.42,857.45,-23.79,-0.45,84998.7,19.43,-0.241,-0.898,-0.212,-0.1,-0.5,-0.5,3.90
33740,DESCENT,857.04,857.21,-23.80,-0.16,85002.7,19.43,-0.201,-0.945,-0.186,0.3,-0.2,0.1,3.90
33750,DESCENT,857.12,856.97,-23.79,-0.15,85001.8,19.43,-0.189,-0.951,-0.170,0.7,-0.2,0.3,3.90
33760,DESCENT,856.62,856.73,-23.80,-0.45,85007.0,19.43,-0.214,-0.909,-0.195,-0.2,-0.7,-0.2,3.90
33770,DESCENT,856.42,856.49,-23.80,0.14,85009.1,19.43,-0.231,-0.969,-0.196,-0.4,-0.3,-0.0,3.90
33780,DESCENT,856.45,856.26,-23.80,-0.23,85008.8,19.43,-0.255,-0.924,-0.184,-0.1,-0.3,-0.6,3.90
33790,DESCENT,856.25,856.03,-23.79,-0.19,85010.9,19.44,-0.239,-0.927,-0.213,0.5,-0.4,-0.1,3.90
33800,DESCENT,855.93,855.79,-23.79,-0.48,85014.3,19.44,-0.221,-0.912,-0.156,-0.1,-0.1,-0.1,3.90
33810,DESCENT,855.76,855.56,-23.78,-0.15,85016.0,19.44,-0.184,-0.943,-0.218,-0.1,-0.1,0.3,3.90
33820,DESCENT,855.44,855.33,-23.78,-0.37,85019.3,19.44,-0.194,-0.924,-0.187,-0.3,-0.5,-0.1,3.90
33830,DESCENT,855.20,855.09,-23.78,-0.11,85021.8,19.44,-0.249,-0.941,-0.179,-0.1,0.2,-0.6,3.90
33840,DESCENT,855.03,854.86,-23.77,-0.14,85023.6,19.44,-0.216,-0.947,-0.169,0.1,-0.2,-0.1,3.90
33850,DESCENT,854.82,854.63,-23.77,-0.14,85025.8,19.44,-0.231,-0.938,-0.196,-0.2,-0.1,0.0,3.90
33860,DESCENT,854.30,854.39,-23.77,-0.19,85031.2,19.45,-0.228,-0.930,-0.212,-0.2,-0.2,-0.4,3.90
33870,DESCENT,854.10,854.15,-23.78,-0.71,85033.3,19.45,-0.201,-0.883,-0.196,-0.4,-0.2,0.0,3.90
33880,DESCENT,854.30,853.92,-23.77,-0.28,85031.2,19.45,-0.233,-0.924,-0.190,0.3,-0.4,-0.5,3.90
33890,DESCENT,854.04,853.69,-23.76,-0.53,85033.9,19.45,-0.249,-0.903,-0.135,0.1,-0.0,-0.1,3.90
33900,DESCENT,853.08,853.45,-23.78,-0.21,85043.9,19.45,-0.220,-0.931,-0.207,0.1,0.1,-0.4,3.90
33910,DESCENT,853.32,853.21,-23.77,-0.04,85041.4,19.45,-0.258,-0.944,-0.185,0.7,-0.2,0.0,3.90
33920,DESCENT,853.17,852.98,-23.77,-0.35,85043.0,19.46,-0.232,-0.919,-0.175,0.1,0.2,-0.2,3.90
33930,DESCENT,853.07,852.75,-23.76,-0.38,85044.0,19.46,-0.206,-0.917,-0.200,0.3,-0.2,-0.3,3.90
33940,DESCENT,852.81,852.52,-23.75,-0.07,85046.7,19.46,-0.225,-0.947,-0.195,0.1,-0.4,-0.1,3.90
33950,DESCENT,852.20,852.28,-23.75,-0.27,85053.0,19.46,-0.232,-0.924,-0.195,-0.1,0.0,-0.1,3.90
33960,DESCENT,852.10,852.04,-23.75,-0.48,85054.2,19.46,-0.207,-0.913,-0.162,0.4,-0.4,-0.3,3.90
33970,DESCENT,852.02,851.81,-23.75,-0.24,85055.0,19.46,-0.222,-0.932,-0.187,-0.5,-0.3,0.0,3.90
33980,DESCENT,851.53,851.57,-23.75,-0.30,85060.1,19.46,-0.214,-0.928,-0.182,0.8,-0.4,-0.2,3.90
33990,DESCENT,851.26,851.33,-23.76,0.07,85062.9,19.47,-0.238,-0.960,-0.189,0.1,-0.2,0.1,3.90
34000,DESCENT,851.13,851.10,-23.76,-0.42,85064.2,19.47,-0.225,-0.916,-0.159,0.4,-0.3,-0.3,3.90
34010,DESCENT,851.00,850.86,-23.76,-0.46,85065.6,19.47,-0.250,-0.897,-0.203,0.6,-0.3,-0.2,3.90
34020,DESCENT,850.68,850.63,-23.76,-0.12,85068.9,19.47,-0.239,-0.940,-0.188,-0.1,-0.1,-0.3,3.90
34030,DESCENT,850.27,850.39,-23.76,-0.09,85073.2,19.47,-0.230,-0.946,-0.187,0.3,-0.7,-0.6,3.90
34040,DESCENT,850.05,850.15,-23.77,-0.16,85075.5,19.47,-0.275,-0.915,-0.234,0.5,-0.3,0.1,3.90
34050,DESCENT,849.99,849.91,-23.77,0.06,85076.1,19.48,-0.258,-0.958,-0.172,0.2,-0.1,-0.1,3.90
34060,DESCENT,849.34,849.66,-23.78,-0.51,85082.9,19.48,-0.221,-0.904,-0.180,-0.0,-0.2,0.2,3.90
34070,DESCENT,849.61,849.43,-23.78,-0.32,85080.1,19.48,-0.231,-0.916,-0.211,0.5,-0.3,-0.2,3.90
34080,DESCENT,848.90,849.19,-23.79,-0.28,85087.5,19.48,-0.229,-0.933,-0.147,-0.0,-0.1,-0.2,3.90
34090,DESCENT,849.13,848.95,-23.79,-0.39,85085.1,19.48,-0.219,-0.916,-0.185,0.1,0.1,0.4,3.90
34100,DESCENT,848.59,848.71,-23.80,-0.22,85090.7,19.48,-0.214,-0.938,-0.177,0.5,0.1,-0.5,3.90
34110,DESCENT,848.56,848.48,-23.80,-0.38,85091.0,19.48,-0.241,-0.913,-0.176,0.2,0.6,-0.4,3.90
34120,DESCENT,848.45,848.24,-23.79,-0.36,85092.2,19.49,-0.238,-0.913,-0.195,0.4,-0.5,-0.5,3.90
34130,DESCENT,847.93,848.00,-23.80,-0.04,85097.6,19.49,-0.251,-0.952,-0.151,0.5,-0.1,-0.7,3.90
34140,DESCENT,847.95,847.77,-23.79,0.30,85097.4,19.49,-0.238,-0.984,-0.198,0.0,0.1,-0.6,3.90
34150,DESCENT,847.54,847.53,-23.79,-0.18,85101.7,19.49,-0.172,-0.941,-0.216,0.2,-0.1,-0.7,3.90
34160,DESCENT,847.36,847.30,-23.79,-0.15,85103.5,19.49,-0.201,-0.945,-0.188,0.2,-0.3,0.0,3.90
34170,DESCENT,846.99,847.06,-23.79,-0.02,85107.4,19.49,-0.220,-0.956,-0.184,0.4,0.1,-0.6,3.90
34180,DESCENT,846.72,846.82,-23.79,-0.23,85110.2,19.50,-0.254,-0.918,-0.213,0.2,-0.4,-0.7,3.90
34190,DESCENT,846.51,846.58,-23.80,-0.02,85112.4,19.50,-0.168,-0.968,-0.176,-0.2,-0.1,-0.8,3.90
34200,DESCENT,846.70,846.35,-23.79,-0.42,85110.5,19.50,-0.240,-0.915,-0.144,-0.1,-0.1,-0.3,3.90
34210,DESCENT,846.14,846.11,-23.79,-0.19,85116.3,19.50,-0.206,-0.937,-0.205,0.4,0.1,-0.1,3.90
34220,DESCENT,846.01,845.88,-23.79,-0.24,85117.6,19.50,-0.217,-0.940,-0.149,0.1,-0.4,-0.5,3.90
34230,DESCENT,845.04,845.62,-23.81,0.03,85127.8,19.50,-0.218,-0.960,-0.190,-0.5,-0.2,0.2,3.90
34240,DESCENT,845.44,845.39,-23.81,-0.04,85123.6,19.50,-0.252,-0.946,-0.185,0.4,-0.2,-0.1,3.90
34250,DESCENT,845.75,845.17,-23.79,-0.36,85120.4,19.51,-0.196,-0.924,-0.188,0.6,-0.3,-0.5,3.90
34260,DESCENT,844.85,844.93,-23.79,-0.13,85129.7,19.51,-0.219,-0.941,-0.198,-0.3,-0.9,-0.3,3.90
34270,DESCENT,844.64,844.69,-23.80,-0.46,85131.9,19.51,-0.220,-0.908,-0.186,-0.2,-0.0,-0.2,3.90
34280,DESCENT,844.84,844.46,-23.78,-0.23,85129.9,19.51,-0.241,-0.938,-0.125,-0.1,0.1,0.1,3.90
34290,DESCENT,844.50,844.23,-23.78,-0.35,85133.4,19.51,-0.232,-0.919,-0.181,-0.3,-0.4,0.2,3.90
34300,DESCENT,843.83,843.99,-23.79,-0.14,85140.4,19.51,-0.205,-0.950,-0.163,-0.2,-0.3,0.2,3.90
34310,DESCENT,843.91,843.75,-23.78,-0.53,85139.5,19.52,-0.233,-0.901,-0.166,0.3,-0.2,-0.3,3.90
34320,DESCENT,843.56,843.52,-23.78,0.33,85143.2,19.52,-0.231,-0.988,-0.200,0.0,-0.2,-0.1,3.90
34330,DESCENT,843.49,843.29,-23.77,-0.11,85144.0,19.52,-0.232,-0.946,-0.170,0.2,-0.3,-0.4,3.90
34340,DESCENT,843.40,843.06,-23.76,-0.07,85144.9,19.52,-0.227,-0.946,-0.201,-0.0,-0.8,0.1,3.90
34350,DESCENT,842.74,842.82,-23.76,0.10,85151.7,19.52,-0.247,-0.962,-0.186,-0.1,-0.1,-0.6,3.90
34360,DESCENT,842.87,842.59,-23.75,-0.00,85150.4,19.52,-0.232,-0.948,-0.217,0.3,0.2,-0.9,3.90
34370,DESCENT,842.28,842.35,-23.75,0.10,85156.6,19.52,-0.258,-0.960,-0.183,0.3,-0.6,-0.5,3.90
34380,DESCENT,842.12,842.11,-23.75,-0.09,85158.2,19.53,-0.200,-0.953,-0.185,0.2,-0.6,-0.3,3.90
34390,DESCENT,841.81,841.87,-23.75,-0.04,85161.5,19.53,-0.237,-0.948,-0.193,0.0,0.0,-0.0,3.90
34400,DESCENT,841.93,841.64,-23.75,-0.56,85160.2,19.53,-0.237,-0.893,-0.186,0.0,0.0,-0.3,3.90
34410,DESCENT,841.39,841.40,-23.75,-0.03,85165.8,19.53,-0.269,-0.942,-0.182,0.1,-0.1,-0.2,3.90
34420,DESCENT,840.96,841.16,-23.76,-0.38,85170.4,19.53,-0.244,-0.919,-0.135,-0.1,-0.6,0.2,3.90
34430,DESCENT,841.21,840.93,-23.75,-0.14,85167.8,19.53,-0.212,-0.946,-0.184,-0.2,-0.3,-0.4,3.90
34440,DESCENT,840.94,840.70,-23.74,-0.03,85170.5,19.54,-0.216,-0.955,-0.189,0.7,-0.2,-0.8,3.90
34450,DESCENT,840.49,840.46,-23.74,0.21,85175.2,19.54,-0.230,-0.979,-0.179,0.0,-0.6,-0.4,3.90
34460,DESCENT,840.00,840.22,-23.75,-0.16,85180.4,19.54,-0.226,-0.938,-0.186,0.1,-0.1,-0.4,3.90
34470,DESCENT,839.89,839.98,-23.75,-0.12,85181.6,19.54,-0.236,-0.936,-0.210,0.3,-0.6,-0.3,3.90
34480,DESCENT,839.82,839.75,-23.75,-0.14,85182.2,19.54,-0.237,-0.933,-0.209,0.4,0.4,-1.4,3.90
34490,DESCENT,839.29,839.50,-23.76,-0.34,85187.8,19.54,-0.210,-0.923,-0.185,-0.0,-0.4,-0.2,3.90
34500,DESCENT,838.96,839.26,-23.78,-0.28,85191.3,19.54,-0.191,-0.936,-0.182,0.5,-0.1,-0.4,3.90
34510,DESCENT,839.03,839.02,-23.78,-0.25,85190.5,19.55,-0.225,-0.927,-0.196,-0.2,-0.8,0.0,3.90
34520,DESCENT,839.09,838.79,-23.77,-0.15,85189.9,19.55,-0.224,-0.947,-0.157,-0.1,0.3,-0.4,3.90
34530,DESCENT,838.24,838.54,-23.78,-0.20,85198.7,19.55,-0.185,-0.943,-0.188,-0.1,-0.5,-0.7,3.90
34540,DESCENT,838.52,838.31,-23.78,-0.03,85195.8,19.55,-0.221,-0.950,-0.209,-0.2,0.1,-0.5,3.90
34550,DESCENT,838.07,838.07,-23.78,-0.66,85200.5,19.55,-0.239,-0.883,-0.183,-0.0,-0.6,0.3,3.90
34560,DESCENT,837.59,837.83,-23.80,-0.39,85205.5,19.55,-0.215,-0.922,-0.162,0.2,-0.8,-0.3,3.90
34570,DESCENT,837.37,837.58,-23.81,-0.09,85207.8,19.56,-0.232,-0.946,-0.182,-0.1,0.1,-0.0,3.90
34580,DESCENT,837.41,837.35,-23.80,0.21,85207.4,19.56,-0.227,-0.979,-0.184,-0.3,-0.5,0.1,3.90
34590,DESCENT,837.22,837.11,-23.80,-0.19,85209.4,19.56,-0.225,-0.930,-0.212,0.2,-0.6,-0.1,3.90
34600,DESCENT,836.79,836.87,-23.81,-0.49,85213.8,19.56,-0.211,-0.908,-0.181,0.3,-0.1,-0.2,3.90
34610,DESCENT,836.85,836.64,-23.80,-0.25,85213.2,19.56,-0.223,-0.925,-0.209,-0.1,-0.1,0.2,3.90
34620,DESCENT,836.17,836.40,-23.81,0.06,85220.4,19.56,-0.256,-0.958,-0.174,-0.2,-0.4,-0.6,3.90
34630,DESCENT,835.91,836.15,-23.82,0.06,85223.0,19.56,-0.237,-0.959,-0.189,0.0,-0.7,0.1,3.90
34640,DESCENT,836.18,835.92,-23.81,-0.21,85220.3,19.57,-0.221,-0.936,-0.183,0.2,-0.6,-0.3,3.90
34650,DESCENT,836.01,835.69,-23.80,-0.43,85222.0,19.57,-0.225,-0.912,-0.178,-0.2,-0.6,0.2,3.90
34660,DESCENT,835.06,835.44,-23.82,-0.48,85231.9,19.57,-0.235,-0.898,-0.206,0.1,-0.2,-0.6,3.90
34670,DESCENT,834.88,835.19,-23.84,0.16,85233.9,19.57,-0.192,-0.982,-0.182,0.0,0.3,-0.2,3.90
34680,DESCENT,835.14,834.96,-23.83,-0.25,85231.1,19.57,-0.221,-0.928,-0.200,0.8,-0.8,0.1,3.90
34690,DESCENT,834.79,834.72,-23.83,-0.78,85234.7,19.57,-0.258,-0.864,-0.180,0.0,-0.5,0.0,3.90
34700,DESCENT,834.25,834.48,-23.85,-0.37,85240.4,19.58,-0.242,-0.910,-0.196,0.5,-0.4,-0.4,3.90
34710,DESCENT,834.14,834.24,-23.85,0.11,85241.6,19.58,-0.233,-0.962,-0.206,0.5,-0.0,0.3,3.90
34720,DESCENT,834.29,834.01,-23.84,-0.32,85240.0,19.58,-0.224,-0.921,-0.192,0.7,-0.3,0.1,3.90
34730,DESCENT,833.91,833.77,-23.84,-0.13,85244.0,19.58,-0.209,-0.946,-0.190,0.2,0.1,0.4,3.90
34740,DESCENT,833.58,833.54,-23.84,-0.28,85247.4,19.58,-0.229,-0.928,-0.173,0.1,-0.4,0.0,3.90
34750,DESCENT,833.48,833.30,-23.83,-0.08,85248.5,19.58,-0.221,-0.943,-0.210,-0.2,-0.2,-0.2,3.90
34760,DESCENT,833.30,833.07,-23.83,-0.57,85250.3,19.58,-0.194,-0.903,-0.180,-0.4,-0.4,-0.1,3.90
34770,DESCENT,832.66,832.83,-23.84,-0.11,85257.0,19.59,-0.227,-0.941,-0.203,-0.1,-0.4,0.0,3.90
34780,DESCENT,832.90,832.60,-23.82,0.11,85254.5,19.59,-0.211,-0.969,-0.202,-0.1,-0.1,0.3,3.90
34790,DESCENT,832.22,832.36,-23.83,0.05,85261.5,19.59,-0.215,-0.963,-0.195,0.6,-0.7,-0.3,3.90
34800,DESCENT,831.92,832.11,-23.84,-0.17,85264.8,19.59,-0.228,-0.938,-0.185,-0.4,-0.3,-0.1,3.90
34810,DESCENT,831.72,831.87,-23.85,-0.58,85266.9,19.59,-0.215,-0.895,-0.189,-0.3,-0.4,-0.0,3.90
34820,DESCENT,831.27,831.62,-23.87,-0.13,85271.5,19.59,-0.213,-0.948,-0.170,0.8,-0.5,0.6,3.90
34830,DESCENT,831.59,831.39,-23.86,-0.41,85268.1,19.60,-0.241,-0.906,-0.194,-0.2,-0.1,0.1,3.90
34840,DESCENT,831.27,831.15,-23.86,0.14,85271.5,19.60,-0.187,-0.965,-0.252,-0.3,-0.2,-0.6,3.90
34850,DESCENT,830.78,830.91,-23.86,-0.21,85276.7,19.60,-0.206,-0.936,-0.197,-0.2,-0.2,-0.3,3.90
34860,DESCENT,831.29,830.69,-23.84,-0.01,85271.3,19.60,-0.226,-0.952,-0.201,-0.1,-0.5,0.6,3.90
34870,DESCENT,830.66,830.46,-23.83,-0.22,85277.9,19.60,-0.195,-0.942,-0.176,0.3,-0.2,-0.7,3.90
34880,DESCENT,830.51,830.23,-23.82,-0.07,85279.5,19.60,-0.250,-0.947,-0.168,-0.1,-0.0,-0.1,3.90
34890,DESCENT,830.28,830.00,-23.81,0.01,85281.8,19.60,-0.224,-0.958,-0.186,-0.1,0.1,0.1,3.90
34900,DESCENT,830.22,829.77,-23.79,-0.14,85282.4,19.61,-0.215,-0.930,-0.242,-0.0,0.2,0.2,3.90
34910,DESCENT,829.40,829.53,-23.80,0.03,85291.1,19.61,-0.200,-0.966,-0.183,0.9,-0.7,-0.2,3.90
34920,DESCENT,829.18,829.29,-23.80,-0.15,85293.4,19.61,-0.225,-0.945,-0.155,0.2,-0.4,-0.0,3.90
34930,DESCENT,829.42,829.06,-23.79,0.12,85290.9,19.61,-0.228,-0.968,-0.187,-0.0,-0.6,0.0,3.90
34940,DESCENT,829.10,828.83,-23.78,-0.16,85294.2,19.61,-0.221,-0.941,-0.184,0.6,-0.0,-0.6,3.90
34950,DESCENT,828.31,828.59,-23.79,-0.20,85302.4,19.61,-0.219,-0.937,-0.182,-0.2,0.1,0.6,3.90
34960,DESCENT,828.65,828.36,-23.78,-0.12,85298.9,19.62,-0.197,-0.950,-0.186,0.3,0.5,-0.2,3.90
34970,DESCENT,827.96,828.11,-23.79,-0.39,85306.1,19.62,-0.217,-0.916,-0.188,-0.2,-0.3,0.1,3.90
34980,DESCENT,827.92,827.88,-23.79,-0.18,85306.6,19.62,-0.229,-0.934,-0.198,-0.3,0.0,-0.3,3.90
34990,DESCENT,827.84,827.65,-23.79,-0.56,85307.4,19.62,-0.222,-0.897,-0.186,0.0,-0.1,-0.5,3.90
35000,DESCENT,827.57,827.41,-23.78,-0.52,85310.2,19.62,-0.234,-0.902,-0.168,0.4,-0.1,-0.4,3.90
35010,DESCENT,826.78,827.16,-23.80,-0.29,85318.5,19.62,-0.223,-0.925,-0.192,0.6,-0.4,0.2,3.90
35020,DESCENT,826.50,826.91,-23.82,-0.04,85321.3,19.62,-0.246,-0.950,-0.168,0.3,-0.5,-0.5,3.90
35030,DESCENT,826.76,826.68,-23.82,-0.45,85318.7,19.63,-0.214,-0.911,-0.181,0.2,-0.4,-0.2,3.90
35040,DESCENT,826.26,826.43,-23.83,-0.14,85323.9,19.63,-0.196,-0.948,-0.188,-0.1,0.2,0.1,3.90
35050,DESCENT,826.21,826.20,-23.83,-0.22,85324.4,19.63,-0.232,-0.928,-0.197,0.2,-0.6,-0.5,3.90
35060,DESCENT,826.37,825.97,-23.82,-0.39,85322.7,19.63,-0.235,-0.905,-0.215,0.5,-0.3,-0.2,3.90
35070,DESCENT,825.18,825.72,-23.85,-0.15,85335.2,19.63,-0.225,-0.941,-0.182,0.6,-0.6,-0.4,3.90
35080,DESCENT,825.87,825.49,-23.83,-0.39,85328.0,19.63,-0.188,-0.923,-0.188,0.3,-0.3,0.4,3.90
35090,DESCENT,825.56,825.26,-23.82,-0.37,85331.2,19.64,-0.216,-0.920,-0.178,0.3,-0.8,-0.0,3.90
35100,DESCENT,824.66,825.01,-23.84,-0.31,85340.6,19.64,-0.255,-0.919,-0.166,0.2,-0.6,0.4,3.90
35110,DESCENT,825.20,824.78,-23.83,-0.04,85334.9,19.64,-0.227,-0.948,-0.205,0.2,-0.6,-0.3,3.90
35120,DESCENT,825.00,824.56,-23.81,-0.52,85337.1,19.64,-0.255,-0.897,-0.164,0.1,-0.4,-0.3,3.90
35130,DESCENT,824.01,824.31,-23.83,-0.37,85347.4,19.64,-0.227,-0.922,-0.157,-0.2,0.6,-0.4,3.90
35140,DESCENT,824.32,824.08,-23.82,-0.28,85344.1,19.64,-0.206,-0.932,-0.181,0.2,-0.8,0.1,3.90
35150,DESCENT,824.17,823.85,-23.81,-0.48,85345.8,19.64,-0.197,-0.912,-0.182,0.1,-0.1,-0.3,3.90
35160,DESCENT,823.65,823.61,-23.81,-0.07,85351.2,19.65,-0.252,-0.942,-0.191,0.7,-0.4,-0.1,3.90
35170,DESCENT,823.49,823.38,-23.81,-0.04,85352.9,19.65,-0.206,-0.948,-0.225,0.5,-0.1,-0.8,3.90
35180,DESCENT,823.53,823.15,-23.80,-0.36,85352.4,19.65,-0.220,-0.923,-0.161,0.2,-0.7,-0.3,3.90
35190,DESCENT,822.88,822.91,-23.80,-0.07,85359.2,19.65,-0.228,-0.942,-0.220,0.0,-0.3,-0.5,3.90
35200,DESCENT,822.90,822.68,-23.79,-0.05,85359.1,19.65,-0.268,-0.940,-0.189,0.5,0.1,-0.2,3.90
35210,DESCENT,822.64,822.45,-23.78,-0.23,85361.7,19.65,-0.221,-0.934,-0.179,0.6,-0.4,-0.4,3.90
35220,DESCENT,822.31,822.21,-23.78,-0.29,85365.2,19.66,-0.249,-0.922,-0.171,-0.2,-0.2,-0.7,3.90
35230,DESCENT,821.84,821.97,-23.79,-0.03,85370.1,19.66,-0.238,-0.946,-0.205,-0.0,-0.4,-0.5,3.90
35240,DESCENT,821.50,821.73,-23.80,0.15,85373.7,19.66,-0.201,-0.971,-0.218,0.0,-0.4,0.4,3.90
35250,DESCENT,821.48,821.49,-23.80,-0.20,85373.8,19.66,-0.231,-0.933,-0.190,0.6,0.2,0.0,3.90
35260,DESCENT,821.39,821.25,-23.79,-0.02,85374.8,19.66,-0.272,-0.944,-0.179,0.2,-0.9,-0.6,3.90
35270,DESCENT,821.10,821.02,-23.79,-0.10,85377.8,19.66,-0.264,-0.934,-0.195,-0.4,-0.1,-0.3,3.90
35280,DESCENT,821.36,820.80,-23.77,-0.32,85375.1,19.66,-0.229,-0.921,-0.190,0.1,-0.3,-0.1,3.90
35290,DESCENT,820.71,820.56,-23.77,-0.41,85381.9,19.67,-0.221,-0.911,-0.200,0.2,-0.7,-0.4,3.90
35300,DESCENT,820.10,820.32,-23.78,-0.59,85388.3,19.67,-0.197,-0.900,-0.184,-0.1,-0.2,-0.6,3.90
35310,DESCENT,819.49,820.07,-23.81,-0.39,85394.6,19.67,-0.191,-0.925,-0.174,0.9,-0.4,-0.1,3.90
35320,DESCENT,819.71,819.82,-23.82,-0.23,85392.3,19.67,-0.225,-0.930,-0.198,0.4,-0.3,-0.4,3.90
35330,DESCENT,819.45,819.58,-23.83,-0.38,85395.0,19.67,-0.200,-0.919,-0.198,-0.2,-1.1,-0.0,3.90
35340,DESCENT,819.18,819.34,-23.84,-0.38,85397.9,19.67,-0.233,-0.913,-0.193,-0.0,-0.2,-0.2,3.90
35350,DESCENT,819.42,819.11,-23.83,-0.51,85395.5,19.68,-0.232,-0.896,-0.208,0.1,0.2,-0.6,3.90
35360,DESCENT,819.03,818.88,-23.83,-0.02,85399.5,19.68,-0.248,-0.948,-0.192,0.2,-0.5,-0.6,3.90
35370,DESCENT,818.60,818.64,-23.83,-0.13,85403.9,19.68,-0.203,-0.952,-0.166,0.0,-0.6,-0.3,3.90
35380,DESCENT,818.27,818.39,-23.84,-0.23,85407.5,19.68,-0.267,-0.918,-0.201,0.3,-0.1,0.0,3.90
35390,DESCENT,818.54,818.17,-23.82,-0.07,85404.6,19.68,-0.185,-0.959,-0.178,-0.1,-0.6,-0.8,3.90
35400,DESCENT,817.90,817.93,-23.82,0.03,85411.3,19.68,-0.205,-0.961,-0.200,0.2,-0.2,0.1,3.90
35410,DESCENT,818.03,817.70,-23.81,-0.16,85409.9,19.68,-0.211,-0.934,-0.225,-0.1,-0.2,-0.2,3.90
35420,DESCENT,818.10,817.48,-23.78,0.14,85409.2,19.69,-0.213,-0.966,-0.227,0.6,-0.8,-0.2,3.90
35430,DESCENT,816.90,817.23,-23.80,-0.21,85421.7,19.69,-0.214,-0.930,-0.214,0.1,-0.4,-0.6,3.90
35440,DESCENT,817.18,817.00,-23.79,-0.18,85418.8,19.69,-0.218,-0.936,-0.203,-0.2,-0.6,-0.1,3.90
35450,DESCENT,816.94,816.77,-23.79,-0.39,85421.3,19.69,-0.262,-0.907,-0.176,0.3,-0.6,-0.4,3.90
35460,DESCENT,816.65,816.53,-23.79,-0.43,85424.4,19.69,-0.258,-0.902,-0.188,0.4,-0.4,-0.0,3.90
35470,DESCENT,816.54,816.30,-23.78,-0.05,85425.5,19.69,-0.230,-0.941,-0.228,0.2,-0.3,-0.2,3.90
35480,DESCENT,816.26,816.07,-23.77,-0.42,85428.5,19.70,-0.232,-0.915,-0.156,-0.6,0.4,0.1,3.90
35490,DESCENT,815.59,815.82,-23.79,-0.47,85435.5,19.70,-0.243,-0.901,-0.191,0.3,-0.1,-0.4,3.90
35500,DESCENT,815.48,815.58,-23.80,-0.11,85436.7,19.70,-0.215,-0.948,-0.181,-0.6,-0.0,-0.4,3.90
35510,DESCENT,815.44,815.35,-23.79,-0.33,85437.0,19.70,-0.212,-0.924,-0.185,-0.4,-0.3,-0.4,3.90
35520,DESCENT,815.72,815.13,-23.77,0.15,85434.2,19.70,-0.211,-0.972,-0.204,-0.4,0.1,0.2,3.90
35530,DESCENT,815.15,814.90,-23.76,-0.24,85440.1,19.70,-0.247,-0.920,-0.208,0.7,0.2,-0.1,3.90
35540,DESCENT,814.24,814.65,-23.78,-0.19,85449.6,19.70,-0.228,-0.931,-0.205,-0.0,-0.2,-0.6,3.90
35550,DESCENT,814.45,814.41,-23.78,-0.31,85447.4,19.71,-0.185,-0.934,-0.176,-0.1,-0.0,-0.4,3.90
35560,DESCENT,814.16,814.17,-23.79,-0.67,85450.4,19.71,-0.228,-0.884,-0.184,0.2,0.1,-0.8,3.90
35570,DESCENT,814.07,813.94,-23.79,-0.37,85451.3,19.71,-0.249,-0.912,-0.181,0.1,-0.8,0.2,3.90
35580,DESCENT,813.50,813.69,-23.80,-0.40,85457.4,19.71,-0.219,-0.916,-0.179,0.2,0.0,0.2,3.90
35590,DESCENT,813.36,813.45,-23.81,-0.28,85458.8,19.71,-0.203,-0.930,-0.193,0.2,-0.1,-0.2,3.90
35600,DESCENT,812.90,813.21,-23.82,-0.18,85463.6,19.71,-0.160,-0.953,-0.172,0.6,-0.3,-0.2,3.90
35610,DESCENT,813.26,812.98,-23.81,-0.16,85459.9,19.72,-0.248,-0.933,-0.189,-0.7,-0.6,0.0,3.90
35620,DESCENT,812.97,812.74,-23.80,-0.53,85462.9,19.72,-0.203,-0.902,-0.197,0.5,-0.6,0.1,3.90
35630,DESCENT,812.52,812.51,-23.81,0.01,85467.6,19.72,-0.184,-0.963,-0.207,0.5,0.2,-0.1,3.90
35640,DESCENT,811.83,812.26,-23.83,-0.30,85474.8,19.72,-0.244,-0.919,-0.186,-0.1,-0.0,-0.2,3.90
35650,DESCENT,812.77,812.04,-23.80,-0.42,85464.9,19.72,-0.223,-0.917,-0.161,-0.1,-0.2,0.1,3.90
35660,DESCENT,811.93,811.81,-23.80,-0.02,85473.8,19.72,-0.242,-0.954,-0.167,0.3,0.1,-0.0,3.90
35670,DESCENT,811.99,811.58,-23.78,0.06,85473.1,19.72,-0.223,-0.963,-0.186,0.6,-0.1,-0.2,3.90
35680,DESCENT,811.36,811.34,-23.78,-0.14,85479.8,19.73,-0.246,-0.945,-0.137,0.0,-0.5,-0.5,3.90
35690,DESCENT,810.95,811.10,-23.79,0.03,85484.0,19.73,-0.223,-0.952,-0.228,0.5,0.3,-0.2,3.90
35700,DESCENT,811.03,810.87,-23.78,0.36,85483.1,19.73,-0.215,-0.989,-0.223,-0.3,0.4,-0.0,3.90
35710,DESCENT,810.69,810.63,-23.77,-0.34,85486.7,19.73,-0.243,-0.918,-0.171,0.5,-0.0,-0.4,3.90
35720,DESCENT,810.95,810.41,-23.75,-0.06,85484.0,19.73,-0.202,-0.951,-0.210,-0.1,-0.7,-0.4,3.90
35730,DESCENT,810.48,810.18,-23.74,-0.18,85489.0,19.73,-0.212,-0.936,-0.206,0.1,-0.1,-0.4,3.90
35740,DESCENT,810.13,809.95,-23.74,-0.08,85492.6,19.74,-0.223,-0.954,-0.157,0.2,-0.1,-0.4,3.90
35750,DESCENT,809.34,809.70,-23.75,-0.09,85500.9,19.74,-0.215,-0.950,-0.186,0.1,-0.5,-0.2,3.90
35760,DESCENT,809.55,809.46,-23.75,-0.19,85498.7,19.74,-0.222,-0.938,-0.183,0.4,0.1,-0.1,3.90
35770,DESCENT,809.43,809.23,-23.74,-0.22,85499.9,19.74,-0.211,-0.935,-0.193,0.1,-0.1,-0.1,3.90
35780,DESCENT,808.83,808.99,-23.75,-0.30,85506.2,19.74,-0.218,-0.920,-0.216,0.6,-0.6,-0.5,3.90
35790,DESCENT,808.87,808.76,-23.75,-0.45,85505.8,19.74,-0.229,-0.909,-0.176,0.0,0.1,-0.3,3.90
35800,DESCENT,808.40,808.52,-23.76,-0.49,85510.7,19.74,-0.219,-0.904,-0.198,0.1,-0.6,-0.3,3.90
35810,DESCENT,808.22,808.28,-23.77,0.00,85512.6,19.75,-0.223,-0.963,-0.159,0.2,0.2,0.2,3.90
35820,DESCENT,808.28,808.05,-23.76,-0.48,85512.0,19.75,-0.221,-0.909,-0.167,0.1,-0.2,-0.1,3.90
35830,DESCENT,807.48,807.80,-23.78,-0.39,85520.3,19.75,-0.242,-0.916,-0.156,-0.1,-0.3,0.2,3.90
35840,DESCENT,807.51,807.56,-23.78,0.07,85520.0,19.75,-0.227,-0.964,-0.190,0.2,0.2,0.1,3.90
35850,DESCENT,807.08,807.32,-23.79,-0.30,85524.5,19.75,-0.252,-0.919,-0.171,0.4,-0.7,-0.3,3.90
35860,DESCENT,807.10,807.08,-23.79,0.00,85524.3,19.75,-0.210,-0.965,-0.162,0.1,-0.2,-0.6,3.90
35870,DESCENT,807.01,806.84,-23.78,0.02,85525.3,19.76,-0.221,-0.961,-0.177,0.3,-0.8,0.2,3.90
35880,DESCENT,806.73,806.61,-23.78,-0.31,85528.2,19.76,-0.206,-0.926,-0.194,-0.2,-0.5,0.2,3.90
35890,DESCENT,806.61,806.38,-23.77,-0.08,85529.4,19.76,-0.227,-0.947,-0.191,-0.2,-0.4,-0.4,3.90
35900,DESCENT,806.21,806.14,-23.77,-0.28,85533.6,19.76,-0.244,-0.925,-0.168,-0.3,-0.1,0.0,3.90
35910,DESCENT,805.80,805.90,-23.78,0.01,85538.0,19.76,-0.242,-0.952,-0.191,-0.4,-0.3,-0.3,3.90
35920,DESCENT,805.71,805.67,-23.78,-0.17,85538.8,19.76,-0.238,-0.935,-0.186,-0.0,-0.4,0.1,3.90
35930,DESCENT,805.61,805.43,-23.77,-0.25,85539.9,19.76,-0.250,-0.926,-0.173,-0.1,-0.4,-0.3,3.90
35940,DESCENT,805.16,805.20,-23.77,-0.01,85544.6,19.77,-0.239,-0.957,-0.161,0.4,-0.5,0.2,3.90
35950,DESCENT,805.22,804.96,-23.76,-0.30,85544.1,19.77,-0.225,-0.923,-0.190,-0.4,0.2,-0.1,3.90
35960,DESCENT,805.11,804.74,-23.75,-0.22,85545.1,19.77,-0.185,-0.946,-0.166,0.2,-0.5,-0.1,3.90
35970,DESCENT,804.66,804.50,-23.75,-0.45,85549.9,19.77,-0.252,-0.905,-0.168,0.0,-0.3,-0.2,3.90
35980,DESCENT,804.58,804.28,-23.74,-0.30,85550.8,19.77,-0.207,-0.930,-0.175,0.3,-0.7,-0.2,3.90
35990,DESCENT,804.00,804.04,-23.75,-0.40,85556.8,19.77,-0.231,-0.915,-0.170,0.1,-0.7,-0.6,3.90
36000,DESCENT,803.46,803.79,-23.76,-0.19,85562.5,19.77,-0.223,-0.939,-0.179,0.5,-0.2,-0.2,3.90
36010,DESCENT,803.96,803.56,-23.75,-0.23,85557.2,19.78,-0.224,-0.929,-0.204,-0.1,-0.2,-0.4,3.90
36020,DESCENT,803.68,803.34,-23.74,-0.19,85560.2,19.78,-0.238,-0.938,-0.163,0.3,-0.4,-0.2,3.90
36030,DESCENT,803.62,803.11,-23.72,0.01,85560.8,19.78,-0.226,-0.958,-0.182,0.2,-0.6,-0.6,3.90
36040,DESCENT,802.51,802.87,-23.73,-0.10,85572.4,19.78,-0.189,-0.953,-0.185,0.2,-0.8,0.1,3.90
36050,DESCENT,802.58,802.63,-23.73,0.22,85571.7,19.78,-0.246,-0.975,-0.185,0.2,-0.7,-0.4,3.90
36060,DESCENT,802.85,802.40,-23.71,-0.17,85568.8,19.78,-0.231,-0.926,-0.230,-0.5,-0.5,-0.3,3.90
36070,DESCENT,802.23,802.17,-23.71,-0.10,85575.3,19.79,-0.216,-0.951,-0.171,0.7,-0.6,-0.3,3.90
36080,DESCENT,802.14,801.94,-23.71,-0.37,85576.3,19.79,-0.246,-0.906,-0.209,-0.6,0.1,0.4,3.90
36090,DESCENT,801.98,801.71,-23.70,-0.16,85578.0,19.79,-0.227,-0.937,-0.192,0.1,-0.2,0.2,3.90
36100,DESCENT,801.85,801.48,-23.68,-0.24,85579.3,19.79,-0.223,-0.933,-0.173,0.2,-0.2,-0.3,3.90
36110,DESCENT,801.20,801.24,-23.69,-0.22,85586.1,19.79,-0.208,-0.934,-0.202,-0.1,-0.3,-0.0,3.90
36120,DESCENT,801.40,801.02,-23.67,0.03,85584.0,19.79,-0.198,-0.961,-0.213,0.4,-0.1,-0.4,3.90
36130,DESCENT,800.44,800.77,-23.69,-0.13,85594.2,19.79,-0.208,-0.950,-0.168,0.1,-0.7,0.1,3.90
36140,DESCENT,800.50,800.53,-23.69,-0.15,85593.5,19.80,-0.224,-0.948,-0.140,0.4,-0.8,-0.3,3.90
36150,DESCENT,800.24,800.29,-23.70,-0.79,85596.2,19.80,-0.231,-0.874,-0.167,0.5,-0.4,-0.1,3.90
36160,DESCENT,800.21,800.06,-23.70,-0.48,85596.5,19.80,-0.224,-0.904,-0.196,-0.2,-0.3,0.0,3.90
36170,DESCENT,800.04,799.83,-23.69,0.08,85598.3,19.80,-0.204,-0.970,-0.188,-0.1,0.2,-0.1,3.90
36180,DESCENT,799.35,799.59,-23.70,0.02,85605.5,19.80,-0.236,-0.959,-0.166,0.2,-0.4,-0.6,3.90
36190,DESCENT,799.43,799.35,-23.70,0.07,85604.6,19.80,-0.273,-0.950,-0.195,0.1,-0.3,-0.4,3.90
36200,DESCENT,799.29,799.12,-23.69,0.04,85606.1,19.81,-0.235,-0.957,-0.193,0.3,-0.4,-0.6,3.90
36210,DESCENT,799.35,798.90,-23.67,-0.26,85605.5,19.81,-0.223,-0.930,-0.176,0.1,0.2,-0.5,3.90
36220,DESCENT,798.76,798.66,-23.67,0.18,85611.7,19.81,-0.264,-0.967,-0.181,-0.5,-0.1,-0.0,3.90
36230,DESCENT,798.28,798.42,-23.67,0.08,85616.7,19.81,-0.192,-0.968,-0.203,0.1,0.1,0.2,3.90
36240,DESCENT,798.02,798.18,-23.68,-0.33,85619.5,19.81,-0.234,-0.923,-0.162,0.2,-0.4,0.3,3.90
36250,DESCENT,797.86,797.94,-23.69,-0.55,85621.1,19.81,-0.216,-0.903,-0.166,-0.1,-0.3,-0.4,3.90
36260,DESCENT,797.57,797.70,-23.70,-0.22,85624.2,19.81,-0.217,-0.938,-0.173,0.6,-0.4,-0.4,3.90
36270,DESCENT,797.72,797.47,-23.69,-0.39,85622.6,19.82,-0.225,-0.908,-0.216,0.4,-0.7,-0.2,3.90
36280,DESCENT,797.30,797.24,-23.69,-0.42,85627.1,19.82,-0.247,-0.907,-0.177,0.3,0.3,-0.1,3.90
36290,DESCENT,796.91,797.00,-23.70,0.02,85631.1,19.82,-0.223,-0.958,-0.194,0.2,-0.1,-0.5,3.90
36300,DESCENT,796.86,796.76,-23.69,-0.20,85631.6,19.82,-0.240,-0.931,-0.188,0.2,-0.5,0.0,3.90
36310,DESCENT,796.88,796.54,-23.68,-0.15,85631.4,19.82,-0.193,-0.952,-0.161,0.1,-0.5,-0.1,3.90
36320,DESCENT,796.09,796.29,-23.69,-0.23,85639.8,19.82,-0.227,-0.926,-0.211,-0.1,0.1,0.2,3.90
36330,DESCENT,796.33,796.06,-23.68,-0.34,85637.2,19.83,-0.241,-0.912,-0.203,-0.1,-0.6,-0.8,3.90
36340,DESCENT,795.83,795.83,-23.69,-0.41,85642.4,19.83,-0.206,-0.922,-0.164,0.5,-0.0,-0.2,3.90
36350,DESCENT,795.34,795.58,-23.70,-0.08,85647.6,19.83,-0.219,-0.947,-0.199,-0.2,-0.2,0.0,3.90
36360,DESCENT,795.15,795.34,-23.71,-0.28,85649.6,19.83,-0.225,-0.923,-0.205,0.2,-0.6,-0.0,3.90
36370,DESCENT,795.15,795.10,-23.71,-0.20,85649.6,19.83,-0.217,-0.934,-0.200,0.3,-0.2,-0.2,3.90
36380,DESCENT,794.43,794.85,-23.73,-0.20,85657.1,19.83,-0.266,-0.927,-0.175,0.4,-0.6,-0.4,3.90
36390,DESCENT,794.31,794.61,-23.74,-0.10,85658.3,19.83,-0.226,-0.946,-0.181,-0.6,-0.3,-0.1,3.90
36400,DESCENT,794.39,794.37,-23.75,-0.75,85657.5,19.84,-0.210,-0.880,-0.179,0.1,-0.2,0.1,3.90
36410,DESCENT,794.24,794.14,-23.75,-0.38,85659.1,19.84,-0.226,-0.924,-0.141,0.3,0.2,-0.4,3.90
36420,DESCENT,793.78,793.90,-23.76,0.04,85664.0,19.84,-0.226,-0.961,-0.190,0.4,-0.3,-0.4,3.90
36430,DESCENT,793.79,793.66,-23.75,-0.25,85663.8,19.84,-0.223,-0.928,-0.199,0.2,0.1,-0.4,3.90
36440,DESCENT,793.60,793.43,-23.75,-0.16,85665.8,19.84,-0.198,-0.951,-0.161,-0.2,-0.3,0.2,3.90
36450,DESCENT,793.66,793.21,-23.73,-0.43,85665.1,19.84,-0.191,-0.919,-0.179,0.1,-0.5,0.1,3.90
36460,DESCENT,792.69,792.96,-23.75,-0.42,85675.4,19.85,-0.221,-0.914,-0.175,-0.2,-0.6,-0.6,3.90
36470,DESCENT,793.02,792.73,-23.74,-0.13,85671.9,19.85,-0.208,-0.944,-0.200,0.4,-0.1,0.2,3.90
36480,DESCENT,792.13,792.48,-23.75,-0.16,85681.2,19.85,-0.244,-0.929,-0.214,-0.2,-0.3,0.0,3.90
36490,DESCENT,792.43,792.25,-23.75,-0.30,85678.0,19.85,-0.212,-0.924,-0.201,0.2,-0.8,-0.3,3.90
36500,DESCENT,792.01,792.01,-23.75,-0.06,85682.4,19.85,-0.189,-0.952,-0.216,-0.0,-0.7,0.4,3.90
36510,DESCENT,791.59,791.77,-23.76,-0.09,85686.8,19.85,-0.243,-0.939,-0.198,-0.6,-0.2,-0.3,3.90
36520,DESCENT,791.76,791.54,-23.75,-0.02,85685.1,19.85,-0.206,-0.964,-0.156,0.0,0.1,-0.5,3.90
36530,DESCENT,791.32,791.30,-23.75,-0.11,85689.7,19.86,-0.192,-0.951,-0.193,-0.1,-0.1,-0.5,3.90
36540,DESCENT,791.03,791.06,-23.75,-0.18,85692.8,19.86,-0.221,-0.940,-0.176,0.5,-0.1,0.2,3.90
36550,DESCENT,790.67,790.82,-23.76,-0.01,85696.6,19.86,-0.235,-0.947,-0.214,0.3,-0.4,-0.1,3.90
36560,DESCENT,790.34,790.58,-23.77,-0.19,85700.0,19.86,-0.250,-0.932,-0.177,0.6,-0.5,-0.5,3.90
36570,DESCENT,790.76,790.35,-23.76,-0.39,85695.6,19.86,-0.212,-0.916,-0.198,-0.2,0.1,-0.5,3.90
36580,DESCENT,790.55,790.13,-23.74,-0.16,85697.8,19.86,-0.239,-0.938,-0.177,0.2,-0.1,-0.4,3.90
36590,DESCENT,790.09,789.90,-23.73,0.07,85702.6,19.87,-0.191,-0.962,-0.228,0.7,-0.4,-0.2,3.90
36600,DESCENT,789.57,789.66,-23.74,-0.14,85708.1,19.87,-0.250,-0.933,-0.192,-0.1,-0.7,0.3,3.90
36610,DESCENT,789.45,789.42,-23.74,-0.41,85709.3,19.87,-0.235,-0.911,-0.181,0.2,0.3,-0.6,3.90
36620,DESCENT,789.37,789.19,-23.73,-0.23,85710.1,19.87,-0.228,-0.927,-0.208,0.0,-0.0,-0.6,3.90
36630,DESCENT,788.98,788.95,-23.73,-0.06,85714.2,19.87,-0.238,-0.944,-0.200,-0.1,-0.7,-0.4,3.90
36640,DESCENT,788.72,788.71,-23.74,-0.25,85717.0,19.87,-0.230,-0.926,-0.199,-0.1,-0.1,0.2,3.90
36650,DESCENT,788.47,788.48,-23.74,-0.11,85719.6,19.87,-0.192,-0.950,-0.196,-0.4,-0.5,0.0,3.90
36660,DESCENT,787.84,788.23,-23.76,-0.26,85726.2,19.88,-0.215,-0.932,-0.181,-0.1,-0.7,-0.3,3.90
36670,DESCENT,788.33,788.00,-23.74,-0.39,85721.1,19.88,-0.188,-0.924,-0.183,0.0,-0.5,-0.3,3.90
36680,DESCENT,788.59,787.79,-23.71,-0.28,85718.3,19.88,-0.191,-0.939,-0.161,0.0,-0.2,-0.2,3.90
36690,DESCENT,787.76,787.55,-23.71,-0.21,85727.1,19.88,-0.222,-0.938,-0.172,-0.0,-0.9,-0.3,3.90
36700,DESCENT,786.90,787.30,-23.73,-0.30,85736.1,19.88,-0.238,-0.927,-0.154,0.3,-0.4,-0.4,3.90
36710,DESCENT,786.80,787.06,-23.74,-0.11,85737.2,19.88,-0.227,-0.952,-0.138,0.2,-0.1,-0.0,3.90
36720,DESCENT,787.22,786.83,-23.73,-0.18,85732.7,19.89,-0.219,-0.945,-0.149,-0.1,-0.0,0.3,3.90
36730,DESCENT,786.58,786.60,-23.73,-0.46,85739.4,19.89,-0.200,-0.917,-0.167,0.5,-0.4,-0.2,3.90
36740,DESCENT,786.35,786.36,-23.73,-0.27,85741.9,19.89,-0.200,-0.929,-0.205,0.2,-0.4,-0.7,3.90
36750,DESCENT,786.15,786.12,-23.74,-0.23,85744.0,19.89,-0.238,-0.926,-0.200,-0.2,-0.5,-0.0,3.90
36760,DESCENT,786.03,785.89,-23.73,-0.54,85745.2,19.89,-0.158,-0.917,-0.160,0.4,-0.3,-0.5,3.90
36770,DESCENT,785.52,785.65,-23.74,-0.40,85750.5,19.89,-0.213,-0.915,-0.190,0.2,-0.3,-0.1,3.90
36780,DESCENT,785.36,785.41,-23.75,-0.01,85752.2,19.89,-0.248,-0.944,-0.218,-0.1,0.2,-0.1,3.90
36790,DESCENT,785.45,785.18,-23.74,-0.26,85751.3,19.90,-0.265,-0.923,-0.162,-0.2,-0.7,-0.6,3.90
36800,DESCENT,785.25,784.95,-23.73,-0.15,85753.4,19.90,-0.210,-0.945,-0.180,-0.5,-0.6,-0.2,3.90
36810,DESCENT,784.50,784.71,-23.74,-0.75,85761.3,19.90,-0.229,-0.868,-0.215,-0.2,-0.3,-0.3,3.90
36820,DESCENT,784.51,784.47,-23.74,-0.24,85761.2,19.90,-0.232,-0.924,-0.211,0.2,-0.5,-0.3,3.90
36830,DESCENT,784.11,784.23,-23.75,-0.23,85765.4,19.90,-0.245,-0.934,-0.139,0.6,-0.1,-0.3,3.90
36840,DESCENT,783.98,783.99,-23.75,-0.21,85766.7,19.90,-0.220,-0.938,-0.170,0.2,-0.1,-0.9,3.90
36850,DESCENT,783.79,783.76,-23.76,-0.64,85768.8,19.91,-0.203,-0.891,-0.199,-0.1,-0.5,-0.4,3.90
36860,DESCENT,783.54,783.52,-23.76,-0.17,85771.4,19.91,-0.212,-0.945,-0.168,0.2,-0.1,-0.2,3.90
36870,DESCENT,783.12,783.28,-23.77,-0.17,85775.7,19.91,-0.219,-0.941,-0.180,0.1,-0.2,-0.3,3.90
36880,DESCENT,782.75,783.03,-23.78,-0.25,85779.6,19.91,-0.188,-0.936,-0.198,0.0,-0.4,-0.1,3.90
36890,DESCENT,782.94,782.80,-23.78,-0.34,85777.6,19.91,-0.216,-0.920,-0.196,-0.3,-0.6,0.2,3.90
36900,DESCENT,782.62,782.56,-23.78,-0.26,85781.0,19.91,-0.228,-0.923,-0.207,0.0,0.2,-0.3,3.90
36910,DESCENT,782.19,782.32,-23.79,0.05,85785.5,19.91,-0.216,-0.972,-0.140,0.4,0.0,-0.4,3.90
36920,DESCENT,782.02,782.08,-23.79,-0.03,85787.4,19.92,-0.209,-0.949,-0.223,0.1,0.1,0.0,3.90
36930,DESCENT,781.69,781.84,-23.79,0.07,85790.8,19.92,-0.241,-0.953,-0.217,-0.0,-0.1,-0.4,3.90
36940,DESCENT,781.29,781.59,-23.81,-0.23,85795.0,19.92,-0.241,-0.928,-0.185,-0.2,-0.1,-0.2,3.90
36950,DESCENT,781.25,781.35,-23.81,-0.30,85795.4,19.92,-0.207,-0.919,-0.228,-0.3,-0.1,-0.1,3.90
36960,DESCENT,781.20,781.11,-23.81,-0.20,85795.9,19.92,-0.242,-0.924,-0.214,0.3,-0.2,0.4,3.90
36970,DESCENT,780.75,780.87,-23.82,0.19,85800.6,19.92,-0.264,-0.959,-0.224,-0.1,0.1,0.2,3.90
36980,DESCENT,780.93,780.64,-23.81,-0.14,85798.8,19.93,-0.241,-0.935,-0.197,-0.1,-0.8,-0.1,3.90
36990,DESCENT,780.67,780.41,-23.80,-0.06,85801.5,19.93,-0.241,-0.948,-0.175,0.2,0.1,0.5,3.90
37000,DESCENT,780.21,780.17,-23.80,-0.37,85806.3,19.93,-0.233,-0.916,-0.180,0.4,-0.2,-0.4,3.90
37010,DESCENT,779.68,779.93,-23.81,-0.09,85811.9,19.93,-0.233,-0.946,-0.181,-0.1,-0.3,0.1,3.90
37020,DESCENT,780.09,779.70,-23.80,-0.24,85807.6,19.93,-0.252,-0.928,-0.162,-0.3,-0.4,-1.0,3.90
37030,DESCENT,779.72,779.47,-23.79,-0.26,85811.5,19.93,-0.217,-0.934,-0.171,0.7,0.2,-0.4,3.90
37040,DESCENT,779.65,779.25,-23.77,-0.16,85812.2,19.93,-0.247,-0.931,-0.202,0.2,0.1,0.2,3.90
37050,DESCENT,778.83,779.00,-23.78,-0.17,85820.8,19.94,-0.244,-0.943,-0.132,-0.1,-0.5,-0.4,3.90
37060,DESCENT,779.03,778.77,-23.77,-0.12,85818.7,19.94,-0.228,-0.942,-0.193,0.2,-0.1,-0.3,3.90
37070,DESCENT,778.77,778.54,-23.77,-0.27,85821.5,19.94,-0.209,-0.936,-0.159,0.4,-0.5,-0.8,3.90
37080,DESCENT,778.39,778.31,-23.77,-0.35,85825.4,19.94,-0.215,-0.926,-0.159,-0.1,-0.2,-0.0,3.90
37090,DESCENT,778.45,778.08,-23.75,-0.33,85824.8,19.94,-0.238,-0.923,-0.160,-0.0,-0.2,-0.1,3.90
37100,DESCENT,778.15,777.85,-23.74,-0.03,85828.0,19.94,-0.194,-0.955,-0.211,0.1,-0.6,-0.5,3.90
37110,DESCENT,777.96,777.62,-23.73,0.06,85830.0,19.95,-0.233,-0.963,-0.175,-0.0,-0.5,-0.6,3.90
37120,DESCENT,777.09,777.38,-23.74,-0.38,85839.1,19.95,-0.212,-0.921,-0.171,0.2,-0.2,-0.3,3.90
37130,DESCENT,777.06,777.14,-23.75,-0.27,85839.4,19.95,-0.238,-0.927,-0.173,0.0,-0.6,0.0,3.90
37140,DESCENT,777.19,776.91,-23.74,-0.37,85838.0,19.95,-0.203,-0.921,-0.190,0.1,-0.4,0.2,3.90
37150,DESCENT,776.38,776.66,-23.76,-0.23,85846.5,19.95,-0.221,-0.934,-0.181,-0.2,-0.3,-0.3,3.90
37160,DESCENT,776.81,776.44,-23.74,-0.56,85842.0,19.95,-0.212,-0.899,-0.191,0.1,-0.6,-0.0,3.90
37170,DESCENT,776.36,776.20,-23.74,0.12,85846.8,19.95,-0.246,-0.968,-0.164,0.3,-0.1,-0.9,3.90
37180,DESCENT,775.88,775.96,-23.74,-0.30,85851.8,19.96,-0.239,-0.920,-0.185,0.4,-0.4,-0.5,3.90
37190,DESCENT,775.91,775.73,-23.74,-0.14,85851.5,19.96,-0.233,-0.936,-0.202,1.1,-0.1,-0.3,3.90
37200,DESCENT,775.42,775.49,-23.75,-0.52,85856.7,19.96,-0.220,-0.905,-0.168,-0.1,0.1,0.6,3.90
37210,DESCENT,775.11,775.25,-23.75,-0.03,85859.9,19.96,-0.233,-0.955,-0.171,0.1,-0.6,-0.4,3.90
37220,DESCENT,775.03,775.01,-23.75,-0.33,85860.7,19.96,-0.252,-0.904,-0.226,0.1,-0.3,-0.4,3.90
37230,DESCENT,774.73,774.77,-23.76,-0.39,85863.9,19.96,-0.186,-0.922,-0.192,-0.1,-0.7,0.1,3.90
37240,DESCENT,774.79,774.54,-23.75,-0.11,85863.2,19.96,-0.207,-0.949,-0.189,0.2,0.0,-0.3,3.90
37250,DESCENT,774.14,774.30,-23.76,-0.00,85870.1,19.97,-0.247,-0.943,-0.223,0.2,0.2,-0.1,3.90
37260,DESCENT,774.45,774.07,-23.75,-0.17,85866.8,19.97,-0.228,-0.937,-0.190,-0.1,-0.2,-0.2,3.90
37270,DESCENT,774.12,773.84,-23.74,-0.30,85870.2,19.97,-0.215,-0.926,-0.187,-0.4,-0.3,0.0,3.90
37280,DESCENT,773.95,773.62,-23.73,-0.49,85872.0,19.97,-0.211,-0.908,-0.185,-0.3,-0.2,0.3,3.90
37290,DESCENT,773.01,773.37,-23.74,0.07,85881.9,19.97,-0.221,-0.968,-0.173,0.3,-0.2,-0.1,3.90
37300,DESCENT,773.31,773.14,-23.74,-0.25,85878.8,19.97,-0.185,-0.938,-0.186,-0.3,-0.9,-0.4,3.90
37310,DESCENT,772.74,772.89,-23.74,-0.05,85884.8,19.98,-0.234,-0.949,-0.186,0.4,-0.1,0.2,3.90
37320,DESCENT,772.97,772.67,-23.73,0.09,85882.3,19.98,-0.256,-0.957,-0.194,-0.1,0.1,-0.6,3.90
37330,DESCENT,772.61,772.43,-23.73,-0.28,85886.1,19.98,-0.246,-0.923,-0.176,-0.4,-0.3,-0.5,3.90
37340,DESCENT,772.36,772.20,-23.72,-0.13,85888.8,19.98,-0.234,-0.940,-0.185,-0.3,0.2,-0.8,3.90
37350,DESCENT,772.19,771.97,-23.71,0.02,85890.5,19.98,-0.234,-0.953,-0.202,0.0,-0.3,-0.8,3.90
37360,DESCENT,772.14,771.75,-23.70,-0.02,85891.1,19.98,-0.241,-0.951,-0.184,-0.1,0.5,-0.4,3.90
37370,DESCENT,771.26,771.50,-23.71,-0.21,85900.3,19.98,-0.243,-0.922,-0.219,-0.4,-0.3,-0.6,3.90
37380,DESCENT,771.74,771.28,-23.69,-0.27,85895.3,19.99,-0.246,-0.921,-0.192,0.6,-0.1,0.1,3.90
37390,DESCENT,770.94,771.04,-23.70,0.04,85903.6,19.99,-0.203,-0.964,-0.197,-0.1,0.4,0.3,3.90
37400,DESCENT,770.52,770.79,-23.71,-0.46,85908.1,19.99,-0.212,-0.912,-0.175,-0.3,-0.3,0.2,3.90
37410,DESCENT,770.67,770.56,-23.71,-0.14,85906.5,19.99,-0.232,-0.944,-0.162,-0.1,-0.2,-0.4,3.90
37420,DESCENT,770.39,770.32,-23.70,0.14,85909.4,19.99,-0.242,-0.963,-0.206,0.1,0.1,-0.5,3.90
37430,DESCENT,770.02,770.09,-23.71,-0.13,85913.3,19.99,-0.220,-0.945,-0.179,1.1,-0.9,0.2,3.90
37440,DESCENT,769.98,769.85,-23.70,-0.27,85913.8,20.00,-0.231,-0.928,-0.175,0.1,-0.1,0.3,3.90
37450,DESCENT,770.16,769.63,-23.68,-0.18,85911.9,20.00,-0.244,-0.927,-0.215,0.1,-0.2,-0.3,3.90
37460,DESCENT,769.17,769.39,-23.70,-0.47,85922.2,20.00,-0.227,-0.912,-0.151,-0.2,0.0,0.2,3.90
37470,DESCENT,769.08,769.15,-23.70,0.05,85923.2,20.00,-0.292,-0.948,-0.163,-0.0,0.0,-0.2,3.90
37480,DESCENT,769.17,768.92,-23.69,0.01,85922.3,20.00,-0.216,-0.959,-0.191,-0.3,0.5,-0.1,3.90
37490,DESCENT,768.50,768.68,-23.70,-0.14,85929.3,20.00,-0.228,-0.939,-0.195,0.7,-0.3,0.4,3.90
37500,DESCENT,768.52,768.44,-23.70,-0.75,85929.2,20.00,-0.235,-0.878,-0.159,0.6,-0.2,0.1,3.90
37510,DESCENT,768.41,768.21,-23.70,-0.10,85930.2,20.01,-0.198,-0.956,-0.171,0.1,-0.2,-0.5,3.90
37520,DESCENT,768.20,767.98,-23.69,-0.35,85932.5,20.01,-0.266,-0.909,-0.177,0.3,-0.6,-0.2,3.90
37530,DESCENT,767.70,767.74,-23.69,-0.10,85937.8,20.01,-0.206,-0.951,-0.185,0.2,-0.6,-0.1,3.90
37540,DESCENT,767.39,767.50,-23.70,-0.30,85941.0,20.01,-0.202,-0.932,-0.174,-0.3,0.0,-0.4,3.90
37550,DESCENT,767.60,767.27,-23.69,-0.57,85938.8,20.01,-0.212,-0.898,-0.189,0.1,-0.4,0.1,3.90
37560,DESCENT,767.28,767.04,-23.69,-0.45,85942.2,20.01,-0.205,-0.915,-0.176,0.3,-0.1,-0.1,3.90
37570,DESCENT,766.72,766.80,-23.69,0.06,85948.0,20.02,-0.244,-0.957,-0.199,-0.5,-0.4,0.8,3.90
37580,DESCENT,766.48,766.57,-23.70,-0.54,85950.6,20.02,-0.197,-0.904,-0.187,-0.4,-0.3,-0.1,3.90
37590,DESCENT,766.52,766.33,-23.69,-0.02,85950.2,20.02,-0.251,-0.948,-0.184,0.5,-0.1,0.1,3.90
37600,DESCENT,765.90,766.09,-23.70,-0.30,85956.7,20.02,-0.210,-0.923,-0.205,-0.1,-1.1,-0.0,3.90
37610,DESCENT,765.72,765.85,-23.71,-0.09,85958.5,20.02,-0.262,-0.932,-0.212,0.1,-0.2,0.1,3.90
37620,DESCENT,765.37,765.61,-23.72,-0.20,85962.2,20.02,-0.231,-0.938,-0.162,0.6,-0.8,-0.2,3.90
37630,DESCENT,765.35,765.37,-23.72,-0.55,85962.5,20.02,-0.193,-0.905,-0.183,0.0,-0.6,-0.1,3.90
37640,DESCENT,765.15,765.13,-23.73,-0.24,85964.6,20.03,-0.245,-0.921,-0.210,0.5,-0.6,-0.2,3.90
37650,DESCENT,764.94,764.90,-23.73,-0.31,85966.8,20.03,-0.216,-0.927,-0.180,0.2,-0.7,-0.1,3.90
37660,DESCENT,764.90,764.67,-23.72,0.30,85967.2,20.03,-0.251,-0.981,-0.198,-0.1,-1.1,-0.4,3.90
37670,DESCENT,764.85,764.44,-23.70,-0.25,85967.7,20.03,-0.246,-0.923,-0.192,0.2,-0.2,-0.3,3.90
37680,DESCENT,764.11,764.20,-23.71,-0.25,85975.5,20.03,-0.243,-0.928,-0.170,-0.4,-0.5,0.3,3.90
37690,DESCENT,763.96,763.96,-23.71,0.03,85977.1,20.03,-0.243,-0.956,-0.182,-0.2,-0.2,-0.2,3.90
37700,DESCENT,763.56,763.72,-23.72,-0.44,85981.2,20.04,-0.220,-0.913,-0.171,0.2,-0.2,-0.2,3.90
37710,DESCENT,763.86,763.49,-23.70,0.11,85978.1,20.04,-0.202,-0.970,-0.208,0.5,-0.7,-0.2,3.90
37720,DESCENT,763.43,763.26,-23.70,-0.08,85982.6,20.04,-0.228,-0.951,-0.166,0.4,-0.1,-0.1,3.90
37730,DESCENT,763.32,763.03,-23.69,-0.18,85983.8,20.04,-0.237,-0.932,-0.197,-0.2,-0.0,0.3,3.90
37740,DESCENT,763.25,762.81,-23.67,-0.18,85984.5,20.04,-0.184,-0.942,-0.208,0.1,-0.7,0.1,3.90
37750,DESCENT,762.91,762.58,-23.66,-0.18,85988.1,20.04,-0.237,-0.931,-0.201,0.4,-0.7,-0.7,3.90
37760,DESCENT,762.28,762.34,-23.66,-0.04,85994.7,20.04,-0.238,-0.953,-0.168,-0.2,-0.6,-0.1,3.90
37770,DESCENT,762.05,762.11,-23.67,0.00,85997.2,20.05,-0.220,-0.955,-0.202,0.2,-0.0,-0.1,3.90
37780,DESCENT,762.03,761.87,-23.66,0.17,85997.4,20.05,-0.217,-0.965,-0.239,-0.6,-0.4,-0.6,3.90
37790,DESCENT,762.03,761.65,-23.64,-0.05,85997.4,20.05,-0.215,-0.960,-0.151,0.2,-0.5,-0.1,3.90
37800,DESCENT,761.22,761.41,-23.65,-0.26,86005.9,20.05,-0.235,-0.929,-0.168,0.4,-0.4,-0.3,3.90
37810,DESCENT,760.73,761.16,-23.67,0.18,86011.0,20.05,-0.214,-0.978,-0.192,0.2,-0.3,-0.3,3.90
37820,DESCENT,760.64,760.91,-23.68,-0.25,86012.0,20.05,-0.217,-0.928,-0.203,0.4,-0.4,-0.2,3.90
37830,DESCENT,761.02,760.69,-23.67,0.05,86008.0,20.06,-0.211,-0.967,-0.177,0.2,-0.1,-0.2,3.90
37840,DESCENT,760.11,760.44,-23.68,-0.09,86017.6,20.06,-0.224,-0.947,-0.188,0.6,-0.3,0.3,3.90
37850,DESCENT,760.42,760.21,-23.67,-0.10,86014.3,20.06,-0.203,-0.948,-0.199,0.5,-0.2,0.3,3.90
37860,DESCENT,760.13,759.98,-23.67,-0.05,86017.3,20.06,-0.225,-0.944,-0.219,-0.2,-0.2,0.2,3.90
37870,DESCENT,759.94,759.75,-23.66,-0.28,86019.4,20.06,-0.200,-0.927,-0.206,0.1,-0.9,0.4,3.90
37880,DESCENT,760.15,759.53,-23.64,-0.05,86017.2,20.06,-0.193,-0.954,-0.209,-0.0,-0.1,-0.3,3.90
37890,DESCENT,759.20,759.29,-23.64,-0.22,86027.1,20.06,-0.222,-0.934,-0.183,-0.1,-0.9,-0.4,3.90
37900,DESCENT,758.92,759.05,-23.65,-0.12,86030.1,20.07,-0.219,-0.948,-0.174,-0.4,-0.3,-0.3,3.90
37910,DESCENT,758.89,758.81,-23.65,0.05,86030.4,20.07,-0.216,-0.962,-0.195,0.1,0.1,-0.6,3.90
37920,DESCENT,758.62,758.58,-23.65,-0.40,86033.2,20.07,-0.184,-0.922,-0.190,0.2,-0.1,-0.6,3.90
37930,DESCENT,758.22,758.34,-23.65,-0.25,86037.5,20.07,-0.221,-0.930,-0.189,0.2,-0.8,0.2,3.90
37940,DESCENT,758.05,758.10,-23.66,-0.05,86039.2,20.07,-0.226,-0.959,-0.139,0.5,-0.1,-0.1,3.90
37950,DESCENT,757.81,757.86,-23.66,-0.26,86041.7,20.07,-0.228,-0.918,-0.229,0.1,-0.2,-0.5,3.90
37960,DESCENT,757.64,757.63,-23.66,-0.39,86043.6,20.08,-0.209,-0.922,-0.166,-0.0,0.1,-0.4,3.90
37970,DESCENT,757.53,757.39,-23.66,-0.11,86044.7,20.08,-0.229,-0.941,-0.201,-0.2,-0.1,-0.3,3.90
37980,DESCENT,757.45,757.17,-23.65,-0.00,86045.5,20.08,-0.234,-0.950,-0.206,-0.3,-0.3,-0.3,3.90
37990,DESCENT,757.03,756.93,-23.65,-0.41,86050.0,20.08,-0.204,-0.917,-0.189,0.1,-0.6,-0.2,3.90
38000,DESCENT,756.83,756.70,-23.64,0.07,86052.0,20.08,-0.203,-0.960,-0.232,0.2,-0.1,-0.1,3.90
38010,DESCENT,756.37,756.46,-23.65,-0.37,86056.9,20.08,-0.216,-0.920,-0.177,-0.2,-0.6,-0.1,3.90
38020,DESCENT,755.93,756.21,-23.66,-0.12,86061.6,20.08,-0.238,-0.942,-0.176,-0.1,-0.3,-0.5,3.90
38030,DESCENT,755.94,755.98,-23.67,-0.04,86061.5,20.09,-0.225,-0.955,-0.170,0.7,0.5,0.4,3.90
38040,DESCENT,755.54,755.73,-23.67,-0.03,86065.6,20.09,-0.225,-0.946,-0.218,-0.3,-0.4,-0.1,3.90
38050,DESCENT,755.31,755.49,-23.68,0.12,86068.1,20.09,-0.226,-0.972,-0.168,0.0,-0.2,0.1,3.90
38060,DESCENT,755.84,755.27,-23.66,0.10,86062.6,20.09,-0.248,-0.963,-0.181,0.2,-0.6,0.4,3.90
38070,DESCENT,755.21,755.04,-23.65,-0.28,86069.2,20.09,-0.210,-0.922,-0.222,-0.1,-0.0,-0.6,3.90
38080,DESCENT,754.67,754.80,-23.66,-0.08,86074.8,20.09,-0.266,-0.938,-0.187,0.3,-0.1,-0.7,3.90
38090,DESCENT,754.71,754.57,-23.65,-0.47,86074.4,20.10,-0.212,-0.910,-0.184,-0.2,-0.0,-0.5,3.90
38100,DESCENT,754.56,754.34,-23.65,-0.30,86075.9,20.10,-0.219,-0.922,-0.204,-0.3,0.3,0.2,3.90
38110,DESCENT,753.92,754.10,-23.66,-0.34,86082.7,20.10,-0.237,-0.915,-0.195,-0.8,-0.0,0.0,3.90
38120,DESCENT,754.01,753.86,-23.66,-0.22,86081.8,20.10,-0.201,-0.939,-0.188,-0.1,0.4,0.2,3.90
38130,DESCENT,753.70,753.63,-23.66,-0.12,86085.0,20.10,-0.244,-0.935,-0.202,0.0,-0.2,0.3,3.90
38140,DESCENT,753.49,753.40,-23.65,-0.14,86087.3,20.10,-0.241,-0.941,-0.164,0.1,0.2,-0.3,3.90
38150,DESCENT,753.30,753.16,-23.65,0.23,86089.2,20.10,-0.255,-0.969,-0.211,0.3,-0.4,-0.2,3.90
38160,DESCENT,752.61,752.92,-23.66,-0.08,86096.5,20.11,-0.235,-0.950,-0.160,-0.0,-0.1,-0.5,3.90
38170,DESCENT,752.51,752.68,-23.67,-0.32,86097.6,20.11,-0.209,-0.920,-0.211,-0.4,-0.5,-0.1,3.90
38180,DESCENT,752.26,752.43,-23.68,0.01,86100.2,20.11,-0.206,-0.962,-0.185,0.4,-0.4,0.0,3.90
38190,DESCENT,752.17,752.20,-23.68,-0.29,86101.1,20.11,-0.255,-0.922,-0.165,0.0,-0.2,-0.3,3.90
38200,DESCENT,752.22,751.97,-23.67,-0.01,86100.6,20.11,-0.234,-0.953,-0.189,-0.2,0.6,-0.6,3.90
38210,DESCENT,751.57,751.73,-23.68,-0.45,86107.4,20.11,-0.205,-0.919,-0.151,0.4,-0.4,0.3,3.90
38220,DESCENT,751.55,751.49,-23.68,-0.32,86107.7,20.11,-0.242,-0.917,-0.194,-0.2,-0.3,-0.2,3.90
38230,DESCENT,751.41,751.26,-23.67,-0.02,86109.1,20.12,-0.225,-0.957,-0.176,0.0,-0.0,-0.1,3.90
38240,DESCENT,751.41,751.03,-23.66,-0.06,86109.1,20.12,-0.266,-0.934,-0.210,0.3,-0.2,-0.3,3.90
38250,DESCENT,750.63,750.79,-23.67,-0.12,86117.3,20.12,-0.210,-0.949,-0.172,0.4,-0.4,-0.1,3.90
38260,DESCENT,750.82,750.56,-23.66,-0.26,86115.3,20.12,-0.228,-0.924,-0.207,-0.2,-0.4,-0.4,3.90
38270,DESCENT,750.19,750.32,-23.67,-0.33,86122.0,20.12,-0.242,-0.919,-0.171,0.2,-0.2,-0.3,3.90
38280,DESCENT,750.79,750.11,-23.64,-0.05,86115.7,20.12,-0.226,-0.949,-0.199,-0.1,-0.7,-0.2,3.90
38290,DESCENT,749.85,749.87,-23.64,-0.36,86125.5,20.13,-0.199,-0.927,-0.168,0.4,-0.6,-0.4,3.90
38300,DESCENT,749.47,749.63,-23.65,0.05,86129.5,20.13,-0.236,-0.958,-0.196,-0.0,-0.3,-0.4,3.90
38310,DESCENT,749.69,749.40,-23.64,-0.20,86127.3,20.13,-0.264,-0.928,-0.172,0.3,-0.4,-0.1,3.90
38320,DESCENT,748.95,749.16,-23.65,-0.29,86135.0,20.13,-0.261,-0.911,-0.206,0.4,-0.5,-0.2,3.90
38330,DESCENT,749.25,748.93,-23.64,-0.30,86131.9,20.13,-0.191,-0.937,-0.164,0.2,-0.3,-0.2,3.90
38340,DESCENT,748.50,748.69,-23.65,-0.24,86139.8,20.13,-0.227,-0.923,-0.219,0.2,-0.6,-0.3,3.90
38350,DESCENT,748.34,748.45,-23.66,-0.48,86141.5,20.13,-0.237,-0.894,-0.219,0.2,-0.3,0.6,3.90
38360,DESCENT,748.24,748.21,-23.66,0.26,86142.5,20.14,-0.226,-0.979,-0.213,0.4,0.2,-0.3,3.90
38370,DESCENT,747.99,747.98,-23.66,-0.33,86145.2,20.14,-0.209,-0.929,-0.162,0.2,0.0,-0.5,3.90
38380,DESCENT,748.05,747.75,-23.65,-0.10,86144.6,20.14,-0.233,-0.939,-0.210,0.2,0.1,-0.2,3.90
38390,DESCENT,747.50,747.51,-23.65,-0.27,86150.3,20.14,-0.226,-0.929,-0.175,0.1,0.0,-0.2,3.90
38400,DESCENT,747.34,747.28,-23.65,-0.26,86152.0,20.14,-0.233,-0.926,-0.192,0.7,-0.4,-0.3,3.90
38410,DESCENT,747.10,747.04,-23.65,0.03,86154.6,20.14,-0.222,-0.952,-0.222,0.2,-0.3,-0.3,3.90
38420,DESCENT,746.81,746.81,-23.65,-0.11,86157.6,20.15,-0.229,-0.946,-0.174,0.1,-0.4,-0.2,3.90
38430,DESCENT,746.98,746.58,-23.64,-0.27,86155.8,20.15,-0.260,-0.912,-0.216,0.1,0.1,-0.2,3.90
38440,DESCENT,746.32,746.34,-23.64,-0.24,86162.7,20.15,-0.254,-0.922,-0.192,-0.1,-0.0,0.1,3.90
38450,DESCENT,745.96,746.10,-23.65,-0.02,86166.5,20.15,-0.247,-0.948,-0.193,0.4,-0.7,-0.6,3.90
38460,DESCENT,746.24,745.88,-23.63,-0.11,86163.6,20.15,-0.224,-0.942,-0.201,0.0,-0.3,-0.1,3.90
38470,DESCENT,745.86,745.65,-23.62,-0.05,86167.6,20.15,-0.217,-0.955,-0.172,0.1,-0.3,-0.2,3.90
38480,DESCENT,745.49,745.41,-23.62,-0.07,86171.5,20.15,-0.206,-0.954,-0.182,0.2,-0.1,-0.5,3.90
38490,DESCENT,744.90,745.17,-23.63,0.14,86177.8,20.16,-0.229,-0.975,-0.159,-0.0,-0.3,-1.0,3.90
38500,DESCENT,745.10,744.94,-23.63,-0.43,86175.6,20.16,-0.193,-0.923,-0.155,0.2,-0.4,-0.6,3.90
38510,DESCENT,744.58,744.70,-23.64,-0.39,86181.1,20.16,-0.206,-0.917,-0.199,0.0,0.1,-0.1,3.90
38520,DESCENT,744.94,744.47,-23.62,-0.21,86177.3,20.16,-0.228,-0.929,-0.206,0.2,-0.5,0.0,3.90
38530,DESCENT,744.25,744.24,-23.62,-0.14,86184.5,20.16,-0.209,-0.946,-0.183,-0.2,-0.6,-0.1,3.90
38540,DESCENT,743.91,744.00,-23.63,-0.14,86188.2,20.16,-0.225,-0.943,-0.181,0.1,-0.7,-0.0,3.90
38550,DESCENT,744.00,743.77,-23.62,-0.34,86187.2,20.17,-0.225,-0.916,-0.206,-0.1,-0.1,-0.2,3.90
38560,DESCENT,743.48,743.53,-23.63,-0.45,86192.7,20.17,-0.239,-0.911,-0.156,-0.1,-0.1,-0.5,3.90
38570,DESCENT,743.07,743.29,-23.64,0.06,86197.0,20.17,-0.214,-0.962,-0.205,0.2,-0.2,0.0,3.90
38580,DESCENT,742.92,743.05,-23.64,0.13,86198.6,20.17,-0.240,-0.966,-0.188,-0.2,-0.1,0.5,3.90
38590,DESCENT,742.84,742.81,-23.64,-0.10,86199.5,20.17,-0.217,-0.951,-0.165,0.1,-0.6,-0.7,3.90
38600,DESCENT,742.68,742.58,-23.64,-0.35,86201.1,20.17,-0.214,-0.918,-0.202,0.3,0.3,-0.2,3.90
38610,DESCENT,742.14,742.34,-23.65,-0.08,86206.8,20.17,-0.220,-0.949,-0.186,0.4,-0.3,-0.0,3.90
38620,DESCENT,741.98,742.10,-23.66,-0.31,86208.4,20.18,-0.230,-0.924,-0.175,-0.6,-0.6,-0.4,3.90
38630,DESCENT,742.02,741.87,-23.65,-0.36,86208.1,20.18,-0.210,-0.925,-0.165,0.0,-0.0,-0.4,3.90
38640,DESCENT,742.08,741.64,-23.64,0.03,86207.4,20.18,-0.231,-0.954,-0.208,0.0,-0.3,-0.2,3.90
38650,DESCENT,741.54,741.41,-23.63,-0.04,86213.1,20.18,-0.206,-0.958,-0.176,-0.1,-0.1,0.2,3.90
38660,DESCENT,741.13,741.17,-23.63,0.07,86217.4,20.18,-0.192,-0.966,-0.212,0.1,-0.6,-0.2,3.90
38670,DESCENT,741.39,740.95,-23.62,-0.32,86214.7,20.18,-0.246,-0.921,-0.162,0.2,0.2,-0.5,3.90
38680,DESCENT,740.90,740.72,-23.61,-0.42,86219.9,20.19,-0.220,-0.910,-0.197,0.1,0.2,-0.1,3.90
38690,DESCENT,740.17,740.47,-23.63,-0.41,86227.6,20.19,-0.224,-0.911,-0.192,0.8,0.1,0.1,3.90
38700,DESCENT,740.48,740.24,-23.62,-0.44,86224.3,20.19,-0.203,-0.917,-0.173,0.5,0.1,-0.8,3.90
38710,DESCENT,740.24,740.01,-23.62,-0.37,86226.9,20.19,-0.208,-0.923,-0.175,0.2,-0.4,-0.4,3.90
38720,DESCENT,739.93,739.78,-23.61,-0.33,86230.1,20.19,-0.228,-0.921,-0.186,0.3,0.1,0.6,3.90
38730,DESCENT,739.50,739.54,-23.62,-0.11,86234.6,20.19,-0.221,-0.946,-0.186,0.1,-0.4,-0.2,3.90
38740,DESCENT,739.12,739.30,-23.63,-0.19,86238.6,20.19,-0.222,-0.942,-0.155,0.6,-0.5,-0.2,3.90
38750,DESCENT,739.63,739.08,-23.61,-0.04,86233.2,20.20,-0.229,-0.953,-0.180,0.4,-0.1,-0.3,3.90
38760,DESCENT,738.72,738.84,-23.61,-0.09,86242.9,20.20,-0.246,-0.938,-0.199,0.1,-0.1,-0.5,3.90
38770,DESCENT,738.39,738.60,-23.62,-0.31,86246.3,20.20,-0.275,-0.909,-0.186,-0.1,-0.5,-0.2,3.90
38780,DESCENT,738.05,738.36,-23.64,-0.18,86249.9,20.20,-0.230,-0.939,-0.173,-0.2,-0.3,0.0,3.90
38790,DESCENT,738.01,738.12,-23.64,-0.42,86250.4,20.20,-0.207,-0.898,-0.259,0.3,-0.3,0.5,3.90
38800,DESCENT,738.17,737.89,-23.64,-0.02,86248.6,20.20,-0.222,-0.954,-0.192,0.4,-0.4,-0.7,3.90
38810,DESCENT,737.45,737.65,-23.64,-0.21,86256.3,20.21,-0.215,-0.933,-0.203,-0.0,-0.3,0.1,3.90
38820,DESCENT,737.60,737.41,-23.64,0.04,86254.7,20.21,-0.243,-0.950,-0.218,0.2,-0.6,-0.3,3.90
38830,DESCENT,737.15,737.18,-23.64,-0.04,86259.4,20.21,-0.238,-0.949,-0.186,0.4,-0.1,-0.7,3.90
38840,DESCENT,736.67,736.93,-23.65,-0.24,86264.5,20.21,-0.234,-0.923,-0.211,0.4,-0.5,-0.5,3.90
38850,DESCENT,736.39,736.69,-23.67,-0.28,86267.4,20.21,-0.237,-0.923,-0.189,0.1,-0.6,-0.6,3.90
38860,DESCENT,736.33,736.45,-23.67,-0.49,86268.1,20.21,-0.225,-0.903,-0.194,-0.2,0.2,-0.1,3.90
38870,DESCENT,735.94,736.20,-23.69,-0.46,86272.2,20.21,-0.222,-0.904,-0.206,-0.1,-0.2,-0.2,3.90
38880,DESCENT,736.19,735.97,-23.69,-0.37,86269.6,20.22,-0.246,-0.911,-0.190,0.0,-0.3,-0.9,3.90
38890,DESCENT,735.67,735.73,-23.69,-0.24,86275.0,20.22,-0.235,-0.924,-0.208,0.2,-0.1,-0.2,3.90
38900,DESCENT,735.87,735.51,-23.68,-0.18,86272.9,20.22,-0.241,-0.927,-0.215,0.2,-0.9,-0.1,3.90
38910,DESCENT,735.35,735.27,-23.68,-0.23,86278.4,20.22,-0.225,-0.938,-0.151,0.3,0.5,-0.4,3.90
38920,DESCENT,735.28,735.04,-23.67,-0.31,86279.1,20.22,-0.249,-0.913,-0.203,-0.1,-0.1,-0.4,3.90
38930,DESCENT,734.94,734.81,-23.67,-0.26,86282.8,20.22,-0.226,-0.925,-0.200,0.2,-0.4,-0.6,3.90
38940,DESCENT,734.70,734.58,-23.66,-0.12,86285.2,20.23,-0.245,-0.936,-0.198,-0.1,-0.1,0.1,3.90
38950,DESCENT,734.43,734.34,-23.67,-0.66,86288.1,20.23,-0.205,-0.892,-0.178,0.2,-0.1,-0.3,3.90
38960,DESCENT,734.12,734.11,-23.67,-0.08,86291.4,20.23,-0.231,-0.940,-0.218,0.3,-0.1,-0.2,3.90
38970,DESCENT,733.61,733.86,-23.68,-0.00,86296.7,20.23,-0.224,-0.948,-0.223,-0.1,-0.3,-0.7,3.90
38980,DESCENT,733.69,733.63,-23.68,0.04,86295.9,20.23,-0.261,-0.950,-0.196,-0.1,-0.4,-0.0,3.90
38990,DESCENT,733.80,733.40,-23.66,-0.06,86294.7,20.23,-0.202,-0.957,-0.174,-0.3,-0.4,-0.0,3.90
39000,DESCENT,733.58,733.18,-23.64,0.02,86297.0,20.23,-0.215,-0.959,-0.195,-0.1,0.1,0.0,3.90
39010,DESCENT,733.09,732.95,-23.64,-0.35,86302.2,20.24,-0.245,-0.916,-0.168,0.5,0.1,-0.3,3.90
39020,DESCENT,732.65,732.71,-23.64,-0.07,86306.9,20.24,-0.201,-0.947,-0.223,0.3,-0.6,-0.5,3.90
39030,DESCENT,732.31,732.47,-23.65,-0.37,86310.5,20.24,-0.244,-0.908,-0.203,0.5,-0.0,-0.4,3.90
39040,DESCENT,732.63,732.24,-23.64,-0.22,86307.1,20.24,-0.214,-0.934,-0.194,0.4,0.2,-0.2,3.90
39050,DESCENT,732.13,732.01,-23.63,0.12,86312.3,20.24,-0.199,-0.976,-0.184,0.6,0.1,-0.3,3.90
39060,DESCENT,731.67,731.77,-23.64,-0.00,86317.2,20.24,-0.222,-0.953,-0.202,-0.0,0.2,-0.3,3.90
39070,DESCENT,731.80,731.54,-23.63,-0.03,86315.8,20.24,-0.232,-0.956,-0.160,0.5,-0.8,-0.1,3.90
39080,DESCENT,731.32,731.30,-23.63,0.17,86320.9,20.25,-0.260,-0.967,-0.182,0.2,-0.4,0.4,3.90
39090,DESCENT,731.00,731.07,-23.63,0.16,86324.3,20.25,-0.221,-0.970,-0.207,-0.2,-0.3,-0.4,3.90
39100,DESCENT,730.82,730.83,-23.63,-0.09,86326.2,20.25,-0.251,-0.940,-0.183,0.8,-0.5,0.0,3.90
39110,DESCENT,730.73,730.60,-23.62,-0.23,86327.1,20.25,-0.210,-0.935,-0.187,0.1,-0.3,-0.2,3.90
39120,DESCENT,730.23,730.36,-23.63,-0.12,86332.4,20.25,-0.206,-0.941,-0.218,0.3,-0.3,-0.3,3.90
39130,DESCENT,730.35,730.13,-23.62,-0.44,86331.2,20.25,-0.237,-0.900,-0.211,-0.2,-0.2,-0.0,3.90
39140,DESCENT,729.95,729.89,-23.63,-0.37,86335.3,20.26,-0.227,-0.911,-0.214,0.0,0.2,-0.4,3.90
39150,DESCENT,729.90,729.66,-23.62,-0.32,86335.9,20.26,-0.204,-0.927,-0.186,-0.0,-0.2,-0.2,3.90
39160,DESCENT,729.17,729.42,-23.63,-0.51,86343.6,20.26,-0.221,-0.901,-0.192,-0.4,-0.2,-0.0,3.90
39170,DESCENT,729.62,729.20,-23.62,0.12,86338.8,20.26,-0.238,-0.964,-0.203,-0.3,-0.1,-0.1,3.90
39180,DESCENT,728.93,728.96,-23.62,-0.30,86346.1,20.26,-0.203,-0.931,-0.179,0.4,-0.4,-0.2,3.90
39190,DESCENT,728.60,728.72,-23.63,-0.08,86349.7,20.26,-0.189,-0.949,-0.216,-0.2,0.1,0.1,3.90
39200,DESCENT,728.51,728.48,-23.63,-0.27,86350.6,20.26,-0.218,-0.932,-0.171,0.2,-0.5,-0.6,3.90
39210,DESCENT,728.10,728.24,-23.63,-0.00,86354.9,20.27,-0.241,-0.951,-0.193,-0.2,0.2,-0.7,3.90
39220,DESCENT,728.19,728.01,-23.63,0.03,86353.9,20.27,-0.218,-0.961,-0.187,0.1,-0.8,-0.1,3.90
39230,DESCENT,727.74,727.77,-23.63,0.07,86358.6,20.27,-0.224,-0.965,-0.178,0.1,0.2,-0.4,3.90
39240,DESCENT,727.40,727.53,-23.63,0.40,86362.3,20.27,-0.254,-0.991,-0.194,0.6,-0.4,-0.1,3.90
39250,DESCENT,727.07,727.29,-23.64,-0.38,86365.8,20.27,-0.229,-0.916,-0.177,-0.3,-0.2,-0.4,3.90
39260,DESCENT,726.75,727.05,-23.66,-0.07,86369.1,20.27,-0.217,-0.944,-0.218,0.2,-0.4,-0.6,3.90
39270,DESCENT,726.39,726.80,-23.67,-0.35,86373.0,20.28,-0.187,-0.927,-0.190,0.1,-0.4,-0.0,3.90
39280,DESCENT,725.81,726.54,-23.71,-0.15,86379.0,20.28,-0.257,-0.930,-0.194,0.2,-0.4,-0.3,3.90
39290,DESCENT,726.26,726.30,-23.71,-0.04,86374.3,20.28,-0.230,-0.953,-0.175,0.3,-0.4,-0.4,3.90
39300,DESCENT,726.25,726.07,-23.70,-0.12,86374.4,20.28,-0.218,-0.944,-0.191,0.1,-0.2,-0.7,3.90
39310,DESCENT,725.83,725.83,-23.71,-0.38,86378.9,20.28,-0.237,-0.915,-0.176,-0.3,-0.6,-0.2,3.90
39320,DESCENT,725.49,725.59,-23.71,-0.24,86382.4,20.28,-0.230,-0.932,-0.178,-0.1,-0.1,0.2,3.90
39330,DESCENT,725.32,725.36,-23.72,-0.03,86384.2,20.28,-0.251,-0.948,-0.179,0.1,-0.4,-0.1,3.90
39340,DESCENT,724.86,725.11,-23.73,-0.46,86389.1,20.29,-0.184,-0.918,-0.176,-0.2,0.0,-0.3,3.90
39350,DESCENT,724.45,724.86,-23.75,-0.22,86393.4,20.29,-0.233,-0.930,-0.194,0.3,0.0,-0.3,3.90
39360,DESCENT,724.57,724.62,-23.75,-0.21,86392.2,20.29,-0.222,-0.934,-0.187,-0.4,-0.6,0.2,3.90
39370,DESCENT,724.20,724.38,-23.76,-0.13,86396.0,20.29,-0.226,-0.942,-0.187,0.1,-0.1,-0.8,3.90
39380,DESCENT,724.32,724.15,-23.76,-0.36,86394.9,20.29,-0.211,-0.919,-0.195,-0.3,-0.4,-0.3,3.90
39390,DESCENT,723.79,723.91,-23.76,-0.10,86400.4,20.29,-0.250,-0.938,-0.196,0.4,0.1,-0.1,3.90
39400,DESCENT,723.79,723.67,-23.76,-0.28,86400.4,20.30,-0.211,-0.923,-0.217,-0.2,-0.3,0.1,3.90
39410,DESCENT,723.41,723.43,-23.76,-0.06,86404.4,20.30,-0.199,-0.953,-0.201,0.2,-0.0,-0.4,3.90
39420,DESCENT,723.17,723.20,-23.77,-0.20,86407.0,20.30,-0.211,-0.932,-0.215,-0.1,-0.5,-0.3,3.90
39430,DESCENT,722.95,722.96,-23.77,-0.02,86409.3,20.30,-0.190,-0.959,-0.202,-0.2,-0.4,-0.3,3.90
39440,DESCENT,722.47,722.71,-23.78,-0.24,86414.4,20.30,-0.233,-0.930,-0.178,0.4,-0.6,-0.6,3.90
39450,DESCENT,722.27,722.47,-23.79,-0.37,86416.4,20.30,-0.205,-0.920,-0.194,-0.2,-0.0,-0.3,3.90
39460,DESCENT,722.03,722.23,-23.80,-0.07,86419.0,20.30,-0.219,-0.950,-0.191,-0.3,-0.4,-0.4,3.90
39470,DESCENT,721.94,721.99,-23.80,-0.16,86419.9,20.31,-0.213,-0.945,-0.170,0.2,0.1,0.1,3.90
39480,DESCENT,721.92,721.75,-23.80,-0.11,86420.1,20.31,-0.232,-0.941,-0.196,0.2,0.0,-0.4,3.90
39490,DESCENT,721.30,721.51,-23.81,-0.07,86426.7,20.31,-0.254,-0.939,-0.201,0.7,-0.0,-0.2,3.90
39500,DESCENT,721.46,721.28,-23.80,-0.34,86425.0,20.31,-0.200,-0.930,-0.161,-0.2,-0.1,-0.4,3.90
39510,DESCENT,721.04,721.04,-23.81,-0.28,86429.4,20.31,-0.198,-0.935,-0.176,0.4,-0.2,-0.3,3.90
39520,DESCENT,720.75,720.80,-23.81,-0.47,86432.5,20.31,-0.246,-0.902,-0.178,-0.1,-0.6,-0.3,3.90
39530,DESCENT,720.54,720.56,-23.82,-0.32,86434.7,20.32,-0.209,-0.926,-0.183,-0.1,0.0,-0.1,3.90
39540,DESCENT,720.22,720.32,-23.82,-0.15,86438.1,20.32,-0.226,-0.935,-0.214,-0.1,-0.8,-0.8,3.90
39550,DESCENT,720.16,720.08,-23.82,-0.19,86438.7,20.32,-0.222,-0.936,-0.192,0.7,0.1,0.2,3.90
39560,DESCENT,719.78,719.84,-23.83,-0.44,86442.8,20.32,-0.224,-0.913,-0.164,0.2,-0.8,-0.3,3.90
39570,DESCENT,719.94,719.61,-23.82,-0.18,86441.1,20.32,-0.219,-0.938,-0.190,0.3,-0.5,0.1,3.90
39580,DESCENT,719.67,719.38,-23.81,-0.29,86443.9,20.32,-0.209,-0.927,-0.196,-0.1,-0.2,-0.3,3.90
39590,DESCENT,719.34,719.15,-23.80,-0.66,86447.3,20.32,-0.204,-0.878,-0.240,0.3,0.4,-0.4,3.90
39600,DESCENT,719.39,718.93,-23.79,-0.14,86446.9,20.33,-0.184,-0.954,-0.165,0.1,0.2,-0.2,3.90
39610,DESCENT,718.86,718.69,-23.78,0.35,86452.4,20.33,-0.247,-0.981,-0.222,0.2,0.0,-0.3,3.90
39620,DESCENT,718.73,718.46,-23.77,-0.26,86453.9,20.33,-0.228,-0.925,-0.200,0.1,0.0,0.2,3.90
39630,DESCENT,718.21,718.23,-23.77,-0.09,86459.3,20.33,-0.251,-0.948,-0.144,0.2,0.1,-0.7,3.90
39640,DESCENT,718.33,718.00,-23.76,-0.28,86458.0,20.33,-0.234,-0.925,-0.180,-0.5,-0.5,-0.3,3.90
39650,DESCENT,717.84,717.76,-23.76,-0.08,86463.2,20.33,-0.248,-0.941,-0.191,0.1,-0.3,0.2,3.90
39660,DESCENT,717.73,717.53,-23.75,0.09,86464.4,20.34,-0.212,-0.967,-0.194,-0.1,-0.7,-0.2,3.90
39670,DESCENT,717.76,717.31,-23.73,0.02,86464.1,20.34,-0.254,-0.950,-0.193,0.1,-0.1,-0.2,3.90
39680,DESCENT,717.26,717.07,-23.73,-0.32,86469.4,20.34,-0.214,-0.919,-0.214,0.0,-0.5,-0.2,3.90
39690,DESCENT,716.67,716.83,-23.73,-0.15,86475.6,20.34,-0.268,-0.928,-0.196,-0.2,-0.8,-0.3,3.90
39700,DESCENT,716.41,716.59,-23.74,-0.33,86478.3,20.34,-0.244,-0.922,-0.154,0.3,-0.2,-0.2,3.90
39710,DESCENT,716.49,716.36,-23.74,-0.50,86477.5,20.34,-0.179,-0.909,-0.206,0.2,-0.5,0.0,3.90
39720,DESCENT,716.17,716.12,-23.74,-0.26,86480.9,20.34,-0.234,-0.932,-0.158,-0.0,0.2,-0.2,3.90
39730,DESCENT,715.79,715.88,-23.75,-0.41,86484.9,20.35,-0.200,-0.914,-0.203,0.9,-0.6,-0.4,3.90
39740,DESCENT,715.87,715.65,-23.75,-0.37,86484.1,20.35,-0.231,-0.917,-0.178,0.6,-0.0,0.1,3.90
39750,DESCENT,715.46,715.41,-23.75,0.12,86488.4,20.35,-0.248,-0.960,-0.206,0.0,-0.5,-0.6,3.90
39760,DESCENT,715.78,715.19,-23.72,-0.12,86485.0,20.35,-0.238,-0.947,-0.146,0.4,0.6,-0.3,3.90
39770,DESCENT,715.36,714.97,-23.71,-0.21,86489.5,20.35,-0.204,-0.939,-0.184,0.4,-0.5,0.0,3.90
39780,DESCENT,714.63,714.73,-23.71,-0.43,86497.1,20.35,-0.218,-0.923,-0.124,-0.2,-0.3,-0.1,3.90
39790,DESCENT,714.82,714.50,-23.70,0.05,86495.1,20.35,-0.224,-0.963,-0.182,-0.3,-0.1,-0.3,3.90
39800,DESCENT,714.48,714.27,-23.70,-0.37,86498.8,20.36,-0.192,-0.925,-0.178,-0.2,-0.2,0.1,3.90
39810,DESCENT,714.03,714.03,-23.70,-0.40,86503.5,20.36,-0.214,-0.914,-0.199,0.3,-0.5,0.3,3.90
39820,DESCENT,714.09,713.80,-23.69,-0.42,86502.8,20.36,-0.199,-0.923,-0.161,0.4,0.3,-0.2,3.90
39830,DESCENT,713.61,713.57,-23.69,-0.39,86508.0,20.36,-0.208,-0.920,-0.178,0.1,-0.7,0.1,3.90
39840,DESCENT,713.69,713.34,-23.68,-0.41,86507.0,20.36,-0.185,-0.922,-0.184,-0.3,-0.4,-0.1,3.90
39850,DESCENT,712.83,713.09,-23.70,-0.30,86516.1,20.36,-0.199,-0.924,-0.215,0.2,-0.5,-0.1,3.90
39860,DESCENT,713.52,712.88,-23.68,-0.55,86508.9,20.37,-0.203,-0.896,-0.217,0.0,-0.6,-0.5,3.90
39870,DESCENT,712.64,712.64,-23.68,-0.14,86518.2,20.37,-0.239,-0.944,-0.157,0.1,-0.3,0.2,3.90
39880,DESCENT,712.41,712.40,-23.68,-0.42,86520.6,20.37,-0.262,-0.898,-0.204,0.5,-0.1,-0.4,3.90
39890,DESCENT,712.42,712.17,-23.67,-0.25,86520.5,20.37,-0.173,-0.935,-0.216,0.0,0.0,-0.4,3.90
39900,DESCENT,711.92,711.94,-23.68,0.17,86525.8,20.37,-0.222,-0.970,-0.213,0.4,-0.3,-0.4,3.90
39910,DESCENT,711.55,711.70,-23.68,-0.47,86529.7,20.37,-0.238,-0.905,-0.170,0.6,0.4,0.3,3.90
39920,DESCENT,711.50,711.46,-23.69,-0.45,86530.3,20.37,-0.242,-0.901,-0.196,0.1,-0.6,0.1,3.90
39930,DESCENT,711.29,711.22,-23.69,-0.17,86532.4,20.38,-0.220,-0.943,-0.170,0.2,0.1,0.3,3.90
39940,DESCENT,711.57,711.00,-23.67,-0.40,86529.5,20.38,-0.261,-0.905,-0.180,-0.1,-0.7,-0.2,3.90
39950,DESCENT,711.30,710.78,-23.65,-0.39,86532.4,20.38,-0.222,-0.916,-0.185,0.6,-0.3,-0.2,3.90
39960,DESCENT,710.25,710.54,-23.66,-0.09,86543.4,20.38,-0.220,-0.942,-0.214,0.2,-0.7,-0.2,3.90
39970,DESCENT,710.38,710.30,-23.66,-0.28,86542.1,20.38,-0.180,-0.934,-0.198,0.3,-0.2,-0.2,3.90
39980,DESCENT,710.37,710.08,-23.65,-0.30,86542.2,20.38,-0.225,-0.925,-0.187,-0.0,-0.5,-0.1,3.90
39990,DESCENT,710.10,709.85,-23.64,-0.17,86545.1,20.39,-0.232,-0.935,-0.194,0.2,-0.2,0.0,3.90
40000,DESCENT,709.49,709.61,-23.65,-0.22,86551.5,20.39,-0.238,-0.931,-0.180,0.1,-0.2,0.4,3.90
40010,DESCENT,709.37,709.37,-23.65,-0.17,86552.8,20.39,-0.214,-0.947,-0.148,0.1,-0.4,-0.6,3.90
40020,DESCENT,709.04,709.13,-23.66,-0.14,86556.2,20.39,-0.223,-0.947,-0.162,0.1,-0.2,-0.3,3.90
40030,DESCENT,709.02,708.90,-23.66,-0.57,86556.4,20.39,-0.219,-0.902,-0.155,0.6,-0.1,-0.4,3.90
40040,DESCENT,708.78,708.66,-23.66,-0.22,86559.0,20.39,-0.199,-0.935,-0.205,0.3,-0.2,-0.1,3.90
40050,DESCENT,708.39,708.43,-23.66,-0.03,86563.1,20.39,-0.191,-0.957,-0.205,0.5,-0.0,-0.8,3.90
40060,DESCENT,708.00,708.18,-23.67,-0.27,86567.2,20.40,-0.233,-0.927,-0.177,0.4,0.3,-0.2,3.90
40070,DESCENT,708.08,707.95,-23.66,-0.05,86566.3,20.40,-0.237,-0.945,-0.200,0.3,-0.1,0.1,3.90
40080,DESCENT,708.16,707.73,-23.65,-0.30,86565.6,20.40,-0.207,-0.929,-0.182,0.5,0.3,-0.8,3.90
40090,DESCENT,707.29,707.49,-23.66,-0.67,86574.7,20.40,-0.257,-0.877,-0.184,-0.2,-0.3,-0.3,3.90
40100,DESCENT,707.35,707.25,-23.66,-0.36,86574.1,20.40,-0.221,-0.920,-0.185,0.3,-0.5,-0.1,3.90
40110,DESCENT,706.93,707.01,-23.67,-0.31,86578.6,20.40,-0.224,-0.926,-0.170,0.8,0.1,0.2,3.90
40120,DESCENT,707.06,706.78,-23.66,-0.12,86577.2,20.41,-0.263,-0.935,-0.177,0.2,-0.9,-0.3,3.90
40130,DESCENT,706.92,706.56,-23.65,-0.21,86578.6,20.41,-0.202,-0.937,-0.199,-0.5,-1.0,-0.4,3.90
40140,DESCENT,706.27,706.32,-23.65,-0.29,86585.6,20.41,-0.219,-0.928,-0.179,-0.3,-0.3,-0.0,3.90
40150,DESCENT,706.33,706.09,-23.64,0.18,86584.9,20.41,-0.226,-0.976,-0.185,0.3,-0.8,-0.4,3.90
40160,DESCENT,705.99,705.86,-23.64,-0.20,86588.5,20.41,-0.242,-0.926,-0.209,-0.8,-0.2,-0.1,3.90
40170,DESCENT,705.79,705.63,-23.63,-0.03,86590.6,20.41,-0.230,-0.956,-0.163,-0.2,-0.2,-0.2,3.90
40180,DESCENT,705.61,705.40,-23.62,-0.10,86592.6,20.41,-0.189,-0.951,-0.201,0.2,-0.3,0.1,3.90
40190,DESCENT,705.42,705.17,-23.61,-0.03,86594.5,20.42,-0.260,-0.942,-0.196,-0.3,-0.3,-0.3,3.90
40200,DESCENT,704.93,704.93,-23.61,-0.06,86599.8,20.42,-0.208,-0.952,-0.194,-0.0,-0.3,-0.3,3.90
40210,DESCENT,705.05,704.70,-23.60,-0.23,86598.4,20.42,-0.194,-0.933,-0.209,0.2,0.2,-0.3,3.90
40220,DESCENT,704.33,704.46,-23.61,-0.36,86606.0,20.42,-0.245,-0.907,-0.213,0.4,0.0,0.0,3.90
40230,DESCENT,704.10,704.22,-23.62,-0.39,86608.5,20.42,-0.221,-0.915,-0.186,0.5,-0.3,0.3,3.90
40240,DESCENT,703.69,703.98,-23.63,-0.39,86612.8,20.42,-0.225,-0.913,-0.191,0.5,-0.3,0.4,3.90
40250,DESCENT,703.82,703.75,-23.63,-0.30,86611.5,20.43,-0.262,-0.911,-0.208,-0.0,-0.9,-0.2,3.90
40260,DESCENT,703.62,703.51,-23.63,-0.58,86613.6,20.43,-0.212,-0.902,-0.161,-0.1,-0.6,-0.2,3.90
40270,DESCENT,702.90,703.27,-23.65,-0.60,86621.1,20.43,-0.227,-0.900,-0.138,0.3,0.1,-0.3,3.90
40280,DESCENT,703.21,703.03,-23.65,-0.07,86618.0,20.43,-0.253,-0.943,-0.183,-0.1,-0.3,-0.3,3.90
40290,DESCENT,702.94,702.80,-23.65,-0.37,86620.7,20.43,-0.251,-0.911,-0.182,-0.4,-0.3,-0.2,3.90
40300,DESCENT,702.25,702.56,-23.66,-0.12,86628.1,20.43,-0.240,-0.935,-0.213,0.9,-1.1,0.1,3.90
40310,DESCENT,702.65,702.33,-23.65,0.18,86623.9,20.43,-0.223,-0.977,-0.186,0.2,0.1,-0.5,3.90
40320,DESCENT,702.20,702.10,-23.64,-0.18,86628.6,20.44,-0.208,-0.937,-0.203,0.2,-0.4,-0.5,3.90
40330,DESCENT,701.79,701.86,-23.65,0.17,86633.0,20.44,-0.265,-0.967,-0.175,-0.0,0.0,0.0,3.90
40340,DESCENT,701.42,701.61,-23.65,0.09,86636.9,20.44,-0.231,-0.966,-0.179,0.3,-0.4,-0.4,3.90
40350,DESCENT,701.56,701.38,-23.65,-0.19,86635.4,20.44,-0.223,-0.943,-0.153,0.4,0.1,-0.1,3.90
40360,DESCENT,701.27,701.15,-23.64,-0.23,86638.4,20.44,-0.197,-0.938,-0.186,0.2,-0.6,-0.2,3.90
40370,DESCENT,701.50,700.93,-23.62,0.10,86636.0,20.44,-0.219,-0.959,-0.233,-0.1,-0.4,-0.3,3.90
40380,DESCENT,700.80,700.70,-23.62,-0.02,86643.4,20.44,-0.228,-0.947,-0.219,0.0,0.0,-0.4,3.90
40390,DESCENT,700.59,700.46,-23.62,-0.65,86645.7,20.45,-0.214,-0.886,-0.199,0.1,-0.8,0.3,3.90
40400,DESCENT,700.19,700.23,-23.62,-0.13,86649.8,20.45,-0.247,-0.938,-0.185,0.4,-0.4,0.0,3.90
40410,DESCENT,700.04,699.99,-23.62,-0.32,86651.5,20.45,-0.240,-0.911,-0.218,0.1,-0.7,-0.3,3.90
40420,DESCENT,699.86,699.76,-23.62,-0.04,86653.4,20.45,-0.250,-0.938,-0.224,0.6,-0.5,0.3,3.90
40430,DESCENT,699.71,699.53,-23.61,-0.51,86654.9,20.45,-0.178,-0.914,-0.175,0.2,-0.5,0.3,3.90
40440,DESCENT,699.04,699.29,-23.63,-0.25,86662.0,20.45,-0.250,-0.922,-0.194,0.6,-0.7,-0.6,3.90
40450,DESCENT,699.41,699.06,-23.62,-0.32,86658.1,20.46,-0.212,-0.926,-0.184,0.4,0.1,-0.1,3.90
40460,DESCENT,698.76,698.82,-23.62,-0.36,86665.0,20.46,-0.245,-0.913,-0.183,0.3,-0.3,0.2,3.90
40470,DESCENT,698.51,698.58,-23.63,0.02,86667.6,20.46,-0.266,-0.946,-0.200,0.6,-0.6,-0.3,3.90
40480,DESCENT,698.28,698.34,-23.63,-0.27,86670.1,20.46,-0.234,-0.927,-0.176,0.5,0.2,-0.4,3.90
40490,DESCENT,698.66,698.12,-23.61,0.09,86666.1,20.46,-0.240,-0.959,-0.206,0.2,-0.4,-0.1,3.90
40500,DESCENT,698.00,697.89,-23.60,0.19,86673.1,20.46,-0.232,-0.976,-0.182,-0.3,-0.4,-0.3,3.90
40510,DESCENT,697.54,697.65,-23.61,0.16,86677.9,20.46,-0.226,-0.977,-0.166,0.3,0.4,-0.2,3.90
40520,DESCENT,697.55,697.42,-23.60,-0.33,86677.8,20.47,-0.233,-0.921,-0.176,-0.1,-0.2,-0.7,3.90
40530,DESCENT,697.35,697.19,-23.60,-0.25,86680.0,20.47,-0.246,-0.925,-0.181,0.2,0.1,-0.2,3.90
40540,DESCENT,696.77,696.95,-23.61,-0.34,86686.1,20.47,-0.213,-0.918,-0.211,0.2,-0.4,-0.3,3.90
40550,DESCENT,696.69,696.71,-23.61,-0.09,86686.9,20.47,-0.238,-0.944,-0.184,-0.3,-0.4,0.5,3.90
40560,DESCENT,696.54,696.48,-23.61,0.07,86688.5,20.47,-0.227,-0.959,-0.209,0.3,-0.1,-0.5,3.90
40570,DESCENT,696.39,696.24,-23.60,-0.20,86690.1,20.47,-0.240,-0.936,-0.163,0.1,0.9,0.4,3.90
40580,DESCENT,696.30,696.02,-23.59,-0.08,86691.1,20.48,-0.239,-0.948,-0.169,-0.1,-0.2,-0.3,3.90
40590,DESCENT,695.90,695.78,-23.59,0.25,86695.3,20.48,-0.268,-0.965,-0.225,0.1,-0.1,-0.1,3.90
40600,DESCENT,695.74,695.55,-23.58,-0.28,86697.0,20.48,-0.217,-0.927,-0.191,-0.2,-0.4,-0.2,3.90
40610,DESCENT,695.75,695.33,-23.56,0.02,86696.9,20.48,-0.243,-0.949,-0.215,-0.0,-0.3,-0.0,3.90
40620,DESCENT,695.43,695.10,-23.55,0.14,86700.3,20.48,-0.248,-0.968,-0.174,0.1,-0.4,0.1,3.90
40630,DESCENT,694.86,694.87,-23.55,-0.18,86706.3,20.48,-0.209,-0.942,-0.178,0.0,-0.4,-0.3,3.90
40640,DESCENT,694.81,694.64,-23.54,-0.13,86706.8,20.48,-0.246,-0.937,-0.188,-0.3,-0.6,-0.2,3.90
40650,DESCENT,694.32,694.40,-23.55,-0.44,86712.0,20.49,-0.196,-0.922,-0.152,0.3,-0.4,-0.1,3.90
40660,DESCENT,694.05,694.16,-23.56,0.02,86714.9,20.49,-0.235,-0.955,-0.194,-0.4,0.0,0.2,3.90
40670,DESCENT,694.28,693.93,-23.54,-0.13,86712.5,20.49,-0.219,-0.948,-0.163,0.3,-0.0,-0.6,3.90
40680,DESCENT,693.64,693.70,-23.55,0.11,86719.3,20.49,-0.251,-0.960,-0.193,0.3,-0.9,-0.2,3.90
40690,DESCENT,693.71,693.47,-23.54,0.07,86718.4,20.49,-0.227,-0.957,-0.212,0.1,-0.4,-0.6,3.90
40700,DESCENT,693.26,693.23,-23.53,-0.07,86723.2,20.49,-0.261,-0.935,-0.207,0.1,-0.4,-0.7,3.90
40710,DESCENT,693.23,693.01,-23.53,-0.47,86723.5,20.50,-0.201,-0.906,-0.207,-0.7,-0.6,-0.0,3.90
40720,DESCENT,692.63,692.77,-23.54,-0.01,86729.9,20.50,-0.240,-0.952,-0.189,-0.2,-0.6,-0.2,3.90
40730,DESCENT,692.38,692.53,-23.54,-0.34,86732.6,20.50,-0.229,-0.921,-0.179,-0.1,-0.7,-0.3,3.90
40740,DESCENT,692.27,692.29,-23.55,-0.42,86733.7,20.50,-0.235,-0.909,-0.187,0.7,-0.2,-0.6,3.90
40750,DESCENT,691.93,692.05,-23.56,-0.06,86737.3,20.50,-0.222,-0.948,-0.205,0.1,-0.0,-0.8,3.90
40760,DESCENT,691.76,691.81,-23.56,-0.73,86739.1,20.50,-0.204,-0.885,-0.175,0.0,0.2,0.1,3.90
40770,DESCENT,691.85,691.59,-23.56,-0.13,86738.1,20.50,-0.253,-0.935,-0.190,-0.3,-0.1,-0.5,3.90
40780,DESCENT,691.69,691.36,-23.54,-0.20,86739.8,20.51,-0.247,-0.925,-0.205,-0.1,-0.8,-0.3,3.90
40790,DESCENT,691.02,691.12,-23.55,-0.54,86747.0,20.51,-0.202,-0.902,-0.197,-0.1,-0.6,-0.1,3.90
40800,DESCENT,690.48,690.88,-23.57,-0.35,86752.7,20.51,-0.198,-0.920,-0.209,-0.2,0.0,-0.2,3.90
40810,DESCENT,690.42,690.63,-23.58,-0.32,86753.4,20.51,-0.211,-0.928,-0.170,0.1,0.2,-0.8,3.90
40820,DESCENT,690.60,690.40,-23.58,0.03,86751.4,20.51,-0.220,-0.961,-0.191,0.2,-0.0,-0.4,3.90
40830,DESCENT,689.73,690.16,-23.60,-0.09,86760.7,20.51,-0.249,-0.933,-0.221,0.1,-0.5,0.4,3.90
40840,DESCENT,689.73,689.91,-23.60,0.08,86760.6,20.52,-0.233,-0.965,-0.174,0.2,0.1,-0.5,3.90
40850,DESCENT,689.90,689.68,-23.59,-0.25,86758.8,20.52,-0.242,-0.931,-0.153,-0.1,-0.7,-0.1,3.90
40860,DESCENT,689.67,689.45,-23.59,-0.54,86761.2,20.52,-0.203,-0.903,-0.189,0.1,-0.2,-0.9,3.90
40870,DESCENT,689.50,689.23,-23.58,-0.08,86763.1,20.52,-0.207,-0.954,-0.180,0.1,-0.7,-0.5,3.90
40880,DESCENT,689.20,689.00,-23.57,-0.27,86766.3,20.52,-0.242,-0.918,-0.210,-0.2,-0.1,0.1,3.90
40890,DESCENT,688.94,688.77,-23.57,-0.37,86769.0,20.52,-0.212,-0.915,-0.210,-0.0,-0.6,-0.5,3.90
40900,DESCENT,688.73,688.54,-23.57,-0.18,86771.2,20.52,-0.229,-0.941,-0.157,0.1,-0.5,-0.3,3.90
40910,DESCENT,688.43,688.30,-23.56,-0.21,86774.4,20.53,-0.235,-0.919,-0.239,0.2,-0.8,-0.1,3.90
40920,DESCENT,688.07,688.07,-23.56,-0.10,86778.2,20.53,-0.204,-0.949,-0.191,0.1,-0.2,-0.7,3.90
40930,DESCENT,688.02,687.84,-23.56,0.06,86778.7,20.53,-0.207,-0.966,-0.191,0.2,0.2,-0.4,3.90
40940,DESCENT,687.66,687.60,-23.56,-0.54,86782.6,20.53,-0.212,-0.902,-0.183,0.2,0.1,0.2,3.90
40950,DESCENT,687.39,687.37,-23.56,-0.17,86785.4,20.53,-0.240,-0.940,-0.155,0.6,0.1,-0.2,3.90
40960,DESCENT,687.29,687.14,-23.55,0.06,86786.5,20.53,-0.261,-0.952,-0.199,0.5,-0.3,-0.4,3.90
40970,DESCENT,687.28,686.91,-23.54,-0.40,86786.6,20.53,-0.221,-0.906,-0.225,0.2,-0.4,0.1,3.90
40980,DESCENT,686.95,686.68,-23.53,0.01,86790.1,20.54,-0.232,-0.958,-0.179,0.3,-0.4,-0.1,3.90
40990,DESCENT,686.50,686.45,-23.53,-0.03,86794.9,20.54,-0.229,-0.949,-0.201,-0.0,-0.1,0.6,3.90
41000,DESCENT,686.50,686.22,-23.52,0.11,86794.9,20.54,-0.222,-0.975,-0.152,0.5,-0.3,-0.2,3.90
41010,DESCENT,686.26,686.00,-23.51,-0.14,86797.4,20.54,-0.217,-0.940,-0.201,-0.1,0.0,-0.2,3.90
41020,DESCENT,685.70,685.76,-23.51,0.27,86803.3,20.54,-0.228,-0.975,-0.234,-0.1,-0.4,-0.6,3.90
41030,DESCENT,685.90,685.53,-23.49,-0.28,86801.2,20.54,-0.221,-0.925,-0.193,-0.0,-0.6,0.2,3.90
41040,DESCENT,685.37,685.30,-23.49,-0.45,86806.8,20.55,-0.227,-0.909,-0.181,0.1,-0.5,-0.0,3.90
41050,DESCENT,684.61,685.05,-23.52,-0.30,86814.9,20.55,-0.215,-0.919,-0.223,0.3,0.3,0.1,3.90
41060,DESCENT,684.58,684.81,-23.53,0.24,86815.2,20.55,-0.223,-0.979,-0.203,0.2,-0.2,-0.3,3.90
41070,DESCENT,684.62,684.58,-23.52,0.04,86814.8,20.55,-0.241,-0.948,-0.224,-0.0,-0.6,-0.4,3.90
41080,DESCENT,684.82,684.36,-23.51,-0.14,86812.7,20.55,-0.222,-0.943,-0.181,-0.2,-0.8,-0.3,3.90
41090,DESCENT,683.99,684.12,-23.51,-0.31,86821.5,20.55,-0.220,-0.924,-0.190,0.2,-0.5,0.0,3.90
41100,DESCENT,683.87,683.88,-23.52,-0.24,86822.7,20.55,-0.217,-0.928,-0.205,0.2,-0.4,-0.5,3.90
41110,DESCENT,683.62,683.65,-23.52,-0.46,86825.4,20.56,-0.232,-0.910,-0.164,-0.5,0.1,0.6,3.90
41120,DESCENT,683.15,683.40,-23.54,-0.42,86830.3,20.56,-0.246,-0.902,-0.201,0.8,-0.4,-0.4,3.90
41130,DESCENT,683.11,683.17,-23.54,-0.34,86830.8,20.56,-0.215,-0.924,-0.176,-0.0,-0.3,-0.6,3.90
41140,DESCENT,683.25,682.94,-23.53,-0.08,86829.3,20.56,-0.209,-0.957,-0.160,-0.0,0.0,0.1,3.90
41150,DESCENT,682.62,682.70,-23.54,-0.10,86836.0,20.56,-0.198,-0.947,-0.208,-0.2,-0.3,0.5,3.90
41160,DESCENT,682.32,682.46,-23.54,-0.49,86839.1,20.56,-0.199,-0.915,-0.161,0.1,0.1,0.0,3.90
41170,DESCENT,682.41,682.23,-23.54,-0.31,86838.2,20.57,-0.205,-0.927,-0.195,-0.1,-0.2,0.1,3.90
41180,DESCENT,682.04,682.00,-23.54,-0.58,86842.2,20.57,-0.205,-0.898,-0.189,0.6,0.1,0.0,3.90
41190,DESCENT,682.08,681.77,-23.53,-0.19,86841.8,20.57,-0.239,-0.932,-0.194,0.6,-0.2,-0.6,3.90
41200,DESCENT,681.96,681.55,-23.52,-0.17,86843.0,20.57,-0.230,-0.941,-0.168,0.7,-0.1,-0.2,3.90
41210,DESCENT,681.31,681.31,-23.52,-0.00,86849.9,20.57,-0.218,-0.954,-0.204,0.4,-0.6,-0.4,3.90
41220,DESCENT,680.86,681.07,-23.53,-0.26,86854.6,20.57,-0.256,-0.914,-0.215,-0.2,0.1,-0.6,3.90
41230,DESCENT,680.73,680.83,-23.54,-0.13,86856.0,20.57,-0.228,-0.945,-0.170,0.2,-0.2,-0.3,3.90
41240,DESCENT,680.94,680.61,-23.52,-0.06,86853.8,20.58,-0.260,-0.933,-0.222,-0.3,-0.5,-0.5,3.90
41250,DESCENT,680.48,680.38,-23.52,0.02,86858.7,20.58,-0.234,-0.941,-0.252,-0.5,-0.0,0.1,3.90
41260,DESCENT,680.43,680.15,-23.51,-0.11,86859.2,20.58,-0.240,-0.936,-0.210,0.4,-0.2,-0.5,3.90
41270,DESCENT,679.53,679.90,-23.53,-0.15,86868.8,20.58,-0.254,-0.937,-0.164,-0.5,-0.5,-0.4,3.90
41280,DESCENT,679.76,679.67,-23.52,-0.43,86866.4,20.58,-0.227,-0.912,-0.177,-0.3,-0.5,-0.3,3.90
41290,DESCENT,679.37,679.43,-23.53,0.16,86870.4,20.58,-0.214,-0.977,-0.182,-0.2,-0.2,0.1,3.90
41300,DESCENT,679.39,679.20,-23.52,-0.07,86870.2,20.59,-0.232,-0.942,-0.213,0.3,-0.5,0.1,3.90
41310,DESCENT,678.80,678.96,-23.53,-0.25,86876.5,20.59,-0.252,-0.916,-0.215,0.1,-0.3,-0.1,3.90
41320,DESCENT,678.99,678.73,-23.52,-0.29,86874.5,20.59,-0.245,-0.915,-0.212,0.0,-0.3,-0.4,3.90
41330,DESCENT,678.50,678.50,-23.52,-0.18,86879.7,20.59,-0.215,-0.938,-0.191,0.9,-0.6,-0.0,3.90
41340,DESCENT,678.26,678.26,-23.53,-0.33,86882.2,20.59,-0.222,-0.924,-0.174,0.4,-0.6,-0.4,3.90
41350,DESCENT,677.79,678.02,-23.53,0.49,86887.2,20.59,-0.265,-0.994,-0.217,-0.1,-0.5,-0.5,3.90
41360,DESCENT,677.91,677.79,-23.53,-0.20,86886.0,20.59,-0.215,-0.939,-0.175,0.1,0.1,-0.1,3.90
41370,DESCENT,677.58,677.56,-23.53,-0.46,86889.4,20.60,-0.240,-0.895,-0.220,-0.0,-0.3,-0.2,3.90
41380,DESCENT,677.37,677.32,-23.53,-0.22,86891.7,20.60,-0.248,-0.927,-0.188,-0.1,0.1,-0.1,3.90
41390,DESCENT,676.88,677.08,-23.54,-0.08,86896.9,20.60,-0.203,-0.951,-0.196,0.4,-0.5,-0.1,3.90
41400,DESCENT,676.99,676.85,-23.54,0.05,86895.7,20.60,-0.216,-0.965,-0.181,-0.3,-0.5,-0.4,3.90
41410,DESCENT,676.40,676.61,-23.55,-0.33,86902.0,20.60,-0.230,-0.920,-0.182,0.8,-0.3,-0.4,3.90
41420,DESCENT,676.48,676.38,-23.54,-0.17,86901.1,20.60,-0.227,-0.938,-0.188,-0.2,-0.5,-0.1,3.90
41430,DESCENT,675.83,676.13,-23.56,-0.18,86908.0,20.61,-0.219,-0.945,-0.156,0.3,-0.2,-0.0,3.90
41440,DESCENT,675.66,675.89,-23.57,-0.48,86909.8,20.61,-0.248,-0.899,-0.183,0.3,-0.2,-0.3,3.90
41450,DESCENT,675.37,675.65,-23.59,-0.58,86912.9,20.61,-0.239,-0.890,-0.192,0.1,-0.4,0.2,3.90
41460,DESCENT,675.18,675.40,-23.60,-0.28,86914.8,20.61,-0.225,-0.929,-0.173,-0.1,-0.3,-0.4,3.90
41470,DESCENT,674.73,675.15,-23.62,-0.11,86919.7,20.61,-0.185,-0.953,-0.185,-0.3,-0.6,0.1,3.90
41480,DESCENT,675.17,674.93,-23.61,-0.23,86915.0,20.61,-0.248,-0.922,-0.204,-0.2,-0.2,0.2,3.90
41490,DESCENT,674.75,674.69,-23.61,-0.16,86919.4,20.61,-0.228,-0.934,-0.205,0.2,-0.3,-0.4,3.90
41500,DESCENT,674.67,674.46,-23.60,-0.10,86920.3,20.62,-0.204,-0.944,-0.218,0.7,-0.0,-0.9,3.90
41510,DESCENT,674.47,674.23,-23.60,-0.28,86922.5,20.62,-0.223,-0.922,-0.211,-0.3,-0.5,0.1,3.90
41520,DESCENT,673.48,673.98,-23.62,-0.36,86933.0,20.62,-0.237,-0.914,-0.192,0.4,-0.5,-0.3,3.90
41530,DESCENT,673.97,673.75,-23.61,-0.14,86927.8,20.62,-0.217,-0.942,-0.192,-0.3,-0.2,-0.7,3.90
41540,DESCENT,673.15,673.51,-23.63,-0.40,86936.4,20.62,-0.243,-0.908,-0.191,0.5,-0.7,-0.5,3.90
41550,DESCENT,672.96,673.26,-23.65,-0.21,86938.5,20.62,-0.215,-0.936,-0.189,-0.3,-0.1,-0.8,3.90
41560,DESCENT,673.03,673.02,-23.65,-0.05,86937.7,20.62,-0.195,-0.959,-0.182,-0.3,0.0,-0.4,3.90
41570,DESCENT,673.13,672.80,-23.63,0.09,86936.6,20.63,-0.259,-0.951,-0.215,-0.5,-0.1,-0.3,3.90
41580,DESCENT,672.44,672.56,-23.64,-0.25,86943.9,20.63,-0.209,-0.937,-0.166,0.1,-0.1,-0.2,3.90
41590,DESCENT,672.67,672.33,-23.63,-0.45,86941.6,20.63,-0.178,-0.918,-0.190,0.2,-0.3,-0.4,3.90
41600,DESCENT,672.12,672.09,-23.63,-0.37,86947.4,20.63,-0.229,-0.914,-0.194,0.1,0.5,0.1,3.90
41610,DESCENT,672.21,671.87,-23.62,0.12,86946.4,20.63,-0.224,-0.962,-0.222,-0.5,-0.5,-0.2,3.90
41620,DESCENT,672.27,671.65,-23.59,0.03,86945.8,20.63,-0.166,-0.968,-0.208,0.2,-0.6,-0.5,3.90
41630,DESCENT,671.52,671.42,-23.59,-0.20,86953.8,20.64,-0.216,-0.937,-0.190,-0.1,-0.2,-0.3,3.90
41640,DESCENT,671.43,671.19,-23.58,0.17,86954.7,20.64,-0.258,-0.969,-0.175,0.2,0.1,-0.4,3.90
41650,DESCENT,671.07,670.96,-23.58,-0.10,86958.5,20.64,-0.235,-0.947,-0.164,0.4,-0.5,-0.4,3.90
41660,DESCENT,670.50,670.71,-23.59,-0.33,86964.5,20.64,-0.222,-0.915,-0.216,-0.3,-0.3,0.0,3.90
41670,DESCENT,670.48,670.48,-23.59,-0.03,86964.8,20.64,-0.274,-0.936,-0.206,0.3,-0.4,0.2,3.90
41680,DESCENT,670.11,670.24,-23.59,-0.09,86968.8,20.64,-0.261,-0.944,-0.146,0.6,-0.5,-0.3,3.90
41690,DESCENT,670.64,670.02,-23.57,-0.07,86963.1,20.64,-0.223,-0.944,-0.214,0.3,-0.0,-0.3,3.90
41700,DESCENT,669.94,669.79,-23.56,-0.19,86970.5,20.65,-0.255,-0.936,-0.143,0.3,0.1,0.0,3.90
41710,DESCENT,669.71,669.56,-23.56,-0.07,86973.0,20.65,-0.255,-0.939,-0.200,0.3,-0.8,-0.8,3.90
41720,DESCENT,669.42,669.32,-23.56,-0.29,86976.0,20.65,-0.227,-0.924,-0.186,0.2,-0.6,-0.2,3.90
41730,DESCENT,668.74,669.08,-23.57,0.19,86983.3,20.65,-0.269,-0.962,-0.206,0.3,-0.3,0.3,3.90
41740,DESCENT,668.90,668.85,-23.57,-0.47,86981.5,20.65,-0.182,-0.915,-0.186,0.5,-0.3,-0.3,3.90
41750,DESCENT,668.59,668.61,-23.58,-0.20,86984.8,20.65,-0.232,-0.934,-0.181,0.3,-0.4,-0.2,3.90
41760,DESCENT,668.50,668.38,-23.57,-0.51,86985.8,20.66,-0.227,-0.908,-0.151,0.0,0.2,-0.2,3.90
41770,DESCENT,668.24,668.14,-23.57,-0.50,86988.5,20.66,-0.170,-0.921,-0.151,-0.2,-0.8,-0.6,3.90
41780,DESCENT,668.07,667.91,-23.57,-0.01,86990.4,20.66,-0.236,-0.949,-0.211,-0.1,0.1,0.1,3.90
41790,DESCENT,667.28,667.67,-23.59,0.16,86998.8,20.66,-0.236,-0.969,-0.195,-0.2,-0.3,0.1,3.90
41800,DESCENT,667.44,667.43,-23.58,0.10,86997.0,20.66,-0.263,-0.952,-0.213,0.1,0.1,-0.2,3.90
41810,DESCENT,667.19,667.19,-23.58,-0.11,86999.8,20.66,-0.202,-0.951,-0.179,0.2,-0.3,-0.3,3.90
41820,DESCENT,666.96,666.96,-23.58,0.06,87002.1,20.66,-0.227,-0.968,-0.157,0.2,-0.4,0.2,3.90
41830,DESCENT,666.50,666.72,-23.60,-0.52,87007.1,20.67,-0.243,-0.897,-0.177,0.1,-0.2,-0.1,3.90
41840,DESCENT,666.45,666.48,-23.60,-0.33,87007.6,20.67,-0.233,-0.922,-0.172,0.5,-0.7,-0.5,3.90
41850,DESCENT,666.32,666.25,-23.60,-0.09,87008.9,20.67,-0.196,-0.955,-0.178,0.1,-0.4,-0.2,3.90
41860,DESCENT,665.88,666.01,-23.61,-0.26,87013.6,20.67,-0.243,-0.923,-0.191,0.3,-0.6,-0.6,3.90
41870,DESCENT,665.63,665.77,-23.62,-0.37,87016.3,20.67,-0.207,-0.918,-0.198,0.1,-0.6,-0.3,3.90
41880,DESCENT,665.75,665.54,-23.61,0.04,87015.0,20.67,-0.231,-0.954,-0.217,0.5,-0.3,-0.1,3.90
41890,DESCENT,665.43,665.30,-23.60,-0.15,87018.4,20.68,-0.221,-0.944,-0.174,0.3,-0.1,-0.7,3.90
41900,DESCENT,665.24,665.07,-23.60,-0.15,87020.4,20.68,-0.245,-0.931,-0.206,0.4,-0.3,-0.5,3.90
41910,DESCENT,664.56,664.83,-23.61,-0.02,87027.7,20.68,-0.274,-0.940,-0.194,-0.0,0.3,-0.3,3.90
41920,DESCENT,664.92,664.60,-23.60,-0.25,87023.8,20.68,-0.225,-0.927,-0.202,0.1,-0.4,-0.0,3.90
41930,DESCENT,664.51,664.37,-23.60,-0.32,87028.2,20.68,-0.217,-0.916,-0.220,0.3,-0.4,0.0,3.90
41940,DESCENT,664.38,664.14,-23.59,-0.16,87029.5,20.68,-0.221,-0.945,-0.159,-0.1,-0.2,-0.6,3.90
41950,DESCENT,664.43,663.92,-23.57,-0.14,87029.0,20.68,-0.196,-0.948,-0.184,0.2,-0.0,-0.1,3.90
41960,DESCENT,664.17,663.70,-23.55,-0.21,87031.8,20.69,-0.218,-0.941,-0.156,0.2,-0.1,0.0,3.90
41970,DESCENT,663.38,663.46,-23.56,-0.03,87040.2,20.69,-0.247,-0.955,-0.145,0.1,-0.6,-1.1,3.90
41980,DESCENT,663.23,663.22,-23.56,-0.40,87041.8,20.69,-0.245,-0.912,-0.169,-0.0,0.4,-0.4,3.90
41990,DESCENT,662.92,662.99,-23.56,0.20,87045.0,20.69,-0.222,-0.977,-0.196,0.2,-0.2,-0.3,3.90
42000,DESCENT,662.79,662.75,-23.56,-0.16,87046.5,20.69,-0.249,-0.928,-0.208,0.2,-0.3,0.2,3.90
42010,DESCENT,662.79,662.52,-23.55,-0.26,87046.4,20.69,-0.235,-0.930,-0.168,0.1,-0.5,-0.4,3.90
42020,DESCENT,662.33,662.29,-23.55,-0.24,87051.3,20.69,-0.200,-0.940,-0.167,-0.1,0.0,-0.1,3.90
42030,DESCENT,662.38,662.06,-23.54,-0.33,87050.8,20.70,-0.243,-0.917,-0.187,0.0,-0.2,-0.1,3.90
42040,DESCENT,661.90,661.83,-23.54,-0.23,87055.8,20.70,-0.290,-0.919,-0.164,-0.1,-0.3,0.4,3.90
42050,DESCENT,661.85,661.60,-23.53,-0.03,87056.5,20.70,-0.237,-0.954,-0.168,-0.1,0.1,0.0,3.90
42060,DESCENT,661.55,661.37,-23.53,-0.16,87059.6,20.70,-0.200,-0.946,-0.176,-0.1,-0.3,-0.0,3.90
42070,DESCENT,660.80,661.13,-23.54,-0.23,87067.6,20.70,-0.209,-0.943,-0.138,0.1,-0.4,-0.3,3.90
42080,DESCENT,660.86,660.89,-23.54,-0.00,87066.9,20.70,-0.227,-0.955,-0.192,0.3,-0.3,0.1,3.90
42090,DESCENT,660.76,660.66,-23.54,-0.22,87068.0,20.71,-0.206,-0.932,-0.213,-0.1,-0.3,-0.3,3.90
42100,DESCENT,660.14,660.41,-23.55,0.07,87074.6,20.71,-0.282,-0.951,-0.177,0.1,-0.2,-0.1,3.90
42110,DESCENT,660.14,660.18,-23.56,-0.37,87074.5,20.71,-0.196,-0.926,-0.170,0.4,-0.2,-0.0,3.90
42120,DESCENT,660.06,659.95,-23.55,-0.24,87075.5,20.71,-0.232,-0.924,-0.210,-0.0,-0.4,0.0,3.90
42130,DESCENT,659.84,659.71,-23.55,0.01,87077.8,20.71,-0.253,-0.952,-0.181,0.1,-0.7,-0.6,3.90
42140,DESCENT,659.40,659.48,-23.55,-0.19,87082.4,20.71,-0.259,-0.935,-0.141,-0.6,-0.4,-1.0,3.90
42150,DESCENT,659.43,659.25,-23.55,-0.33,87082.1,20.71,-0.218,-0.919,-0.203,-0.7,-0.4,-0.2,3.90
42160,DESCENT,659.05,659.01,-23.55,-0.68,87086.2,20.72,-0.219,-0.885,-0.185,-0.4,-0.6,-0.1,3.90
42170,DESCENT,658.78,658.78,-23.56,-0.40,87089.1,20.72,-0.239,-0.914,-0.163,-0.2,-0.5,0.1,3.90
42180,DESCENT,658.69,658.54,-23.56,-0.26,87090.0,20.72,-0.201,-0.935,-0.183,0.4,0.0,-0.0,3.90
42190,DESCENT,658.45,658.31,-23.55,-0.10,87092.5,20.72,-0.227,-0.942,-0.202,0.2,-0.7,-0.3,3.90
42200,DESCENT,658.10,658.08,-23.55,-0.40,87096.3,20.72,-0.228,-0.917,-0.165,0.2,0.0,-0.3,3.90
42210,DESCENT,658.28,657.85,-23.54,0.13,87094.4,20.72,-0.228,-0.969,-0.192,0.1,-0.4,-0.1,3.90
42220,DESCENT,657.56,657.62,-23.54,-0.42,87102.0,20.73,-0.187,-0.918,-0.196,0.2,-0.5,-0.9,3.90
42230,DESCENT,657.56,657.39,-23.54,-0.14,87102.0,20.73,-0.204,-0.938,-0.226,0.5,-0.3,-0.6,3.90
42240,DESCENT,657.06,657.15,-23.54,-0.44,87107.3,20.73,-0.220,-0.916,-0.157,0.3,-0.2,-0.5,3.90
42250,DESCENT,656.81,656.91,-23.55,-0.20,87109.9,20.73,-0.233,-0.935,-0.178,-0.3,-0.5,0.1,3.90
42260,DESCENT,656.82,656.68,-23.55,-0.28,87109.8,20.73,-0.251,-0.920,-0.185,0.1,0.4,-0.1,3.90
42270,DESCENT,656.69,656.45,-23.54,-0.19,87111.3,20.73,-0.223,-0.939,-0.175,0.4,-0.2,-0.1,3.90
42280,DESCENT,656.20,656.22,-23.54,-0.07,87116.5,20.73,-0.225,-0.946,-0.200,-0.1,-0.3,-0.3,3.90
42290,DESCENT,655.78,655.97,-23.55,-0.09,87121.0,20.74,-0.243,-0.933,-0.226,0.4,-0.3,-0.6,3.90
42300,DESCENT,655.91,655.74,-23.54,-0.04,87119.6,20.74,-0.219,-0.951,-0.200,0.2,-0.0,-0.3,3.90
42310,DESCENT,655.35,655.50,-23.55,-0.50,87125.5,20.74,-0.169,-0.911,-0.205,0.3,-0.6,-0.2,3.90
42320,DESCENT,655.29,655.27,-23.55,-0.13,87126.1,20.74,-0.234,-0.946,-0.161,0.2,0.3,-0.3,3.90
42330,DESCENT,655.28,655.04,-23.55,-0.40,87126.3,20.74,-0.222,-0.914,-0.188,0.3,0.1,-0.4,3.90
42340,DESCENT,654.71,654.80,-23.55,0.05,87132.3,20.74,-0.255,-0.956,-0.178,-0.4,0.5,-0.5,3.90
42350,DESCENT,654.82,654.57,-23.54,-0.15,87131.1,20.75,-0.221,-0.942,-0.186,-0.0,-0.6,-0.0,3.90
42360,DESCENT,654.17,654.33,-23.55,-0.04,87138.0,20.75,-0.216,-0.954,-0.189,-0.1,-0.1,-0.0,3.90
42370,DESCENT,654.09,654.10,-23.55,-0.51,87139.0,20.75,-0.219,-0.905,-0.173,0.0,-0.1,0.0,3.90
42380,DESCENT,653.98,653.87,-23.55,-0.04,87140.1,20.75,-0.225,-0.950,-0.201,0.5,-0.1,-0.3,3.90
42390,DESCENT,653.39,653.62,-23.56,0.05,87146.4,20.75,-0.221,-0.955,-0.226,-0.1,-0.5,-0.5,3.90
42400,DESCENT,653.09,653.38,-23.58,-0.46,87149.5,20.75,-0.244,-0.904,-0.173,-0.2,-0.4,-0.4,3.90
42410,DESCENT,653.10,653.14,-23.58,-0.60,87149.4,20.75,-0.202,-0.893,-0.205,0.2,-0.2,-0.0,3.90
42420,DESCENT,653.13,652.91,-23.58,-0.39,87149.1,20.76,-0.216,-0.922,-0.163,0.2,-0.1,-0.2,3.90
42430,DESCENT,653.12,652.69,-23.56,-0.18,87149.2,20.76,-0.212,-0.942,-0.177,0.2,-0.4,0.3,3.90
42440,DESCENT,652.19,652.45,-23.58,-0.23,87159.2,20.76,-0.209,-0.931,-0.207,0.6,-0.8,-0.6,3.90
42450,DESCENT,652.41,652.22,-23.57,-0.26,87156.8,20.76,-0.211,-0.926,-0.213,0.1,-0.4,-0.7,3.90
42460,DESCENT,651.94,651.98,-23.57,0.28,87161.8,20.76,-0.221,-0.982,-0.214,0.5,-0.3,0.0,3.90
42470,DESCENT,652.48,651.76,-23.54,-0.17,87156.0,20.76,-0.244,-0.934,-0.179,0.2,-0.5,0.1,3.90
42480,DESCENT,651.48,651.53,-23.55,-0.09,87166.6,20.76,-0.251,-0.943,-0.174,-0.1,-0.3,0.0,3.90
42490,DESCENT,651.19,651.29,-23.55,-0.37,87169.7,20.77,-0.225,-0.920,-0.167,0.7,-0.5,-0.1,3.90
42500,DESCENT,651.68,651.07,-23.53,-0.23,87164.6,20.77,-0.254,-0.921,-0.204,-0.3,-0.3,-0.2,3.90
42510,DESCENT,650.77,650.83,-23.53,0.06,87174.2,20.77,-0.242,-0.963,-0.163,-0.1,-0.1,-0.7,3.90
42520,DESCENT,650.67,650.60,-23.53,-0.05,87175.3,20.77,-0.256,-0.943,-0.186,-0.4,-0.4,-0.3,3.90
42530,DESCENT,650.31,650.36,-23.53,-0.34,87179.1,20.77,-0.240,-0.913,-0.204,0.2,0.2,-0.3,3.90
42540,DESCENT,650.07,650.13,-23.54,-0.15,87181.6,20.77,-0.225,-0.942,-0.180,0.5,-0.3,-0.6,3.90
42550,DESCENT,649.91,649.89,-23.54,0.01,87183.4,20.78,-0.218,-0.953,-0.214,-0.0,-0.3,0.2,3.90
42560,DESCENT,649.69,649.66,-23.54,0.00,87185.7,20.78,-0.198,-0.954,-0.225,-0.4,0.3,-0.2,3.90
42570,DESCENT,649.57,649.43,-23.53,-0.06,87186.9,20.78,-0.216,-0.957,-0.160,0.3,-0.3,-0.4,3.90
42580,DESCENT,649.08,649.19,-23.54,0.03,87192.1,20.78,-0.259,-0.952,-0.183,0.5,-0.0,0.3,3.90
42590,DESCENT,648.82,648.95,-23.54,-0.01,87194.9,20.78,-0.225,-0.955,-0.188,0.2,-0.1,-0.5,3.90
42600,DESCENT,648.87,648.72,-23.54,-0.20,87194.4,20.78,-0.240,-0.936,-0.161,0.4,-0.3,-0.0,3.90
42610,DESCENT,648.57,648.48,-23.53,-0.03,87197.6,20.78,-0.227,-0.946,-0.215,0.6,0.3,-1.0,3.90
42620,DESCENT,648.08,648.24,-23.54,-0.26,87202.9,20.79,-0.207,-0.929,-0.202,-0.2,-0.2,-0.2,3.90
42630,DESCENT,648.19,648.01,-23.54,-0.37,87201.7,20.79,-0.231,-0.916,-0.184,0.1,-0.4,0.5,3.90
42640,DESCENT,648.69,647.80,-23.51,-0.25,87196.3,20.79,-0.241,-0.924,-0.199,-0.2,-0.8,-0.1,3.90
42650,DESCENT,647.43,647.57,-23.51,-0.18,87209.8,20.79,-0.248,-0.923,-0.223,0.5,0.2,-0.0,3.90
42660,DESCENT,647.38,647.33,-23.51,-0.40,87210.3,20.79,-0.206,-0.912,-0.214,-0.4,-0.6,-0.3,3.90
42670,DESCENT,647.13,647.10,-23.52,-0.45,87212.9,20.79,-0.218,-0.910,-0.184,0.2,-0.7,0.2,3.90
42680,DESCENT,647.10,646.87,-23.51,-0.25,87213.3,20.80,-0.213,-0.933,-0.188,0.2,-0.1,-0.6,3.90
42690,DESCENT,646.55,646.63,-23.52,-0.27,87219.1,20.80,-0.220,-0.929,-0.186,0.2,0.0,-0.2,3.90
42700,DESCENT,646.52,646.40,-23.52,-0.43,87219.4,20.80,-0.242,-0.915,-0.138,0.9,0.0,-0.5,3.90
42710,DESCENT,645.91,646.16,-23.53,-0.27,87225.9,20.80,-0.243,-0.926,-0.172,0.1,-0.3,-0.0,3.90
42720,DESCENT,645.64,645.91,-23.54,-0.22,87228.8,20.80,-0.213,-0.936,-0.183,-0.3,0.1,-0.6,3.90
42730,DESCENT,645.81,645.68,-23.54,0.06,87227.0,20.80,-0.244,-0.948,-0.232,-0.1,-0.7,-0.5,3.90
42740,DESCENT,645.57,645.45,-23.54,-0.41,87229.5,20.80,-0.204,-0.912,-0.212,0.2,-0.2,0.1,3.90
42750,DESCENT,644.99,645.21,-23.55,0.00,87235.7,20.81,-0.228,-0.952,-0.209,0.6,-0.4,0.3,3.90
42760,DESCENT,644.81,644.97,-23.55,-0.35,87237.7,20.81,-0.221,-0.922,-0.177,0.2,-0.4,-0.7,3.90
42770,DESCENT,644.47,644.73,-23.57,-0.12,87241.2,20.81,-0.229,-0.949,-0.154,-0.1,-0.2,-0.1,3.90
42780,DESCENT,644.31,644.48,-23.58,-0.22,87243.0,20.81,-0.258,-0.925,-0.186,0.0,-0.1,-0.3,3.90
42790,DESCENT,644.08,644.24,-23.59,-0.09,87245.4,20.81,-0.266,-0.925,-0.235,0.2,-0.8,0.0,3.90
42800,DESCENT,644.59,644.02,-23.56,0.27,87239.9,20.81,-0.266,-0.974,-0.191,0.2,-0.2,0.1,3.90
42810,DESCENT,643.86,643.79,-23.56,-0.35,87247.7,20.82,-0.195,-0.925,-0.187,-0.1,-0.1,0.3,3.90
42820,DESCENT,643.60,643.56,-23.56,0.03,87250.5,20.82,-0.224,-0.958,-0.200,-0.5,-0.2,-0.4,3.90
42830,DESCENT,643.52,643.33,-23.55,0.25,87251.3,20.82,-0.201,-0.990,-0.178,-0.2,-0.3,-0.6,3.90
42840,DESCENT,642.95,643.09,-23.55,-0.15,87257.4,20.82,-0.206,-0.937,-0.221,1.0,-0.3,-0.3,3.90
42850,DESCENT,642.70,642.85,-23.56,-0.49,87260.0,20.82,-0.238,-0.903,-0.177,0.6,-0.0,-0.4,3.90
42860,DESCENT,642.92,642.62,-23.55,-0.04,87257.7,20.82,-0.231,-0.941,-0.233,-0.3,0.6,-0.4,3.90
42870,DESCENT,642.03,642.38,-23.57,-0.06,87267.2,20.82,-0.210,-0.951,-0.199,-0.3,-0.1,0.2,3.90
42880,DESCENT,642.14,642.14,-23.57,0.04,87266.0,20.83,-0.229,-0.965,-0.158,0.6,-0.1,-0.3,3.90
42890,DESCENT,641.81,641.90,-23.57,-0.51,87269.5,20.83,-0.203,-0.897,-0.226,0.5,0.2,-0.6,3.90
42900,DESCENT,640.86,641.64,-23.61,-0.43,87279.6,20.83,-0.222,-0.911,-0.186,0.3,-0.4,0.1,3.90
42910,DESCENT,641.61,641.41,-23.61,-0.11,87271.6,20.83,-0.227,-0.951,-0.150,0.4,-0.6,-0.5,3.90
42920,DESCENT,640.98,641.17,-23.61,-0.15,87278.4,20.83,-0.214,-0.939,-0.208,0.5,-0.0,-0.0,3.90
42930,DESCENT,641.26,640.94,-23.60,-0.39,87275.4,20.83,-0.221,-0.904,-0.234,-0.3,-0.5,0.3,3.90
42940,DESCENT,640.52,640.70,-23.61,-0.14,87283.2,20.83,-0.200,-0.951,-0.164,-0.1,-0.6,-0.2,3.90
42950,DESCENT,640.33,640.46,-23.62,0.04,87285.2,20.84,-0.229,-0.958,-0.197,0.1,0.1,-0.0,3.90
42960,DESCENT,640.35,640.23,-23.62,0.08,87285.1,20.84,-0.229,-0.960,-0.210,0.4,0.1,0.1,3.90
42970,DESCENT,640.09,640.00,-23.61,-0.26,87287.9,20.84,-0.205,-0.931,-0.198,0.3,0.2,-0.4,3.90
42980,DESCENT,639.99,639.77,-23.60,-0.07,87288.9,20.84,-0.240,-0.943,-0.199,0.2,-0.3,-0.4,3.90
42990,DESCENT,639.47,639.53,-23.61,-0.43,87294.5,20.84,-0.216,-0.907,-0.209,-0.4,-0.3,0.2,3.90
43000,DESCENT,639.78,639.31,-23.59,-0.24,87291.2,20.84,-0.227,-0.933,-0.175,-0.4,0.1,-0.5,3.90
43010,DESCENT,639.39,639.08,-23.58,-0.36,87295.2,20.85,-0.226,-0.920,-0.174,-0.2,-0.4,-0.6,3.90
43020,DESCENT,638.71,638.84,-23.59,-0.35,87302.5,20.85,-0.209,-0.926,-0.171,-0.2,-0.4,-0.2,3.90
43030,DESCENT,638.84,638.61,-23.58,0.12,87301.1,20.85,-0.249,-0.966,-0.175,0.1,-0.0,-0.3,3.90
43040,DESCENT,638.24,638.37,-23.59,-0.73,87307.5,20.85,-0.223,-0.881,-0.169,0.1,0.2,-0.7,3.90
43050,DESCENT,638.47,638.14,-23.58,-0.23,87305.1,20.85,-0.194,-0.934,-0.212,0.1,-0.1,-0.4,3.90
43060,DESCENT,637.50,637.90,-23.60,-0.42,87315.4,20.85,-0.215,-0.914,-0.181,-0.4,0.1,-0.2,3.90
43070,DESCENT,637.61,637.66,-23.61,-0.18,87314.3,20.85,-0.228,-0.930,-0.219,0.1,-0.3,-0.3,3.90
43080,DESCENT,637.72,637.43,-23.60,-0.16,87313.1,20.86,-0.244,-0.930,-0.206,0.0,-0.4,-0.1,3.90
43090,DESCENT,637.49,637.20,-23.59,0.16,87315.6,20.86,-0.240,-0.967,-0.205,0.1,-0.3,-0.6,3.90
43100,DESCENT,637.12,636.97,-23.58,-0.40,87319.5,20.86,-0.187,-0.920,-0.194,-0.1,-0.4,-0.5,3.90
43110,DESCENT,636.78,636.74,-23.58,-0.14,87323.1,20.86,-0.197,-0.947,-0.188,0.6,-0.2,-0.1,3.90
43120,DESCENT,636.10,636.49,-23.60,-0.05,87330.3,20.86,-0.219,-0.952,-0.189,0.5,-0.2,0.3,3.90
43130,DESCENT,636.19,636.25,-23.60,-0.20,87329.4,20.86,-0.210,-0.936,-0.198,0.1,-0.5,-0.4,3.90
43140,DESCENT,636.22,636.02,-23.60,-0.18,87329.1,20.87,-0.210,-0.940,-0.187,0.7,-0.3,-0.0,3.90
43150,DESCENT,635.83,635.79,-23.60,-0.23,87333.2,20.87,-0.189,-0.936,-0.204,0.3,0.0,-0.2,3.90
43160,DESCENT,635.54,635.55,-23.60,-0.33,87336.2,20.87,-0.211,-0.929,-0.161,-0.3,0.2,-0.5,3.90
43170,DESCENT,635.23,635.31,-23.61,-0.37,87339.5,20.87,-0.199,-0.928,-0.161,-0.0,-0.4,-0.2,3.90
43180,DESCENT,635.06,635.08,-23.61,-0.11,87341.4,20.87,-0.224,-0.945,-0.187,0.4,-0.2,-0.7,3.90
43190,DESCENT,635.15,634.85,-23.60,-0.43,87340.5,20.87,-0.230,-0.910,-0.180,-0.1,-0.5,0.3,3.90
43200,DESCENT,634.96,634.62,-23.59,-0.13,87342.5,20.87,-0.199,-0.951,-0.172,-0.2,0.2,-0.5,3.90
43210,DESCENT,633.97,634.38,-23.61,0.05,87353.0,20.88,-0.214,-0.968,-0.169,-0.2,-0.5,-0.8,3.90
43220,DESCENT,633.91,634.13,-23.62,-0.13,87353.7,20.88,-0.219,-0.947,-0.167,0.2,-1.1,-0.8,3.90
43230,DESCENT,633.70,633.89,-23.63,-0.03,87355.9,20.88,-0.231,-0.945,-0.217,-0.4,-0.6,-0.3,3.90
43240,DESCENT,633.66,633.65,-23.63,-0.23,87356.4,20.88,-0.205,-0.935,-0.194,-0.3,-0.6,-0.0,3.90
43250,DESCENT,633.50,633.42,-23.63,-0.31,87358.0,20.88,-0.232,-0.915,-0.214,0.5,0.5,-0.4,3.90
43260,DESCENT,633.50,633.19,-23.62,-0.03,87358.0,20.88,-0.270,-0.946,-0.167,0.2,-0.0,-0.1,3.90
43270,DESCENT,632.71,632.95,-23.63,-0.29,87366.5,20.89,-0.210,-0.930,-0.179,0.2,-0.4,-0.4,3.90
43280,DESCENT,632.61,632.71,-23.63,-0.33,87367.5,20.89,-0.179,-0.931,-0.187,0.4,-0.3,-0.1,3.90
43290,DESCENT,632.35,632.47,-23.64,-0.36,87370.3,20.89,-0.241,-0.910,-0.203,0.3,-0.5,-0.0,3.90
43300,DESCENT,632.49,632.24,-23.64,-0.24,87368.8,20.89,-0.225,-0.931,-0.186,-0.1,-0.5,0.2,3.90
43310,DESCENT,632.50,632.02,-23.62,-0.12,87368.7,20.89,-0.218,-0.945,-0.187,0.5,-0.3,-0.3,3.90
43320,DESCENT,632.48,631.80,-23.59,-0.13,87368.9,20.89,-0.219,-0.943,-0.188,-0.2,-0.6,0.3,3.90
43330,DESCENT,631.29,631.56,-23.60,-0.20,87381.5,20.89,-0.231,-0.926,-0.223,-0.1,-0.6,-0.6,3.90
43340,DESCENT,631.42,631.33,-23.60,-0.13,87380.1,20.90,-0.236,-0.939,-0.189,-0.3,-0.6,-0.4,3.90
43350,DESCENT,631.03,631.09,-23.60,-0.15,87384.3,20.90,-0.235,-0.938,-0.185,0.1,-0.8,0.2,3.90
43360,DESCENT,630.62,630.85,-23.61,-0.06,87388.8,20.90,-0.217,-0.949,-0.203,-0.1,-0.1,-0.1,3.90
43370,DESCENT,630.71,630.61,-23.61,-0.24,87387.8,20.90,-0.227,-0.932,-0.174,0.1,-0.5,0.4,3.90
43380,DESCENT,630.77,630.39,-23.60,-0.30,87387.2,20.90,-0.211,-0.923,-0.208,0.2,-0.5,-0.3,3.90
43390,DESCENT,629.99,630.15,-23.61,-0.09,87395.4,20.90,-0.188,-0.956,-0.180,0.1,-0.2,-0.3,3.90
43400,DESCENT,629.91,629.91,-23.61,-0.22,87396.3,20.90,-0.216,-0.933,-0.193,-0.1,-0.6,-0.5,3.90
43410,DESCENT,629.82,629.68,-23.61,-0.37,87397.2,20.91,-0.221,-0.918,-0.183,0.2,-1.0,0.1,3.90
43420,DESCENT,629.22,629.44,-23.62,-0.05,87403.6,20.91,-0.230,-0.953,-0.172,-0.2,0.1,-0.6,3.90
43430,DESCENT,629.59,629.21,-23.60,0.10,87399.7,20.91,-0.243,-0.961,-0.196,0.5,0.2,0.2,3.90
43440,DESCENT,628.50,628.96,-23.62,-0.05,87411.3,20.91,-0.229,-0.946,-0.203,-0.0,-0.5,-0.5,3.90
43450,DESCENT,628.73,628.73,-23.62,-0.24,87408.9,20.91,-0.266,-0.917,-0.198,-0.2,-0.3,-0.1,3.90
43460,DESCENT,628.29,628.48,-23.63,0.04,87413.5,20.91,-0.246,-0.951,-0.209,-0.3,-0.1,0.1,3.90
43470,DESCENT,628.36,628.25,-23.63,-0.14,87412.8,20.92,-0.223,-0.943,-0.178,0.4,0.0,-0.1,3.90
43480,DESCENT,628.38,628.02,-23.61,0.08,87412.6,20.92,-0.208,-0.969,-0.183,0.1,0.2,-0.5,3.90
43490,DESCENT,627.99,627.79,-23.61,-0.33,87416.8,20.92,-0.206,-0.925,-0.188,0.0,-0.5,-0.4,3.90
43500,DESCENT,627.54,627.56,-23.61,-0.35,87421.6,20.92,-0.227,-0.920,-0.178,0.5,-0.3,-0.8,3.90
43510,DESCENT,627.43,627.32,-23.61,-0.07,87422.7,20.92,-0.243,-0.950,-0.153,-0.0,-0.1,0.3,3.90
43520,DESCENT,626.75,627.08,-23.62,-0.29,87429.9,20.92,-0.212,-0.926,-0.194,0.3,-0.4,-1.1,3.90
43530,DESCENT,627.27,626.85,-23.61,0.01,87424.5,20.92,-0.238,-0.961,-0.152,-0.1,-0.8,-0.7,3.90
43540,DESCENT,626.51,626.62,-23.61,-0.52,87432.5,20.93,-0.213,-0.900,-0.201,0.2,-0.3,-0.6,3.90
43550,DESCENT,626.21,626.37,-23.62,-0.12,87435.7,20.93,-0.222,-0.945,-0.186,0.0,-0.2,-0.4,3.90
43560,DESCENT,626.59,626.15,-23.61,-0.12,87431.6,20.93,-0.235,-0.943,-0.172,0.2,-0.2,0.0,3.90
43570,DESCENT,625.98,625.92,-23.61,-0.33,87438.1,20.93,-0.213,-0.924,-0.187,0.1,-0.2,-0.5,3.90
43580,DESCENT,625.69,625.68,-23.61,0.13,87441.2,20.93,-0.221,-0.974,-0.178,-0.6,-0.0,-0.6,3.90
43590,DESCENT,625.90,625.46,-23.59,-0.09,87439.0,20.93,-0.240,-0.936,-0.217,0.4,-0.3,-0.4,3.90
43600,DESCENT,625.11,625.22,-23.60,-0.34,87447.5,20.94,-0.254,-0.906,-0.212,-0.5,-0.6,-0.6,3.90
43610,DESCENT,624.80,624.98,-23.61,-0.31,87450.8,20.94,-0.241,-0.921,-0.178,0.3,-0.9,-0.5,3.90
43620,DESCENT,624.61,624.74,-23.61,-0.05,87452.7,20.94,-0.244,-0.939,-0.222,-0.2,-1.0,-0.8,3.90
43630,DESCENT,624.41,624.50,-23.62,-0.34,87454.9,20.94,-0.240,-0.917,-0.183,-0.1,-0.5,-0.7,3.90
43640,DESCENT,624.26,624.26,-23.62,0.13,87456.5,20.94,-0.271,-0.960,-0.178,0.4,-0.4,-0.1,3.90
43650,DESCENT,624.31,624.03,-23.61,-0.66,87456.0,20.94,-0.196,-0.887,-0.208,0.4,-0.4,-0.4,3.90
43660,DESCENT,624.00,623.80,-23.61,0.10,87459.3,20.94,-0.200,-0.963,-0.233,0.5,-0.4,0.1,3.90
43670,DESCENT,623.76,623.57,-23.60,-0.07,87461.8,20.95,-0.225,-0.949,-0.187,0.2,-0.0,0.1,3.90
43680,DESCENT,623.74,623.35,-23.58,-0.01,87462.0,20.95,-0.232,-0.951,-0.198,0.0,-0.0,-0.5,3.90
43690,DESCENT,623.13,623.11,-23.58,0.13,87468.6,20.95,-0.206,-0.961,-0.247,0.2,-0.1,-0.1,3.90
43700,DESCENT,623.10,622.88,-23.57,-0.01,87468.8,20.95,-0.240,-0.950,-0.197,-0.1,-0.4,-0.3,3.90
43710,DESCENT,622.70,622.65,-23.57,-0.11,87473.2,20.95,-0.227,-0.948,-0.160,0.1,0.1,0.3,3.90
43720,DESCENT,622.30,622.41,-23.58,0.04,87477.5,20.95,-0.237,-0.957,-0.192,0.0,-0.1,-0.3,3.90
43730,DESCENT,622.29,622.18,-23.57,-0.28,87477.5,20.96,-0.247,-0.917,-0.200,0.1,0.2,-0.4,3.90
43740,DESCENT,622.50,621.96,-23.55,-0.09,87475.3,20.96,-0.249,-0.946,-0.159,-0.2,-0.2,-0.0,3.90
43750,DESCENT,621.84,621.73,-23.55,-0.06,87482.3,20.96,-0.226,-0.949,-0.189,-0.1,0.1,-0.2,3.90
43760,DESCENT,621.52,621.49,-23.55,-0.11,87485.7,20.96,-0.246,-0.937,-0.198,0.4,-0.4,-0.3,3.90
43770,DESCENT,621.39,621.26,-23.54,-0.39,87487.2,20.96,-0.224,-0.913,-0.196,0.2,-0.3,-0.1,3.90
43780,DESCENT,621.14,621.03,-23.54,0.08,87489.7,20.96,-0.190,-0.976,-0.171,0.6,-0.1,-0.5,3.90
43790,DESCENT,620.88,620.79,-23.54,-0.43,87492.6,20.96,-0.189,-0.914,-0.200,0.1,-0.3,-0.4,3.90
43800,DESCENT,620.66,620.56,-23.54,-0.24,87494.9,20.97,-0.243,-0.931,-0.162,0.6,-0.2,-0.4,3.90
43810,DESCENT,620.75,620.34,-23.52,-0.09,87494.0,20.97,-0.247,-0.942,-0.180,0.2,-0.5,-0.5,3.90
43820,DESCENT,619.90,620.10,-23.53,-0.55,87503.0,20.97,-0.221,-0.899,-0.180,-0.0,-0.0,0.1,3.90
43830,DESCENT,619.93,619.86,-23.53,0.06,87502.8,20.97,-0.230,-0.963,-0.186,0.1,-0.4,-0.8,3.90
43840,DESCENT,620.06,619.64,-23.52,0.08,87501.3,20.97,-0.221,-0.966,-0.187,-0.1,-0.1,0.2,3.90
43850,DESCENT,619.70,619.41,-23.51,-0.26,87505.2,20.97,-0.231,-0.926,-0.194,0.6,-0.0,0.1,3.90
43860,DESCENT,619.45,619.19,-23.50,0.07,87507.8,20.97,-0.233,-0.963,-0.187,0.4,-0.1,-0.4,3.90
43870,DESCENT,618.74,618.95,-23.50,-0.11,87515.4,20.98,-0.255,-0.941,-0.166,0.2,-0.4,0.3,3.90
43880,DESCENT,618.78,618.71,-23.50,-0.49,87515.0,20.98,-0.220,-0.906,-0.179,0.2,-0.3,-0.3,3.90
43890,DESCENT,618.47,618.48,-23.51,-0.14,87518.3,20.98,-0.224,-0.936,-0.214,-0.1,-0.5,-0.1,3.90
43900,DESCENT,618.33,618.24,-23.51,-0.10,87519.8,20.98,-0.229,-0.947,-0.171,0.3,-0.8,0.2,3.90
43910,DESCENT,618.09,618.01,-23.50,-0.14,87522.3,20.98,-0.196,-0.943,-0.208,0.0,-0.4,-0.6,3.90
43920,DESCENT,617.98,617.78,-23.50,-0.00,87523.5,20.98,-0.229,-0.949,-0.218,-0.1,-0.2,0.3,3.90
43930,DESCENT,617.77,617.55,-23.49,0.15,87525.8,20.99,-0.194,-0.969,-0.234,0.3,-0.2,-0.3,3.90
43940,DESCENT,617.23,617.32,-23.49,-0.07,87531.5,20.99,-0.234,-0.942,-0.205,0.1,-0.6,-0.2,3.90
43950,DESCENT,617.16,617.08,-23.49,0.00,87532.3,20.99,-0.233,-0.957,-0.173,0.3,0.1,-0.5,3.90
43960,DESCENT,616.34,616.83,-23.51,-0.18,87540.9,20.99,-0.253,-0.932,-0.179,0.1,-0.6,-0.2,3.90
43970,DESCENT,617.20,616.62,-23.49,-0.26,87531.8,20.99,-0.248,-0.924,-0.180,0.6,0.3,0.1,3.90
43980,DESCENT,616.62,616.39,-23.48,-0.25,87538.0,20.99,-0.243,-0.927,-0.178,-0.4,0.0,-0.0,3.90
43990,DESCENT,616.33,616.16,-23.47,-0.10,87541.1,20.99,-0.222,-0.939,-0.220,-0.2,0.4,-0.2,3.90
44000,DESCENT,616.33,615.93,-23.46,-0.49,87541.1,21.00,-0.219,-0.908,-0.171,-0.2,-0.2,0.1,3.90
44010,DESCENT,616.05,615.71,-23.45,-0.33,87544.1,21.00,-0.206,-0.924,-0.198,0.2,0.2,-0.2,3.90
44020,DESCENT,615.53,615.48,-23.45,-0.60,87549.7,21.00,-0.214,-0.899,-0.162,0.2,-0.5,-0.3,3.90
44030,DESCENT,615.15,615.24,-23.46,-0.12,87553.7,21.00,-0.252,-0.941,-0.168,-0.1,-0.6,-0.5,3.90
44040,DESCENT,615.11,615.01,-23.46,-0.21,87554.1,21.00,-0.233,-0.932,-0.185,-0.2,-0.4,-0.3,3.90
44050,DESCENT,614.84,614.78,-23.46,-0.21,87557.0,21.00,-0.244,-0.935,-0.154,0.3,-0.1,-0.2,3.90
44060,DESCENT,614.63,614.54,-23.45,0.20,87559.2,21.01,-0.264,-0.964,-0.209,0.1,0.1,-0.2,3.90
44070,DESCENT,614.32,614.31,-23.45,-0.36,87562.6,21.01,-0.209,-0.923,-0.177,0.1,-0.4,0.4,3.90
44080,DESCENT,614.28,614.08,-23.45,-0.14,87563.0,21.01,-0.260,-0.937,-0.163,0.1,-0.7,0.2,3.90
44090,DESCENT,613.65,613.84,-23.46,-0.23,87569.7,21.01,-0.240,-0.929,-0.182,-0.5,-0.1,0.2,3.90
44100,DESCENT,613.34,613.60,-23.47,-0.43,87573.0,21.01,-0.191,-0.920,-0.171,0.3,-0.2,-0.1,3.90
44110,DESCENT,613.33,613.36,-23.48,-0.27,87573.1,21.01,-0.226,-0.932,-0.161,-0.2,-0.2,-0.3,3.90
44120,DESCENT,613.19,613.13,-23.48,-0.17,87574.6,21.01,-0.216,-0.940,-0.191,0.2,-1.2,-0.1,3.90
44130,DESCENT,612.89,612.89,-23.48,-0.15,87577.9,21.02,-0.235,-0.937,-0.190,0.1,-0.1,-0.3,3.90
44140,DESCENT,612.47,612.65,-23.49,-0.34,87582.3,21.02,-0.213,-0.921,-0.194,0.2,0.2,0.1,3.90
44150,DESCENT,612.34,612.42,-23.49,-0.08,87583.7,21.02,-0.216,-0.951,-0.181,-0.2,-0.5,-0.4,3.90
44160,DESCENT,612.10,612.18,-23.50,-0.01,87586.2,21.02,-0.213,-0.955,-0.201,0.3,-0.1,-0.1,3.90
44170,DESCENT,612.06,611.95,-23.50,-0.43,87586.6,21.02,-0.217,-0.910,-0.200,-0.0,-0.0,-0.6,3.90
44180,DESCENT,611.74,611.71,-23.50,0.03,87590.1,21.02,-0.212,-0.966,-0.172,0.1,-0.1,-0.6,3.90
44190,DESCENT,611.55,611.48,-23.49,-0.07,87592.1,21.02,-0.248,-0.942,-0.188,-0.1,-0.2,-0.4,3.90
44200,DESCENT,611.92,611.27,-23.47,-0.23,87588.2,21.03,-0.259,-0.924,-0.184,-0.0,-0.2,0.1,3.90
44210,DESCENT,611.29,611.04,-23.46,0.22,87594.9,21.03,-0.186,-0.989,-0.184,0.2,-0.4,-0.2,3.90
44220,DESCENT,611.01,610.81,-23.45,-0.23,87597.9,21.03,-0.209,-0.938,-0.172,0.3,-0.4,-0.7,3.90
44230,DESCENT,610.48,610.57,-23.45,-0.01,87603.5,21.03,-0.236,-0.948,-0.209,-0.3,-0.4,0.3,3.90
44240,DESCENT,610.21,610.33,-23.46,-0.42,87606.5,21.03,-0.234,-0.908,-0.192,0.1,-0.4,-0.2,3.90
44250,DESCENT,609.97,610.10,-23.47,-0.09,87609.0,21.03,-0.229,-0.946,-0.188,-0.2,0.2,0.3,3.90
44260,DESCENT,610.14,609.87,-23.46,-0.05,87607.2,21.04,-0.205,-0.956,-0.182,-0.2,-0.3,-0.1,3.90
44270,DESCENT,609.65,609.63,-23.46,-0.21,87612.4,21.04,-0.240,-0.928,-0.193,0.2,-0.2,0.1,3.90
44280,DESCENT,609.09,609.39,-23.48,-0.42,87618.4,21.04,-0.242,-0.907,-0.188,-0.1,-0.0,-0.8,3.90
44290,DESCENT,609.08,609.15,-23.48,-0.24,87618.5,21.04,-0.231,-0.930,-0.180,-0.2,0.3,0.2,3.90
44300,DESCENT,609.04,608.92,-23.48,-0.07,87618.9,21.04,-0.227,-0.951,-0.176,-0.0,-0.6,-0.3,3.90
44310,DESCENT,608.97,608.70,-23.47,-0.11,87619.7,21.04,-0.212,-0.938,-0.228,-0.3,-0.2,-0.5,3.90
44320,DESCENT,608.78,608.47,-23.46,-0.41,87621.7,21.04,-0.216,-0.916,-0.180,0.6,0.1,0.3,3.90
44330,DESCENT,608.43,608.24,-23.45,-0.22,87625.5,21.05,-0.228,-0.932,-0.188,0.2,-0.2,-0.0,3.90
44340,DESCENT,607.72,608.00,-23.47,-0.14,87633.1,21.05,-0.197,-0.950,-0.175,-0.3,-0.4,-0.3,3.90
44350,DESCENT,607.47,607.76,-23.48,-0.24,87635.7,21.05,-0.206,-0.933,-0.193,-0.4,-0.2,-0.2,3.90
44360,DESCENT,607.71,607.53,-23.47,-0.07,87633.1,21.05,-0.250,-0.942,-0.192,0.2,-0.6,0.2,3.90
44370,DESCENT,607.12,607.29,-23.48,-0.14,87639.4,21.05,-0.217,-0.945,-0.174,-0.0,-0.3,0.1,3.90
44380,DESCENT,607.34,607.06,-23.47,-0.43,87637.1,21.05,-0.232,-0.907,-0.192,0.5,0.2,-0.2,3.90
44390,DESCENT,606.70,606.82,-23.48,-0.37,87643.9,21.06,-0.218,-0.911,-0.222,-0.3,-0.5,-0.3,3.90
44400,DESCENT,606.52,606.58,-23.49,-0.21,87645.8,21.06,-0.242,-0.936,-0.155,-0.1,-0.4,-0.2,3.90
44410,DESCENT,606.24,606.35,-23.49,-0.30,87648.8,21.06,-0.212,-0.934,-0.150,-0.3,-0.4,-0.1,3.90
44420,DESCENT,606.63,606.13,-23.48,-0.06,87644.7,21.06,-0.234,-0.947,-0.188,0.2,-0.1,-0.4,3.90
44430,DESCENT,606.21,605.90,-23.46,0.11,87649.1,21.06,-0.233,-0.960,-0.218,-0.1,-0.1,-0.4,3.90
44440,DESCENT,605.40,605.66,-23.47,-0.16,87657.8,21.06,-0.206,-0.941,-0.195,0.4,-0.3,-0.0,3.90
44450,DESCENT,605.80,605.43,-23.46,-0.28,87653.5,21.06,-0.209,-0.932,-0.179,0.5,0.2,-0.1,3.90
44460,DESCENT,605.46,605.21,-23.45,-0.38,87657.2,21.07,-0.217,-0.914,-0.204,0.3,-0.2,0.0,3.90
44470,DESCENT,605.28,604.98,-23.44,-0.26,87659.1,21.07,-0.218,-0.928,-0.201,0.2,-0.4,0.0,3.90
44480,DESCENT,604.87,604.75,-23.44,-0.02,87663.5,21.07,-0.231,-0.951,-0.200,0.1,-0.5,0.1,3.90
44490,DESCENT,604.66,604.52,-23.44,-0.21,87665.8,21.07,-0.215,-0.930,-0.210,0.1,0.0,-0.0,3.90
44500,DESCENT,604.61,604.29,-23.42,0.16,87666.2,21.07,-0.224,-0.972,-0.198,0.5,-0.4,-1.0,3.90
44510,DESCENT,604.34,604.07,-23.41,-0.20,87669.2,21.07,-0.259,-0.924,-0.193,-0.4,-0.1,-0.2,3.90
44520,DESCENT,603.59,603.83,-23.43,-0.51,87677.1,21.08,-0.211,-0.911,-0.154,-0.1,0.1,-0.5,3.90
44530,DESCENT,604.20,603.61,-23.40,-0.09,87670.6,21.08,-0.204,-0.949,-0.203,0.1,-0.0,-0.2,3.90
44540,DESCENT,603.52,603.38,-23.40,-0.08,87677.9,21.08,-0.240,-0.940,-0.206,-0.1,-0.2,-0.0,3.90
44550,DESCENT,603.08,603.14,-23.40,-0.34,87682.6,21.08,-0.237,-0.915,-0.196,0.2,-0.2,-0.4,3.90
44560,DESCENT,602.91,602.91,-23.41,-0.20,87684.4,21.08,-0.207,-0.938,-0.194,0.5,-0.5,-0.3,3.90
44570,DESCENT,603.15,602.69,-23.39,-0.16,87681.9,21.08,-0.226,-0.938,-0.192,-0.6,-0.8,-0.2,3.90
44580,DESCENT,602.67,602.46,-23.38,-0.21,87686.9,21.08,-0.282,-0.919,-0.183,-0.0,-1.1,0.5,3.90
44590,DESCENT,601.84,602.22,-23.40,0.05,87695.9,21.09,-0.225,-0.959,-0.202,-0.3,-0.5,-0.2,3.90
44600,DESCENT,601.99,601.98,-23.40,-0.17,87694.3,21.09,-0.252,-0.933,-0.176,0.3,-0.3,-0.5,3.90
44610,DESCENT,601.34,601.74,-23.42,-0.24,87701.2,21.09,-0.217,-0.933,-0.183,0.4,-0.2,-0.0,3.90
44620,DESCENT,601.62,601.51,-23.41,-0.00,87698.2,21.09,-0.237,-0.954,-0.185,-0.1,-0.2,-0.3,3.90
44630,DESCENT,601.06,601.27,-23.42,0.01,87704.2,21.09,-0.259,-0.951,-0.177,0.3,-0.6,-0.2,3.90
44640,DESCENT,600.72,601.02,-23.43,0.15,87707.9,21.09,-0.250,-0.963,-0.202,-0.4,-0.3,-1.0,3.90
44650,DESCENT,600.63,600.78,-23.44,-0.42,87708.8,21.09,-0.243,-0.904,-0.200,0.4,-1.2,-0.3,3.90
44660,DESCENT,600.57,600.55,-23.44,0.15,87709.4,21.10,-0.170,-0.985,-0.178,0.1,0.4,-0.2,3.90
44670,DESCENT,600.51,600.32,-23.44,-0.57,87710.0,21.10,-0.231,-0.891,-0.192,-0.2,-0.7,-0.1,3.90
44680,DESCENT,600.21,600.09,-23.44,-0.20,87713.3,21.10,-0.244,-0.931,-0.186,0.2,-0.4,-0.2,3.90
44690,DESCENT,599.34,599.84,-23.46,-0.01,87722.6,21.10,-0.239,-0.955,-0.174,0.0,-0.8,-0.7,3.90
44700,DESCENT,599.51,599.60,-23.46,0.04,87720.8,21.10,-0.273,-0.955,-0.149,0.4,-0.6,-0.2,3.90
44710,DESCENT,599.43,599.37,-23.46,-0.42,87721.6,21.10,-0.227,-0.907,-0.199,-0.2,-0.4,-0.0,3.90
44720,DESCENT,599.62,599.15,-23.44,-0.20,87719.5,21.11,-0.221,-0.943,-0.148,-0.2,-0.5,-0.1,3.90
44730,DESCENT,598.60,598.91,-23.46,-0.09,87730.4,21.11,-0.247,-0.942,-0.188,-0.3,0.1,0.3,3.90
44740,DESCENT,598.74,598.67,-23.46,-0.33,87729.0,21.11,-0.221,-0.926,-0.168,0.4,-0.4,-0.1,3.90
44750,DESCENT,598.69,598.45,-23.45,-0.20,87729.5,21.11,-0.227,-0.933,-0.193,0.4,-0.3,-0.1,3.90
44760,DESCENT,598.19,598.21,-23.45,-0.24,87734.9,21.11,-0.261,-0.924,-0.175,-0.5,0.1,-0.1,3.90
44770,DESCENT,597.80,597.97,-23.46,-0.23,87739.0,21.11,-0.241,-0.936,-0.138,-0.1,0.1,-0.6,3.90
44780,DESCENT,598.07,597.75,-23.45,0.07,87736.2,21.11,-0.212,-0.967,-0.189,-0.6,-0.4,-0.1,3.90
44790,DESCENT,597.63,597.52,-23.45,-0.01,87740.8,21.12,-0.285,-0.943,-0.168,0.6,-0.2,0.4,3.90
44800,DESCENT,597.22,597.28,-23.45,-0.43,87745.3,21.12,-0.211,-0.903,-0.232,0.3,-0.5,0.3,3.90
44810,DESCENT,597.20,597.05,-23.45,-0.22,87745.5,21.12,-0.238,-0.934,-0.162,0.1,-0.1,-0.1,3.90
44820,DESCENT,597.09,596.82,-23.44,0.14,87746.6,21.12,-0.241,-0.968,-0.185,0.1,0.0,0.0,3.90
44830,DESCENT,596.37,596.58,-23.45,-0.39,87754.4,21.12,-0.200,-0.920,-0.184,0.2,-0.2,-0.2,3.90
44840,DESCENT,596.83,596.36,-23.43,-0.10,87749.5,21.12,-0.241,-0.932,-0.229,-0.0,-0.5,-0.3,3.90
44850,DESCENT,596.60,596.14,-23.41,-0.03,87751.9,21.13,-0.241,-0.946,-0.204,0.0,-0.2,-0.5,3.90
44860,DESCENT,595.83,595.90,-23.42,-0.60,87760.1,21.13,-0.215,-0.898,-0.169,0.2,0.0,0.1,3.90
44870,DESCENT,595.48,595.66,-23.43,-0.08,87763.8,21.13,-0.218,-0.950,-0.189,-0.1,-0.3,0.1,3.90
44880,DESCENT,595.66,595.44,-23.42,-0.16,87761.9,21.13,-0.212,-0.935,-0.221,-0.3,-0.3,0.2,3.90
44890,DESCENT,595.42,595.21,-23.41,-0.31,87764.5,21.13,-0.232,-0.919,-0.196,-0.1,-0.4,-0.6,3.90
44900,DESCENT,595.45,594.99,-23.40,-0.15,87764.2,21.13,-0.262,-0.933,-0.175,0.2,-0.2,-0.5,3.90
44910,DESCENT,594.80,594.75,-23.40,-0.19,87771.1,21.13,-0.220,-0.938,-0.182,0.2,-0.2,-0.4,3.90
44920,DESCENT,594.74,594.53,-23.39,-0.13,87771.8,21.14,-0.215,-0.939,-0.216,0.1,-0.9,-0.2,3.90
44930,DESCENT,594.48,594.30,-23.39,-0.34,87774.5,21.14,-0.179,-0.926,-0.204,-0.1,-0.4,-0.6,3.90
44940,DESCENT,593.86,594.06,-23.39,0.08,87781.1,21.14,-0.264,-0.961,-0.153,0.1,-0.3,-0.2,3.90
44950,DESCENT,593.83,593.82,-23.39,-0.11,87781.5,21.14,-0.218,-0.948,-0.172,0.1,-0.2,-0.1,3.90
44960,DESCENT,593.59,593.59,-23.40,-0.24,87784.0,21.14,-0.231,-0.931,-0.174,0.4,-0.2,-0.1,3.90
44970,DESCENT,593.43,593.36,-23.40,-0.45,87785.7,21.14,-0.223,-0.915,-0.152,-0.1,-0.5,0.0,3.90
44980,DESCENT,592.97,593.12,-23.41,-0.05,87790.7,21.14,-0.216,-0.956,-0.172,0.0,-0.1,0.4,3.90
44990,DESCENT,592.70,592.88,-23.42,-0.42,87793.6,21.15,-0.256,-0.906,-0.173,0.1,-0.4,-0.1,3.90
45000,DESCENT,592.59,592.65,-23.42,-0.26,87794.7,21.15,-0.249,-0.919,-0.203,0.5,-0.6,-0.4,3.90
45010,DESCENT,592.36,592.41,-23.43,-0.40,87797.2,21.15,-0.227,-0.908,-0.209,0.6,-0.3,-0.4,3.90
45020,DESCENT,592.08,592.17,-23.43,-0.16,87800.2,21.15,-0.197,-0.946,-0.184,-0.2,-0.6,-0.7,3.90
45030,DESCENT,591.79,591.93,-23.44,-0.31,87803.4,21.15,-0.244,-0.921,-0.170,-0.4,0.4,-0.4,3.90
45040,DESCENT,591.27,591.69,-23.46,-0.18,87808.8,21.15,-0.227,-0.936,-0.195,0.2,-0.3,-0.4,3.90
45050,DESCENT,591.83,591.46,-23.45,-0.28,87802.8,21.16,-0.270,-0.918,-0.169,-0.0,-0.5,0.2,3.90
45060,DESCENT,591.60,591.24,-23.43,0.19,87805.3,21.16,-0.214,-0.982,-0.175,-0.2,-0.4,-0.4,3.90
45070,DESCENT,590.51,590.99,-23.45,-0.22,87817.0,21.16,-0.238,-0.929,-0.187,0.1,-0.3,0.1,3.90
45080,DESCENT,590.76,590.76,-23.46,-0.53,87814.4,21.16,-0.205,-0.894,-0.229,0.7,-0.4,0.3,3.90
45090,DESCENT,590.41,590.52,-23.47,-0.21,87818.0,21.16,-0.216,-0.937,-0.180,0.1,-0.0,-0.4,3.90
45100,DESCENT,590.24,590.28,-23.47,-0.25,87819.8,21.16,-0.218,-0.935,-0.169,-0.3,0.0,0.2,3.90
45110,DESCENT,589.87,590.04,-23.48,-0.32,87823.9,21.16,-0.228,-0.922,-0.186,-0.1,-0.5,-0.5,3.90
45120,DESCENT,589.95,589.81,-23.48,-0.04,87823.0,21.17,-0.261,-0.943,-0.187,-0.3,-1.0,-0.2,3.90
45130,DESCENT,589.30,589.57,-23.49,-0.06,87829.9,21.17,-0.242,-0.945,-0.191,0.3,0.1,0.2,3.90
45140,DESCENT,589.42,589.34,-23.48,-0.02,87828.6,21.17,-0.236,-0.946,-0.212,0.2,-0.7,-0.0,3.90
45150,DESCENT,589.08,589.10,-23.49,-0.16,87832.3,21.17,-0.241,-0.936,-0.182,0.4,-0.7,0.2,3.90
45160,DESCENT,588.89,588.87,-23.49,-0.46,87834.3,21.17,-0.220,-0.907,-0.193,0.4,-0.3,0.2,3.90
45170,DESCENT,588.49,588.63,-23.50,-0.07,87838.6,21.17,-0.204,-0.957,-0.167,-0.1,0.2,-0.4,3.90
45180,DESCENT,588.76,588.40,-23.48,-0.18,87835.7,21.18,-0.213,-0.938,-0.201,0.1,-0.1,-0.6,3.90
45190,DESCENT,588.11,588.17,-23.49,-0.17,87842.6,21.18,-0.200,-0.941,-0.202,-0.3,-0.3,-0.1,3.90
45200,DESCENT,587.67,587.93,-23.50,-0.47,87847.4,21.18,-0.246,-0.904,-0.167,-0.1,-0.0,0.1,3.90
45210,DESCENT,587.90,587.70,-23.50,-0.34,87845.0,21.18,-0.220,-0.913,-0.223,0.2,-0.3,-0.3,3.90
45220,DESCENT,587.59,587.47,-23.49,-0.15,87848.2,21.18,-0.218,-0.950,-0.140,-0.2,-0.4,0.0,3.90
45230,DESCENT,587.34,587.23,-23.49,0.05,87850.9,21.18,-0.236,-0.955,-0.207,0.2,-0.4,-0.1,3.90
45240,DESCENT,586.90,587.00,-23.49,-0.10,87855.7,21.18,-0.210,-0.950,-0.183,0.6,-0.5,-0.4,3.90
45250,DESCENT,586.67,586.76,-23.50,-0.17,87858.1,21.19,-0.252,-0.931,-0.185,0.6,-0.1,-0.1,3.90
45260,DESCENT,586.67,586.53,-23.50,-0.29,87858.0,21.19,-0.223,-0.926,-0.187,-0.1,-0.4,-0.0,3.90
45270,DESCENT,586.72,586.30,-23.48,-0.13,87857.6,21.19,-0.209,-0.942,-0.208,-0.3,-0.2,-0.2,3.90
45280,DESCENT,586.21,586.07,-23.48,0.02,87863.0,21.19,-0.244,-0.952,-0.198,0.2,-0.4,-0.3,3.90
45290,DESCENT,586.09,585.85,-23.47,-0.30,87864.4,21.19,-0.235,-0.927,-0.155,0.5,0.1,-0.4,3.90
45300,DESCENT,585.56,585.61,-23.47,-0.43,87870.0,21.19,-0.218,-0.917,-0.161,0.3,-0.3,-0.1,3.90
45310,DESCENT,585.36,585.37,-23.48,-0.34,87872.1,21.19,-0.211,-0.924,-0.179,0.5,-0.3,0.3,3.90
45320,DESCENT,585.10,585.14,-23.48,-0.19,87874.8,21.20,-0.192,-0.947,-0.169,0.3,-0.1,-0.2,3.90
45330,DESCENT,585.04,584.91,-23.48,-0.18,87875.5,21.20,-0.208,-0.942,-0.182,-0.4,-0.4,-0.5,3.90
45340,DESCENT,584.83,584.68,-23.47,-0.41,87877.8,21.20,-0.186,-0.920,-0.194,0.6,-0.2,-0.3,3.90
45350,DESCENT,584.56,584.45,-23.47,0.25,87880.7,21.20,-0.257,-0.964,-0.240,0.2,-0.3,-0.4,3.90
45360,DESCENT,584.48,584.22,-23.46,-0.40,87881.5,21.20,-0.212,-0.919,-0.170,-0.0,-0.7,-0.1,3.90
45370,DESCENT,584.02,583.99,-23.46,-0.15,87886.5,21.20,-0.233,-0.939,-0.186,0.4,-0.7,-0.5,3.90
45380,DESCENT,583.77,583.75,-23.46,0.29,87889.2,21.21,-0.213,-0.983,-0.221,0.1,-0.1,-0.1,3.90
45390,DESCENT,583.37,583.51,-23.46,0.13,87893.4,21.21,-0.263,-0.960,-0.186,-0.2,0.2,-0.2,3.90
45400,DESCENT,583.32,583.28,-23.46,-0.36,87893.9,21.21,-0.263,-0.899,-0.224,0.1,0.4,-0.7,3.90
45410,DESCENT,582.61,583.03,-23.48,-0.35,87901.6,21.21,-0.263,-0.903,-0.211,0.0,-0.2,-0.7,3.90
45420,DESCENT,582.65,582.79,-23.49,-0.03,87901.1,21.21,-0.223,-0.960,-0.157,-0.1,-0.2,-0.2,3.90
45430,DESCENT,582.68,582.56,-23.49,0.07,87900.9,21.21,-0.226,-0.963,-0.192,0.4,-0.4,-0.1,3.90
45440,DESCENT,582.63,582.34,-23.48,-0.23,87901.4,21.21,-0.199,-0.943,-0.158,0.2,-0.2,-0.3,3.90
45450,DESCENT,582.05,582.10,-23.48,-0.23,87907.5,21.22,-0.184,-0.940,-0.187,-0.3,-0.1,0.1,3.90
45460,DESCENT,581.80,581.86,-23.49,-0.49,87910.3,21.22,-0.191,-0.907,-0.206,-0.1,0.1,-0.4,3.90
45470,DESCENT,581.94,581.64,-23.48,-0.44,87908.8,21.22,-0.211,-0.913,-0.183,0.3,-0.2,-0.1,3.90
45480,DESCENT,581.65,581.41,-23.47,-0.34,87911.9,21.22,-0.226,-0.915,-0.209,0.4,0.2,-0.3,3.90
45490,DESCENT,581.55,581.18,-23.46,-0.13,87913.0,21.22,-0.224,-0.946,-0.171,-0.4,0.1,-0.3,3.90
45500,DESCENT,581.08,580.95,-23.46,0.06,87918.0,21.22,-0.231,-0.963,-0.181,0.1,-0.4,-0.8,3.90
45510,DESCENT,580.84,580.72,-23.45,-0.24,87920.5,21.23,-0.222,-0.925,-0.215,0.2,-0.6,-0.1,3.90
45520,DESCENT,580.78,580.50,-23.44,0.06,87921.1,21.23,-0.238,-0.965,-0.159,-0.2,-0.2,-0.2,3.90
45530,DESCENT,580.11,580.26,-23.45,-0.26,87928.3,21.23,-0.215,-0.926,-0.211,0.3,-0.7,-0.3,3.90
45540,DESCENT,580.06,580.02,-23.45,-0.21,87928.9,21.23,-0.238,-0.928,-0.199,0.1,-0.7,-0.3,3.90
45550,DESCENT,579.97,579.79,-23.44,-0.32,87929.8,21.23,-0.225,-0.921,-0.193,-0.2,0.4,-0.4,3.90
45560,DESCENT,579.78,579.57,-23.44,-0.18,87931.9,21.23,-0.238,-0.933,-0.195,-0.2,-0.2,0.2,3.90
45570,DESCENT,579.35,579.33,-23.44,-0.30,87936.5,21.23,-0.242,-0.922,-0.175,-0.2,-0.2,-0.6,3.90
45580,DESCENT,579.68,579.11,-23.42,-0.25,87932.9,21.24,-0.261,-0.920,-0.189,0.6,-0.2,-0.2,3.90
45590,DESCENT,578.88,578.88,-23.42,-0.42,87941.5,21.24,-0.212,-0.912,-0.195,0.2,-0.2,-0.2,3.90
45600,DESCENT,578.51,578.64,-23.43,-0.37,87945.5,21.24,-0.191,-0.918,-0.216,-0.3,-0.1,-0.3,3.90
45610,DESCENT,578.42,578.41,-23.44,-0.45,87946.4,21.24,-0.206,-0.913,-0.189,0.0,-0.2,-0.2,3.90
45620,DESCENT,578.55,578.18,-23.42,0.01,87945.0,21.24,-0.243,-0.942,-0.238,0.1,-0.7,0.3,3.90
45630,DESCENT,577.99,577.95,-23.42,-0.13,87951.0,21.24,-0.245,-0.937,-0.191,0.3,0.1,-0.9,3.90
45640,DESCENT,577.75,577.72,-23.42,-0.25,87953.6,21.24,-0.232,-0.930,-0.180,-0.1,-0.9,-0.1,3.90
45650,DESCENT,577.58,577.49,-23.42,-0.48,87955.4,21.25,-0.255,-0.887,-0.226,0.4,-0.2,0.2,3.90
45660,DESCENT,577.03,577.25,-23.43,0.17,87961.3,21.25,-0.259,-0.965,-0.197,0.2,0.4,-0.6,3.90
45670,DESCENT,576.81,577.01,-23.44,-0.21,87963.7,21.25,-0.237,-0.930,-0.193,0.3,0.1,-0.9,3.90
45680,DESCENT,576.88,576.77,-23.44,-0.11,87962.9,21.25,-0.237,-0.942,-0.188,0.0,0.3,0.3,3.90
45690,DESCENT,576.34,576.53,-23.45,-0.49,87968.7,21.25,-0.217,-0.900,-0.210,0.3,-0.1,-0.0,3.90
45700,DESCENT,576.55,576.31,-23.44,-0.14,87966.4,21.25,-0.223,-0.931,-0.233,0.0,-0.0,-0.5,3.90
45710,DESCENT,576.15,576.07,-23.44,-0.24,87970.7,21.26,-0.198,-0.933,-0.205,-0.2,-0.7,-0.1,3.90
45720,DESCENT,576.02,575.85,-23.44,-0.61,87972.1,21.26,-0.240,-0.891,-0.166,0.4,-0.3,-0.2,3.90
45730,DESCENT,575.42,575.61,-23.45,-0.22,87978.6,21.26,-0.194,-0.934,-0.217,0.6,0.1,-0.2,3.90
45740,DESCENT,575.17,575.37,-23.46,-0.34,87981.2,21.26,-0.228,-0.925,-0.155,0.4,-0.2,-0.2,3.90
45750,DESCENT,575.17,575.13,-23.46,0.17,87981.3,21.26,-0.238,-0.973,-0.184,0.3,0.3,-0.4,3.90
45760,DESCENT,574.81,574.89,-23.46,0.22,87985.1,21.26,-0.252,-0.967,-0.216,0.4,-0.2,-0.1,3.90
45770,DESCENT,574.61,574.66,-23.46,-0.15,87987.2,21.26,-0.216,-0.935,-0.216,-0.2,-0.4,0.1,3.90
45780,DESCENT,574.40,574.42,-23.46,-0.23,87989.5,21.27,-0.224,-0.933,-0.178,0.3,-0.2,-0.5,3.90
45790,DESCENT,573.93,574.18,-23.48,-0.15,87994.5,21.27,-0.238,-0.935,-0.195,0.6,-0.3,-0.1,3.90
45800,DESCENT,574.02,573.95,-23.48,-0.27,87993.6,21.27,-0.222,-0.923,-0.211,0.1,0.1,-0.3,3.90
45810,DESCENT,573.68,573.71,-23.48,-0.33,87997.2,21.27,-0.227,-0.923,-0.174,0.0,-0.5,-0.7,3.90
45820,DESCENT,573.57,573.48,-23.48,-0.21,87998.4,21.27,-0.221,-0.936,-0.181,0.4,-0.6,-0.2,3.90
45830,DESCENT,573.21,573.24,-23.48,-0.28,88002.3,21.27,-0.225,-0.930,-0.164,0.3,-0.8,-0.0,3.90
45840,DESCENT,573.16,573.01,-23.48,-0.06,88002.8,21.28,-0.234,-0.947,-0.190,-0.3,0.0,0.0,3.90
45850,DESCENT,572.60,572.77,-23.49,-0.05,88008.8,21.28,-0.205,-0.952,-0.200,0.2,-0.2,0.2,3.90
45860,DESCENT,572.68,572.54,-23.48,-0.41,88008.0,21.28,-0.230,-0.915,-0.163,-0.4,0.1,-0.4,3.90
45870,DESCENT,572.47,572.31,-23.48,-0.17,88010.2,21.28,-0.225,-0.940,-0.179,-0.4,-0.2,-0.3,3.90
45880,DESCENT,572.22,572.08,-23.48,-0.12,88012.9,21.28,-0.216,-0.943,-0.199,-0.4,-0.2,-0.7,3.90
45890,DESCENT,571.89,571.85,-23.47,0.03,88016.4,21.28,-0.229,-0.952,-0.216,0.3,-0.3,-0.4,3.90
45900,DESCENT,571.99,571.62,-23.46,0.02,88015.3,21.28,-0.247,-0.950,-0.202,0.3,-0.2,0.4,3.90
45910,DESCENT,571.41,571.39,-23.46,-0.02,88021.6,21.29,-0.213,-0.958,-0.180,0.4,0.7,0.4,3.90
45920,DESCENT,571.23,571.16,-23.46,-0.04,88023.4,21.29,-0.210,-0.949,-0.215,-0.5,-0.3,0.1,3.90
45930,DESCENT,570.98,570.92,-23.46,-0.19,88026.2,21.29,-0.218,-0.940,-0.174,0.3,-0.6,-0.3,3.90
45940,DESCENT,570.84,570.69,-23.45,-0.23,88027.6,21.29,-0.201,-0.936,-0.195,0.7,-0.5,0.3,3.90
45950,DESCENT,570.31,570.46,-23.46,-0.14,88033.3,21.29,-0.225,-0.942,-0.188,-0.4,-0.1,-0.4,3.90
45960,DESCENT,570.45,570.23,-23.45,-0.20,88031.8,21.29,-0.252,-0.926,-0.197,0.5,-0.1,-0.2,3.90
45970,DESCENT,570.06,570.00,-23.45,-0.21,88036.0,21.30,-0.218,-0.933,-0.199,-0.1,0.4,-0.3,3.90
45980,DESCENT,569.79,569.76,-23.45,-0.07,88038.9,21.30,-0.236,-0.948,-0.179,0.1,-0.3,-0.5,3.90
45990,DESCENT,569.58,569.53,-23.45,-0.04,88041.2,21.30,-0.216,-0.953,-0.191,-0.3,0.1,-0.0,3.90
46000,DESCENT,569.15,569.29,-23.46,-0.10,88045.8,21.30,-0.221,-0.948,-0.179,-0.1,-0.6,-0.1,3.90
46010,DESCENT,569.02,569.05,-23.46,0.14,88047.2,21.30,-0.223,-0.974,-0.176,0.4,0.1,-0.3,3.90
46020,DESCENT,568.91,568.82,-23.45,-0.10,88048.4,21.30,-0.206,-0.951,-0.183,0.2,-0.5,-0.5,3.90
46030,DESCENT,569.12,568.60,-23.43,0.23,88046.1,21.30,-0.256,-0.967,-0.217,0.2,-0.4,-0.1,3.90
46040,DESCENT,568.65,568.38,-23.42,-0.41,88051.1,21.31,-0.216,-0.914,-0.187,-0.1,-0.8,-0.1,3.90
46050,DESCENT,567.87,568.13,-23.43,-0.02,88059.5,21.31,-0.226,-0.951,-0.204,0.1,-0.1,-0.5,3.90
46060,DESCENT,568.00,567.90,-23.43,0.14,88058.1,21.31,-0.199,-0.972,-0.211,0.0,-0.9,0.4,3.90
46070,DESCENT,567.99,567.68,-23.42,-0.18,88058.3,21.31,-0.216,-0.938,-0.192,0.1,-0.0,0.1,3.90
46080,DESCENT,567.13,567.43,-23.43,-0.54,88067.4,21.31,-0.194,-0.901,-0.205,0.3,-0.8,-0.3,3.90
46090,DESCENT,567.13,567.20,-23.44,-0.24,88067.4,21.31,-0.255,-0.914,-0.228,0.1,-0.2,-0.1,3.90
46100,DESCENT,566.77,566.96,-23.45,-0.26,88071.3,21.31,-0.219,-0.931,-0.181,0.1,0.2,-0.0,3.90
46110,DESCENT,566.36,566.71,-23.47,-0.09,88075.6,21.32,-0.234,-0.939,-0.216,-0.2,-0.3,0.1,3.90
46120,DESCENT,566.21,566.47,-23.48,0.15,88077.3,21.32,-0.247,-0.966,-0.197,-0.5,-0.3,0.0,3.90
46130,DESCENT,566.56,566.25,-23.46,-0.03,88073.5,21.32,-0.216,-0.955,-0.185,-0.0,-0.3,-0.1,3.90
46140,DESCENT,566.14,566.01,-23.46,-0.14,88078.0,21.32,-0.214,-0.936,-0.218,0.1,-0.1,-0.4,3.90
46150,DESCENT,565.90,565.78,-23.46,-0.55,88080.6,21.32,-0.199,-0.898,-0.210,0.1,0.1,-0.1,3.90
46160,DESCENT,565.58,565.55,-23.46,-0.56,88084.1,21.32,-0.233,-0.891,-0.203,0.3,-0.3,0.1,3.90
46170,DESCENT,565.70,565.33,-23.45,-0.34,88082.7,21.33,-0.250,-0.916,-0.178,-0.3,-0.4,0.0,3.90
46180,DESCENT,565.04,565.09,-23.46,-0.41,88089.8,21.33,-0.252,-0.911,-0.160,0.2,-0.3,-0.6,3.90
46190,DESCENT,564.91,564.86,-23.45,0.26,88091.2,21.33,-0.192,-0.986,-0.214,0.1,-0.7,-0.1,3.90
46200,DESCENT,564.44,564.62,-23.46,-0.14,88096.2,21.33,-0.211,-0.938,-0.218,0.2,-0.7,0.0,3.90
46210,DESCENT,563.96,564.37,-23.48,-0.01,88101.4,21.33,-0.223,-0.943,-0.243,-0.2,-0.6,-0.1,3.90
46220,DESCENT,564.23,564.14,-23.48,-0.58,88098.5,21.33,-0.191,-0.899,-0.203,0.1,-0.1,-0.9,3.90
46230,DESCENT,564.35,563.92,-23.47,-0.36,88097.3,21.33,-0.224,-0.922,-0.169,-0.1,-0.3,-0.2,3.90
46240,DESCENT,563.58,563.68,-23.47,-0.16,88105.6,21.34,-0.193,-0.944,-0.196,0.0,-0.6,-0.1,3.90
46250,DESCENT,563.58,563.45,-23.47,-0.31,88105.5,21.34,-0.206,-0.930,-0.177,-0.1,-0.4,-0.4,3.90
46260,DESCENT,563.37,563.22,-23.47,-0.41,88107.8,21.34,-0.205,-0.923,-0.155,0.2,-0.2,-0.2,3.90
46270,DESCENT,562.88,562.98,-23.47,-0.10,88113.0,21.34,-0.215,-0.944,-0.206,0.1,0.2,0.0,3.90
46280,DESCENT,562.75,562.75,-23.48,-0.51,88114.4,21.34,-0.233,-0.901,-0.177,0.1,-0.0,-0.0,3.90
46290,DESCENT,562.47,562.51,-23.48,-0.42,88117.4,21.34,-0.235,-0.904,-0.211,-0.0,-0.5,-0.3,3.90
46300,DESCENT,561.96,562.27,-23.50,-0.27,88122.8,21.35,-0.217,-0.920,-0.228,0.2,-0.3,-0.2,3.90
46310,DESCENT,561.94,562.03,-23.50,-0.12,88123.1,21.35,-0.235,-0.936,-0.214,-0.1,-0.2,0.3,3.90
46320,DESCENT,561.65,561.79,-23.51,0.01,88126.2,21.35,-0.256,-0.945,-0.209,-0.3,-0.6,0.1,3.90
46330,DESCENT,561.55,561.55,-23.51,-0.09,88127.3,21.35,-0.255,-0.939,-0.189,0.6,-0.6,-0.1,3.90
46340,DESCENT,561.64,561.33,-23.50,-0.33,88126.4,21.35,-0.251,-0.925,-0.121,0.2,0.0,-0.1,3.90
46350,DESCENT,561.09,561.09,-23.50,-0.45,88132.2,21.35,-0.229,-0.906,-0.192,0.3,-0.4,0.2,3.90
46360,DESCENT,560.78,560.86,-23.51,-0.49,88135.5,21.35,-0.193,-0.915,-0.169,-0.3,0.1,-0.4,3.90
46370,DESCENT,560.84,560.63,-23.51,-0.05,88134.9,21.36,-0.218,-0.944,-0.229,0.4,-0.1,0.2,3.90
46380,DESCENT,560.71,560.40,-23.49,-0.34,88136.3,21.36,-0.206,-0.923,-0.193,0.3,-0.2,0.3,3.90
46390,DESCENT,560.49,560.18,-23.48,-0.22,88138.6,21.36,-0.223,-0.932,-0.195,-0.4,-0.2,-0.2,3.90
46400,DESCENT,560.04,559.94,-23.48,-0.53,88143.5,21.36,-0.219,-0.899,-0.199,0.3,-0.4,-0.2,3.90
46410,DESCENT,559.88,559.71,-23.48,-0.17,88145.2,21.36,-0.266,-0.935,-0.149,-0.2,-0.3,-0.0,3.90
46420,DESCENT,559.38,559.48,-23.49,-0.26,88150.6,21.36,-0.222,-0.933,-0.163,-0.2,0.0,0.1,3.90
46430,DESCENT,559.09,559.24,-23.50,-0.31,88153.7,21.36,-0.227,-0.915,-0.220,-0.1,-0.7,-0.3,3.90
46440,DESCENT,558.65,558.99,-23.51,-0.45,88158.4,21.37,-0.214,-0.911,-0.183,0.1,-0.3,-0.1,3.90
46450,DESCENT,558.69,558.75,-23.52,-0.35,88158.0,21.37,-0.239,-0.911,-0.208,0.1,-0.0,-0.1,3.90
46460,DESCENT,559.06,558.53,-23.50,-0.22,88154.0,21.37,-0.230,-0.926,-0.214,-0.2,-0.8,-0.2,3.90
46470,DESCENT,558.13,558.29,-23.51,-0.15,88163.9,21.37,-0.221,-0.939,-0.202,0.0,-0.2,-0.6,3.90
46480,DESCENT,558.30,558.07,-23.50,-0.07,88162.2,21.37,-0.215,-0.948,-0.202,0.4,-0.5,0.2,3.90
46490,DESCENT,558.06,557.84,-23.49,-0.40,88164.7,21.37,-0.212,-0.915,-0.193,0.2,-0.3,-0.3,3.90
46500,DESCENT,557.75,557.61,-23.49,-0.20,88168.0,21.38,-0.233,-0.931,-0.200,0.1,-0.2,-0.3,3.90
46510,DESCENT,557.70,557.38,-23.48,-0.09,88168.6,21.38,-0.203,-0.958,-0.152,0.2,-0.4,0.2,3.90
46520,DESCENT,557.00,557.14,-23.49,-0.42,88176.1,21.38,-0.205,-0.914,-0.195,-0.5,-0.3,-0.4,3.90
46530,DESCENT,556.84,556.91,-23.49,-0.25,88177.8,21.38,-0.206,-0.936,-0.180,0.0,-0.3,-0.2,3.90
46540,DESCENT,556.65,556.67,-23.50,-0.25,88179.9,21.38,-0.252,-0.921,-0.194,0.9,0.1,-0.1,3.90
46550,DESCENT,556.37,556.43,-23.50,-0.20,88182.8,21.38,-0.251,-0.924,-0.209,-0.1,-0.2,0.3,3.90
46560,DESCENT,556.33,556.20,-23.50,-0.56,88183.3,21.38,-0.194,-0.909,-0.155,0.3,-0.2,-0.2,3.90
46570,DESCENT,556.06,555.97,-23.50,-0.21,88186.2,21.39,-0.240,-0.936,-0.159,-0.2,0.1,0.2,3.90
46580,DESCENT,555.71,555.73,-23.50,-0.28,88189.9,21.39,-0.221,-0.932,-0.161,0.0,-0.2,-0.4,3.90
46590,DESCENT,555.55,555.50,-23.51,-0.35,88191.7,21.39,-0.229,-0.914,-0.204,-0.1,-0.2,0.2,3.90
46600,DESCENT,555.61,555.28,-23.49,-0.27,88191.0,21.39,-0.223,-0.926,-0.197,-0.1,-0.4,-0.3,3.90
46610,DESCENT,555.20,555.04,-23.49,0.21,88195.4,21.39,-0.211,-0.978,-0.209,0.2,0.0,-0.5,3.90
46620,DESCENT,555.10,554.82,-23.48,-0.48,88196.5,21.39,-0.235,-0.907,-0.162,0.1,-0.2,-0.0,3.90
46630,DESCENT,554.52,554.58,-23.48,-0.06,88202.7,21.40,-0.204,-0.965,-0.124,0.2,-0.1,0.7,3.90
46640,DESCENT,554.18,554.34,-23.49,-0.25,88206.4,21.40,-0.235,-0.923,-0.209,-0.2,-0.3,-0.1,3.90
46650,DESCENT,554.06,554.11,-23.50,-0.21,88207.7,21.40,-0.266,-0.916,-0.218,0.2,0.0,-0.2,3.90
46660,DESCENT,553.21,553.85,-23.52,-0.16,88216.8,21.40,-0.207,-0.935,-0.224,0.5,-0.1,0.1,3.90
46670,DESCENT,553.35,553.61,-23.54,-0.55,88215.3,21.40,-0.231,-0.899,-0.166,0.3,-0.1,-0.2,3.90
46680,DESCENT,553.35,553.37,-23.54,-0.23,88215.3,21.40,-0.200,-0.938,-0.186,-0.2,-0.4,-0.3,3.90
46690,DESCENT,553.22,553.14,-23.54,-0.14,88216.7,21.40,-0.238,-0.927,-0.235,0.0,-0.0,-0.0,3.90
46700,DESCENT,552.78,552.90,-23.55,-0.47,88221.5,21.41,-0.257,-0.900,-0.175,0.1,-0.8,-0.6,3.90
46710,DESCENT,552.45,552.66,-23.56,-0.01,88225.0,21.41,-0.224,-0.953,-0.203,-0.2,0.3,-0.0,3.90
46720,DESCENT,552.44,552.42,-23.56,-0.46,88225.0,21.41,-0.239,-0.901,-0.194,-0.4,0.1,-0.0,3.90
46730,DESCENT,552.44,552.20,-23.55,-0.01,88225.1,21.41,-0.217,-0.955,-0.201,0.1,-0.2,-0.3,3.90
46740,DESCENT,552.30,551.97,-23.54,-0.47,88226.6,21.41,-0.220,-0.911,-0.164,0.6,-0.5,-0.7,3.90
46750,DESCENT,552.02,551.74,-23.54,-0.17,88229.6,21.41,-0.238,-0.928,-0.218,0.4,-0.8,-0.5,3.90
46760,DESCENT,551.65,551.51,-23.53,-0.14,88233.6,21.41,-0.253,-0.938,-0.167,-0.1,-0.4,0.3,3.90
46770,DESCENT,551.53,551.28,-23.52,0.00,88234.9,21.42,-0.231,-0.951,-0.208,-0.2,-0.1,-0.2,3.90
46780,DESCENT,551.03,551.05,-23.52,-0.37,88240.2,21.42,-0.206,-0.922,-0.181,-0.3,-0.0,-0.1,3.90
46790,DESCENT,550.81,550.81,-23.53,-0.41,88242.6,21.42,-0.213,-0.917,-0.177,-0.1,0.1,-0.3,3.90
46800,DESCENT,550.46,550.57,-23.54,-0.51,88246.3,21.42,-0.223,-0.907,-0.164,-0.3,0.1,-0.5,3.90
46810,DESCENT,550.13,550.33,-23.55,-0.05,88249.9,21.42,-0.203,-0.957,-0.183,0.1,-0.3,-0.3,3.90
46820,DESCENT,549.75,550.09,-23.56,-0.20,88254.0,21.42,-0.225,-0.941,-0.154,-0.1,-0.0,-0.4,3.90
46830,DESCENT,550.21,549.86,-23.55,-0.01,88249.0,21.43,-0.225,-0.953,-0.197,0.3,-0.6,-0.2,3.90
46840,DESCENT,550.27,549.64,-23.52,0.07,88248.4,21.43,-0.216,-0.957,-0.229,-0.1,-0.0,0.2,3.90
46850,DESCENT,549.88,549.42,-23.51,-0.10,88252.5,21.43,-0.194,-0.958,-0.157,0.2,-0.2,-0.1,3.90
46860,DESCENT,548.93,549.18,-23.52,0.08,88262.8,21.43,-0.222,-0.964,-0.197,-0.1,-0.5,0.1,3.90
46870,DESCENT,549.02,548.95,-23.51,-0.39,88261.9,21.43,-0.217,-0.915,-0.193,-0.3,-0.1,0.1,3.90
46880,DESCENT,549.06,548.72,-23.50,-0.09,88261.4,21.43,-0.206,-0.943,-0.225,0.3,-0.1,-0.3,3.90
46890,DESCENT,548.18,548.48,-23.52,-0.11,88270.8,21.43,-0.206,-0.947,-0.194,-0.3,0.2,0.0,3.90
46900,DESCENT,548.41,548.25,-23.51,0.03,88268.3,21.44,-0.217,-0.961,-0.187,0.4,-0.4,-0.3,3.90
46910,DESCENT,548.03,548.01,-23.51,-0.13,88272.5,21.44,-0.232,-0.943,-0.174,0.6,-0.1,-0.2,3.90
46920,DESCENT,547.91,547.78,-23.51,-0.01,88273.8,21.44,-0.231,-0.956,-0.179,-0.1,-0.1,-0.6,3.90
46930,DESCENT,547.34,547.54,-23.51,0.06,88279.8,21.44,-0.235,-0.961,-0.179,0.4,-0.3,-0.1,3.90
46940,DESCENT,547.55,547.31,-23.51,-0.38,88277.6,21.44,-0.216,-0.919,-0.178,0.6,-0.0,-0.4,3.90
46950,DESCENT,547.16,547.08,-23.50,-0.24,88281.8,21.44,-0.212,-0.937,-0.168,0.1,-0.8,0.1,3.90
46960,DESCENT,546.90,546.85,-23.50,-0.13,88284.5,21.45,-0.208,-0.947,-0.179,0.1,0.2,0.3,3.90
46970,DESCENT,546.70,546.61,-23.50,-0.23,88286.8,21.45,-0.221,-0.929,-0.204,-0.1,-0.3,-0.4,3.90
46980,DESCENT,547.04,546.40,-23.48,-0.53,88283.1,21.45,-0.239,-0.902,-0.158,-0.4,0.4,-0.3,3.90
46990,DESCENT,546.36,546.17,-23.47,-0.02,88290.4,21.45,-0.227,-0.955,-0.184,-0.2,-0.2,-0.0,3.90
47000,DESCENT,546.28,545.94,-23.46,-0.17,88291.2,21.45,-0.225,-0.945,-0.152,0.8,-0.3,-0.1,3.90
47010,DESCENT,545.27,545.70,-23.48,-0.12,88302.1,21.45,-0.206,-0.947,-0.192,0.2,-0.5,-0.2,3.90
47020,DESCENT,545.68,545.47,-23.47,-0.36,88297.7,21.45,-0.206,-0.919,-0.204,0.4,-0.1,-0.1,3.90
47030,DESCENT,545.06,545.23,-23.49,-0.54,88304.3,21.46,-0.196,-0.904,-0.192,0.6,0.4,0.2,3.90
47040,DESCENT,545.22,545.00,-23.48,-0.05,88302.7,21.46,-0.216,-0.952,-0.197,0.0,-0.5,0.0,3.90
47050,DESCENT,545.48,544.78,-23.45,-0.45,88299.9,21.46,-0.212,-0.918,-0.149,0.5,-0.5,0.3,3.90
47060,DESCENT,544.66,544.55,-23.45,-0.53,88308.6,21.46,-0.198,-0.896,-0.231,0.1,-0.0,-0.5,3.90
47070,DESCENT,544.59,544.33,-23.45,-0.08,88309.4,21.46,-0.239,-0.948,-0.172,0.2,0.1,-0.2,3.90
47080,DESCENT,544.32,544.10,-23.44,-0.32,88312.3,21.46,-0.247,-0.914,-0.201,0.3,-0.1,-0.6,3.90
47090,DESCENT,543.33,543.85,-23.46,-0.02,88322.9,21.46,-0.223,-0.965,-0.120,0.5,-0.5,-0.1,3.90
47100,DESCENT,543.81,543.62,-23.45,-0.10,88317.8,21.47,-0.250,-0.941,-0.173,0.2,-0.0,0.1,3.90
47110,DESCENT,543.17,543.38,-23.46,-0.01,88324.7,21.47,-0.213,-0.956,-0.197,0.1,-0.2,-0.4,3.90
47120,DESCENT,542.92,543.14,-23.47,-0.31,88327.3,21.47,-0.237,-0.922,-0.178,-0.1,-0.2,0.4,3.90
47130,DESCENT,543.00,542.91,-23.47,-0.14,88326.5,21.47,-0.211,-0.933,-0.238,0.2,0.1,-0.3,3.90
47140,DESCENT,542.71,542.67,-23.47,-0.27,88329.6,21.47,-0.179,-0.939,-0.175,-0.3,-0.1,0.1,3.90
47150,DESCENT,542.19,542.43,-23.48,-0.01,88335.2,21.47,-0.215,-0.956,-0.197,0.3,-0.1,-0.0,3.90
47160,DESCENT,542.61,542.21,-23.47,-0.06,88330.7,21.48,-0.198,-0.951,-0.206,-0.2,-0.1,-0.1,3.90
47170,DESCENT,542.40,541.98,-23.45,-0.18,88333.0,21.48,-0.212,-0.937,-0.201,0.2,-0.2,-0.5,3.90
47180,DESCENT,541.98,541.76,-23.44,-0.17,88337.4,21.48,-0.204,-0.943,-0.189,0.0,-0.5,-0.3,3.90
47190,DESCENT,541.54,541.52,-23.44,0.19,88342.2,21.48,-0.259,-0.970,-0.177,0.1,0.3,-0.1,3.90
47200,DESCENT,541.34,541.29,-23.44,-0.34,88344.4,21.48,-0.191,-0.927,-0.187,0.0,-0.1,-0.8,3.90
47210,DESCENT,540.99,541.05,-23.45,-0.26,88348.1,21.48,-0.250,-0.923,-0.186,0.1,-0.2,-0.1,3.90
47220,DESCENT,540.52,540.81,-23.46,0.11,88353.1,21.48,-0.246,-0.964,-0.185,0.0,-0.1,-0.7,3.90
47230,DESCENT,540.73,540.58,-23.46,-0.63,88350.9,21.49,-0.204,-0.892,-0.190,-0.2,-0.4,-0.7,3.90
47240,DESCENT,540.03,540.34,-23.47,-0.11,88358.4,21.49,-0.200,-0.952,-0.182,0.1,-0.1,0.0,3.90
47250,DESCENT,540.50,540.11,-23.46,-0.11,88353.4,21.49,-0.257,-0.944,-0.143,0.2,0.1,-0.1,3.90
47260,DESCENT,539.63,539.87,-23.47,-0.17,88362.8,21.49,-0.230,-0.931,-0.214,-0.2,-0.3,-0.7,3.90
47270,DESCENT,539.54,539.63,-23.48,-0.24,88363.7,21.49,-0.277,-0.920,-0.168,-0.3,-0.7,-0.2,3.90
47280,DESCENT,539.23,539.39,-23.48,0.12,88367.0,21.49,-0.191,-0.977,-0.187,-0.3,-0.3,-0.6,3.90
47290,DESCENT,539.52,539.17,-23.47,-0.72,88363.9,21.49,-0.221,-0.883,-0.170,-0.0,-0.7,-0.5,3.90
47300,DESCENT,539.12,538.94,-23.47,-0.34,88368.2,21.50,-0.211,-0.925,-0.180,-0.1,-0.0,0.1,3.90
47310,DESCENT,538.87,538.71,-23.47,-0.22,88370.9,21.50,-0.193,-0.949,-0.136,0.4,-0.5,-0.3,3.90
47320,DESCENT,538.69,538.48,-23.46,-0.31,88372.8,21.50,-0.218,-0.913,-0.238,0.1,-0.9,-0.5,3.90
47330,DESCENT,538.06,538.24,-23.47,0.02,88379.7,21.50,-0.255,-0.947,-0.205,0.4,-0.1,-0.6,3.90
47340,DESCENT,537.90,538.00,-23.47,-0.11,88381.3,21.50,-0.242,-0.941,-0.180,-0.3,0.3,-0.9,3.90
47350,DESCENT,537.53,537.76,-23.49,-0.32,88385.4,21.50,-0.253,-0.915,-0.188,-0.1,-0.2,-0.3,3.90
47360,DESCENT,537.61,537.53,-23.48,-0.14,88384.5,21.51,-0.216,-0.946,-0.179,-0.1,-0.3,-0.0,3.90
47370,DESCENT,537.47,537.30,-23.48,-0.14,88386.0,21.51,-0.245,-0.936,-0.187,-0.0,-0.1,-0.4,3.90
47380,DESCENT,536.89,537.06,-23.49,-0.02,88392.2,21.51,-0.232,-0.945,-0.220,0.0,-0.4,-0.6,3.90
47390,DESCENT,537.32,536.84,-23.47,-0.43,88387.6,21.51,-0.215,-0.910,-0.195,0.1,-0.8,-0.1,3.90
47400,DESCENT,536.46,536.60,-23.48,-0.20,88396.8,21.51,-0.237,-0.930,-0.193,-0.1,0.2,-0.4,3.90
47410,DESCENT,536.28,536.36,-23.48,-0.36,88398.8,21.51,-0.243,-0.915,-0.175,0.3,-0.8,-0.2,3.90
47420,DESCENT,536.17,536.13,-23.49,-0.08,88400.0,21.51,-0.218,-0.951,-0.181,0.0,-0.3,-0.6,3.90
47430,DESCENT,536.19,535.90,-23.48,-0.40,88399.7,21.52,-0.207,-0.920,-0.170,0.5,-0.3,-0.3,3.90
47440,DESCENT,536.21,535.68,-23.46,-0.29,88399.5,21.52,-0.238,-0.915,-0.218,0.1,-0.2,-0.5,3.90
47450,DESCENT,535.27,535.44,-23.47,-0.22,88409.6,21.52,-0.216,-0.941,-0.153,-0.3,-0.2,-0.1,3.90
47460,DESCENT,535.59,535.22,-23.45,0.22,88406.2,21.52,-0.207,-0.980,-0.209,-0.2,-0.1,-0.7,3.90
47470,DESCENT,534.88,534.98,-23.46,-0.18,88413.8,21.52,-0.219,-0.936,-0.197,0.5,-0.1,-0.7,3.90
47480,DESCENT,534.79,534.75,-23.45,0.00,88414.8,21.52,-0.270,-0.941,-0.206,-0.1,0.1,-0.2,3.90
47490,DESCENT,534.36,534.51,-23.46,-0.33,88419.5,21.53,-0.223,-0.924,-0.173,0.4,-0.1,0.2,3.90
47500,DESCENT,534.21,534.27,-23.47,-0.40,88421.1,21.53,-0.218,-0.911,-0.207,-0.2,-0.0,-0.3,3.90
47510,DESCENT,534.13,534.04,-23.47,-0.47,88421.9,21.53,-0.219,-0.908,-0.185,0.0,-0.7,0.0,3.90
47520,DESCENT,533.83,533.81,-23.47,-0.11,88425.1,21.53,-0.205,-0.948,-0.191,-0.2,-0.7,0.3,3.90
47530,DESCENT,533.60,533.57,-23.47,-0.29,88427.6,21.53,-0.232,-0.914,-0.225,0.4,-0.1,-0.5,3.90
47540,DESCENT,533.69,533.35,-23.46,-0.01,88426.6,21.53,-0.252,-0.945,-0.203,0.1,-0.1,-0.2,3.90
47550,DESCENT,533.26,533.12,-23.45,0.23,88431.3,21.53,-0.215,-0.980,-0.204,-0.3,-0.2,0.1,3.90
47560,DESCENT,533.37,532.90,-23.43,-0.11,88430.1,21.54,-0.227,-0.942,-0.195,-0.2,-0.4,0.1,3.90
47570,DESCENT,532.73,532.66,-23.43,-0.15,88437.0,21.54,-0.235,-0.939,-0.178,0.3,-0.8,-0.4,3.90
47580,DESCENT,532.61,532.44,-23.43,-0.08,88438.2,21.54,-0.243,-0.943,-0.185,0.1,-0.4,-0.1,3.90
47590,DESCENT,531.97,532.20,-23.43,0.04,88445.1,21.54,-0.226,-0.955,-0.216,-0.0,-0.5,0.0,3.90
47600,DESCENT,532.08,531.96,-23.43,-0.13,88444.0,21.54,-0.230,-0.935,-0.210,0.1,-0.3,-0.0,3.90
47610,DESCENT,531.45,531.72,-23.44,-0.21,88450.7,21.54,-0.190,-0.941,-0.189,-0.3,0.2,-0.2,3.90
47620,DESCENT,532.03,531.50,-23.42,-0.10,88444.5,21.54,-0.229,-0.942,-0.200,-0.2,-0.1,-0.3,3.90
47630,DESCENT,531.58,531.28,-23.41,-0.44,88449.3,21.55,-0.242,-0.909,-0.165,0.3,-0.4,-0.4,3.90
47640,DESCENT,531.13,531.05,-23.41,-0.47,88454.1,21.55,-0.194,-0.915,-0.181,-0.2,-0.1,-0.6,3.90
47650,DESCENT,530.94,530.82,-23.41,-0.45,88456.2,21.55,-0.202,-0.922,-0.143,0.5,-0.4,0.1,3.90
47660,DESCENT,530.50,530.58,-23.42,-0.06,88461.0,21.55,-0.224,-0.950,-0.186,0.1,0.2,-0.6,3.90
47670,DESCENT,530.64,530.35,-23.41,-0.25,88459.4,21.55,-0.213,-0.930,-0.198,0.2,0.3,-0.4,3.90
47680,DESCENT,530.04,530.12,-23.42,-0.34,88465.9,21.55,-0.214,-0.929,-0.149,-0.0,-0.6,-0.4,3.90
47690,DESCENT,530.02,529.89,-23.41,-0.48,88466.1,21.56,-0.198,-0.905,-0.211,0.4,-0.9,-0.2,3.90
47700,DESCENT,529.69,529.65,-23.42,-0.52,88469.7,21.56,-0.193,-0.911,-0.173,-0.3,-0.7,-0.3,3.90
47710,DESCENT,529.63,529.42,-23.41,-0.04,88470.3,21.56,-0.237,-0.945,-0.210,0.1,0.2,-0.4,3.90
47720,DESCENT,529.24,529.19,-23.41,0.10,88474.5,21.56,-0.230,-0.962,-0.204,0.1,-0.2,-0.2,3.90
47730,DESCENT,528.86,528.96,-23.41,0.16,88478.6,21.56,-0.231,-0.973,-0.182,0.6,-0.3,-0.6,3.90
47740,DESCENT,528.71,528.72,-23.41,0.01,88480.2,21.56,-0.248,-0.948,-0.204,0.1,-0.1,0.2,3.90
47750,DESCENT,528.20,528.48,-23.42,0.09,88485.7,21.56,-0.237,-0.964,-0.183,0.4,-0.3,-0.2,3.90
47760,DESCENT,528.18,528.24,-23.42,-0.19,88485.9,21.57,-0.238,-0.938,-0.158,0.6,-0.2,0.6,3.90
47770,DESCENT,528.20,528.01,-23.42,-0.03,88485.7,21.57,-0.218,-0.955,-0.184,-0.2,-0.2,-0.5,3.90
47780,DESCENT,527.61,527.78,-23.43,-0.04,88492.0,21.57,-0.219,-0.955,-0.176,-0.1,-0.1,0.4,3.90
47790,DESCENT,527.87,527.55,-23.41,-0.20,88489.2,21.57,-0.204,-0.932,-0.225,0.2,0.2,-0.1,3.90
47800,DESCENT,527.29,527.32,-23.42,-0.21,88495.5,21.57,-0.228,-0.927,-0.215,0.5,-0.4,-0.3,3.90
47810,DESCENT,526.91,527.08,-23.43,-0.33,88499.6,21.57,-0.216,-0.917,-0.218,0.5,-0.4,-0.3,3.90
47820,DESCENT,526.79,526.84,-23.43,-0.11,88500.9,21.58,-0.222,-0.940,-0.212,0.3,-0.8,-0.1,3.90
47830,DESCENT,526.31,526.60,-23.44,0.02,88506.0,21.58,-0.222,-0.949,-0.232,-0.1,-0.9,-0.6,3.90
47840,DESCENT,526.06,526.36,-23.45,0.19,88508.8,21.58,-0.221,-0.973,-0.209,-0.1,-0.4,-0.5,3.90
47850,DESCENT,526.14,526.12,-23.45,-0.04,88507.8,21.58,-0.208,-0.950,-0.212,0.2,-0.7,-0.2,3.90
47860,DESCENT,526.26,525.90,-23.44,-0.25,88506.7,21.58,-0.226,-0.935,-0.157,-0.1,-0.4,0.1,3.90
47870,DESCENT,525.90,525.67,-23.43,-0.02,88510.5,21.58,-0.228,-0.946,-0.222,-0.0,-0.6,-0.1,3.90
47880,DESCENT,524.98,525.42,-23.45,-0.46,88520.4,21.58,-0.195,-0.914,-0.185,0.3,0.2,-0.8,3.90
47890,DESCENT,525.02,525.18,-23.46,-0.05,88520.0,21.59,-0.195,-0.960,-0.180,0.2,-0.4,0.2,3.90
47900,DESCENT,524.76,524.94,-23.47,-0.37,88522.7,21.59,-0.206,-0.916,-0.209,-0.1,0.2,0.2,3.90
47910,DESCENT,524.51,524.70,-23.48,-0.30,88525.5,21.59,-0.204,-0.934,-0.161,0.0,-0.6,-0.0,3.90
47920,DESCENT,524.41,524.47,-23.49,-0.16,88526.6,21.59,-0.218,-0.945,-0.168,0.1,-0.6,0.1,3.90
47930,DESCENT,524.38,524.24,-23.48,-0.13,88526.9,21.59,-0.266,-0.936,-0.167,-0.0,-0.1,-0.2,3.90
47940,DESCENT,523.80,524.00,-23.49,-0.55,88533.1,21.59,-0.236,-0.896,-0.181,0.3,-0.2,-0.4,3.90
47950,DESCENT,524.11,523.77,-23.48,-0.30,88529.8,21.59,-0.237,-0.921,-0.192,-0.2,-0.2,0.2,3.90
47960,DESCENT,523.90,523.55,-23.47,-0.03,88532.0,21.60,-0.234,-0.952,-0.182,0.2,-0.7,0.1,3.90
47970,DESCENT,523.43,523.31,-23.47,-0.20,88537.1,21.60,-0.232,-0.921,-0.237,0.5,-0.1,0.0,3.90
47980,DESCENT,523.35,523.09,-23.46,-0.32,88537.9,21.60,-0.226,-0.922,-0.185,0.8,0.6,-0.4,3.90
47990,DESCENT,522.57,522.84,-23.47,-0.26,88546.3,21.60,-0.209,-0.929,-0.203,-0.1,-0.4,-0.2,3.90
48000,DESCENT,522.88,522.62,-23.46,0.11,88543.0,21.60,-0.227,-0.970,-0.176,-0.4,-0.1,0.0,3.90
48010,DESCENT,522.65,522.39,-23.45,-0.13,88545.5,21.60,-0.232,-0.937,-0.205,0.6,-0.3,0.2,3.90
48020,DESCENT,522.28,522.16,-23.45,-0.10,88549.5,21.61,-0.243,-0.943,-0.174,0.2,-0.3,-0.6,3.90
48030,DESCENT,521.84,521.92,-23.45,-0.01,88554.1,21.61,-0.202,-0.960,-0.187,-0.1,-0.2,-0.3,3.90
48040,DESCENT,521.57,521.68,-23.46,-0.31,88557.1,21.61,-0.220,-0.927,-0.173,0.5,-0.4,0.2,3.90
48050,DESCENT,521.51,521.45,-23.46,-0.09,88557.8,21.61,-0.232,-0.946,-0.182,-0.3,-0.4,-0.1,3.90
48060,DESCENT,520.88,521.21,-23.47,-0.12,88564.6,21.61,-0.274,-0.925,-0.210,-0.2,-1.1,-0.1,3.90
48070,DESCENT,521.29,520.98,-23.46,-0.29,88560.1,21.61,-0.166,-0.939,-0.179,-0.3,-0.3,-0.2,3.90
48080,DESCENT,521.39,520.77,-23.44,-0.09,88559.0,21.61,-0.241,-0.946,-0.169,-0.1,0.1,-0.6,3.90
48090,DESCENT,520.61,520.53,-23.44,-0.38,88567.4,21.62,-0.230,-0.907,-0.220,0.1,-0.4,-0.8,3.90
48100,DESCENT,519.97,520.29,-23.46,-0.66,88574.4,21.62,-0.208,-0.891,-0.177,0.1,-0.4,0.4,3.90
48110,DESCENT,520.54,520.07,-23.44,-0.27,88568.2,21.62,-0.200,-0.930,-0.207,-0.4,-0.4,-0.4,3.90
48120,DESCENT,519.98,519.84,-23.44,-0.48,88574.2,21.62,-0.247,-0.905,-0.158,0.3,-0.4,-0.1,3.90
48130,DESCENT,519.60,519.60,-23.44,-0.18,88578.3,21.62,-0.223,-0.940,-0.176,-0.3,-0.3,-0.1,3.90
48140,DESCENT,519.58,519.37,-23.43,0.00,88578.5,21.62,-0.246,-0.949,-0.200,0.0,-0.6,0.3,3.90
48150,DESCENT,518.66,519.13,-23.45,-0.16,88588.4,21.63,-0.238,-0.932,-0.203,0.1,0.3,0.1,3.90
48160,DESCENT,518.94,518.89,-23.45,-0.11,88585.4,21.63,-0.224,-0.938,-0.221,0.1,0.0,-0.5,3.90
48170,DESCENT,518.88,518.67,-23.45,-0.05,88586.1,21.63,-0.252,-0.941,-0.201,-0.7,-0.2,-0.3,3.90
48180,DESCENT,518.37,518.43,-23.45,-0.14,88591.6,21.63,-0.243,-0.937,-0.189,-0.2,-0.1,-0.7,3.90
48190,DESCENT,518.68,518.21,-23.43,-0.31,88588.2,21.63,-0.190,-0.928,-0.204,0.3,-0.2,-0.6,3.90
48200,DESCENT,518.21,517.98,-23.43,-0.24,88593.3,21.63,-0.218,-0.928,-0.205,0.1,-0.6,0.1,3.90
48210,DESCENT,518.11,517.76,-23.41,-0.45,88594.4,21.63,-0.208,-0.916,-0.164,0.3,-0.5,-0.7,3.90
48220,DESCENT,517.76,517.53,-23.41,-0.20,88598.2,21.64,-0.211,-0.943,-0.162,0.2,-0.7,-0.1,3.90
48230,DESCENT,517.14,517.29,-23.41,0.09,88604.8,21.64,-0.247,-0.956,-0.207,0.3,-0.0,-0.1,3.90
48240,DESCENT,517.23,517.06,-23.41,-0.62,88603.9,21.64,-0.229,-0.889,-0.180,0.5,0.0,-0.3,3.90
48250,DESCENT,516.91,516.83,-23.41,-0.74,88607.3,21.64,-0.185,-0.888,-0.175,-0.4,-0.4,-0.3,3.90
48260,DESCENT,516.71,516.60,-23.41,0.10,88609.4,21.64,-0.220,-0.970,-0.182,0.4,-0.3,0.2,3.90
48270,DESCENT,516.27,516.36,-23.42,-0.23,88614.2,21.64,-0.218,-0.937,-0.166,0.1,0.1,0.1,3.90
48280,DESCENT,516.16,516.13,-23.42,-0.22,88615.4,21.64,-0.180,-0.943,-0.182,-0.1,-0.7,-0.0,3.90
48290,DESCENT,516.00,515.90,-23.42,0.01,88617.1,21.65,-0.207,-0.962,-0.189,0.1,-0.7,-0.7,3.90
48300,DESCENT,515.70,515.66,-23.41,-0.21,88620.4,21.65,-0.247,-0.927,-0.195,-0.1,-0.2,-0.4,3.90
48310,DESCENT,515.41,515.43,-23.42,-0.37,88623.5,21.65,-0.202,-0.915,-0.219,-0.0,-0.3,0.1,3.90
48320,DESCENT,515.10,515.19,-23.42,-0.09,88626.9,21.65,-0.241,-0.943,-0.187,-0.0,0.2,0.1,3.90
48330,DESCENT,515.00,514.96,-23.42,-0.20,88627.9,21.65,-0.200,-0.943,-0.177,-0.2,-0.1,0.3,3.90
48340,DESCENT,514.98,514.73,-23.42,-0.47,88628.1,21.65,-0.228,-0.912,-0.151,-0.8,-0.8,-0.4,3.90
48350,DESCENT,514.48,514.50,-23.42,-0.13,88633.5,21.66,-0.213,-0.945,-0.191,-0.7,-0.1,-0.1,3.90
48360,DESCENT,514.17,514.26,-23.43,0.10,88636.9,21.66,-0.183,-0.977,-0.184,-0.1,-0.3,-0.2,3.90
48370,DESCENT,514.18,514.03,-23.42,0.08,88636.7,21.66,-0.215,-0.965,-0.198,0.1,-0.1,-0.2,3.90
48380,DESCENT,513.79,513.80,-23.42,-0.01,88641.0,21.66,-0.239,-0.952,-0.184,0.2,-0.7,-0.4,3.90
48390,DESCENT,513.16,513.55,-23.44,-0.16,88647.8,21.66,-0.273,-0.928,-0.183,0.3,-0.2,-0.0,3.90
48400,DESCENT,513.41,513.32,-23.43,-0.03,88645.0,21.66,-0.224,-0.945,-0.226,0.2,0.2,-0.3,3.90
48410,DESCENT,513.22,513.09,-23.43,-0.26,88647.1,21.66,-0.231,-0.924,-0.198,0.1,-0.4,-0.7,3.90
48420,DESCENT,512.83,512.85,-23.43,-0.21,88651.3,21.67,-0.236,-0.927,-0.207,0.1,-0.5,-0.4,3.90
48430,DESCENT,512.68,512.62,-23.43,-0.24,88652.9,21.67,-0.201,-0.934,-0.198,0.0,0.1,-0.2,3.90
48440,DESCENT,512.80,512.40,-23.42,-0.11,88651.7,21.67,-0.198,-0.952,-0.180,-0.2,-0.5,0.2,3.90
48450,DESCENT,512.43,512.17,-23.41,-0.61,88655.6,21.67,-0.222,-0.893,-0.182,0.4,0.0,-0.6,3.90
48460,DESCENT,512.14,511.94,-23.41,-0.21,88658.8,21.67,-0.225,-0.939,-0.165,-0.1,-0.5,0.1,3.90
48470,DESCENT,511.67,511.71,-23.41,-0.17,88663.8,21.67,-0.227,-0.934,-0.204,0.5,-0.3,-0.5,3.90
48480,DESCENT,511.57,511.48,-23.41,-0.53,88664.9,21.67,-0.180,-0.907,-0.196,-0.1,-0.5,0.2,3.90
48490,DESCENT,511.35,511.25,-23.41,-0.24,88667.3,21.68,-0.222,-0.933,-0.182,0.2,-0.4,0.1,3.90
48500,DESCENT,510.84,511.01,-23.42,-0.01,88672.8,21.68,-0.258,-0.944,-0.206,0.1,-0.0,-0.1,3.90
48510,DESCENT,511.15,510.78,-23.40,-0.22,88669.5,21.68,-0.246,-0.925,-0.195,-0.2,-0.4,-0.1,3.90
48520,DESCENT,510.56,510.55,-23.41,-0.41,88675.8,21.68,-0.223,-0.910,-0.197,0.5,-0.1,0.1,3.90
48530,DESCENT,510.27,510.31,-23.41,-0.20,88678.9,21.68,-0.261,-0.922,-0.206,-0.4,-0.6,-0.1,3.90
48540,DESCENT,510.71,510.10,-23.39,-0.29,88674.1,21.68,-0.240,-0.924,-0.170,-0.1,-0.1,-0.1,3.90
48550,DESCENT,510.19,509.87,-23.38,-0.21,88679.8,21.69,-0.226,-0.929,-0.212,0.3,-0.5,0.2,3.90
48560,DESCENT,509.31,509.63,-23.39,-0.13,88689.2,21.69,-0.200,-0.946,-0.200,-0.3,-0.2,-0.4,3.90
48570,DESCENT,509.27,509.39,-23.40,-0.13,88689.7,21.69,-0.259,-0.941,-0.148,0.7,-0.3,0.1,3.90
48580,DESCENT,509.40,509.17,-23.39,-0.03,88688.2,21.69,-0.213,-0.951,-0.209,-0.3,-0.5,-0.0,3.90
48590,DESCENT,508.55,508.92,-23.41,-0.19,88697.5,21.69,-0.229,-0.934,-0.188,0.6,0.0,-0.2,3.90
48600,DESCENT,509.21,508.70,-23.39,-0.39,88690.3,21.69,-0.288,-0.899,-0.175,0.6,-1.0,-0.3,3.90
48610,DESCENT,508.31,508.46,-23.40,-0.02,88700.0,21.69,-0.252,-0.945,-0.201,-0.3,-0.5,-0.5,3.90
48620,DESCENT,508.42,508.23,-23.39,-0.30,88698.8,21.70,-0.206,-0.923,-0.208,-0.3,-0.1,0.1,3.90
48630,DESCENT,508.33,508.01,-23.38,-0.18,88699.8,21.70,-0.218,-0.933,-0.217,0.3,-0.2,0.1,3.90
48640,DESCENT,507.73,507.77,-23.38,-0.22,88706.3,21.70,-0.240,-0.922,-0.216,0.3,-0.0,-0.2,3.90
48650,DESCENT,507.22,507.53,-23.40,-0.25,88711.7,21.70,-0.210,-0.930,-0.198,0.1,-0.0,-0.1,3.90
48660,DESCENT,507.26,507.30,-23.40,0.05,88711.3,21.70,-0.230,-0.953,-0.222,0.0,-0.2,-1.0,3.90
48670,DESCENT,507.64,507.08,-23.38,-0.02,88707.2,21.70,-0.183,-0.958,-0.213,-0.0,-0.3,-0.5,3.90
48680,DESCENT,507.20,506.86,-23.36,-0.45,88712.0,21.71,-0.228,-0.912,-0.162,-0.1,-0.2,-0.6,3.90
48690,DESCENT,506.26,506.61,-23.38,-0.41,88722.1,21.71,-0.233,-0.905,-0.213,-0.1,-0.1,-0.2,3.90
48700,DESCENT,506.72,506.39,-23.37,-0.29,88717.1,21.71,-0.189,-0.932,-0.192,0.4,-0.6,-0.3,3.90
48710,DESCENT,506.11,506.15,-23.38,-0.34,88723.7,21.71,-0.177,-0.939,-0.140,-0.0,-0.1,-0.2,3.90
48720,DESCENT,505.81,505.92,-23.38,-0.29,88727.0,21.71,-0.197,-0.929,-0.201,0.2,-0.4,-0.2,3.90
48730,DESCENT,505.98,505.69,-23.37,-0.01,88725.2,21.71,-0.263,-0.950,-0.167,0.3,0.2,-0.4,3.90
48740,DESCENT,505.76,505.47,-23.36,-0.18,88727.5,21.71,-0.235,-0.936,-0.181,-0.1,-0.2,-0.3,3.90
48750,DESCENT,504.91,505.22,-23.38,-0.01,88736.8,21.72,-0.222,-0.959,-0.172,0.4,-0.0,-0.0,3.90
48760,DESCENT,504.96,504.99,-23.38,-0.05,88736.2,21.72,-0.239,-0.948,-0.184,0.4,-0.3,-0.9,3.90
48770,DESCENT,504.95,504.76,-23.37,-0.70,88736.3,21.72,-0.200,-0.894,-0.149,-0.3,-0.5,-0.6,3.90
48780,DESCENT,504.90,504.54,-23.36,-0.35,88736.8,21.72,-0.202,-0.925,-0.186,0.2,0.1,-0.5,3.90
48790,DESCENT,504.60,504.31,-23.36,-0.16,88740.1,21.72,-0.218,-0.934,-0.216,0.1,-0.3,-0.6,3.90
48800,DESCENT,504.08,504.08,-23.36,-0.15,88745.7,21.72,-0.224,-0.939,-0.194,0.2,-0.5,-0.2,3.90
48810,DESCENT,504.19,503.85,-23.34,-0.17,88744.5,21.72,-0.251,-0.926,-0.211,0.8,-0.2,-0.6,3.90
48820,DESCENT,503.90,503.63,-23.34,-0.18,88747.6,21.73,-0.224,-0.934,-0.204,0.2,-0.3,-0.4,3.90
48830,DESCENT,503.43,503.40,-23.34,-0.14,88752.7,21.73,-0.223,-0.936,-0.214,0.1,-0.1,-0.4,3.90
48840,DESCENT,503.29,503.17,-23.33,-0.08,88754.1,21.73,-0.260,-0.935,-0.206,-0.2,-0.6,-0.4,3.90
48850,DESCENT,502.72,502.93,-23.34,-0.09,88760.3,21.73,-0.221,-0.949,-0.179,0.5,-0.1,0.0,3.90
48860,DESCENT,502.86,502.70,-23.34,-0.26,88758.9,21.73,-0.234,-0.928,-0.177,-0.2,-0.0,-0.1,3.90
48870,DESCENT,502.49,502.47,-23.34,-0.19,88762.8,21.73,-0.250,-0.935,-0.158,0.4,-0.0,-0.5,3.90
48880,DESCENT,502.51,502.24,-23.33,-0.40,88762.6,21.74,-0.187,-0.923,-0.181,-0.3,-0.1,-0.7,3.90
48890,DESCENT,502.20,502.01,-23.32,-0.23,88766.0,21.74,-0.214,-0.932,-0.201,-0.1,-0.2,-0.2,3.90
48900,DESCENT,501.96,501.78,-23.32,-0.27,88768.6,21.74,-0.232,-0.928,-0.172,0.1,-1.0,-0.4,3.90
48910,DESCENT,501.74,501.56,-23.31,-0.33,88770.9,21.74,-0.214,-0.918,-0.214,-0.1,-0.5,-0.3,3.90
48920,DESCENT,501.25,501.32,-23.32,-0.23,88776.2,21.74,-0.203,-0.934,-0.201,0.6,0.0,-0.4,3.90
48930,DESCENT,501.03,501.09,-23.33,-0.24,88778.6,21.74,-0.226,-0.926,-0.206,-0.1,-0.6,0.1,3.90
48940,DESCENT,500.81,500.85,-23.33,-0.39,88780.9,21.74,-0.199,-0.928,-0.144,-0.0,-0.2,-0.2,3.90
48950,DESCENT,501.11,500.63,-23.31,-0.21,88777.7,21.75,-0.221,-0.937,-0.178,0.1,-0.5,-0.4,3.90
48960,DESCENT,500.65,500.41,-23.30,0.07,88782.6,21.75,-0.247,-0.961,-0.174,0.6,-0.5,-0.4,3.90
48970,DESCENT,500.74,500.19,-23.28,-0.27,88781.7,21.75,-0.201,-0.938,-0.157,0.2,0.2,0.2,3.90
48980,DESCENT,499.67,499.95,-23.29,0.01,88793.2,21.75,-0.231,-0.953,-0.207,-0.1,-0.2,-0.0,3.90
48990,DESCENT,499.58,499.71,-23.30,-0.02,88794.2,21.75,-0.200,-0.956,-0.206,-0.2,-0.1,-0.6,3.90
49000,DESCENT,499.39,499.48,-23.30,-0.16,88796.2,21.75,-0.216,-0.949,-0.138,0.4,-0.3,-0.1,3.90
49010,DESCENT,499.39,499.25,-23.30,0.06,88796.3,21.76,-0.208,-0.966,-0.192,0.5,-0.1,-0.2,3.90
49020,DESCENT,499.41,499.03,-23.28,-0.17,88796.0,21.76,-0.224,-0.933,-0.211,0.2,-0.4,-0.4,3.90
49030,DESCENT,498.38,498.78,-23.30,-0.17,88807.1,21.76,-0.237,-0.939,-0.171,0.1,0.1,-0.5,3.90
49040,DESCENT,498.42,498.54,-23.31,0.22,88806.8,21.76,-0.250,-0.969,-0.210,0.1,0.1,-0.4,3.90
49050,DESCENT,498.20,498.31,-23.31,-0.07,88809.1,21.76,-0.221,-0.947,-0.199,0.7,-0.4,-0.4,3.90
49060,DESCENT,497.81,498.07,-23.32,-0.24,88813.3,21.76,-0.212,-0.934,-0.183,0.2,-0.3,-0.4,3.90
49070,DESCENT,498.02,497.84,-23.32,-0.23,88811.1,21.76,-0.249,-0.924,-0.195,0.2,-0.2,-0.2,3.90
49080,DESCENT,497.38,497.60,-23.33,-0.29,88818.0,21.77,-0.171,-0.932,-0.208,0.3,-0.6,-0.3,3.90
49090,DESCENT,497.06,497.36,-23.34,-0.17,88821.4,21.77,-0.230,-0.936,-0.192,0.4,-0.3,-0.1,3.90
49100,DESCENT,497.35,497.13,-23.34,-0.14,88818.4,21.77,-0.214,-0.944,-0.184,0.8,-0.1,-0.2,3.90
49110,DESCENT,496.93,496.90,-23.34,-0.20,88822.8,21.77,-0.224,-0.940,-0.163,-0.6,-0.3,-0.1,3.90
49120,DESCENT,496.37,496.66,-23.35,-0.03,88828.9,21.77,-0.196,-0.959,-0.195,-0.2,-0.2,-0.2,3.90
49130,DESCENT,496.57,496.43,-23.34,-0.07,88826.7,21.77,-0.222,-0.946,-0.205,0.4,-0.4,-0.1,3.90
49140,DESCENT,496.25,496.20,-23.34,-0.10,88830.2,21.77,-0.209,-0.948,-0.194,0.3,-0.4,-0.8,3.90
49150,DESCENT,496.22,495.97,-23.33,-0.42,88830.5,21.78,-0.247,-0.897,-0.226,0.2,-0.8,-0.2,3.90
49160,DESCENT,495.45,495.73,-23.35,-0.16,88838.9,21.78,-0.246,-0.939,-0.162,0.1,-0.5,0.2,3.90
49170,DESCENT,495.47,495.49,-23.35,-0.17,88838.7,21.78,-0.224,-0.940,-0.177,0.4,-0.3,0.0,3.90
49180,DESCENT,494.74,495.25,-23.38,-0.34,88846.5,21.78,-0.188,-0.929,-0.183,0.3,-0.6,-0.8,3.90
49190,DESCENT,495.33,495.02,-23.37,-0.30,88840.1,21.78,-0.280,-0.912,-0.170,-0.2,-0.6,0.1,3.90
49200,DESCENT,495.00,494.79,-23.36,-0.39,88843.7,21.78,-0.212,-0.914,-0.207,0.1,-0.3,-0.6,3.90
49210,DESCENT,494.36,494.55,-23.37,-0.22,88850.6,21.79,-0.222,-0.936,-0.176,0.0,-0.6,-0.2,3.90
49220,DESCENT,494.23,494.32,-23.38,-0.24,88852.0,21.79,-0.231,-0.926,-0.203,-0.2,-0.7,0.3,3.90
49230,DESCENT,494.53,494.10,-23.36,-0.66,88848.8,21.79,-0.199,-0.896,-0.166,-0.2,0.1,-0.4,3.90
49240,DESCENT,493.88,493.86,-23.37,-0.36,88855.8,21.79,-0.185,-0.935,-0.141,0.5,-0.9,-0.1,3.90
49250,DESCENT,493.87,493.64,-23.36,-0.10,88855.9,21.79,-0.235,-0.941,-0.201,-0.1,-0.4,-0.2,3.90
49260,DESCENT,493.43,493.40,-23.36,-0.20,88860.6,21.79,-0.226,-0.930,-0.209,0.5,-0.3,-0.5,3.90
49270,DESCENT,492.96,493.16,-23.37,-0.05,88865.7,21.79,-0.195,-0.954,-0.207,-0.1,-0.7,-0.4,3.90
49280,DESCENT,492.98,492.93,-23.37,-0.05,88865.5,21.80,-0.228,-0.947,-0.203,0.9,-0.6,0.1,3.90
49290,DESCENT,492.48,492.69,-23.38,-0.15,88871.0,21.80,-0.244,-0.939,-0.170,0.1,0.4,0.2,3.90
49300,DESCENT,492.06,492.45,-23.40,0.04,88875.5,21.80,-0.250,-0.951,-0.199,0.5,-1.0,-0.1,3.90
49310,DESCENT,492.26,492.21,-23.39,0.02,88873.2,21.80,-0.237,-0.960,-0.161,-0.3,-0.1,-0.1,3.90
49320,DESCENT,492.38,491.99,-23.38,-0.40,88872.0,21.80,-0.239,-0.910,-0.182,-0.1,-0.4,-0.6,3.90
49330,DESCENT,492.16,491.77,-23.37,-0.50,88874.4,21.80,-0.173,-0.912,-0.197,0.2,-0.3,-0.2,3.90
49340,DESCENT,491.78,491.54,-23.36,-0.11,88878.5,21.80,-0.201,-0.951,-0.185,-0.1,-0.6,-0.3,3.90
49350,DESCENT,491.31,491.31,-23.36,-0.14,88883.5,21.81,-0.224,-0.945,-0.166,0.3,-0.8,-0.3,3.90
49360,DESCENT,491.03,491.07,-23.37,-0.05,88886.5,21.81,-0.255,-0.947,-0.170,0.4,-0.3,-0.1,3.90
49370,DESCENT,490.57,490.83,-23.38,0.04,88891.6,21.81,-0.252,-0.955,-0.184,0.3,0.2,-0.2,3.90
49380,DESCENT,490.81,490.60,-23.37,-0.23,88889.0,21.81,-0.212,-0.937,-0.173,0.2,-0.6,0.3,3.90
49390,DESCENT,490.53,490.38,-23.37,-0.60,88892.0,21.81,-0.179,-0.905,-0.170,0.4,-0.5,-0.1,3.90
49400,DESCENT,490.07,490.14,-23.37,0.06,88897.0,21.81,-0.220,-0.959,-0.210,0.3,-0.4,0.1,3.90
49410,DESCENT,490.00,489.91,-23.37,-0.14,88897.7,21.82,-0.249,-0.938,-0.171,0.4,-0.7,0.2,3.90
49420,DESCENT,489.70,489.68,-23.37,-0.17,88900.9,21.82,-0.238,-0.930,-0.210,0.6,-0.4,0.2,3.90
49430,DESCENT,489.51,489.44,-23.37,0.01,88903.0,21.82,-0.267,-0.943,-0.205,-0.5,-0.2,0.0,3.90
49440,DESCENT,489.54,489.22,-23.36,-0.19,88902.7,21.82,-0.211,-0.943,-0.166,0.3,-0.6,-0.3,3.90
49450,DESCENT,489.15,488.99,-23.35,-0.02,88906.8,21.82,-0.237,-0.948,-0.206,0.4,0.2,0.1,3.90
49460,DESCENT,488.70,488.76,-23.35,-0.12,88911.8,21.82,-0.252,-0.936,-0.192,0.6,0.2,-0.2,3.90
49470,DESCENT,488.73,488.53,-23.34,0.26,88911.4,21.82,-0.221,-0.984,-0.189,-0.1,0.1,-0.2,3.90
49480,DESCENT,488.10,488.29,-23.35,-0.05,88918.2,21.83,-0.219,-0.949,-0.200,0.2,-0.2,-0.3,3.90
49490,DESCENT,488.04,488.05,-23.35,-0.40,88918.9,21.83,-0.205,-0.923,-0.161,0.2,-0.6,-0.2,3.90
49500,DESCENT,487.93,487.82,-23.35,-0.17,88920.1,21.83,-0.244,-0.937,-0.168,-0.2,-0.6,-0.5,3.90
49510,DESCENT,487.52,487.59,-23.36,-0.15,88924.5,21.83,-0.213,-0.945,-0.177,-0.5,-0.5,-0.3,3.90
49520,DESCENT,487.32,487.35,-23.36,-0.54,88926.7,21.83,-0.227,-0.889,-0.224,-0.8,-0.1,0.1,3.90
49530,DESCENT,486.95,487.12,-23.37,-0.37,88930.7,21.83,-0.231,-0.914,-0.190,-0.3,-0.9,-0.1,3.90
49540,DESCENT,486.79,486.88,-23.38,-0.04,88932.4,21.84,-0.226,-0.947,-0.211,0.4,-0.1,-0.7,3.90
49550,DESCENT,486.28,486.63,-23.40,-0.34,88937.9,21.84,-0.236,-0.917,-0.189,-0.1,-0.2,-0.0,3.90
49560,DESCENT,486.43,486.40,-23.40,-0.24,88936.3,21.84,-0.242,-0.923,-0.205,0.2,-0.9,-0.1,3.90
49570,DESCENT,486.06,486.16,-23.40,-0.21,88940.3,21.84,-0.222,-0.939,-0.166,0.1,-0.5,-0.2,3.90
49580,DESCENT,485.89,485.93,-23.41,-0.14,88942.1,21.84,-0.225,-0.938,-0.200,-0.6,-0.2,-0.2,3.90
49590,DESCENT,485.71,485.70,-23.41,0.24,88944.0,21.84,-0.243,-0.978,-0.187,0.2,-0.4,0.0,3.90
49600,DESCENT,485.73,485.47,-23.39,0.02,88943.8,21.84,-0.253,-0.949,-0.198,0.1,-0.3,-0.6,3.90
49610,DESCENT,485.37,485.24,-23.39,-0.12,88947.8,21.85,-0.233,-0.936,-0.212,0.1,-0.4,-0.1,3.90
49620,DESCENT,485.11,485.01,-23.38,0.07,88950.6,21.85,-0.261,-0.960,-0.162,-0.6,-0.9,-0.1,3.90
49630,DESCENT,484.54,484.77,-23.39,-0.23,88956.7,21.85,-0.247,-0.929,-0.171,-0.2,-0.1,-0.3,3.90
49640,DESCENT,484.58,484.54,-23.40,-0.35,88956.2,21.85,-0.204,-0.919,-0.210,-0.2,-0.8,-0.0,3.90
49650,DESCENT,484.51,484.31,-23.39,-0.26,88957.0,21.85,-0.229,-0.928,-0.187,0.6,0.1,-0.6,3.90
49660,DESCENT,483.74,484.06,-23.41,-0.16,88965.3,21.85,-0.199,-0.942,-0.204,0.1,-0.1,-0.2,3.90
49670,DESCENT,483.77,483.83,-23.41,-0.33,88965.0,21.85,-0.251,-0.909,-0.211,-0.3,-0.5,-0.3,3.90
49680,DESCENT,483.58,483.59,-23.42,-0.55,88967.1,21.86,-0.235,-0.895,-0.189,0.0,-0.6,-0.4,3.90
49690,DESCENT,483.56,483.37,-23.41,0.02,88967.4,21.86,-0.235,-0.956,-0.191,0.0,0.0,-0.5,3.90
49700,DESCENT,483.30,483.14,-23.40,0.06,88970.1,21.86,-0.232,-0.961,-0.187,0.2,-0.1,-0.4,3.90
49710,DESCENT,482.59,482.89,-23.42,-0.32,88977.8,21.86,-0.226,-0.927,-0.163,-0.0,-0.1,0.2,3.90
49720,DESCENT,482.77,482.66,-23.42,-0.40,88975.9,21.86,-0.205,-0.916,-0.195,0.1,-0.2,-0.4,3.90
49730,DESCENT,482.85,482.44,-23.40,-0.13,88975.0,21.86,-0.220,-0.938,-0.216,0.1,0.3,-0.3,3.90
49740,DESCENT,482.34,482.21,-23.40,-0.36,88980.5,21.87,-0.257,-0.913,-0.166,-0.0,-0.4,-0.0,3.90
49750,DESCENT,482.31,481.98,-23.39,0.13,88980.8,21.87,-0.243,-0.966,-0.190,0.0,-0.3,-0.1,3.90
49760,DESCENT,481.80,481.75,-23.38,0.16,88986.4,21.87,-0.225,-0.973,-0.189,0.1,-0.2,-0.3,3.90
49770,DESCENT,481.81,481.53,-23.37,-0.20,88986.2,21.87,-0.229,-0.936,-0.173,0.1,0.1,-0.3,3.90
49780,DESCENT,481.19,481.29,-23.38,0.01,88992.9,21.87,-0.201,-0.959,-0.209,-0.1,-0.0,-0.2,3.90
49790,DESCENT,480.90,481.05,-23.39,-0.38,88996.1,21.87,-0.206,-0.911,-0.223,-0.1,-0.5,-0.1,3.90
49800,DESCENT,480.79,480.82,-23.39,-0.33,88997.3,21.87,-0.207,-0.915,-0.228,0.1,-0.5,-0.6,3.90
49810,DESCENT,480.44,480.58,-23.40,-0.09,89001.0,21.88,-0.209,-0.951,-0.182,-0.2,-0.6,0.1,3.90
49820,DESCENT,480.18,480.34,-23.41,-0.24,89003.8,21.88,-0.251,-0.918,-0.215,-0.0,-0.2,0.2,3.90
49830,DESCENT,480.05,480.10,-23.41,-0.10,89005.2,21.88,-0.198,-0.954,-0.179,0.4,-0.1,-0.3,3.90
49840,DESCENT,479.95,479.87,-23.41,-0.66,89006.4,21.88,-0.201,-0.892,-0.179,0.1,-0.6,0.3,3.90
49850,DESCENT,479.63,479.64,-23.41,-0.16,89009.8,21.88,-0.221,-0.944,-0.170,0.2,-0.6,-0.6,3.90
49860,DESCENT,479.41,479.40,-23.42,-0.25,89012.1,21.88,-0.223,-0.933,-0.175,0.6,-0.1,-0.5,3.90
49870,DESCENT,479.29,479.17,-23.41,-0.17,89013.5,21.88,-0.226,-0.934,-0.206,-0.2,-0.3,0.3,3.90
49880,DESCENT,478.82,478.94,-23.42,-0.28,89018.6,21.89,-0.209,-0.925,-0.209,-0.0,-0.4,0.0,3.90
49890,DESCENT,478.62,478.70,-23.43,-0.35,89020.7,21.89,-0.223,-0.922,-0.170,0.0,-0.4,0.2,3.90
49900,DESCENT,478.42,478.46,-23.43,-0.27,89022.9,21.89,-0.233,-0.927,-0.180,0.5,-0.6,-0.2,3.90
49910,DESCENT,478.68,478.24,-23.42,-0.17,89020.1,21.89,-0.244,-0.933,-0.189,-0.5,-0.2,-0.1,3.90
49920,DESCENT,478.07,478.01,-23.41,-0.09,89026.7,21.89,-0.192,-0.955,-0.179,0.1,-0.5,-0.2,3.90
49930,DESCENT,478.24,477.79,-23.40,-0.39,89024.9,21.89,-0.216,-0.916,-0.188,0.4,-0.5,-0.0,3.90
49940,DESCENT,477.72,477.56,-23.39,-0.13,89030.5,21.90,-0.244,-0.936,-0.197,0.2,-0.5,-0.3,3.90
49950,DESCENT,477.43,477.33,-23.39,-0.35,89033.6,21.90,-0.271,-0.902,-0.206,0.2,-0.1,-0.5,3.90
49960,DESCENT,477.10,477.09,-23.40,-0.18,89037.2,21.90,-0.198,-0.945,-0.182,0.3,-0.1,-0.2,3.90
49970,DESCENT,476.58,476.85,-23.41,-0.19,89042.8,21.90,-0.193,-0.940,-0.206,0.4,-0.6,-0.2,3.90
49980,DESCENT,476.49,476.62,-23.41,-0.08,89043.7,21.90,-0.208,-0.943,-0.223,0.3,0.2,0.4,3.90
49990,DESCENT,476.59,476.39,-23.41,-0.00,89042.7,21.90,-0.214,-0.952,-0.219,0.2,-0.5,-0.5,3.90
50000,DESCENT,476.54,476.16,-23.39,-0.17,89043.3,21.90,-0.235,-0.932,-0.205,0.3,-0.8,-0.6,3.90
50010,DESCENT,476.77,475.95,-23.36,-0.32,89040.7,21.91,-0.221,-0.926,-0.172,-0.2,-0.5,-0.5,3.90
50020,DESCENT,475.88,475.72,-23.36,-0.18,89050.3,21.91,-0.230,-0.937,-0.181,0.1,-0.1,-0.2,3.90
50030,DESCENT,475.67,475.50,-23.35,-0.48,89052.7,21.91,-0.213,-0.906,-0.192,-0.3,-0.2,-0.0,3.90
50040,DESCENT,475.32,475.26,-23.35,-0.37,89056.4,21.91,-0.246,-0.908,-0.204,0.1,-0.5,-0.1,3.90
50050,DESCENT,475.06,475.03,-23.36,-0.08,89059.3,21.91,-0.242,-0.946,-0.174,-0.1,-1.0,-0.4,3.90
50060,DESCENT,474.93,474.80,-23.35,-0.48,89060.7,21.91,-0.215,-0.911,-0.169,0.2,-0.2,-0.2,3.90
50070,DESCENT,474.94,474.58,-23.34,0.07,89060.5,21.92,-0.242,-0.957,-0.201,0.5,0.1,0.2,3.90
50080,DESCENT,474.75,474.36,-23.32,0.15,89062.6,21.92,-0.277,-0.960,-0.182,-0.3,-0.3,-0.1,3.90
50090,DESCENT,474.03,474.12,-23.33,-0.13,89070.4,21.92,-0.213,-0.943,-0.195,0.2,0.3,-0.6,3.90
50100,DESCENT,473.83,473.89,-23.33,0.22,89072.6,21.92,-0.250,-0.968,-0.216,0.6,-0.7,0.5,3.90
50110,DESCENT,473.17,473.64,-23.35,-0.44,89079.7,21.92,-0.188,-0.917,-0.189,0.1,0.1,-0.3,3.90
50120,DESCENT,473.30,473.40,-23.36,-0.29,89078.3,21.92,-0.235,-0.925,-0.176,-0.2,0.2,-0.4,3.90
50130,DESCENT,473.05,473.17,-23.36,-0.21,89081.0,21.92,-0.212,-0.939,-0.176,0.1,-0.2,0.1,3.90
50140,DESCENT,472.75,472.93,-23.37,-0.20,89084.3,21.93,-0.182,-0.947,-0.174,0.3,0.0,-0.2,3.90
50150,DESCENT,472.74,472.69,-23.37,0.22,89084.4,21.93,-0.221,-0.978,-0.203,-0.1,-0.4,0.1,3.90
50160,DESCENT,472.40,472.46,-23.37,-0.12,89088.1,21.93,-0.261,-0.935,-0.180,-0.2,-0.9,-0.4,3.90
50170,DESCENT,472.47,472.23,-23.36,0.20,89087.3,21.93,-0.201,-0.978,-0.213,0.6,0.0,0.1,3.90
50180,DESCENT,472.25,472.01,-23.35,-0.15,89089.6,21.93,-0.195,-0.953,-0.150,0.0,-0.8,-0.3,3.90
50190,DESCENT,471.75,471.77,-23.36,-0.33,89095.1,21.93,-0.265,-0.912,-0.178,0.2,-0.6,-0.1,3.90
50200,DESCENT,471.65,471.54,-23.35,-0.19,89096.2,21.93,-0.224,-0.943,-0.151,-0.5,0.1,0.0,3.90
50210,DESCENT,471.42,471.31,-23.35,0.15,89098.6,21.94,-0.260,-0.963,-0.192,0.5,-0.2,-0.2,3.90
50220,DESCENT,470.72,471.07,-23.36,-0.23,89106.3,21.94,-0.269,-0.918,-0.192,-0.2,-0.3,-0.4,3.90
50230,DESCENT,471.11,470.84,-23.36,-0.46,89102.0,21.94,-0.224,-0.912,-0.162,-0.0,-0.5,0.3,3.90
50240,DESCENT,470.53,470.61,-23.36,-0.43,89108.3,21.94,-0.225,-0.913,-0.174,0.4,-0.9,0.0,3.90
50250,DESCENT,470.50,470.38,-23.36,-0.26,89108.6,21.94,-0.220,-0.933,-0.172,0.4,-0.4,-0.6,3.90
50260,DESCENT,469.31,470.12,-23.40,-0.22,89121.5,21.94,-0.183,-0.942,-0.188,-0.2,-0.6,-0.2,3.90
50270,DESCENT,469.96,469.89,-23.40,-0.39,89114.4,21.95,-0.199,-0.922,-0.180,0.4,0.1,-0.6,3.90
50280,DESCENT,469.62,469.65,-23.40,0.15,89118.1,21.95,-0.234,-0.973,-0.172,0.2,-0.2,-0.1,3.90
50290,DESCENT,469.50,469.42,-23.40,-0.39,89119.5,21.95,-0.244,-0.898,-0.233,0.0,-0.5,-0.0,3.90
50300,DESCENT,469.33,469.19,-23.40,-0.02,89121.3,21.95,-0.204,-0.960,-0.186,-0.2,-0.4,-0.8,3.90
50310,DESCENT,469.31,468.97,-23.38,-0.03,89121.5,21.95,-0.207,-0.954,-0.203,-0.2,-0.7,-0.0,3.90
50320,DESCENT,468.90,468.74,-23.38,-0.15,89125.9,21.95,-0.209,-0.945,-0.178,0.2,-0.2,-0.2,3.90
50330,DESCENT,468.74,468.51,-23.36,0.35,89127.7,21.95,-0.250,-0.983,-0.211,0.7,-0.1,0.5,3.90
50340,DESCENT,468.07,468.27,-23.37,-0.59,89135.0,21.96,-0.216,-0.900,-0.159,0.2,-0.5,-0.3,3.90
50350,DESCENT,467.95,468.03,-23.38,0.04,89136.3,21.96,-0.243,-0.956,-0.192,-0.6,-0.0,0.0,3.90
50360,DESCENT,467.92,467.80,-23.38,-0.18,89136.5,21.96,-0.211,-0.939,-0.192,0.1,-0.1,-0.2,3.90
50370,DESCENT,467.82,467.58,-23.37,-0.13,89137.7,21.96,-0.261,-0.931,-0.195,0.3,-0.6,-0.1,3.90
50380,DESCENT,466.99,467.33,-23.38,0.13,89146.7,21.96,-0.201,-0.966,-0.228,-0.2,-0.5,0.2,3.90
50390,DESCENT,466.96,467.10,-23.39,-0.02,89146.9,21.96,-0.227,-0.950,-0.205,0.2,-0.1,0.3,3.90
50400,DESCENT,467.33,466.87,-23.37,-0.43,89143.0,21.96,-0.267,-0.892,-0.212,-0.3,-0.0,0.0,3.90
50410,DESCENT,466.41,466.63,-23.38,-0.28,89152.9,21.97,-0.221,-0.927,-0.190,0.1,-0.0,-0.2,3.90
50420,DESCENT,466.16,466.39,-23.40,-0.19,89155.6,21.97,-0.209,-0.940,-0.182,0.1,-0.2,-0.1,3.90
50430,DESCENT,466.33,466.16,-23.39,-0.03,89153.8,21.97,-0.205,-0.948,-0.230,0.3,-0.4,-0.5,3.90
50440,DESCENT,466.21,465.94,-23.38,-0.32,89155.1,21.97,-0.230,-0.918,-0.200,0.2,-0.1,0.1,3.90
50450,DESCENT,465.90,465.71,-23.38,-0.29,89158.4,21.97,-0.223,-0.924,-0.198,-0.1,-0.1,-0.1,3.90
50460,DESCENT,465.26,465.47,-23.39,-0.54,89165.4,21.97,-0.235,-0.895,-0.190,0.1,0.1,-0.4,3.90
50470,DESCENT,465.11,465.23,-23.40,-0.14,89166.9,21.98,-0.206,-0.944,-0.198,0.1,-0.4,-0.5,3.90
50480,DESCENT,464.80,464.99,-23.41,-0.24,89170.4,21.98,-0.220,-0.929,-0.199,0.1,-0.1,-0.1,3.90
50490,DESCENT,464.95,464.76,-23.40,-0.08,89168.7,21.98,-0.192,-0.946,-0.225,-0.4,-0.5,-0.3,3.90
50500,DESCENT,464.68,464.53,-23.40,0.16,89171.6,21.98,-0.211,-0.970,-0.215,0.4,-0.3,-0.7,3.90
50510,DESCENT,464.57,464.31,-23.38,-0.04,89172.8,21.98,-0.228,-0.946,-0.214,-0.6,-0.2,0.3,3.90
50520,DESCENT,464.22,464.08,-23.38,-0.13,89176.7,21.98,-0.238,-0.948,-0.134,-0.4,-0.4,-0.2,3.90
50530,DESCENT,464.10,463.85,-23.37,0.32,89177.9,21.98,-0.230,-0.989,-0.187,-0.1,0.5,-0.5,3.90
50540,DESCENT,463.47,463.61,-23.37,0.06,89184.7,21.99,-0.273,-0.944,-0.215,-0.3,-0.9,-0.3,3.90
50550,DESCENT,463.71,463.39,-23.36,-0.11,89182.1,21.99,-0.267,-0.932,-0.193,-0.2,-0.1,-0.1,3.90
50560,DESCENT,463.37,463.16,-23.35,-0.32,89185.8,21.99,-0.248,-0.916,-0.190,0.2,-0.1,-0.2,3.90
50570,DESCENT,462.66,462.92,-23.36,-0.06,89193.5,21.99,-0.242,-0.950,-0.168,-0.1,-0.5,0.5,3.90
50580,DESCENT,463.07,462.70,-23.35,-0.29,89189.0,21.99,-0.208,-0.929,-0.189,0.4,0.4,0.2,3.90
50590,DESCENT,462.40,462.46,-23.36,-0.05,89196.4,21.99,-0.228,-0.946,-0.206,-0.4,-0.1,-0.6,3.90
50600,DESCENT,462.45,462.24,-23.35,0.02,89195.8,21.99,-0.245,-0.950,-0.204,-0.0,-0.4,-0.2,3.90
50610,DESCENT,461.82,462.00,-23.35,0.17,89202.6,22.00,-0.245,-0.972,-0.177,-0.1,-0.2,-0.1,3.90
50620,DESCENT,461.98,461.77,-23.35,-0.40,89200.9,22.00,-0.225,-0.914,-0.184,-0.8,0.0,-0.2,3.90
50630,DESCENT,461.75,461.54,-23.34,-0.53,89203.4,22.00,-0.203,-0.900,-0.211,0.1,-0.3,-0.9,3.90
50640,DESCENT,460.93,461.30,-23.36,-0.08,89212.3,22.00,-0.246,-0.943,-0.188,0.2,-0.4,-0.0,3.90
50650,DESCENT,461.17,461.07,-23.36,-0.01,89209.7,22.00,-0.196,-0.963,-0.180,-0.1,0.2,-0.3,3.90
50660,DESCENT,460.93,460.84,-23.35,-0.32,89212.2,22.00,-0.211,-0.933,-0.142,0.1,0.4,-0.2,3.90
50670,DESCENT,460.98,460.61,-23.34,-0.35,89211.8,22.01,-0.244,-0.921,-0.148,0.0,-0.3,0.1,3.90
50680,DESCENT,460.55,460.38,-23.34,-0.44,89216.3,22.01,-0.184,-0.911,-0.222,-0.3,-0.2,0.3,3.90
50690,DESCENT,460.22,460.15,-23.34,-0.30,89220.0,22.01,-0.219,-0.927,-0.186,0.1,-0.1,-0.3,3.90
50700,DESCENT,459.60,459.91,-23.35,0.12,89226.7,22.01,-0.246,-0.962,-0.200,-0.2,-0.3,-0.1,3.90
50710,DESCENT,460.15,459.69,-23.34,-0.32,89220.7,22.01,-0.236,-0.920,-0.180,-0.1,-0.1,-0.5,3.90
50720,DESCENT,459.61,459.46,-23.33,-0.34,89226.6,22.01,-0.219,-0.924,-0.176,-0.1,-0.2,0.1,3.90
50730,DESCENT,459.76,459.24,-23.31,-0.26,89225.0,22.01,-0.192,-0.935,-0.191,-0.3,0.2,-0.6,3.90
50740,DESCENT,458.60,459.00,-23.33,-0.04,89237.6,22.02,-0.202,-0.954,-0.207,0.3,-0.3,-0.4,3.90
50750,DESCENT,458.85,458.77,-23.33,-0.22,89234.8,22.02,-0.265,-0.925,-0.170,0.2,-0.3,0.2,3.90
50760,DESCENT,458.74,458.54,-23.33,-0.30,89236.0,22.02,-0.191,-0.936,-0.167,0.3,-0.3,0.1,3.90
50770,DESCENT,458.40,458.31,-23.32,-0.19,89239.6,22.02,-0.215,-0.943,-0.163,0.0,-0.2,-0.3,3.90
50780,DESCENT,458.24,458.08,-23.32,-0.26,89241.4,22.02,-0.251,-0.922,-0.189,0.1,-0.2,-0.2,3.90
50790,DESCENT,458.00,457.85,-23.32,-0.36,89244.0,22.02,-0.202,-0.920,-0.202,0.2,-0.5,-0.2,3.90
50800,DESCENT,457.41,457.61,-23.33,-0.40,89250.4,22.03,-0.224,-0.920,-0.154,0.3,-0.5,-0.6,3.90
50810,DESCENT,457.25,457.38,-23.34,-0.15,89252.1,22.03,-0.221,-0.936,-0.211,0.3,0.2,0.3,3.90
50820,DESCENT,457.60,457.16,-23.32,-0.25,89248.4,22.03,-0.229,-0.937,-0.140,0.3,0.1,0.1,3.90
50830,DESCENT,457.21,456.93,-23.31,-0.48,89252.6,22.03,-0.258,-0.904,-0.143,0.2,0.1,-0.1,3.90
50840,DESCENT,456.16,456.68,-23.34,-0.11,89264.0,22.03,-0.190,-0.945,-0.220,-0.1,0.2,-0.3,3.90
50850,DESCENT,456.43,456.45,-23.34,-0.40,89261.0,22.03,-0.244,-0.914,-0.154,0.2,-0.7,-0.5,3.90
50860,DESCENT,456.23,456.21,-23.34,-0.25,89263.3,22.03,-0.228,-0.927,-0.196,0.4,0.1,-0.2,3.90
50870,DESCENT,456.10,455.98,-23.34,-0.29,89264.6,22.04,-0.213,-0.925,-0.202,0.1,-0.5,-0.4,3.90
50880,DESCENT,455.52,455.74,-23.35,-0.58,89270.9,22.04,-0.203,-0.896,-0.200,0.2,-0.5,-0.4,3.90
50890,DESCENT,455.51,455.51,-23.36,-0.30,89271.0,22.04,-0.196,-0.934,-0.172,-0.7,-0.1,-0.3,3.90
50900,DESCENT,455.20,455.28,-23.37,-0.46,89274.4,22.04,-0.237,-0.903,-0.195,-0.1,-0.2,-0.5,3.90
50910,DESCENT,454.88,455.04,-23.38,-0.09,89277.9,22.04,-0.224,-0.947,-0.186,0.5,0.0,-0.1,3.90
50920,DESCENT,454.95,454.81,-23.37,-0.11,89277.0,22.04,-0.240,-0.941,-0.185,-0.2,-0.2,-0.5,3.90
50930,DESCENT,454.35,454.57,-23.38,-0.28,89283.5,22.04,-0.222,-0.932,-0.159,0.6,-0.1,-0.3,3.90
50940,DESCENT,454.79,454.35,-23.37,-0.32,89278.8,22.05,-0.237,-0.923,-0.163,0.3,-0.2,-0.4,3.90
50950,DESCENT,454.50,454.12,-23.35,-0.24,89282.0,22.05,-0.233,-0.934,-0.163,-0.1,-0.3,-0.1,3.90
50960,DESCENT,453.93,453.89,-23.35,-0.14,89288.2,22.05,-0.239,-0.938,-0.186,-0.5,0.0,-0.1,3.90
50970,DESCENT,453.61,453.66,-23.36,-0.34,89291.7,22.05,-0.231,-0.919,-0.185,0.8,-0.2,0.3,3.90
50980,DESCENT,453.29,453.42,-23.37,-0.24,89295.0,22.05,-0.229,-0.933,-0.175,-0.4,-0.2,0.1,3.90
50990,DESCENT,453.26,453.19,-23.37,-0.39,89295.5,22.05,-0.199,-0.919,-0.194,0.3,-0.1,-0.2,3.90
51000,DESCENT,452.97,452.95,-23.37,-0.16,89298.6,22.06,-0.221,-0.938,-0.200,0.6,-0.5,0.2,3.90
51010,DESCENT,452.82,452.72,-23.37,-0.18,89300.2,22.06,-0.242,-0.934,-0.182,0.1,-0.1,-0.6,3.90
51020,DESCENT,452.35,452.49,-23.37,0.27,89305.2,22.06,-0.229,-0.987,-0.172,-0.0,-0.4,-0.1,3.90
51030,DESCENT,452.62,452.26,-23.36,-0.33,89302.4,22.06,-0.212,-0.924,-0.188,-0.4,-0.7,0.0,3.90
51040,DESCENT,452.09,452.03,-23.36,-0.24,89308.1,22.06,-0.212,-0.936,-0.178,0.3,-0.4,-0.5,3.90
51050,DESCENT,451.82,451.80,-23.36,-0.07,89311.1,22.06,-0.221,-0.948,-0.195,0.1,-0.3,-0.3,3.90
51060,DESCENT,451.26,451.56,-23.37,0.14,89317.1,22.06,-0.240,-0.966,-0.197,0.7,-0.2,-0.4,3.90
51070,DESCENT,451.65,451.33,-23.36,-0.09,89312.9,22.07,-0.220,-0.947,-0.189,0.7,0.3,-0.6,3.90
51080,DESCENT,450.86,451.09,-23.37,-0.08,89321.4,22.07,-0.246,-0.943,-0.186,0.2,-0.2,0.2,3.90
51090,DESCENT,450.71,450.85,-23.37,-0.20,89323.1,22.07,-0.221,-0.932,-0.208,-0.1,-0.0,-0.1,3.90
51100,DESCENT,450.74,450.62,-23.37,-0.21,89322.7,22.07,-0.210,-0.941,-0.169,-0.2,-0.3,-0.9,3.90
51110,DESCENT,450.46,450.39,-23.37,-0.37,89325.8,22.07,-0.242,-0.908,-0.206,-0.1,-0.2,0.5,3.90
51120,DESCENT,450.19,450.16,-23.37,-0.39,89328.7,22.07,-0.226,-0.916,-0.183,0.4,-0.2,-0.3,3.90
51130,DESCENT,450.11,449.93,-23.37,-0.21,89329.6,22.07,-0.246,-0.931,-0.178,0.1,-0.3,-0.2,3.90
51140,DESCENT,449.94,449.70,-23.36,0.10,89331.4,22.08,-0.214,-0.968,-0.198,-0.2,-0.4,-0.7,3.90
51150,DESCENT,449.32,449.46,-23.36,0.14,89338.1,22.08,-0.232,-0.971,-0.179,0.0,-0.3,-0.5,3.90
51160,DESCENT,449.48,449.24,-23.36,-0.33,89336.4,22.08,-0.225,-0.913,-0.221,-0.1,-0.5,0.1,3.90
51170,DESCENT,449.14,449.01,-23.35,-0.46,89340.0,22.08,-0.234,-0.897,-0.220,0.0,0.1,-0.4,3.90
51180,DESCENT,448.66,448.77,-23.36,-0.24,89345.3,22.08,-0.245,-0.927,-0.180,0.7,-0.2,0.0,3.90
51190,DESCENT,448.89,448.55,-23.35,-0.21,89342.8,22.08,-0.195,-0.925,-0.250,-0.1,0.1,-0.2,3.90
51200,DESCENT,448.63,448.32,-23.34,-0.20,89345.6,22.09,-0.181,-0.944,-0.187,-0.1,-0.1,-0.1,3.90
51210,DESCENT,448.24,448.09,-23.34,-0.22,89349.9,22.09,-0.194,-0.941,-0.178,0.1,-0.5,-0.6,3.90
51220,DESCENT,448.27,447.87,-23.32,-0.29,89349.6,22.09,-0.247,-0.916,-0.201,0.4,-0.7,-0.2,3.90
51230,DESCENT,447.81,447.64,-23.32,-0.28,89354.5,22.09,-0.260,-0.920,-0.174,-0.1,-0.7,-0.0,3.90
51240,DESCENT,447.81,447.42,-23.30,-0.26,89354.5,22.09,-0.231,-0.928,-0.183,0.4,0.1,-0.2,3.90
51250,DESCENT,447.37,447.19,-23.30,-0.21,89359.3,22.09,-0.252,-0.931,-0.168,0.1,0.1,-0.5,3.90
51260,DESCENT,446.88,446.96,-23.30,-0.12,89364.6,22.09,-0.223,-0.946,-0.179,-0.6,-0.4,0.3,3.90
51270,DESCENT,446.92,446.73,-23.30,-0.02,89364.1,22.10,-0.229,-0.945,-0.228,0.2,-0.5,0.1,3.90
51280,DESCENT,446.74,446.50,-23.29,-0.18,89366.1,22.10,-0.221,-0.940,-0.174,0.4,-0.6,0.2,3.90
51290,DESCENT,446.91,446.29,-23.26,-0.16,89364.3,22.10,-0.206,-0.940,-0.203,0.5,-0.2,0.2,3.90
51300,DESCENT,446.29,446.06,-23.26,-0.34,89371.1,22.10,-0.208,-0.925,-0.180,0.1,0.2,-0.3,3.90
51310,DESCENT,445.57,445.82,-23.27,0.16,89378.8,22.10,-0.249,-0.970,-0.177,0.4,-0.2,0.1,3.90
51320,DESCENT,445.61,445.59,-23.27,-0.03,89378.3,22.10,-0.227,-0.948,-0.208,0.2,-0.5,-0.1,3.90
51330,DESCENT,445.24,445.36,-23.27,-0.34,89382.4,22.11,-0.234,-0.909,-0.224,-0.0,0.3,-0.2,3.90
51340,DESCENT,445.09,445.12,-23.28,-0.12,89384.0,22.11,-0.272,-0.928,-0.200,-0.1,-0.5,-0.8,3.90
51350,DESCENT,444.98,444.89,-23.28,-0.56,89385.3,22.11,-0.265,-0.888,-0.172,-0.2,-0.1,-0.1,3.90
51360,DESCENT,444.47,444.65,-23.29,-0.20,89390.8,22.11,-0.230,-0.933,-0.191,0.1,-0.2,0.4,3.90
51370,DESCENT,444.41,444.42,-23.29,-0.36,89391.4,22.11,-0.248,-0.903,-0.222,0.3,-0.5,0.1,3.90
51380,DESCENT,444.15,444.19,-23.30,-0.08,89394.2,22.11,-0.250,-0.934,-0.226,0.3,-0.3,-0.1,3.90
51390,DESCENT,444.06,443.96,-23.29,-0.08,89395.2,22.11,-0.254,-0.936,-0.205,0.5,0.2,-0.2,3.90
51400,DESCENT,443.64,443.72,-23.30,-0.21,89399.7,22.12,-0.235,-0.932,-0.187,-0.0,-0.3,-0.1,3.90
51410,DESCENT,443.53,443.49,-23.30,-0.42,89401.0,22.12,-0.209,-0.918,-0.171,-0.4,0.1,-0.3,3.90
51420,DESCENT,443.57,443.27,-23.29,0.08,89400.5,22.12,-0.242,-0.961,-0.186,0.2,-0.0,-0.1,3.90
51430,DESCENT,443.28,443.04,-23.28,-0.14,89403.7,22.12,-0.252,-0.930,-0.206,0.2,-0.2,-0.1,3.90
51440,DESCENT,442.64,442.80,-23.29,-0.27,89410.6,22.12,-0.212,-0.928,-0.195,0.0,-0.2,-0.7,3.90
51450,DESCENT,442.17,442.56,-23.31,-0.33,89415.7,22.12,-0.266,-0.915,-0.156,0.0,-0.6,-0.4,3.90
51460,DESCENT,442.25,442.32,-23.31,-0.34,89414.9,22.12,-0.220,-0.916,-0.207,-0.1,-0.6,-0.3,3.90
51470,DESCENT,442.16,442.09,-23.31,0.10,89415.9,22.13,-0.204,-0.970,-0.195,0.1,-0.3,-0.3,3.90
51480,DESCENT,442.25,441.87,-23.30,-0.54,89414.8,22.13,-0.188,-0.910,-0.168,0.3,-0.0,-0.2,3.90
51490,DESCENT,442.11,441.65,-23.28,-0.16,89416.3,22.13,-0.204,-0.941,-0.205,0.0,-0.3,0.2,3.90
51500,DESCENT,441.72,441.43,-23.27,-0.34,89420.6,22.13,-0.248,-0.917,-0.173,0.2,-0.1,-0.5,3.90
51510,DESCENT,441.19,441.19,-23.27,-0.12,89426.4,22.13,-0.219,-0.944,-0.190,-0.0,-0.4,-0.1,3.90
51520,DESCENT,440.98,440.96,-23.27,-0.06,89428.6,22.13,-0.247,-0.946,-0.180,0.3,-0.2,0.0,3.90
51530,DESCENT,440.79,440.73,-23.27,-0.37,89430.7,22.14,-0.242,-0.914,-0.176,0.5,-0.3,0.1,3.90
51540,DESCENT,440.93,440.51,-23.26,-0.27,89429.2,22.14,-0.243,-0.922,-0.189,0.1,-0.3,-0.2,3.90
51550,DESCENT,440.01,440.27,-23.27,-0.07,89439.2,22.14,-0.230,-0.952,-0.164,0.1,-0.3,-0.3,3.90
51560,DESCENT,439.88,440.03,-23.28,-0.12,89440.6,22.14,-0.240,-0.943,-0.168,0.4,-0.2,-0.4,3.90
51570,DESCENT,439.61,439.79,-23.29,-0.28,89443.5,22.14,-0.183,-0.916,-0.269,-0.2,0.1,0.2,3.90
51580,DESCENT,439.33,439.55,-23.30,0.26,89446.6,22.14,-0.248,-0.981,-0.176,0.0,-0.2,-0.4,3.90
51590,DESCENT,439.47,439.33,-23.29,-0.56,89445.0,22.14,-0.225,-0.896,-0.185,0.1,-0.4,-0.3,3.90
51600,DESCENT,439.33,439.10,-23.29,-0.18,89446.6,22.15,-0.214,-0.937,-0.202,0.2,-0.4,0.2,3.90
51610,DESCENT,438.55,438.86,-23.30,0.14,89455.1,22.15,-0.264,-0.961,-0.188,-0.3,-0.3,-0.0,3.90
51620,DESCENT,438.60,438.62,-23.30,-0.38,89454.5,22.15,-0.205,-0.916,-0.205,0.6,-0.3,-0.6,3.90
51630,DESCENT,438.05,438.38,-23.32,0.02,89460.4,22.15,-0.219,-0.963,-0.172,-0.3,-0.3,0.0,3.90
51640,DESCENT,438.06,438.15,-23.32,-0.29,89460.3,22.15,-0.227,-0.921,-0.205,-0.0,-0.3,-0.5,3.90
51650,DESCENT,437.95,437.91,-23.33,-0.61,89461.5,22.15,-0.187,-0.900,-0.185,0.5,0.2,-0.4,3.90
51660,DESCENT,437.69,437.68,-23.33,-0.30,89464.3,22.15,-0.226,-0.919,-0.210,-0.2,-0.4,-0.1,3.90
51670,DESCENT,437.54,437.45,-23.33,0.10,89466.1,22.16,-0.228,-0.970,-0.165,0.4,-0.2,0.2,3.90
51680,DESCENT,437.43,437.22,-23.32,-0.32,89467.2,22.16,-0.207,-0.920,-0.211,0.2,-0.2,-0.6,3.90
51690,DESCENT,437.10,436.99,-23.32,-0.85,89470.8,22.16,-0.177,-0.883,-0.149,0.2,-0.2,-0.1,3.90
51700,DESCENT,437.06,436.77,-23.31,0.02,89471.2,22.16,-0.243,-0.955,-0.187,-0.0,-0.6,-0.2,3.90
51710,DESCENT,436.61,436.54,-23.31,0.03,89476.1,22.16,-0.240,-0.950,-0.215,-0.3,0.1,-0.6,3.90
51720,DESCENT,436.57,436.31,-23.30,-0.21,89476.5,22.16,-0.260,-0.927,-0.174,0.1,-0.4,-0.0,3.90
51730,DESCENT,435.79,436.07,-23.31,-0.27,89485.0,22.17,-0.231,-0.923,-0.201,-0.4,0.2,-0.1,3.90
51740,DESCENT,436.07,435.84,-23.31,-0.04,89482.0,22.17,-0.231,-0.949,-0.193,-0.0,-0.0,-0.4,3.90
51750,DESCENT,435.53,435.61,-23.31,-0.13,89487.9,22.17,-0.266,-0.923,-0.227,-0.3,-0.2,-0.5,3.90
51760,DESCENT,435.72,435.38,-23.30,-0.08,89485.8,22.17,-0.214,-0.947,-0.203,0.6,-0.8,-0.3,3.90
51770,DESCENT,435.50,435.16,-23.29,-0.21,89488.2,22.17,-0.206,-0.934,-0.204,-0.1,-0.1,0.1,3.90
51780,DESCENT,435.26,434.94,-23.27,-0.24,89490.8,22.17,-0.223,-0.932,-0.181,0.1,-0.0,-0.2,3.90
51790,DESCENT,434.60,434.70,-23.28,-0.05,89497.9,22.17,-0.219,-0.956,-0.168,0.2,-0.1,0.1,3.90
51800,DESCENT,434.43,434.47,-23.28,-0.27,89499.8,22.18,-0.221,-0.927,-0.189,0.1,-0.4,-0.8,3.90
51810,DESCENT,434.21,434.24,-23.29,-0.06,89502.2,22.18,-0.278,-0.936,-0.186,0.5,-0.3,0.2,3.90
51820,DESCENT,434.40,434.01,-23.27,-0.31,89500.1,22.18,-0.227,-0.928,-0.162,0.1,-0.2,-0.3,3.90
51830,DESCENT,433.86,433.78,-23.27,-0.31,89506.0,22.18,-0.270,-0.911,-0.187,-0.2,-0.5,-0.2,3.90
51840,DESCENT,433.75,433.56,-23.27,-0.57,89507.2,22.18,-0.239,-0.887,-0.209,0.7,-0.7,0.0,3.90
51850,DESCENT,433.30,433.32,-23.27,0.06,89512.0,22.18,-0.226,-0.960,-0.204,-0.1,-0.3,-0.2,3.90
51860,DESCENT,433.18,433.09,-23.27,-0.03,89513.4,22.18,-0.261,-0.937,-0.215,-0.1,-0.3,-0.4,3.90
51870,DESCENT,433.27,432.87,-23.25,-0.73,89512.4,22.19,-0.214,-0.882,-0.178,-0.2,0.0,0.2,3.90
51880,DESCENT,432.64,432.64,-23.26,-0.01,89519.2,22.19,-0.224,-0.960,-0.170,0.4,0.2,-0.5,3.90
51890,DESCENT,432.10,432.40,-23.27,-0.26,89525.1,22.19,-0.179,-0.940,-0.179,0.4,0.2,-0.7,3.90
51900,DESCENT,432.01,432.16,-23.28,-0.48,89526.1,22.19,-0.236,-0.905,-0.176,0.1,-0.6,-0.0,3.90
51910,DESCENT,431.78,431.92,-23.29,0.02,89528.6,22.19,-0.257,-0.951,-0.186,-0.2,-0.2,-0.2,3.90
51920,DESCENT,431.96,431.70,-23.28,-0.38,89526.6,22.19,-0.216,-0.915,-0.198,0.3,-0.3,-0.4,3.90
51930,DESCENT,431.88,431.48,-23.27,0.06,89527.5,22.20,-0.273,-0.951,-0.187,0.2,-0.4,-0.1,3.90
51940,DESCENT,430.77,431.23,-23.29,-0.11,89539.6,22.20,-0.233,-0.944,-0.176,-0.0,-0.1,0.1,3.90
51950,DESCENT,430.59,430.99,-23.30,-0.36,89541.6,22.20,-0.209,-0.920,-0.189,-0.0,0.1,0.1,3.90
51960,DESCENT,430.64,430.75,-23.31,-0.32,89541.0,22.20,-0.201,-0.926,-0.195,0.1,-0.8,0.2,3.90
51970,DESCENT,430.51,430.52,-23.32,-0.29,89542.4,22.20,-0.247,-0.924,-0.164,0.1,-0.2,-0.3,3.90
51980,DESCENT,430.37,430.29,-23.31,0.04,89543.9,22.20,-0.205,-0.967,-0.180,-0.0,-0.2,0.2,3.90
51990,DESCENT,429.89,430.05,-23.32,0.00,89549.2,22.20,-0.221,-0.960,-0.172,-0.2,0.1,-0.7,3.90
52000,DESCENT,429.62,429.81,-23.33,-0.09,89552.1,22.21,-0.233,-0.946,-0.179,0.4,0.0,-0.5,3.90
52010,DESCENT,429.77,429.58,-23.32,-0.64,89550.5,22.21,-0.243,-0.886,-0.171,0.6,-0.1,-0.3,3.90
52020,DESCENT,428.88,429.34,-23.35,-0.09,89560.1,22.21,-0.221,-0.947,-0.192,0.1,0.2,0.1,3.90
52030,DESCENT,429.08,429.10,-23.35,-0.36,89557.9,22.21,-0.221,-0.919,-0.188,-0.1,-0.2,0.2,3.90
52040,DESCENT,428.79,428.87,-23.36,-0.21,89561.1,22.21,-0.192,-0.940,-0.193,-0.2,-0.2,-0.0,3.90
52050,DESCENT,429.13,428.65,-23.34,-0.06,89557.3,22.21,-0.230,-0.954,-0.158,0.3,-0.3,-0.0,3.90
52060,DESCENT,428.24,428.41,-23.35,-0.56,89567.0,22.21,-0.242,-0.888,-0.205,-0.3,-0.6,0.0,3.90
52070,DESCENT,428.12,428.17,-23.35,-0.21,89568.3,22.22,-0.205,-0.934,-0.211,-0.2,-0.2,-0.3,3.90
52080,DESCENT,427.48,427.93,-23.37,-0.21,89575.4,22.22,-0.181,-0.946,-0.173,-0.2,-0.1,-0.5,3.90
52090,DESCENT,427.70,427.69,-23.38,-0.46,89573.0,22.22,-0.209,-0.910,-0.193,0.0,0.1,0.6,3.90
52100,DESCENT,427.35,427.46,-23.38,0.00,89576.8,22.22,-0.229,-0.961,-0.158,0.0,-0.3,-0.8,3.90
52110,DESCENT,427.46,427.23,-23.37,-0.10,89575.6,22.22,-0.216,-0.942,-0.215,0.5,-0.4,-0.2,3.90
52120,DESCENT,426.76,426.99,-23.38,0.10,89583.1,22.22,-0.226,-0.956,-0.233,0.5,-0.4,-0.1,3.90
52130,DESCENT,426.63,426.75,-23.39,-0.14,89584.6,22.23,-0.231,-0.938,-0.193,0.2,0.0,-0.2,3.90
52140,DESCENT,427.05,426.53,-23.37,-0.07,89580.0,22.23,-0.230,-0.950,-0.178,0.1,-0.6,-0.6,3.90
52150,DESCENT,426.44,426.30,-23.36,-0.30,89586.6,22.23,-0.248,-0.926,-0.143,0.1,0.4,0.0,3.90
52160,DESCENT,426.34,426.08,-23.36,-0.11,89587.8,22.23,-0.231,-0.947,-0.167,-0.0,-0.4,-0.3,3.90
52170,DESCENT,425.86,425.84,-23.36,-0.41,89593.0,22.23,-0.195,-0.913,-0.213,-0.6,-0.2,-0.5,3.90
52180,DESCENT,425.71,425.61,-23.36,-0.27,89594.6,22.23,-0.220,-0.926,-0.201,0.3,-0.8,0.1,3.90
52190,DESCENT,425.49,425.38,-23.35,-0.25,89597.0,22.23,-0.245,-0.926,-0.180,0.4,-0.3,-0.4,3.90
52200,DESCENT,425.34,425.15,-23.35,-0.12,89598.6,22.24,-0.226,-0.941,-0.200,-0.1,0.4,-0.2,3.90
52210,DESCENT,425.01,424.92,-23.35,-0.09,89602.2,22.24,-0.193,-0.951,-0.197,-0.1,0.5,-0.5,3.90
52220,DESCENT,424.99,424.70,-23.34,-0.23,89602.4,22.24,-0.241,-0.923,-0.210,0.3,0.2,-0.0,3.90
52230,DESCENT,424.93,424.48,-23.32,-0.27,89603.0,22.24,-0.206,-0.935,-0.172,-0.0,-0.3,0.3,3.90
52240,DESCENT,424.31,424.25,-23.32,-0.42,89609.8,22.24,-0.231,-0.916,-0.155,0.5,-0.1,-0.4,3.90
52250,DESCENT,424.53,424.03,-23.31,-0.69,89607.5,22.24,-0.230,-0.877,-0.206,0.3,-0.3,0.0,3.90
52260,DESCENT,423.75,423.79,-23.31,-0.16,89615.9,22.25,-0.220,-0.936,-0.210,-0.1,-0.3,-0.3,3.90
52270,DESCENT,423.56,423.56,-23.31,0.15,89618.0,22.25,-0.262,-0.966,-0.168,0.2,-0.3,0.0,3.90
52280,DESCENT,423.56,423.33,-23.30,-0.11,89617.9,22.25,-0.226,-0.947,-0.170,0.5,-0.2,-0.4,3.90
52290,DESCENT,423.48,423.11,-23.29,-0.59,89618.9,22.25,-0.252,-0.891,-0.154,-0.0,-0.3,-0.1,3.90
52300,DESCENT,422.83,422.88,-23.29,0.11,89625.9,22.25,-0.236,-0.971,-0.162,0.4,-0.2,-0.3,3.90
52310,DESCENT,422.72,422.65,-23.29,-0.41,89627.1,22.25,-0.229,-0.912,-0.181,0.3,-0.2,-0.3,3.90
52320,DESCENT,422.25,422.41,-23.30,-0.42,89632.2,22.25,-0.180,-0.919,-0.198,0.1,0.0,0.2,3.90
52330,DESCENT,421.96,422.17,-23.32,-0.39,89635.4,22.26,-0.242,-0.908,-0.199,0.7,-0.3,-0.1,3.90
52340,DESCENT,421.81,421.93,-23.32,-0.16,89637.0,22.26,-0.257,-0.926,-0.208,0.2,-0.6,-0.6,3.90
52350,DESCENT,422.29,421.72,-23.30,-0.26,89631.8,22.26,-0.222,-0.925,-0.207,0.2,-0.6,-0.5,3.90
52360,DESCENT,421.55,421.48,-23.30,0.12,89639.8,22.26,-0.214,-0.968,-0.203,0.4,-0.7,-0.6,3.90
52370,DESCENT,421.21,421.25,-23.30,-0.14,89643.5,22.26,-0.208,-0.947,-0.181,0.8,-0.2,-0.1,3.90
52380,DESCENT,420.70,421.01,-23.32,-0.24,89649.0,22.26,-0.218,-0.934,-0.179,-0.0,-0.8,0.4,3.90
52390,DESCENT,420.66,420.77,-23.32,-0.06,89649.5,22.26,-0.210,-0.950,-0.203,-0.1,-0.0,-0.3,3.90
52400,DESCENT,420.49,420.54,-23.33,-0.52,89651.4,22.27,-0.237,-0.898,-0.185,0.0,-1.1,-0.2,3.90
52410,DESCENT,420.43,420.31,-23.33,0.01,89652.0,22.27,-0.255,-0.944,-0.218,-0.1,-0.4,-0.6,3.90
52420,DESCENT,420.20,420.08,-23.32,-0.32,89654.5,22.27,-0.198,-0.930,-0.175,-0.2,-0.4,0.4,3.90
52430,DESCENT,419.80,419.84,-23.33,-0.21,89658.9,22.27,-0.239,-0.933,-0.172,0.0,-0.4,-0.3,3.90
52440,DESCENT,419.72,419.61,-23.32,-0.25,89659.7,22.27,-0.231,-0.931,-0.176,0.8,0.2,-0.4,3.90
52450,DESCENT,419.67,419.39,-23.32,-0.18,89660.2,22.27,-0.238,-0.934,-0.187,0.2,-0.3,-0.2,3.90
52460,DESCENT,419.09,419.15,-23.32,-0.01,89666.6,22.28,-0.254,-0.950,-0.181,0.1,-0.6,-0.2,3.90
52470,DESCENT,418.74,418.92,-23.33,-0.26,89670.4,22.28,-0.225,-0.926,-0.197,0.4,0.1,-0.4,3.90
52480,DESCENT,418.48,418.68,-23.34,-0.19,89673.3,22.28,-0.247,-0.934,-0.168,-0.2,-0.5,0.3,3.90
52490,DESCENT,418.86,418.45,-23.32,-0.36,89669.1,22.28,-0.178,-0.928,-0.187,0.3,-0.3,0.2,3.90
52500,DESCENT,417.95,418.21,-23.34,-0.16,89679.0,22.28,-0.193,-0.952,-0.156,-0.2,-0.2,-0.0,3.90
52510,DESCENT,418.49,417.99,-23.32,-0.05,89673.1,22.28,-0.211,-0.956,-0.180,0.6,-0.6,-0.3,3.90
52520,DESCENT,417.62,417.76,-23.32,0.08,89682.6,22.28,-0.235,-0.964,-0.183,0.2,0.2,0.0,3.90
52530,DESCENT,417.41,417.52,-23.33,-0.14,89684.9,22.29,-0.233,-0.944,-0.161,-0.1,-0.7,-0.4,3.90
52540,DESCENT,417.41,417.29,-23.33,-0.15,89684.9,22.29,-0.242,-0.935,-0.192,-0.1,0.2,-0.2,3.90
52550,DESCENT,416.95,417.05,-23.33,-0.29,89689.9,22.29,-0.223,-0.924,-0.191,0.1,0.0,-0.7,3.90
52560,DESCENT,417.12,416.83,-23.32,-0.35,89688.1,22.29,-0.212,-0.919,-0.201,0.5,-0.1,-0.3,3.90
52570,DESCENT,416.84,416.60,-23.32,-0.10,89691.0,22.29,-0.262,-0.933,-0.206,-0.1,-0.1,-0.3,3.90
52580,DESCENT,416.48,416.37,-23.31,-0.50,89695.0,22.29,-0.239,-0.900,-0.183,0.0,0.1,-0.3,3.90
52590,DESCENT,416.00,416.14,-23.32,-0.43,89700.2,22.29,-0.239,-0.912,-0.159,0.3,-0.5,-0.4,3.90
52600,DESCENT,416.00,415.91,-23.32,-0.25,89700.2,22.30,-0.250,-0.924,-0.183,0.1,-0.9,-0.2,3.90
52610,DESCENT,415.55,415.67,-23.33,-0.04,89705.1,22.30,-0.239,-0.944,-0.213,-0.2,0.0,0.3,3.90
52620,DESCENT,415.64,415.44,-23.32,-0.31,89704.1,22.30,-0.236,-0.923,-0.176,0.5,0.4,0.3,3.90
52630,DESCENT,415.39,415.21,-23.32,-0.04,89706.9,22.30,-0.244,-0.950,-0.175,-0.2,0.3,-0.2,3.90
52640,DESCENT,415.03,414.98,-23.31,0.30,89710.8,22.30,-0.213,-0.990,-0.193,0.8,-0.4,-0.4,3.90
52650,DESCENT,414.94,414.75,-23.31,-0.24,89711.7,22.30,-0.207,-0.934,-0.188,-0.3,-0.5,-0.2,3.90
52660,DESCENT,414.49,414.52,-23.31,-0.12,89716.6,22.31,-0.250,-0.941,-0.171,0.3,-0.2,0.0,3.90
52670,DESCENT,414.43,414.29,-23.30,0.36,89717.3,22.31,-0.242,-0.985,-0.217,0.0,-0.2,0.0,3.90
52680,DESCENT,414.29,414.06,-23.29,0.00,89718.8,22.31,-0.245,-0.951,-0.191,0.1,-0.2,-0.7,3.90
52690,DESCENT,413.94,413.83,-23.29,-0.24,89722.6,22.31,-0.239,-0.930,-0.167,-0.3,-0.5,-0.2,3.90
52700,DESCENT,413.51,413.60,-23.29,-0.37,89727.3,22.31,-0.217,-0.921,-0.174,-0.2,-0.4,-0.4,3.90
52710,DESCENT,413.24,413.36,-23.30,-0.28,89730.3,22.31,-0.241,-0.919,-0.204,0.2,-0.2,-0.4,3.90
52720,DESCENT,413.22,413.13,-23.30,-0.12,89730.5,22.31,-0.238,-0.944,-0.169,0.3,-0.4,-0.4,3.90
52730,DESCENT,412.66,412.89,-23.31,-0.00,89736.6,22.32,-0.205,-0.966,-0.155,0.9,-0.9,-0.3,3.90
52740,DESCENT,412.85,412.66,-23.30,-0.13,89734.5,22.32,-0.203,-0.943,-0.210,-0.0,-0.7,0.2,3.90
52750,DESCENT,412.66,412.44,-23.30,-0.27,89736.6,22.32,-0.218,-0.926,-0.202,0.8,-0.3,-0.1,3.90
52760,DESCENT,412.18,412.20,-23.30,0.04,89741.8,22.32,-0.223,-0.962,-0.185,0.3,-0.3,-0.3,3.90
52770,DESCENT,411.98,411.97,-23.30,-0.23,89744.0,22.32,-0.237,-0.919,-0.232,0.1,-0.2,-0.2,3.90
52780,DESCENT,411.83,411.74,-23.30,-0.24,89745.6,22.32,-0.228,-0.928,-0.197,0.1,-0.5,0.1,3.90
52790,DESCENT,411.57,411.51,-23.30,-0.26,89748.4,22.32,-0.206,-0.934,-0.180,0.8,-0.7,0.0,3.90
52800,DESCENT,411.16,411.27,-23.30,-0.01,89752.9,22.33,-0.250,-0.955,-0.157,-0.1,-0.5,-0.0,3.90
52810,DESCENT,411.58,411.06,-23.28,-0.15,89748.3,22.33,-0.228,-0.939,-0.189,0.3,-0.4,-0.2,3.90
52820,DESCENT,411.17,410.83,-23.27,-0.25,89752.8,22.33,-0.227,-0.929,-0.185,-0.1,-0.3,-0.8,3.90
52830,DESCENT,410.48,410.60,-23.28,-0.13,89760.4,22.33,-0.255,-0.927,-0.223,0.2,0.1,-0.4,3.90
52840,DESCENT,410.40,410.36,-23.28,0.11,89761.2,22.33,-0.230,-0.969,-0.179,0.2,-0.1,-0.1,3.90
52850,DESCENT,410.39,410.14,-23.27,-0.60,89761.2,22.33,-0.212,-0.890,-0.209,0.5,-0.2,-0.5,3.90
52860,DESCENT,409.59,409.90,-23.29,-0.20,89770.1,22.34,-0.246,-0.922,-0.225,0.2,-0.3,-0.0,3.90
52870,DESCENT,409.53,409.66,-23.29,-0.36,89770.7,22.34,-0.235,-0.918,-0.172,-0.4,-0.2,0.0,3.90
52880,DESCENT,409.42,409.43,-23.30,-0.20,89771.9,22.34,-0.232,-0.941,-0.139,0.5,-0.3,0.1,3.90
52890,DESCENT,409.04,409.19,-23.31,-0.29,89776.0,22.34,-0.171,-0.940,-0.171,0.2,-0.6,0.1,3.90
52900,DESCENT,409.37,408.97,-23.29,-0.04,89772.5,22.34,-0.227,-0.951,-0.189,0.5,-0.1,0.2,3.90
52910,DESCENT,408.72,408.74,-23.29,-0.21,89779.5,22.34,-0.225,-0.930,-0.204,0.2,-0.3,0.2,3.90
52920,DESCENT,408.54,408.50,-23.29,-0.33,89781.4,22.34,-0.199,-0.923,-0.203,0.1,-0.3,-0.3,3.90
52930,DESCENT,408.40,408.27,-23.29,-0.21,89783.0,22.35,-0.236,-0.931,-0.188,-0.0,-0.2,-0.3,3.90
52940,DESCENT,408.07,408.04,-23.29,-0.17,89786.6,22.35,-0.202,-0.951,-0.146,0.0,0.2,0.2,3.90
52950,DESCENT,407.67,407.81,-23.30,-0.14,89791.0,22.35,-0.220,-0.944,-0.177,0.3,0.2,0.1,3.90
52960,DESCENT,407.71,407.58,-23.29,0.15,89790.5,22.35,-0.180,-0.972,-0.234,-0.3,-0.5,-0.4,3.90
52970,DESCENT,407.61,407.35,-23.28,-0.23,89791.6,22.35,-0.227,-0.928,-0.203,0.2,-0.5,-0.1,3.90
52980,DESCENT,407.33,407.12,-23.28,-0.16,89794.6,22.35,-0.249,-0.930,-0.202,0.4,-0.6,-0.4,3.90
52990,DESCENT,406.72,406.89,-23.28,0.07,89801.2,22.35,-0.221,-0.964,-0.193,0.2,-0.3,-0.4,3.90
53000,DESCENT,406.42,406.65,-23.29,-0.04,89804.6,22.36,-0.242,-0.935,-0.239,0.3,-0.6,-0.6,3.90
53010,DESCENT,406.58,406.42,-23.29,-0.34,89802.8,22.36,-0.193,-0.927,-0.185,0.3,-0.2,-0.2,3.90
53020,DESCENT,406.07,406.18,-23.30,-0.42,89808.3,22.36,-0.210,-0.911,-0.205,0.1,-0.5,-0.2,3.90
53030,DESCENT,405.86,405.95,-23.30,0.29,89810.7,22.36,-0.243,-0.975,-0.231,-0.1,-0.4,-0.4,3.90
53040,DESCENT,405.69,405.71,-23.30,-0.12,89812.5,22.36,-0.236,-0.937,-0.201,-0.2,-0.4,-0.3,3.90
53050,DESCENT,405.96,405.49,-23.29,-0.33,89809.5,22.36,-0.230,-0.929,-0.133,-0.2,-0.3,0.5,3.90
53060,DESCENT,405.21,405.26,-23.29,-0.13,89817.8,22.37,-0.217,-0.944,-0.188,0.2,-0.0,0.5,3.90
53070,DESCENT,405.50,405.04,-23.27,-0.07,89814.6,22.37,-0.250,-0.938,-0.210,-0.5,-0.2,-0.3,3.90
53080,DESCENT,404.49,404.80,-23.29,-0.12,89825.5,22.37,-0.238,-0.938,-0.196,0.2,-0.2,-0.3,3.90
53090,DESCENT,404.77,404.57,-23.28,-0.19,89822.5,22.37,-0.234,-0.936,-0.174,0.0,0.6,-0.4,3.90
53100,DESCENT,404.21,404.33,-23.29,-0.08,89828.6,22.37,-0.249,-0.942,-0.185,0.6,-0.3,-0.2,3.90
53110,DESCENT,404.63,404.12,-23.27,-0.31,89824.0,22.37,-0.233,-0.921,-0.189,-0.4,-0.1,0.1,3.90
53120,DESCENT,404.05,403.89,-23.26,-0.19,89830.4,22.37,-0.198,-0.939,-0.201,0.4,-0.2,-0.7,3.90
53130,DESCENT,403.63,403.66,-23.26,-0.07,89834.9,22.38,-0.246,-0.942,-0.195,0.1,-0.4,-0.2,3.90
53140,DESCENT,403.89,403.44,-23.25,-0.37,89832.1,22.38,-0.235,-0.915,-0.180,0.3,0.0,-0.3,3.90
53150,DESCENT,403.44,403.21,-23.24,-0.02,89837.0,22.38,-0.247,-0.946,-0.203,0.6,-0.4,-0.0,3.90
53160,DESCENT,402.71,402.97,-23.25,-0.36,89845.0,22.38,-0.229,-0.915,-0.193,0.4,0.1,-0.4,3.90
53170,DESCENT,402.91,402.74,-23.25,-0.47,89842.8,22.38,-0.232,-0.901,-0.198,0.0,0.1,0.3,3.90
53180,DESCENT,402.53,402.51,-23.25,-0.10,89847.0,22.38,-0.231,-0.944,-0.189,0.0,-0.8,-0.2,3.90
53190,DESCENT,402.17,402.27,-23.26,-0.01,89850.9,22.38,-0.227,-0.955,-0.187,-0.1,-0.5,-0.0,3.90
53200,DESCENT,402.25,402.05,-23.25,-0.30,89850.0,22.39,-0.206,-0.926,-0.195,0.2,-0.5,0.4,3.90
53210,DESCENT,401.47,401.81,-23.26,0.16,89858.5,22.39,-0.209,-0.975,-0.198,0.1,0.1,-0.2,3.90
53220,DESCENT,401.83,401.58,-23.25,-0.16,89854.6,22.39,-0.243,-0.932,-0.195,-0.5,-0.4,-0.5,3.90
53230,DESCENT,401.15,401.34,-23.26,-0.27,89862.0,22.39,-0.197,-0.939,-0.161,-0.3,0.2,-0.5,3.90
53240,DESCENT,401.25,401.11,-23.26,-0.54,89860.9,22.39,-0.207,-0.902,-0.191,0.2,-0.3,0.3,3.90
53250,DESCENT,400.61,400.87,-23.28,-0.18,89867.8,22.39,-0.206,-0.938,-0.208,-0.0,-0.0,-0.1,3.90
53260,DESCENT,400.45,400.63,-23.29,-0.28,89869.7,22.40,-0.230,-0.921,-0.202,0.2,-0.6,-0.8,3.90
53270,DESCENT,400.45,400.40,-23.29,-0.10,89869.7,22.40,-0.215,-0.947,-0.193,0.1,-0.5,0.1,3.90
53280,DESCENT,400.22,400.17,-23.29,-0.37,89872.1,22.40,-0.241,-0.914,-0.177,0.3,-0.9,-0.7,3.90
53290,DESCENT,400.08,399.94,-23.28,-0.18,89873.6,22.40,-0.257,-0.929,-0.184,0.1,-0.3,0.1,3.90
53300,DESCENT,399.62,399.71,-23.29,-0.38,89878.6,22.40,-0.223,-0.913,-0.201,-0.2,-0.2,-0.5,3.90
53310,DESCENT,399.44,399.47,-23.30,-0.16,89880.6,22.40,-0.211,-0.945,-0.174,0.6,-0.4,-0.2,3.90
53320,DESCENT,399.59,399.25,-23.28,-0.14,89879.0,22.40,-0.209,-0.951,-0.156,0.1,-0.5,-0.7,3.90
53330,DESCENT,399.12,399.02,-23.28,-0.36,89884.1,22.41,-0.244,-0.916,-0.171,0.7,-0.1,-0.3,3.90
53340,DESCENT,398.67,398.78,-23.29,-0.42,89889.0,22.41,-0.258,-0.903,-0.189,0.6,-0.0,-0.3,3.90
53350,DESCENT,398.31,398.54,-23.30,-0.57,89893.0,22.41,-0.222,-0.897,-0.177,0.2,-0.0,-0.1,3.90
53360,DESCENT,398.59,398.32,-23.30,-0.59,89889.9,22.41,-0.193,-0.903,-0.176,0.3,-0.7,-0.8,3.90
53370,DESCENT,397.99,398.08,-23.31,-0.23,89896.4,22.41,-0.230,-0.937,-0.150,0.4,-0.6,-0.6,3.90
53380,DESCENT,398.05,397.86,-23.30,-0.58,89895.8,22.41,-0.200,-0.898,-0.198,0.1,-0.4,-0.0,3.90
53390,DESCENT,397.43,397.62,-23.31,-0.15,89902.5,22.41,-0.262,-0.929,-0.193,-0.0,-0.3,-0.6,3.90
53400,DESCENT,397.53,397.39,-23.31,-0.19,89901.4,22.42,-0.215,-0.936,-0.196,-0.0,-0.1,0.0,3.90
53410,DESCENT,397.15,397.16,-23.31,0.06,89905.5,22.42,-0.239,-0.961,-0.178,0.2,0.2,-0.1,3.90
53420,DESCENT,397.14,396.93,-23.30,-0.09,89905.7,22.42,-0.227,-0.946,-0.189,0.1,-0.0,-0.3,3.90
53430,DESCENT,396.62,396.69,-23.31,-0.07,89911.4,22.42,-0.218,-0.947,-0.203,0.3,-0.5,0.0,3.90
53440,DESCENT,396.51,396.46,-23.31,-0.23,89912.5,22.42,-0.246,-0.921,-0.215,0.1,-0.2,-0.2,3.90
53450,DESCENT,395.86,396.22,-23.32,0.05,89919.6,22.42,-0.250,-0.962,-0.152,0.4,-0.7,-0.4,3.90
53460,DESCENT,396.06,395.99,-23.32,-0.11,89917.5,22.43,-0.226,-0.936,-0.223,-0.0,-0.4,0.4,3.90
53470,DESCENT,395.82,395.76,-23.32,-0.09,89920.1,22.43,-0.228,-0.948,-0.176,0.4,0.2,-0.1,3.90
53480,DESCENT,395.92,395.53,-23.30,-0.26,89919.0,22.43,-0.227,-0.920,-0.219,-0.2,-0.4,0.2,3.90
53490,DESCENT,395.61,395.31,-23.29,-0.30,89922.4,22.43,-0.246,-0.922,-0.170,0.0,0.1,-0.4,3.90
53500,DESCENT,394.81,395.07,-23.31,-0.26,89931.1,22.43,-0.222,-0.928,-0.194,-0.2,0.3,-0.9,3.90
53510,DESCENT,394.73,394.83,-23.31,0.26,89931.9,22.43,-0.242,-0.978,-0.199,0.1,0.1,-0.3,3.90
53520,DESCENT,394.34,394.59,-23.32,-0.09,89936.2,22.43,-0.225,-0.942,-0.206,0.5,0.1,-0.1,3.90
53530,DESCENT,394.22,394.36,-23.33,-0.23,89937.5,22.44,-0.257,-0.920,-0.203,0.5,-0.2,-0.2,3.90
53540,DESCENT,394.50,394.13,-23.31,-0.13,89934.5,22.44,-0.219,-0.940,-0.205,0.2,-0.2,-0.1,3.90
53550,DESCENT,393.86,393.90,-23.32,-0.18,89941.5,22.44,-0.217,-0.934,-0.210,0.7,0.2,-0.6,3.90
53560,DESCENT,393.76,393.67,-23.32,-0.09,89942.5,22.44,-0.252,-0.947,-0.152,0.7,-0.4,0.1,3.90
53570,DESCENT,393.66,393.44,-23.31,-0.09,89943.6,22.44,-0.240,-0.941,-0.197,-0.5,-0.4,-0.7,3.90
53580,DESCENT,393.02,393.20,-23.32,-0.12,89950.6,22.44,-0.231,-0.940,-0.197,0.2,-0.5,-0.3,3.90
53590,DESCENT,392.88,392.97,-23.32,-0.32,89952.1,22.45,-0.199,-0.927,-0.191,0.6,-0.5,-0.2,3.90
53600,DESCENT,392.83,392.74,-23.32,-0.18,89952.7,22.45,-0.232,-0.928,-0.218,-0.3,-0.3,-0.5,3.90
53610,DESCENT,392.92,392.52,-23.31,-0.38,89951.8,22.45,-0.211,-0.917,-0.196,-0.3,-0.4,-0.0,3.90
53620,DESCENT,392.02,392.27,-23.32,-0.26,89961.5,22.45,-0.240,-0.921,-0.202,0.3,0.3,-0.1,3.90
53630,DESCENT,392.01,392.04,-23.32,0.16,89961.6,22.45,-0.251,-0.965,-0.200,-0.1,-0.4,-0.4,3.90
53640,DESCENT,391.92,391.81,-23.32,0.07,89962.6,22.45,-0.225,-0.962,-0.195,-0.1,-0.3,-0.3,3.90
53650,DESCENT,391.76,391.58,-23.31,-0.36,89964.4,22.45,-0.209,-0.928,-0.155,-0.2,-0.2,-0.7,3.90
53660,DESCENT,391.36,391.35,-23.31,-0.23,89968.7,22.46,-0.242,-0.924,-0.206,-0.2,-0.2,-0.2,3.90
53670,DESCENT,391.10,391.12,-23.31,0.05,89971.5,22.46,-0.234,-0.955,-0.212,-0.0,-0.4,-0.1,3.90
53680,DESCENT,390.30,390.87,-23.34,-0.16,89980.3,22.46,-0.233,-0.935,-0.198,0.6,-0.3,-0.1,3.90
53690,DESCENT,390.50,390.63,-23.34,0.42,89978.1,22.46,-0.257,-0.994,-0.184,0.1,-0.4,-0.1,3.90
53700,DESCENT,391.03,390.41,-23.32,-0.35,89972.3,22.46,-0.236,-0.908,-0.219,0.2,-0.2,0.2,3.90
53710,DESCENT,390.27,390.18,-23.32,-0.32,89980.7,22.46,-0.262,-0.919,-0.151,-0.7,-0.2,-0.1,3.90
53720,DESCENT,390.15,389.96,-23.31,-0.09,89981.9,22.46,-0.226,-0.949,-0.174,-0.1,-0.6,-0.2,3.90
53730,DESCENT,389.75,389.72,-23.31,-0.11,89986.3,22.47,-0.240,-0.933,-0.222,0.2,-0.8,-0.3,3.90
53740,DESCENT,389.22,389.48,-23.32,0.06,89992.1,22.47,-0.223,-0.968,-0.164,0.3,-0.5,-0.3,3.90
53750,DESCENT,389.53,389.26,-23.31,-0.50,89988.7,22.47,-0.184,-0.909,-0.202,0.4,0.1,-0.5,3.90
53760,DESCENT,389.27,389.03,-23.30,0.06,89991.5,22.47,-0.237,-0.953,-0.222,0.5,-0.6,-0.4,3.90
53770,DESCENT,389.11,388.81,-23.29,-0.50,89993.3,22.47,-0.223,-0.901,-0.191,0.2,-0.7,0.1,3.90
53780,DESCENT,388.53,388.57,-23.30,-0.32,89999.6,22.47,-0.254,-0.918,-0.168,0.5,-0.3,-0.4,3.90
53790,DESCENT,388.34,388.34,-23.30,-0.09,90001.6,22.48,-0.213,-0.944,-0.214,0.1,0.1,-0.3,3.90
53800,DESCENT,388.70,388.12,-23.28,-0.08,89997.8,22.48,-0.191,-0.953,-0.197,0.5,-0.1,0.0,3.90
53810,DESCENT,388.05,387.90,-23.27,-0.20,90004.8,22.48,-0.171,-0.945,-0.196,0.3,-0.0,-0.6,3.90
53820,DESCENT,387.68,387.66,-23.27,-0.06,90008.9,22.48,-0.195,-0.954,-0.197,0.2,0.0,0.0,3.90
53830,DESCENT,387.57,387.43,-23.27,0.17,90010.1,22.48,-0.212,-0.979,-0.178,0.7,-0.4,-0.3,3.90
53840,DESCENT,387.56,387.21,-23.25,-0.17,90010.2,22.48,-0.169,-0.954,-0.161,0.2,-0.3,-0.2,3.90
53850,DESCENT,387.14,386.98,-23.25,-0.17,90014.8,22.48,-0.216,-0.942,-0.175,-0.4,-0.4,-0.5,3.90
53860,DESCENT,386.40,386.74,-23.26,-0.10,90022.9,22.49,-0.231,-0.946,-0.174,-0.1,-0.3,-0.8,3.90
53870,DESCENT,386.49,386.51,-23.27,-0.16,90021.9,22.49,-0.223,-0.942,-0.172,0.2,-0.2,-0.2,3.90
53880,DESCENT,386.33,386.28,-23.27,-0.23,90023.6,22.49,-0.222,-0.929,-0.202,0.4,0.1,-0.2,3.90
53890,DESCENT,386.35,386.05,-23.26,-0.09,90023.4,22.49,-0.261,-0.941,-0.168,-0.5,-0.2,-0.7,3.90
53900,DESCENT,385.89,385.82,-23.25,-0.08,90028.4,22.49,-0.221,-0.940,-0.225,-0.4,-0.1,-0.2,3.90
53910,DESCENT,385.91,385.60,-23.24,-0.36,90028.2,22.49,-0.201,-0.923,-0.189,-0.0,-0.5,-0.2,3.90
53920,DESCENT,385.32,385.37,-23.25,-0.05,90034.6,22.49,-0.202,-0.956,-0.193,-0.3,-0.4,-0.6,3.90
53930,DESCENT,384.81,385.12,-23.26,-0.22,90040.2,22.50,-0.202,-0.930,-0.223,0.4,0.0,-0.3,3.90
53940,DESCENT,385.14,384.90,-23.25,-0.32,90036.6,22.50,-0.208,-0.915,-0.236,0.2,-0.3,-0.4,3.90
53950,DESCENT,384.79,384.67,-23.25,-0.15,90040.5,22.50,-0.205,-0.941,-0.206,-0.3,0.1,0.3,3.90
53960,DESCENT,384.71,384.44,-23.24,-0.02,90041.3,22.50,-0.215,-0.962,-0.157,-0.1,-0.6,0.0,3.90
53970,DESCENT,384.28,384.21,-23.24,-0.12,90046.0,22.50,-0.243,-0.935,-0.206,0.2,0.1,-0.2,3.90
53980,DESCENT,384.16,383.99,-23.23,-0.24,90047.3,22.50,-0.219,-0.932,-0.188,0.6,-0.1,0.2,3.90
53990,DESCENT,383.79,383.75,-23.24,-0.39,90051.4,22.51,-0.226,-0.909,-0.213,0.3,0.2,0.1,3.90
54000,DESCENT,384.31,383.54,-23.21,-0.44,90045.6,22.51,-0.224,-0.902,-0.220,0.1,-0.2,-0.6,3.90
54010,DESCENT,383.42,383.32,-23.21,0.02,90055.5,22.51,-0.236,-0.961,-0.161,0.1,-0.3,-0.8,3.90
54020,DESCENT,383.18,383.09,-23.20,0.18,90058.0,22.51,-0.254,-0.971,-0.176,-0.1,-0.6,-0.3,3.90
54030,DESCENT,382.74,382.85,-23.21,-0.25,90062.8,22.51,-0.243,-0.924,-0.193,0.2,0.1,-0.1,3.90
54040,DESCENT,382.78,382.62,-23.20,-0.31,90062.4,22.51,-0.241,-0.918,-0.193,0.2,0.3,-0.6,3.90
54050,DESCENT,382.13,382.38,-23.21,-0.10,90069.4,22.51,-0.186,-0.953,-0.191,-0.4,-0.2,-0.6,3.90
54060,DESCENT,382.25,382.16,-23.21,-0.29,90068.2,22.52,-0.188,-0.934,-0.181,0.2,-0.5,-0.2,3.90
54070,DESCENT,382.54,381.94,-23.19,0.16,90065.0,22.52,-0.242,-0.971,-0.180,-0.1,-0.3,0.1,3.90
54080,DESCENT,381.38,381.70,-23.20,-0.16,90077.7,22.52,-0.193,-0.948,-0.173,0.6,-0.2,-0.1,3.90
54090,DESCENT,381.21,381.46,-23.22,-0.72,90079.5,22.52,-0.171,-0.893,-0.179,0.6,-0.3,0.2,3.90
54100,DESCENT,381.40,381.23,-23.21,-0.09,90077.4,22.52,-0.218,-0.951,-0.175,0.4,-0.4,-0.0,3.90
54110,DESCENT,381.04,381.00,-23.21,-0.19,90081.4,22.52,-0.265,-0.919,-0.220,0.4,-0.2,0.0,3.90
54120,DESCENT,380.82,380.77,-23.21,-0.30,90083.8,22.52,-0.227,-0.925,-0.176,-0.1,-0.5,-0.4,3.90
54130,DESCENT,381.17,380.56,-23.19,-0.21,90080.0,22.53,-0.207,-0.938,-0.190,0.8,0.2,-0.5,3.90
54140,DESCENT,380.71,380.34,-23.18,-0.55,90085.0,22.53,-0.181,-0.907,-0.189,-0.1,0.3,-0.4,3.90
54150,DESCENT,380.10,380.10,-23.18,0.13,90091.7,22.53,-0.227,-0.961,-0.233,-0.1,-0.9,-0.1,3.90
54160,DESCENT,380.14,379.88,-23.17,-0.23,90091.2,22.53,-0.233,-0.928,-0.191,0.0,-0.3,-0.1,3.90
54170,DESCENT,379.99,379.66,-23.16,-0.06,90092.8,22.53,-0.230,-0.950,-0.183,0.5,-0.1,0.0,3.90
54180,DESCENT,379.40,379.43,-23.16,-0.20,90099.3,22.53,-0.213,-0.938,-0.182,-0.2,-0.6,0.2,3.90
54190,DESCENT,378.94,379.19,-23.17,0.13,90104.3,22.54,-0.236,-0.971,-0.173,0.9,-0.4,-0.6,3.90
54200,DESCENT,378.84,378.95,-23.18,-0.17,90105.4,22.54,-0.230,-0.933,-0.202,0.2,-0.4,0.2,3.90
54210,DESCENT,378.64,378.72,-23.18,-0.38,90107.6,22.54,-0.232,-0.916,-0.180,0.6,-0.1,0.5,3.90
54220,DESCENT,379.01,378.50,-23.16,-0.30,90103.5,22.54,-0.215,-0.920,-0.215,0.3,-0.2,-0.2,3.90
54230,DESCENT,378.17,378.27,-23.17,-0.08,90112.8,22.54,-0.211,-0.959,-0.145,0.3,0.1,-0.1,3.90
54240,DESCENT,378.29,378.04,-23.16,-0.15,90111.5,22.54,-0.206,-0.945,-0.186,-0.1,-0.6,0.3,3.90
54250,DESCENT,377.49,377.80,-23.18,-0.47,90120.2,22.54,-0.250,-0.899,-0.191,0.2,-0.2,0.0,3.90
54260,DESCENT,377.82,377.58,-23.17,-0.32,90116.6,22.55,-0.215,-0.926,-0.179,-0.2,-0.4,-0.6,3.90
54270,DESCENT,377.36,377.34,-23.17,-0.13,90121.5,22.55,-0.239,-0.933,-0.216,0.1,-0.2,0.2,3.90
54280,DESCENT,377.04,377.11,-23.18,-0.45,90125.1,22.55,-0.197,-0.920,-0.157,-0.2,-0.4,-0.4,3.90
54290,DESCENT,376.79,376.88,-23.18,-0.19,90127.8,22.55,-0.237,-0.934,-0.184,0.2,0.1,0.2,3.90
54300,DESCENT,376.63,376.64,-23.19,-0.18,90129.6,22.55,-0.224,-0.937,-0.188,0.3,-0.1,-1.0,3.90
54310,DESCENT,376.70,376.42,-23.18,-0.25,90128.8,22.55,-0.238,-0.925,-0.193,0.3,0.1,0.0,3.90
54320,DESCENT,376.49,376.20,-23.17,-0.18,90131.1,22.55,-0.192,-0.947,-0.173,0.4,-0.3,0.1,3.90
54330,DESCENT,375.88,375.96,-23.17,-0.34,90137.7,22.56,-0.208,-0.919,-0.207,-0.2,-0.3,0.4,3.90
54340,DESCENT,375.70,375.73,-23.18,-0.34,90139.8,22.56,-0.234,-0.923,-0.155,0.2,-0.1,-0.1,3.90
54350,DESCENT,375.84,375.51,-23.17,-0.59,90138.2,22.56,-0.182,-0.904,-0.179,0.1,-0.5,0.1,3.90
54360,DESCENT,375.07,375.27,-23.18,-0.54,90146.6,22.56,-0.173,-0.910,-0.185,0.1,-0.0,0.1,3.90
54370,DESCENT,375.19,375.04,-23.18,-0.30,90145.3,22.56,-0.209,-0.930,-0.176,0.4,-0.0,0.0,3.90
54380,DESCENT,374.87,374.81,-23.18,-0.23,90148.8,22.56,-0.204,-0.940,-0.168,0.1,-0.3,-0.3,3.90
54390,DESCENT,374.76,374.59,-23.18,-0.41,90150.0,22.57,-0.200,-0.919,-0.184,-0.5,0.1,-0.3,3.90
54400,DESCENT,374.31,374.35,-23.18,0.06,90154.9,22.57,-0.198,-0.964,-0.211,-0.2,-0.6,-0.6,3.90
54410,DESCENT,374.21,374.12,-23.18,-0.37,90156.0,22.57,-0.209,-0.919,-0.188,0.6,-0.7,-0.2,3.90
54420,DESCENT,374.32,373.90,-23.17,-0.33,90154.8,22.57,-0.229,-0.915,-0.213,-0.0,0.2,-0.1,3.90
54430,DESCENT,373.69,373.67,-23.17,-0.23,90161.7,22.57,-0.233,-0.932,-0.175,-0.0,0.2,-0.1,3.90
54440,DESCENT,373.58,373.45,-23.16,-0.14,90162.9,22.57,-0.246,-0.935,-0.194,-0.3,-0.4,0.2,3.90
54450,DESCENT,373.12,373.21,-23.17,-0.14,90168.0,22.57,-0.259,-0.929,-0.200,0.2,-0.2,-0.4,3.90
54460,DESCENT,372.76,372.97,-23.18,-0.19,90171.8,22.58,-0.213,-0.933,-0.215,-0.3,-0.4,0.2,3.90
54470,DESCENT,372.95,372.75,-23.17,-0.24,90169.8,22.58,-0.230,-0.930,-0.183,0.0,-0.7,0.3,3.90
54480,DESCENT,372.80,372.52,-23.16,-0.32,90171.4,22.58,-0.214,-0.924,-0.187,0.4,-0.1,-0.5,3.90
54490,DESCENT,372.21,372.29,-23.17,-0.01,90177.9,22.58,-0.203,-0.963,-0.175,0.5,-0.3,-0.3,3.90
54500,DESCENT,371.95,372.06,-23.17,0.04,90180.7,22.58,-0.226,-0.965,-0.162,0.2,-0.5,0.1,3.90
54510,DESCENT,371.84,371.82,-23.17,-0.25,90181.9,22.58,-0.233,-0.925,-0.198,0.4,-0.1,-0.1,3.90
54520,DESCENT,371.49,371.59,-23.18,-0.05,90185.8,22.58,-0.249,-0.949,-0.163,0.4,-0.3,0.1,3.90
54530,DESCENT,371.16,371.35,-23.19,-0.02,90189.3,22.59,-0.284,-0.937,-0.195,0.4,-0.4,-0.4,3.90
54540,DESCENT,371.05,371.12,-23.19,-0.20,90190.5,22.59,-0.223,-0.937,-0.178,0.0,-0.4,0.2,3.90
54550,DESCENT,370.82,370.88,-23.20,-0.03,90193.1,22.59,-0.262,-0.947,-0.172,-0.1,-0.2,-0.4,3.90
54560,DESCENT,370.65,370.65,-23.20,-0.22,90194.9,22.59,-0.194,-0.938,-0.197,0.3,-0.2,-0.1,3.90
54570,DESCENT,370.10,370.41,-23.21,-0.21,90201.0,22.59,-0.214,-0.936,-0.190,-0.1,-0.2,-0.2,3.90
54580,DESCENT,370.27,370.18,-23.21,-0.23,90199.1,22.59,-0.222,-0.931,-0.194,-0.1,-0.5,0.2,3.90
54590,DESCENT,370.00,369.95,-23.21,0.01,90202.0,22.60,-0.221,-0.953,-0.210,0.4,0.0,-0.2,3.90
54600,DESCENT,369.73,369.72,-23.21,-0.42,90204.9,22.60,-0.202,-0.919,-0.174,0.4,-0.8,-0.1,3.90
54610,DESCENT,369.25,369.48,-23.22,-0.12,90210.2,22.60,-0.221,-0.950,-0.159,0.4,-0.6,0.2,3.90
54620,DESCENT,369.34,369.25,-23.22,-0.27,90209.2,22.60,-0.235,-0.927,-0.176,-0.6,-0.6,-0.5,3.90
54630,DESCENT,369.30,369.03,-23.21,-0.23,90209.7,22.60,-0.226,-0.936,-0.163,0.2,-0.3,0.1,3.90
54640,DESCENT,368.80,368.79,-23.21,-0.20,90215.2,22.60,-0.213,-0.930,-0.219,0.2,-0.2,0.1,3.90
54650,DESCENT,368.24,368.55,-23.23,0.37,90221.3,22.60,-0.208,-0.998,-0.196,-1.1,-0.4,-0.1,3.90
54660,DESCENT,368.29,368.32,-23.23,-0.43,90220.7,22.61,-0.237,-0.913,-0.155,-0.2,-0.6,-0.0,3.90
54670,DESCENT,368.12,368.09,-23.23,-0.17,90222.6,22.61,-0.248,-0.931,-0.196,-0.0,-0.7,-0.2,3.90
54680,DESCENT,368.30,367.87,-23.21,-0.36,90220.6,22.61,-0.226,-0.916,-0.195,-0.2,0.1,-0.2,3.90
54690,DESCENT,367.56,367.63,-23.22,0.11,90228.7,22.61,-0.217,-0.963,-0.223,0.2,0.2,-0.2,3.90
54700,DESCENT,367.11,367.39,-23.23,-0.46,90233.7,22.61,-0.217,-0.906,-0.195,-0.1,-0.4,-0.4,3.90
54710,DESCENT,367.36,367.17,-23.23,0.07,90230.9,22.61,-0.208,-0.966,-0.196,0.7,-0.8,-0.4,3.90
54720,DESCENT,366.82,366.93,-23.23,-0.26,90236.8,22.61,-0.215,-0.927,-0.202,0.4,0.2,-0.3,3.90
54730,DESCENT,366.81,366.70,-23.23,-0.32,90237.0,22.62,-0.201,-0.923,-0.208,0.3,0.0,-0.3,3.90
54740,DESCENT,366.86,366.48,-23.22,-0.35,90236.3,22.62,-0.209,-0.923,-0.183,-0.3,-0.9,-0.1,3.90
54750,DESCENT,366.22,366.25,-23.22,-0.38,90243.4,22.62,-0.233,-0.914,-0.187,0.5,-0.9,-1.0,3.90
54760,DESCENT,366.05,366.02,-23.22,-0.13,90245.2,22.62,-0.220,-0.941,-0.202,-0.2,0.0,-0.4,3.90
54770,DESCENT,365.75,365.78,-23.23,-0.37,90248.5,22.62,-0.220,-0.917,-0.187,0.3,-0.3,-0.3,3.90
54780,DESCENT,365.53,365.55,-23.23,-0.29,90250.9,22.62,-0.207,-0.926,-0.203,0.0,-0.4,-0.2,3.90
54790,DESCENT,365.66,365.33,-23.22,-0.46,90249.5,22.63,-0.233,-0.903,-0.192,0.1,-0.4,-0.2,3.90
54800,DESCENT,364.73,365.09,-23.24,0.07,90259.7,22.63,-0.207,-0.969,-0.179,-0.1,-0.4,-0.3,3.90
54810,DESCENT,365.27,364.87,-23.22,0.10,90253.7,22.63,-0.259,-0.956,-0.200,0.3,-1.2,-0.3,3.90
54820,DESCENT,364.80,364.64,-23.21,-0.05,90258.9,22.63,-0.234,-0.954,-0.156,-0.0,-0.1,0.7,3.90
54830,DESCENT,364.14,364.40,-23.23,0.03,90266.1,22.63,-0.216,-0.965,-0.169,-0.1,0.1,-0.4,3.90
54840,DESCENT,364.52,364.18,-23.21,-0.05,90261.9,22.63,-0.215,-0.945,-0.223,-0.1,-0.8,-0.2,3.90
54850,DESCENT,363.94,363.94,-23.21,0.09,90268.3,22.63,-0.248,-0.962,-0.177,-0.2,-0.3,0.2,3.90
54860,DESCENT,363.53,363.71,-23.22,-0.45,90272.8,22.64,-0.259,-0.899,-0.187,-0.4,-0.1,-0.2,3.90
54870,DESCENT,363.67,363.48,-23.22,-0.33,90271.2,22.64,-0.203,-0.924,-0.198,-0.1,-0.6,-0.4,3.90
54880,DESCENT,363.57,363.26,-23.21,-0.18,90272.4,22.64,-0.189,-0.937,-0.225,0.1,0.3,-0.1,3.90
54890,DESCENT,363.20,363.03,-23.20,-0.23,90276.4,22.64,-0.219,-0.932,-0.191,0.1,0.2,-0.5,3.90
54900,DESCENT,362.34,362.78,-23.22,-0.25,90285.8,22.64,-0.183,-0.939,-0.187,0.4,-0.3,-0.3,3.90
54910,DESCENT,362.44,362.55,-23.23,-0.57,90284.8,22.64,-0.236,-0.892,-0.191,0.9,-0.2,-0.4,3.90
54920,DESCENT,362.12,362.31,-23.24,-0.35,90288.2,22.64,-0.214,-0.927,-0.160,0.2,-0.4,-0.2,3.90
54930,DESCENT,361.62,362.07,-23.26,-0.19,90293.7,22.65,-0.242,-0.927,-0.208,-0.5,0.2,-0.2,3.90
54940,DESCENT,361.81,361.83,-23.27,-0.21,90291.7,22.65,-0.207,-0.932,-0.214,0.3,0.1,-0.1,3.90
54950,DESCENT,361.56,361.60,-23.27,-0.14,90294.3,22.65,-0.173,-0.949,-0.203,-0.2,0.2,-0.6,3.90
54960,DESCENT,361.41,361.37,-23.27,-0.32,90296.0,22.65,-0.251,-0.919,-0.167,0.3,-0.0,-0.1,3.90
54970,DESCENT,360.78,361.12,-23.29,-0.19,90302.9,22.65,-0.230,-0.936,-0.179,-0.3,-0.2,-0.0,3.90
54980,DESCENT,361.24,360.90,-23.28,-0.51,90297.8,22.65,-0.218,-0.907,-0.166,0.0,-0.5,-0.1,3.90
54990,DESCENT,360.59,360.67,-23.29,-0.62,90305.0,22.66,-0.229,-0.898,-0.138,-0.0,-0.2,-0.1,3.90
55000,DESCENT,360.61,360.44,-23.28,-0.09,90304.7,22.66,-0.218,-0.951,-0.178,0.2,-0.6,-0.3,3.90
55010,DESCENT,360.32,360.21,-23.28,0.05,90307.9,22.66,-0.230,-0.958,-0.199,0.1,0.1,-0.5,3.90
55020,DESCENT,360.31,359.99,-23.26,-0.20,90308.0,22.66,-0.216,-0.934,-0.203,-0.2,-0.4,-0.6,3.90
55030,DESCENT,360.03,359.76,-23.26,-0.18,90311.1,22.66,-0.241,-0.930,-0.199,0.3,-0.6,-0.1,3.90
55040,DESCENT,359.78,359.54,-23.25,-0.21,90313.8,22.66,-0.211,-0.931,-0.216,-0.0,0.0,-0.2,3.90
55050,DESCENT,359.29,359.30,-23.25,-0.23,90319.1,22.66,-0.201,-0.937,-0.190,0.2,-0.8,0.2,3.90
55060,DESCENT,359.23,359.07,-23.24,0.10,90319.9,22.67,-0.237,-0.963,-0.192,0.3,-0.8,-0.2,3.90
55070,DESCENT,358.82,358.84,-23.25,-0.33,90324.4,22.67,-0.213,-0.924,-0.186,0.1,-0.1,-0.1,3.90
55080,DESCENT,358.34,358.60,-23.26,-0.13,90329.6,22.67,-0.217,-0.947,-0.171,0.0,-0.4,-0.2,3.90
55090,DESCENT,358.57,358.37,-23.25,0.04,90327.1,22.67,-0.239,-0.958,-0.183,0.3,-0.3,-0.1,3.90
55100,DESCENT,358.44,358.15,-23.24,-0.11,90328.5,22.67,-0.228,-0.943,-0.191,-0.4,-0.3,-0.3,3.90
55110,DESCENT,357.74,357.91,-23.25,-0.47,90336.1,22.67,-0.227,-0.900,-0.211,-0.6,-0.3,-0.2,3.90
55120,DESCENT,358.00,357.69,-23.24,-0.08,90333.3,22.67,-0.192,-0.958,-0.176,0.3,-0.1,0.2,3.90
55130,DESCENT,357.64,357.46,-23.24,-0.60,90337.2,22.68,-0.240,-0.888,-0.187,-0.1,-0.2,-0.6,3.90
55140,DESCENT,356.65,357.21,-23.26,-0.47,90348.1,22.68,-0.194,-0.908,-0.210,0.3,-0.4,-0.0,3.90
55150,DESCENT,356.97,356.98,-23.27,-0.24,90344.6,22.68,-0.245,-0.924,-0.198,0.0,-0.4,0.1,3.90
55160,DESCENT,357.09,356.76,-23.26,-0.16,90343.3,22.68,-0.207,-0.944,-0.184,0.1,-0.3,-0.4,3.90
55170,DESCENT,356.18,356.52,-23.27,-0.25,90353.2,22.68,-0.226,-0.926,-0.202,-0.4,0.1,-0.4,3.90
55180,DESCENT,356.59,356.29,-23.26,-0.32,90348.7,22.68,-0.216,-0.921,-0.203,0.3,0.3,-0.2,3.90
55190,DESCENT,355.89,356.05,-23.27,-0.29,90356.4,22.69,-0.242,-0.927,-0.153,0.3,-0.7,-0.8,3.90
55200,DESCENT,355.76,355.82,-23.28,-0.40,90357.8,22.69,-0.228,-0.910,-0.199,0.3,-0.0,-0.5,3.90
55210,DESCENT,355.44,355.58,-23.29,0.10,90361.4,22.69,-0.207,-0.974,-0.173,0.4,-0.3,-0.5,3.90
55220,DESCENT,355.42,355.35,-23.29,-0.42,90361.5,22.69,-0.214,-0.907,-0.218,-0.4,0.2,0.0,3.90
55230,DESCENT,355.20,355.12,-23.28,-0.11,90363.9,22.69,-0.230,-0.937,-0.221,0.7,0.1,-0.4,3.90
55240,DESCENT,354.91,354.89,-23.28,-0.04,90367.1,22.69,-0.250,-0.951,-0.158,-0.1,-0.0,-0.5,3.90
55250,DESCENT,354.79,354.66,-23.28,-0.35,90368.4,22.69,-0.214,-0.924,-0.174,-0.2,-0.4,-0.3,3.90
55260,DESCENT,354.54,354.43,-23.28,-0.13,90371.1,22.70,-0.218,-0.942,-0.195,0.3,-0.6,-0.5,3.90
55270,DESCENT,354.26,354.20,-23.28,-0.23,90374.2,22.70,-0.251,-0.930,-0.160,-0.6,0.3,-0.2,3.90
55280,DESCENT,353.89,353.96,-23.28,-0.19,90378.4,22.70,-0.227,-0.933,-0.200,-0.1,-0.8,-0.4,3.90
55290,DESCENT,354.29,353.75,-23.26,-0.17,90373.9,22.70,-0.251,-0.941,-0.124,-0.2,-0.0,-0.2,3.90
55300,DESCENT,353.90,353.53,-23.25,-0.06,90378.2,22.70,-0.243,-0.946,-0.181,0.4,0.2,0.1,3.90
55310,DESCENT,353.62,353.30,-23.24,-0.26,90381.3,22.70,-0.228,-0.924,-0.202,0.3,0.4,-0.4,3.90
55320,DESCENT,353.38,353.08,-23.23,-0.38,90383.8,22.70,-0.236,-0.918,-0.159,0.3,-0.4,0.6,3.90
55330,DESCENT,352.77,352.84,-23.23,-0.03,90390.6,22.71,-0.238,-0.951,-0.185,0.1,-0.1,-0.6,3.90
55340,DESCENT,352.88,352.62,-23.22,-0.08,90389.4,22.71,-0.250,-0.943,-0.176,0.0,-0.2,-0.2,3.90
55350,DESCENT,352.34,352.39,-23.22,0.07,90395.3,22.71,-0.265,-0.953,-0.188,0.1,0.1,0.9,3.90
55360,DESCENT,352.15,352.15,-23.22,-0.05,90397.4,22.71,-0.217,-0.953,-0.185,0.4,-0.0,-0.0,3.90
55370,DESCENT,351.94,351.92,-23.22,-0.14,90399.7,22.71,-0.259,-0.932,-0.187,0.4,-0.3,-0.5,3.90
55380,DESCENT,351.53,351.68,-23.23,-0.16,90404.2,22.71,-0.227,-0.936,-0.200,-0.1,-0.3,-0.3,3.90
55390,DESCENT,351.51,351.45,-23.23,-0.42,90404.4,22.72,-0.228,-0.917,-0.149,0.2,-0.4,0.2,3.90
55400,DESCENT,351.04,351.22,-23.24,-0.18,90409.5,22.72,-0.222,-0.939,-0.183,0.3,0.2,0.2,3.90
55410,DESCENT,350.77,350.98,-23.25,-0.01,90412.5,22.72,-0.214,-0.955,-0.202,-0.1,0.0,-0.4,3.90
55420,DESCENT,350.40,350.74,-23.27,-0.34,90416.6,22.72,-0.240,-0.914,-0.195,0.6,-0.3,0.2,3.90
55430,DESCENT,350.70,350.51,-23.26,-0.33,90413.2,22.72,-0.200,-0.930,-0.167,0.3,-0.5,0.1,3.90
55440,DESCENT,350.33,350.28,-23.26,-0.03,90417.3,22.72,-0.252,-0.943,-0.206,-0.7,-0.7,-0.6,3.90
55450,DESCENT,349.66,350.03,-23.28,-0.13,90424.6,22.72,-0.241,-0.935,-0.201,0.6,-0.2,-0.6,3.90
55460,DESCENT,349.94,349.81,-23.27,0.07,90421.5,22.73,-0.222,-0.961,-0.206,0.9,-0.4,-0.3,3.90
55470,DESCENT,349.53,349.57,-23.28,-0.21,90426.1,22.73,-0.218,-0.934,-0.189,-0.3,-0.1,0.4,3.90
55480,DESCENT,349.99,349.36,-23.25,-0.41,90421.0,22.73,-0.247,-0.912,-0.157,0.2,-0.6,-0.2,3.90
55490,DESCENT,349.52,349.14,-23.24,-0.14,90426.1,22.73,-0.246,-0.940,-0.166,0.5,-0.7,-0.2,3.90
55500,DESCENT,349.12,348.91,-23.23,-0.45,90430.5,22.73,-0.203,-0.915,-0.180,0.4,0.5,-0.5,3.90
55510,DESCENT,348.61,348.67,-23.24,-0.57,90436.2,22.73,-0.218,-0.899,-0.176,-0.2,-0.5,0.1,3.90
55520,DESCENT,348.46,348.44,-23.24,-0.04,90437.8,22.73,-0.200,-0.954,-0.206,-0.2,-0.1,-0.4,3.90
55530,DESCENT,347.78,348.20,-23.26,-0.34,90445.2,22.74,-0.224,-0.918,-0.199,0.5,-0.6,-0.3,3.90
55540,DESCENT,347.76,347.96,-23.28,-0.26,90445.5,22.74,-0.253,-0.925,-0.165,0.1,-0.2,-0.2,3.90
55550,DESCENT,347.68,347.73,-23.28,-0.42,90446.4,22.74,-0.180,-0.923,-0.177,0.2,-0.3,-0.2,3.90
55560,DESCENT,347.34,347.49,-23.29,0.03,90450.0,22.74,-0.286,-0.943,-0.189,0.2,-0.6,-0.2,3.90
55570,DESCENT,347.42,347.26,-23.28,-0.61,90449.2,22.74,-0.250,-0.885,-0.183,0.2,-0.1,-0.5,3.90
55580,DESCENT,346.74,347.02,-23.30,-0.37,90456.6,22.74,-0.190,-0.924,-0.189,-0.1,-0.2,-0.1,3.90
55590,DESCENT,347.06,346.79,-23.29,-0.27,90453.1,22.75,-0.228,-0.917,-0.228,-0.1,-0.4,0.1,3.90
55600,DESCENT,346.71,346.57,-23.29,0.03,90457.0,22.75,-0.208,-0.963,-0.187,0.3,-0.2,-0.2,3.90
55610,DESCENT,346.48,346.34,-23.28,-0.40,90459.4,22.75,-0.233,-0.914,-0.170,0.5,0.2,-0.5,3.90
55620,DESCENT,346.19,346.11,-23.28,-0.15,90462.7,22.75,-0.237,-0.935,-0.203,-0.0,-0.6,0.2,3.90
55630,DESCENT,346.24,345.88,-23.27,0.31,90462.1,22.75,-0.235,-0.987,-0.186,0.8,-0.6,-0.0,3.90
55640,DESCENT,345.58,345.65,-23.27,-0.74,90469.4,22.75,-0.197,-0.885,-0.177,0.2,-0.6,-0.2,3.90
55650,DESCENT,345.57,345.42,-23.27,-0.08,90469.5,22.75,-0.210,-0.953,-0.181,0.1,-0.0,-0.3,3.90
55660,DESCENT,345.39,345.19,-23.27,-0.41,90471.5,22.76,-0.279,-0.891,-0.218,0.2,-0.4,-0.5,3.90
55670,DESCENT,345.27,344.97,-23.26,-0.26,90472.8,22.76,-0.213,-0.929,-0.194,-0.1,-0.0,-0.1,3.90
55680,DESCENT,344.50,344.73,-23.27,0.16,90481.2,22.76,-0.230,-0.973,-0.184,-0.2,-0.2,-0.1,3.90
55690,DESCENT,344.52,344.50,-23.27,-0.37,90481.0,22.76,-0.255,-0.913,-0.162,0.4,-0.2,-0.4,3.90
55700,DESCENT,344.42,344.27,-23.26,-0.35,90482.0,22.76,-0.242,-0.915,-0.180,0.7,-0.7,-0.3,3.90
55710,DESCENT,344.17,344.04,-23.26,-0.34,90484.8,22.76,-0.226,-0.918,-0.192,-0.0,-0.1,-0.3,3.90
55720,DESCENT,344.00,343.81,-23.26,-0.53,90486.7,22.76,-0.217,-0.897,-0.204,0.2,-0.1,0.3,3.90
55730,DESCENT,343.45,343.58,-23.27,-0.24,90492.7,22.77,-0.202,-0.937,-0.181,-0.3,-0.3,-0.2,3.90
55740,DESCENT,343.20,343.34,-23.28,-0.09,90495.5,22.77,-0.253,-0.940,-0.185,-0.2,-0.3,-0.5,3.90
55750,DESCENT,343.15,343.11,-23.27,-0.02,90496.0,22.77,-0.234,-0.953,-0.182,0.1,-0.8,-0.2,3.90
55760,DESCENT,342.79,342.87,-23.28,-0.37,90499.9,22.77,-0.237,-0.911,-0.198,-0.3,-0.2,-0.7,3.90
55770,DESCENT,342.85,342.65,-23.27,-0.20,90499.2,22.77,-0.260,-0.926,-0.186,0.3,-0.2,-0.0,3.90
55780,DESCENT,342.89,342.43,-23.26,-0.11,90498.9,22.77,-0.209,-0.944,-0.206,0.2,-0.9,-0.0,3.90
55790,DESCENT,342.34,342.20,-23.25,-0.39,90504.8,22.78,-0.229,-0.913,-0.188,0.0,-0.4,-0.1,3.90
55800,DESCENT,342.30,341.98,-23.24,0.04,90505.3,22.78,-0.252,-0.957,-0.171,-0.5,-0.3,-0.4,3.90
55810,DESCENT,341.63,341.74,-23.25,-0.39,90512.6,22.78,-0.234,-0.915,-0.176,0.3,-0.3,-0.1,3.90
55820,DESCENT,341.75,341.51,-23.24,0.03,90511.4,22.78,-0.245,-0.957,-0.177,-0.2,0.2,-0.5,3.90
55830,DESCENT,341.73,341.29,-23.22,-0.02,90511.6,22.78,-0.215,-0.949,-0.224,0.1,-0.2,-0.1,3.90
55840,DESCENT,341.33,341.07,-23.21,-0.29,90515.9,22.78,-0.208,-0.928,-0.193,0.1,-0.1,-0.1,3.90
55850,DESCENT,340.98,340.84,-23.21,-0.02,90519.8,22.78,-0.236,-0.959,-0.148,-0.3,-0.8,-0.3,3.90
55860,DESCENT,340.56,340.61,-23.21,-0.57,90524.4,22.79,-0.220,-0.900,-0.169,0.4,0.2,-0.2,3.90
55870,DESCENT,340.06,340.37,-23.23,0.19,90529.9,22.79,-0.254,-0.975,-0.162,0.1,-0.2,-1.0,3.90
55880,DESCENT,340.31,340.14,-23.22,-0.25,90527.1,22.79,-0.205,-0.929,-0.207,-0.6,-0.8,0.1,3.90
55890,DESCENT,339.73,339.90,-23.23,-0.23,90533.5,22.79,-0.237,-0.931,-0.176,-0.2,0.4,0.2,3.90
55900,DESCENT,339.38,339.66,-23.24,0.02,90537.4,22.79,-0.233,-0.953,-0.207,0.2,0.1,-0.3,3.90
55910,DESCENT,339.61,339.43,-23.24,0.01,90534.8,22.79,-0.236,-0.958,-0.165,-0.1,0.2,-0.6,3.90
55920,DESCENT,339.40,339.21,-23.23,-0.20,90537.1,22.79,-0.234,-0.933,-0.184,0.0,-0.4,-0.4,3.90
55930,DESCENT,338.99,338.98,-23.23,-0.13,90541.5,22.80,-0.231,-0.941,-0.185,-0.0,-0.3,-0.1,3.90
55940,DESCENT,338.53,338.74,-23.24,-0.50,90546.7,22.80,-0.209,-0.909,-0.173,-0.0,-0.6,-0.6,3.90
55950,DESCENT,338.96,338.52,-23.23,0.11,90542.0,22.80,-0.203,-0.965,-0.226,-0.4,-0.2,-0.5,3.90
55960,DESCENT,338.80,338.30,-23.21,-0.44,90543.7,22.80,-0.206,-0.912,-0.190,-0.2,-0.1,0.4,3.90
55970,DESCENT,338.26,338.07,-23.20,0.18,90549.6,22.80,-0.211,-0.980,-0.186,-0.2,-0.1,-0.7,3.90
55980,DESCENT,337.79,337.84,-23.20,-0.10,90554.7,22.80,-0.263,-0.939,-0.168,-0.1,-0.2,0.0,3.90
55990,DESCENT,337.41,337.60,-23.21,-0.19,90558.9,22.81,-0.212,-0.939,-0.187,0.2,-0.5,0.4,3.90
56000,DESCENT,337.26,337.37,-23.22,-0.08,90560.5,22.81,-0.269,-0.937,-0.183,-0.1,-0.2,-0.1,3.90
56010,DESCENT,337.18,337.14,-23.22,-0.44,90561.5,22.81,-0.220,-0.910,-0.190,0.3,0.0,0.2,3.90
56020,DESCENT,336.89,336.90,-23.22,-0.08,90564.6,22.81,-0.246,-0.939,-0.207,0.3,0.0,-0.3,3.90
56030,DESCENT,336.31,336.66,-23.24,-0.09,90571.0,22.81,-0.258,-0.933,-0.212,0.1,0.2,-0.4,3.90
56040,DESCENT,336.69,336.44,-23.23,-0.15,90566.9,22.81,-0.248,-0.930,-0.207,-0.0,-0.3,-0.0,3.90
56050,DESCENT,335.90,336.20,-23.24,-0.35,90575.4,22.81,-0.197,-0.929,-0.162,-0.3,-0.3,-0.4,3.90
56060,DESCENT,336.15,335.97,-23.24,-0.20,90572.8,22.82,-0.213,-0.935,-0.198,0.2,-0.3,-0.3,3.90
56070,DESCENT,335.34,335.72,-23.25,0.14,90581.7,22.82,-0.161,-0.985,-0.182,0.3,0.1,-0.1,3.90
56080,DESCENT,335.89,335.50,-23.24,-0.36,90575.6,22.82,-0.257,-0.908,-0.193,0.1,-0.3,-0.2,3.90
56090,DESCENT,335.47,335.28,-23.23,0.12,90580.3,22.82,-0.243,-0.965,-0.187,-0.1,-0.1,-0.3,3.90
56100,DESCENT,335.13,335.05,-23.23,-0.23,90583.9,22.82,-0.256,-0.922,-0.194,0.2,-0.5,-0.3,3.90
56110,DESCENT,335.14,334.82,-23.22,-0.40,90583.8,22.82,-0.246,-0.912,-0.167,0.5,-0.3,-0.2,3.90
56120,DESCENT,334.47,334.59,-23.23,-0.24,90591.1,22.82,-0.228,-0.925,-0.212,-0.0,-0.6,-0.3,3.90
56130,DESCENT,334.47,334.36,-23.22,-0.03,90591.2,22.83,-0.205,-0.954,-0.208,0.1,-0.3,0.3,3.90
56140,DESCENT,334.11,334.13,-23.23,-0.53,90595.1,22.83,-0.255,-0.889,-0.198,0.2,0.1,-0.2,3.90
56150,DESCENT,333.98,333.90,-23.23,-0.02,90596.5,22.83,-0.221,-0.945,-0.238,0.5,-0.3,-0.6,3.90
56160,DESCENT,333.45,333.66,-23.24,-0.06,90602.4,22.83,-0.251,-0.945,-0.179,-0.2,-0.3,-0.2,3.90
56170,DESCENT,333.35,333.42,-23.24,-0.20,90603.5,22.83,-0.230,-0.931,-0.198,-0.5,-0.4,-0.3,3.90
56180,DESCENT,332.92,333.18,-23.25,-0.33,90608.1,22.83,-0.185,-0.930,-0.185,0.1,-0.2,0.3,3.90
56190,DESCENT,332.73,332.94,-23.27,-0.34,90610.3,22.84,-0.234,-0.910,-0.222,0.3,-0.1,-0.2,3.90
56200,DESCENT,332.65,332.71,-23.27,-0.12,90611.2,22.84,-0.243,-0.938,-0.198,-0.1,-0.9,0.1,3.90
56210,DESCENT,332.91,332.49,-23.25,-0.05,90608.3,22.84,-0.215,-0.952,-0.193,0.6,-0.1,-0.2,3.90
56220,DESCENT,332.63,332.27,-23.24,-0.49,90611.4,22.84,-0.197,-0.908,-0.197,0.5,-0.1,-0.5,3.90
56230,DESCENT,332.50,332.05,-23.23,0.11,90612.8,22.84,-0.234,-0.965,-0.194,0.5,0.2,-0.3,3.90
56240,DESCENT,331.92,331.82,-23.22,0.21,90619.1,22.84,-0.240,-0.975,-0.189,0.2,0.0,-0.2,3.90
56250,DESCENT,331.62,331.59,-23.22,0.13,90622.4,22.84,-0.205,-0.972,-0.198,0.4,-0.6,-0.2,3.90
56260,DESCENT,331.20,331.35,-23.22,-0.24,90627.1,22.85,-0.235,-0.927,-0.190,0.2,-0.2,-0.2,3.90
56270,DESCENT,330.80,331.11,-23.24,-0.29,90631.5,22.85,-0.225,-0.926,-0.184,0.0,-0.2,-1.0,3.90
56280,DESCENT,331.49,330.89,-23.22,-0.08,90623.9,22.85,-0.205,-0.952,-0.189,-0.2,-0.2,-0.4,3.90
56290,DESCENT,330.47,330.66,-23.22,-0.08,90635.0,22.85,-0.240,-0.941,-0.203,0.6,-0.6,-0.1,3.90
56300,DESCENT,330.86,330.44,-23.21,0.00,90630.9,22.85,-0.242,-0.948,-0.209,-0.0,0.2,-0.6,3.90
56310,DESCENT,330.03,330.20,-23.22,-0.47,90639.9,22.85,-0.227,-0.914,-0.139,0.6,-0.1,-0.1,3.90
56320,DESCENT,330.18,329.97,-23.21,-0.22,90638.2,22.85,-0.200,-0.940,-0.181,0.1,-0.6,0.2,3.90
56330,DESCENT,330.11,329.75,-23.20,-0.20,90639.0,22.86,-0.243,-0.929,-0.192,-0.2,-0.4,-1.0,3.90
56340,DESCENT,329.57,329.52,-23.20,0.15,90644.9,22.86,-0.254,-0.960,-0.215,0.4,-0.3,0.0,3.90
56350,DESCENT,328.84,329.28,-23.22,-0.28,90653.0,22.86,-0.200,-0.935,-0.169,-0.2,-0.2,-0.2,3.90
56360,DESCENT,329.14,329.05,-23.22,-0.25,90649.7,22.86,-0.213,-0.932,-0.189,-0.4,-0.3,0.2,3.90
56370,DESCENT,328.76,328.81,-23.22,-0.33,90653.9,22.86,-0.173,-0.933,-0.183,0.0,-0.9,-0.0,3.90
56380,DESCENT,328.95,328.59,-23.21,-0.19,90651.7,22.86,-0.251,-0.935,-0.160,-0.1,-0.1,0.5,3.90
56390,DESCENT,328.23,328.36,-23.22,-0.63,90659.7,22.87,-0.169,-0.904,-0.170,-0.1,-0.3,-0.2,3.90
56400,DESCENT,328.61,328.14,-23.20,-0.00,90655.5,22.87,-0.238,-0.952,-0.196,0.2,-0.6,-0.2,3.90
56410,DESCENT,327.27,327.89,-23.23,0.04,90670.2,22.87,-0.241,-0.951,-0.214,-0.1,-0.2,-0.9,3.90
56420,DESCENT,327.50,327.65,-23.23,-0.38,90667.7,22.87,-0.212,-0.919,-0.182,0.3,-0.4,-0.6,3.90
56430,DESCENT,327.35,327.42,-23.24,-0.14,90669.3,22.87,-0.238,-0.942,-0.169,-0.2,-0.4,-0.3,3.90
56440,DESCENT,326.94,327.18,-23.25,-0.26,90673.9,22.87,-0.216,-0.933,-0.177,0.4,-0.3,-0.1,3.90
56450,DESCENT,327.01,326.95,-23.25,-0.23,90673.0,22.87,-0.226,-0.934,-0.175,0.4,-0.1,0.2,3.90
56460,DESCENT,327.10,326.72,-23.24,-0.24,90672.1,22.88,-0.220,-0.924,-0.218,0.0,-0.2,-0.2,3.90
56470,DESCENT,326.67,326.50,-23.23,-0.15,90676.8,22.88,-0.247,-0.932,-0.203,0.3,-0.7,-0.0,3.90
56480,DESCENT,326.67,326.28,-23.22,-0.14,90676.8,22.88,-0.238,-0.938,-0.187,0.2,-0.4,-0.3,3.90
56490,DESCENT,325.96,326.04,-23.22,-0.10,90684.6,22.88,-0.241,-0.944,-0.172,0.0,-0.1,-0.7,3.90
56500,DESCENT,326.23,325.82,-23.21,-0.12,90681.6,22.88,-0.249,-0.935,-0.200,-0.1,0.3,-0.6,3.90
56510,DESCENT,325.94,325.60,-23.20,-0.45,90684.9,22.88,-0.200,-0.919,-0.160,0.2,-0.6,0.1,3.90
56520,DESCENT,325.42,325.37,-23.20,-0.05,90690.6,22.88,-0.232,-0.947,-0.200,0.0,-0.1,-0.3,3.90
56530,DESCENT,325.36,325.14,-23.19,-0.23,90691.2,22.89,-0.234,-0.923,-0.213,0.2,-0.7,-0.1,3.90
56540,DESCENT,325.21,324.92,-23.18,0.05,90692.8,22.89,-0.232,-0.957,-0.201,0.2,-0.3,0.1,3.90
56550,DESCENT,324.54,324.68,-23.18,-0.08,90700.2,22.89,-0.255,-0.942,-0.179,0.2,-0.3,-0.5,3.90
56560,DESCENT,325.03,324.47,-23.16,-0.39,90694.7,22.89,-0.234,-0.916,-0.166,-0.0,-0.0,-0.6,3.90
56570,DESCENT,324.51,324.24,-23.16,-0.32,90700.5,22.89,-0.254,-0.909,-0.213,0.3,-0.2,-0.3,3.90
56580,DESCENT,324.61,324.03,-23.13,-0.12,90699.4,22.89,-0.232,-0.942,-0.191,-0.1,-0.7,-0.1,3.90
56590,DESCENT,323.72,323.80,-23.14,0.12,90709.2,22.90,-0.237,-0.967,-0.185,0.5,-0.7,-0.3,3.90
56600,DESCENT,323.48,323.56,-23.14,-0.07,90711.9,22.90,-0.241,-0.943,-0.193,0.1,-0.8,0.3,3.90
56610,DESCENT,323.32,323.33,-23.14,-0.21,90713.6,22.90,-0.213,-0.937,-0.189,0.4,-0.8,0.1,3.90
56620,DESCENT,322.70,323.09,-23.16,-0.01,90720.4,22.90,-0.273,-0.948,-0.155,0.3,-0.0,-0.1,3.90
56630,DESCENT,322.91,322.86,-23.16,-0.62,90718.1,22.90,-0.230,-0.889,-0.181,0.1,-0.2,-0.4,3.90
56640,DESCENT,322.73,322.63,-23.16,-0.16,90720.0,22.90,-0.221,-0.945,-0.168,-0.1,-0.3,-0.2,3.90
56650,DESCENT,322.45,322.40,-23.16,-0.39,90723.1,22.90,-0.205,-0.917,-0.195,0.0,-0.4,-1.3,3.90
56660,DESCENT,322.52,322.18,-23.15,-0.18,90722.4,22.91,-0.206,-0.939,-0.198,0.4,-0.1,-0.3,3.90
56670,DESCENT,322.11,321.95,-23.14,-0.36,90726.8,22.91,-0.243,-0.919,-0.159,0.1,-0.5,-0.4,3.90
56680,DESCENT,321.45,321.71,-23.16,-0.15,90734.1,22.91,-0.222,-0.934,-0.219,0.1,-0.0,-0.4,3.90
56690,DESCENT,321.39,321.48,-23.16,-0.29,90734.8,22.91,-0.212,-0.923,-0.211,0.4,0.0,-0.3,3.90
56700,DESCENT,321.17,321.24,-23.17,-0.02,90737.2,22.91,-0.196,-0.965,-0.161,-0.4,-0.6,0.1,3.90
56710,DESCENT,320.74,321.00,-23.18,-0.41,90741.9,22.91,-0.212,-0.914,-0.190,0.1,-0.1,-0.0,3.90
56720,DESCENT,321.18,320.78,-23.17,-0.20,90737.1,22.91,-0.222,-0.932,-0.206,0.3,0.1,-0.5,3.90
56730,DESCENT,320.54,320.55,-23.17,-0.47,90744.1,22.92,-0.204,-0.903,-0.223,0.5,-0.4,-0.3,3.90
56740,DESCENT,320.01,320.31,-23.19,-0.35,90749.9,22.92,-0.254,-0.909,-0.196,0.3,-0.3,-0.1,3.90
56750,DESCENT,320.23,320.08,-23.19,-0.44,90747.5,22.92,-0.202,-0.920,-0.160,0.1,-0.1,0.2,3.90
56760,DESCENT,319.87,319.85,-23.19,-0.14,90751.5,22.92,-0.230,-0.938,-0.198,-0.1,-0.2,-0.2,3.90
56770,DESCENT,319.64,319.62,-23.19,0.13,90754.0,22.92,-0.264,-0.954,-0.216,-0.3,-0.7,-0.2,3.90
56780,DESCENT,319.32,319.39,-23.19,-0.23,90757.6,22.92,-0.203,-0.942,-0.160,0.2,-0.6,0.2,3.90
56790,DESCENT,318.99,319.15,-23.20,0.34,90761.1,22.93,-0.238,-0.988,-0.199,-0.0,-0.1,-0.0,3.90
56800,DESCENT,318.90,318.92,-23.20,-0.26,90762.1,22.93,-0.208,-0.927,-0.210,0.2,0.3,-0.3,3.90
56810,DESCENT,318.96,318.69,-23.19,-0.44,90761.5,22.93,-0.222,-0.912,-0.178,0.3,-0.0,-0.2,3.90
56820,DESCENT,318.66,318.47,-23.18,0.06,90764.7,22.93,-0.196,-0.962,-0.222,0.0,-0.4,0.1,3.90
56830,DESCENT,318.04,318.23,-23.19,0.34,90771.6,22.93,-0.264,-0.980,-0.204,-0.6,-0.4,0.1,3.90
56840,DESCENT,317.94,318.00,-23.19,-0.20,90772.7,22.93,-0.247,-0.926,-0.203,0.3,-0.0,-0.0,3.90
56850,DESCENT,317.74,317.76,-23.19,-0.00,90774.9,22.93,-0.223,-0.954,-0.199,0.7,-0.6,-0.6,3.90
56860,DESCENT,317.79,317.54,-23.18,0.10,90774.4,22.94,-0.250,-0.962,-0.177,-0.2,-0.9,-0.2,3.90
56870,DESCENT,316.90,317.30,-23.20,-0.14,90784.1,22.94,-0.234,-0.933,-0.215,-0.6,-0.5,-0.6,3.90
56880,DESCENT,317.37,317.07,-23.19,-0.11,90779.0,22.94,-0.221,-0.952,-0.147,0.2,0.2,-0.1,3.90
56890,DESCENT,316.53,316.83,-23.20,-0.24,90788.2,22.94,-0.211,-0.939,-0.156,0.4,-0.3,-0.3,3.90
56900,DESCENT,316.30,316.59,-23.21,0.35,90790.7,22.94,-0.254,-0.987,-0.188,0.0,-0.3,-0.3,3.90
56910,DESCENT,316.65,316.37,-23.20,-0.21,90786.9,22.94,-0.239,-0.931,-0.179,0.1,0.3,-0.2,3.90
56920,DESCENT,316.53,316.15,-23.19,-0.00,90788.2,22.94,-0.208,-0.962,-0.177,0.0,-0.9,-0.2,3.90
56930,DESCENT,316.07,315.92,-23.18,-0.00,90793.2,22.95,-0.257,-0.949,-0.179,0.6,-0.3,0.5,3.90
56940,DESCENT,316.09,315.70,-23.17,-0.33,90793.0,22.95,-0.185,-0.931,-0.179,0.2,-0.7,0.1,3.90
56950,DESCENT,315.41,315.47,-23.17,-0.38,90800.5,22.95,-0.240,-0.910,-0.196,-0.0,-0.2,-0.2,3.90
56960,DESCENT,315.22,315.23,-23.18,-0.36,90802.6,22.95,-0.209,-0.918,-0.206,0.0,-0.8,-0.9,3.90
56970,DESCENT,315.46,315.01,-23.16,-0.26,90799.9,22.95,-0.224,-0.930,-0.179,-0.1,-0.1,0.1,3.90
56980,DESCENT,315.36,314.80,-23.14,-0.62,90801.1,22.95,-0.215,-0.893,-0.183,0.3,-0.1,-0.1,3.90
56990,DESCENT,314.36,314.56,-23.16,-0.55,90812.0,22.95,-0.250,-0.903,-0.116,0.1,-0.5,-0.5,3.90
57000,DESCENT,314.17,314.33,-23.17,-0.16,90814.1,22.96,-0.241,-0.938,-0.174,-0.3,-0.5,-0.6,3.90
57010,DESCENT,314.19,314.10,-23.16,-0.25,90813.9,22.96,-0.239,-0.929,-0.173,-0.4,0.2,-0.3,3.90
57020,DESCENT,314.07,313.87,-23.16,-0.07,90815.2,22.96,-0.219,-0.944,-0.217,-0.4,0.1,-0.4,3.90
57030,DESCENT,313.49,313.63,-23.17,-0.23,90821.6,22.96,-0.218,-0.938,-0.160,0.2,-0.1,-0.5,3.90
57040,DESCENT,313.67,313.41,-23.16,-0.00,90819.6,22.96,-0.241,-0.948,-0.206,0.3,-0.4,0.2,3.90
57050,DESCENT,313.17,313.18,-23.16,-0.28,90825.1,22.96,-0.202,-0.924,-0.221,-0.1,-0.2,-0.2,3.90
57060,DESCENT,312.94,312.95,-23.16,-0.36,90827.6,22.97,-0.223,-0.918,-0.189,-0.0,-0.5,-0.1,3.90
57070,DESCENT,312.94,312.72,-23.15,0.09,90827.6,22.97,-0.229,-0.954,-0.238,-0.5,-0.5,-0.0,3.90
57080,DESCENT,312.81,312.50,-23.14,-0.32,90829.1,22.97,-0.206,-0.922,-0.206,0.5,-0.4,-0.2,3.90
57090,DESCENT,312.15,312.26,-23.15,-0.26,90836.4,22.97,-0.248,-0.920,-0.197,-0.3,-0.4,-0.4,3.90
57100,DESCENT,312.18,312.04,-23.15,-0.54,90836.0,22.97,-0.239,-0.900,-0.163,0.3,-0.4,-0.3,3.90
57110,DESCENT,311.61,311.80,-23.16,-0.30,90842.3,22.97,-0.236,-0.923,-0.179,0.2,0.3,0.2,3.90
57120,DESCENT,311.84,311.58,-23.15,-0.26,90839.7,22.97,-0.231,-0.924,-0.201,0.2,-0.8,0.2,3.90
57130,DESCENT,311.68,311.35,-23.14,-0.25,90841.5,22.98,-0.215,-0.933,-0.180,-0.1,-0.6,-0.1,3.90
57140,DESCENT,311.07,311.12,-23.14,0.02,90848.3,22.98,-0.223,-0.962,-0.167,0.1,-0.1,-0.1,3.90
57150,DESCENT,310.95,310.89,-23.14,-0.17,90849.6,22.98,-0.231,-0.928,-0.223,0.5,-0.2,-0.6,3.90
57160,DESCENT,310.71,310.66,-23.14,-0.29,90852.2,22.98,-0.215,-0.934,-0.148,0.3,-0.3,-0.3,3.90
57170,DESCENT,310.28,310.43,-23.15,0.10,90856.9,22.98,-0.236,-0.963,-0.194,-0.3,-0.5,-0.7,3.90
57180,DESCENT,310.41,310.20,-23.14,-0.15,90855.5,22.98,-0.220,-0.936,-0.209,-0.0,0.1,-0.4,3.90
57190,DESCENT,310.39,309.98,-23.13,-0.06,90855.8,22.98,-0.226,-0.948,-0.195,0.0,-0.7,-0.6,3.90
57200,DESCENT,309.58,309.74,-23.13,-0.33,90864.6,22.99,-0.225,-0.921,-0.184,0.3,0.1,-0.8,3.90
57210,DESCENT,309.73,309.52,-23.13,-0.17,90863.0,22.99,-0.231,-0.938,-0.183,0.3,-0.2,-0.2,3.90
57220,DESCENT,309.37,309.29,-23.13,0.01,90866.9,22.99,-0.207,-0.956,-0.212,0.2,-0.1,0.1,3.90
57230,DESCENT,309.07,309.06,-23.13,-0.38,90870.3,22.99,-0.220,-0.921,-0.164,-0.3,-0.3,-0.1,3.90
57240,DESCENT,308.82,308.83,-23.13,-0.11,90873.0,22.99,-0.258,-0.939,-0.170,-0.1,-0.1,0.1,3.90
57250,DESCENT,309.09,308.61,-23.11,-0.21,90870.0,22.99,-0.233,-0.931,-0.192,-0.0,-0.1,0.0,3.90
57260,DESCENT,308.37,308.38,-23.12,-0.38,90878.0,23.00,-0.223,-0.920,-0.168,-0.1,0.3,-0.4,3.90
57270,DESCENT,308.18,308.15,-23.11,0.15,90880.0,23.00,-0.222,-0.973,-0.188,-0.3,-0.5,-0.5,3.90
57280,DESCENT,307.68,307.91,-23.12,-0.11,90885.5,23.00,-0.253,-0.936,-0.193,0.1,-0.0,-0.7,3.90
57290,DESCENT,307.19,307.67,-23.14,-0.03,90890.9,23.00,-0.256,-0.951,-0.157,-0.5,-0.6,-0.3,3.90
57300,DESCENT,307.43,307.43,-23.14,-0.04,90888.2,23.00,-0.241,-0.949,-0.182,-0.2,-0.5,0.1,3.90
57310,DESCENT,307.45,307.21,-23.14,-0.05,90888.1,23.00,-0.271,-0.943,-0.161,0.1,0.1,-0.8,3.90
57320,DESCENT,307.35,306.99,-23.12,-0.45,90889.2,23.00,-0.233,-0.906,-0.186,0.5,-0.9,-0.4,3.90
57330,DESCENT,306.85,306.76,-23.12,-0.39,90894.7,23.01,-0.229,-0.908,-0.210,0.4,-0.2,-0.1,3.90
57340,DESCENT,306.50,306.53,-23.13,-0.40,90898.5,23.01,-0.215,-0.917,-0.177,0.1,0.1,-0.3,3.90
57350,DESCENT,306.62,306.31,-23.12,-0.22,90897.1,23.01,-0.218,-0.934,-0.186,0.1,-0.4,-0.3,3.90
57360,DESCENT,306.02,306.07,-23.13,-0.53,90903.8,23.01,-0.231,-0.900,-0.173,0.2,-0.5,0.4,3.90
57370,DESCENT,305.54,305.83,-23.14,-0.23,90909.0,23.01,-0.245,-0.924,-0.198,0.2,-0.4,-0.4,3.90
57380,DESCENT,305.93,305.61,-23.13,-0.26,90904.7,23.01,-0.252,-0.918,-0.204,-0.0,-0.8,-0.1,3.90
57390,DESCENT,305.79,305.39,-23.12,-0.13,90906.4,23.01,-0.215,-0.945,-0.187,0.1,-0.5,-0.0,3.90
57400,DESCENT,305.45,305.17,-23.11,-0.30,90910.1,23.02,-0.232,-0.925,-0.171,0.2,-0.4,-0.3,3.90
57410,DESCENT,304.65,304.93,-23.12,0.14,90918.8,23.02,-0.211,-0.970,-0.208,0.1,0.4,0.0,3.90
57420,DESCENT,305.07,304.71,-23.10,-0.14,90914.3,23.02,-0.235,-0.937,-0.192,0.3,-0.6,-0.4,3.90
57430,DESCENT,304.61,304.48,-23.10,-0.15,90919.2,23.02,-0.203,-0.947,-0.178,0.0,-0.4,-0.4,3.90
57440,DESCENT,304.21,304.25,-23.10,-0.12,90923.7,23.02,-0.205,-0.948,-0.186,-0.2,-0.3,-0.1,3.90
57450,DESCENT,303.69,304.01,-23.12,0.19,90929.4,23.02,-0.221,-0.973,-0.207,0.2,-0.2,-0.0,3.90
57460,DESCENT,303.76,303.78,-23.12,-0.49,90928.6,23.03,-0.215,-0.911,-0.160,0.2,-0.6,-0.5,3.90
57470,DESCENT,303.52,303.54,-23.12,-0.11,90931.3,23.03,-0.226,-0.939,-0.210,0.2,-0.1,0.3,3.90
57480,DESCENT,303.75,303.33,-23.11,-0.08,90928.8,23.03,-0.231,-0.950,-0.165,0.3,-0.2,-0.1,3.90
57490,DESCENT,303.02,303.09,-23.11,-0.35,90936.8,23.03,-0.220,-0.913,-0.219,0.3,0.2,-0.2,3.90
57500,DESCENT,302.62,302.85,-23.12,-0.14,90941.2,23.03,-0.218,-0.945,-0.179,-0.1,-0.1,-0.4,3.90
57510,DESCENT,302.59,302.62,-23.13,-0.25,90941.6,23.03,-0.245,-0.920,-0.207,-0.4,0.3,0.2,3.90
57520,DESCENT,302.13,302.38,-23.14,-0.20,90946.5,23.03,-0.175,-0.947,-0.181,0.0,-0.2,0.0,3.90
57530,DESCENT,301.96,302.15,-23.15,-0.01,90948.5,23.04,-0.252,-0.951,-0.178,-0.4,0.0,0.0,3.90
57540,DESCENT,302.01,301.92,-23.15,-0.38,90947.9,23.04,-0.207,-0.920,-0.186,0.2,-0.3,0.0,3.90
57550,DESCENT,301.61,301.68,-23.15,-0.09,90952.3,23.04,-0.233,-0.944,-0.194,0.2,-0.3,-0.1,3.90
57560,DESCENT,301.40,301.45,-23.16,-0.33,90954.6,23.04,-0.201,-0.928,-0.181,-0.2,0.1,-0.0,3.90
57570,DESCENT,301.26,301.22,-23.16,-0.20,90956.1,23.04,-0.207,-0.943,-0.170,0.2,0.3,-0.0,3.90
57580,DESCENT,300.73,300.98,-23.17,-0.30,90962.0,23.04,-0.236,-0.931,-0.135,-0.2,-0.6,0.3,3.90
57590,DESCENT,300.67,300.75,-23.18,-0.21,90962.7,23.04,-0.206,-0.938,-0.184,-0.1,-0.3,-0.3,3.90
57600,DESCENT,300.74,300.52,-23.17,-0.22,90961.9,23.05,-0.199,-0.935,-0.204,0.0,0.2,-0.8,3.90
57610,DESCENT,300.09,300.29,-23.18,-0.20,90969.0,23.05,-0.234,-0.929,-0.206,-0.1,-0.8,-0.2,3.90
57620,DESCENT,300.35,300.06,-23.17,0.15,90966.2,23.05,-0.255,-0.970,-0.162,0.1,-0.2,-0.4,3.90
57630,DESCENT,300.01,299.84,-23.16,-0.39,90969.9,23.05,-0.239,-0.914,-0.172,-0.2,-0.4,-0.6,3.90
57640,DESCENT,299.86,299.61,-23.15,-0.41,90971.5,23.05,-0.193,-0.917,-0.198,-0.0,0.1,-0.3,3.90
57650,DESCENT,299.26,299.38,-23.16,-0.06,90978.2,23.05,-0.259,-0.939,-0.198,0.6,-0.2,-0.3,3.90
57660,DESCENT,299.11,299.14,-23.17,-0.27,90979.8,23.06,-0.185,-0.941,-0.163,0.1,-1.1,0.2,3.90
57670,DESCENT,299.08,298.92,-23.16,-0.27,90980.1,23.06,-0.228,-0.929,-0.171,-0.0,-0.3,-0.1,3.90
57680,DESCENT,298.89,298.69,-23.15,0.14,90982.3,23.06,-0.240,-0.969,-0.185,0.0,0.0,-0.3,3.90
57690,DESCENT,298.69,298.47,-23.14,-0.15,90984.5,23.06,-0.245,-0.936,-0.179,0.3,0.1,-0.3,3.90
57700,DESCENT,298.32,298.24,-23.14,-0.40,90988.5,23.06,-0.219,-0.911,-0.203,-0.1,-0.1,0.1,3.90
57710,DESCENT,297.89,298.00,-23.15,-0.16,90993.3,23.06,-0.226,-0.940,-0.182,-0.2,-0.1,-0.2,3.90
57720,DESCENT,297.73,297.77,-23.15,-0.18,90995.0,23.06,-0.254,-0.926,-0.200,0.1,-0.2,0.0,3.90
57730,DESCENT,297.82,297.55,-23.15,-0.49,90994.0,23.07,-0.218,-0.903,-0.199,-0.2,-0.2,-0.8,3.90
57740,DESCENT,297.18,297.31,-23.15,0.04,91001.1,23.07,-0.179,-0.970,-0.190,0.0,0.0,-0.8,3.90
57750,DESCENT,296.84,297.07,-23.16,-0.26,91004.8,23.07,-0.213,-0.938,-0.153,0.2,0.2,-0.2,3.90
57760,DESCENT,296.49,296.83,-23.18,-0.53,91008.7,23.07,-0.238,-0.899,-0.172,0.1,-0.0,-0.5,3.90
57770,DESCENT,296.86,296.61,-23.17,0.08,91004.6,23.07,-0.235,-0.960,-0.202,0.6,-0.1,-0.3,3.90
57780,DESCENT,296.16,296.37,-23.18,0.06,91012.3,23.07,-0.254,-0.960,-0.161,0.1,-0.3,-0.0,3.90
57790,DESCENT,295.73,296.12,-23.20,-0.40,91017.0,23.07,-0.237,-0.912,-0.177,0.3,-0.3,-0.2,3.90
57800,DESCENT,296.02,295.90,-23.20,-0.28,91013.8,23.08,-0.221,-0.923,-0.209,-0.2,-0.2,-0.3,3.90
57810,DESCENT,295.97,295.67,-23.19,-0.09,91014.4,23.08,-0.199,-0.951,-0.195,0.2,-0.1,-0.0,3.90
57820,DESCENT,295.82,295.45,-23.17,-0.13,91016.0,23.08,-0.213,-0.934,-0.236,0.5,0.2,-0.2,3.90
57830,DESCENT,295.25,295.22,-23.17,0.04,91022.4,23.08,-0.238,-0.956,-0.194,0.1,-0.4,0.3,3.90
57840,DESCENT,295.25,295.00,-23.16,0.20,91022.4,23.08,-0.237,-0.973,-0.198,0.2,-0.2,-0.2,3.90
57850,DESCENT,294.81,294.77,-23.16,-0.17,91027.2,23.08,-0.251,-0.932,-0.183,0.0,-0.6,-0.3,3.90
57860,DESCENT,294.86,294.54,-23.15,0.05,91026.6,23.09,-0.274,-0.956,-0.154,-0.4,-0.1,-0.3,3.90
57870,DESCENT,294.44,294.32,-23.14,-0.04,91031.3,23.09,-0.212,-0.947,-0.225,0.3,0.0,-0.1,3.90
57880,DESCENT,293.99,294.08,-23.15,-0.10,91036.2,23.09,-0.219,-0.944,-0.204,-0.1,-0.2,-0.4,3.90
57890,DESCENT,293.89,293.85,-23.15,-0.48,91037.3,23.09,-0.251,-0.896,-0.191,0.2,-0.4,0.2,3.90
57900,DESCENT,293.50,293.62,-23.16,-0.02,91041.6,23.09,-0.266,-0.943,-0.191,0.9,-0.6,-0.0,3.90
57910,DESCENT,293.66,293.39,-23.15,-0.33,91039.8,23.09,-0.240,-0.915,-0.198,0.3,-0.3,-0.4,3.90
57920,DESCENT,293.61,293.17,-23.13,-0.20,91040.4,23.09,-0.214,-0.935,-0.201,0.2,-0.3,-0.2,3.90
57930,DESCENT,292.96,292.94,-23.13,-0.22,91047.5,23.10,-0.262,-0.920,-0.200,-0.2,-0.2,-0.4,3.90
57940,DESCENT,293.23,292.73,-23.11,-0.33,91044.6,23.10,-0.243,-0.915,-0.193,0.4,-0.7,-0.4,3.90
57950,DESCENT,292.31,292.49,-23.12,-0.07,91054.7,23.10,-0.194,-0.951,-0.210,-0.3,-0.0,-0.9,3.90
57960,DESCENT,292.22,292.26,-23.13,-0.23,91055.8,23.10,-0.218,-0.938,-0.162,-0.0,-0.5,0.2,3.90
57970,DESCENT,292.13,292.03,-23.13,-0.43,91056.7,23.10,-0.205,-0.913,-0.196,0.6,-0.2,-0.4,3.90
57980,DESCENT,291.81,291.80,-23.13,-0.04,91060.2,23.10,-0.243,-0.945,-0.203,-0.2,-0.4,0.3,3.90
57990,DESCENT,291.87,291.58,-23.12,-0.07,91059.6,23.10,-0.243,-0.945,-0.185,0.3,-0.1,-0.3,3.90
58000,DESCENT,290.98,291.33,-23.13,-0.30,91069.3,23.11,-0.221,-0.922,-0.201,0.3,-0.5,-0.1,3.90
58010,DESCENT,290.94,291.10,-23.14,-0.18,91069.9,23.11,-0.247,-0.927,-0.206,0.0,-0.1,-0.3,3.90
58020,DESCENT,290.81,290.86,-23.15,-0.10,91071.3,23.11,-0.207,-0.951,-0.178,0.2,-0.3,-0.5,3.90
58030,DESCENT,290.64,290.63,-23.15,-0.36,91073.1,23.11,-0.195,-0.925,-0.182,0.5,-0.6,-0.2,3.90
58040,DESCENT,290.63,290.41,-23.14,-0.22,91073.3,23.11,-0.210,-0.938,-0.181,0.2,-0.8,-0.3,3.90
58050,DESCENT,290.30,290.18,-23.14,-0.30,91076.8,23.11,-0.196,-0.927,-0.207,-0.4,0.3,-0.6,3.90
58060,DESCENT,289.11,289.93,-23.18,-0.37,91090.0,23.12,-0.239,-0.916,-0.172,0.1,0.1,-0.1,3.90
58070,DESCENT,289.88,289.70,-23.17,-0.50,91081.5,23.12,-0.259,-0.885,-0.226,-0.1,-0.3,-0.3,3.90
58080,DESCENT,289.54,289.47,-23.17,-0.19,91085.2,23.12,-0.269,-0.918,-0.214,-0.2,-0.1,-0.2,3.90
58090,DESCENT,289.50,289.24,-23.17,-0.51,91085.7,23.12,-0.230,-0.905,-0.158,0.0,-0.2,-0.5,3.90
58100,DESCENT,289.10,289.02,-23.17,-0.26,91090.1,23.12,-0.204,-0.935,-0.178,-0.0,-0.2,0.1,3.90
58110,DESCENT,288.82,288.79,-23.17,-0.14,91093.2,23.12,-0.219,-0.937,-0.215,-0.0,-0.2,0.0,3.90
58120,DESCENT,288.71,288.56,-23.16,-0.34,91094.4,23.12,-0.219,-0.919,-0.194,-0.2,-0.3,-0.2,3.90
58130,DESCENT,288.19,288.32,-23.17,-0.31,91100.2,23.13,-0.234,-0.923,-0.173,0.2,-0.4,0.2,3.90
58140,DESCENT,288.30,288.10,-23.17,0.03,91098.9,23.13,-0.231,-0.959,-0.180,-0.0,-0.6,-0.3,3.90
58150,DESCENT,287.72,287.86,-23.17,-0.30,91105.3,23.13,-0.259,-0.917,-0.179,0.2,-0.3,-0.1,3.90
58160,DESCENT,287.67,287.63,-23.18,-0.51,91105.9,23.13,-0.215,-0.907,-0.170,-0.2,0.1,-0.3,3.90
58170,DESCENT,287.41,287.40,-23.18,-0.03,91108.7,23.13,-0.234,-0.943,-0.226,-0.4,-0.7,-0.4,3.90
58180,DESCENT,287.20,287.17,-23.18,-0.44,91111.0,23.13,-0.238,-0.903,-0.197,0.2,0.0,-0.7,3.90
58190,DESCENT,286.81,286.93,-23.19,-0.13,91115.3,23.13,-0.238,-0.937,-0.200,-0.4,0.2,-0.4,3.90
58200,DESCENT,286.91,286.71,-23.18,-0.25,91114.2,23.14,-0.248,-0.925,-0.180,-0.1,-0.2,-0.1,3.90
58210,DESCENT,286.49,286.47,-23.18,-0.26,91118.9,23.14,-0.221,-0.934,-0.161,-0.4,-0.6,-0.2,3.90
58220,DESCENT,286.42,286.25,-23.18,-0.41,91119.6,23.14,-0.221,-0.912,-0.191,0.1,-0.7,0.1,3.90
58230,DESCENT,286.37,286.03,-23.17,0.07,91120.2,23.14,-0.257,-0.955,-0.192,-0.1,-0.3,0.5,3.90
58240,DESCENT,285.77,285.79,-23.17,-0.16,91126.8,23.14,-0.231,-0.937,-0.188,0.1,-0.2,-0.1,3.90
58250,DESCENT,285.77,285.57,-23.16,-0.08,91126.8,23.14,-0.250,-0.939,-0.199,-0.1,-0.2,-0.5,3.90
58260,DESCENT,285.21,285.33,-23.17,-0.22,91133.0,23.14,-0.231,-0.932,-0.184,0.2,-0.6,-0.2,3.90
58270,DESCENT,284.98,285.10,-23.17,0.07,91135.4,23.15,-0.260,-0.953,-0.198,0.3,-0.8,-0.4,3.90
58280,DESCENT,285.08,284.87,-23.16,-0.35,91134.4,23.15,-0.238,-0.911,-0.203,-0.1,-0.3,-0.4,3.90
58290,DESCENT,285.26,284.66,-23.14,-0.47,91132.4,23.15,-0.223,-0.908,-0.176,0.1,-0.3,0.1,3.90
58300,DESCENT,284.58,284.43,-23.14,-0.30,91139.9,23.15,-0.239,-0.916,-0.208,0.1,-0.6,-0.4,3.90
58310,DESCENT,283.90,284.19,-23.16,-0.08,91147.4,23.15,-0.210,-0.949,-0.201,0.1,-0.7,0.2,3.90
58320,DESCENT,283.81,283.95,-23.16,-0.28,91148.4,23.15,-0.224,-0.927,-0.182,-0.3,-0.1,-0.7,3.90
58330,DESCENT,283.59,283.72,-23.17,0.23,91150.9,23.16,-0.206,-0.976,-0.234,-0.2,-0.1,-0.1,3.90
58340,DESCENT,283.42,283.49,-23.17,-0.32,91152.8,23.16,-0.215,-0.928,-0.168,0.3,-0.3,-0.2,3.90
58350,DESCENT,283.13,283.25,-23.18,-0.05,91155.9,23.16,-0.223,-0.944,-0.225,0.5,-0.6,-0.1,3.90
58360,DESCENT,282.96,283.02,-23.18,-0.23,91157.8,23.16,-0.231,-0.924,-0.216,0.1,0.3,0.1,3.90
58370,DESCENT,283.07,282.79,-23.17,-0.22,91156.5,23.16,-0.199,-0.937,-0.193,0.5,-0.2,0.1,3.90
58380,DESCENT,282.77,282.57,-23.17,-0.23,91159.9,23.16,-0.211,-0.919,-0.255,0.8,-0.0,0.0,3.90
58390,DESCENT,282.30,282.33,-23.17,-0.05,91165.0,23.16,-0.216,-0.948,-0.215,0.5,-0.6,0.1,3.90
58400,DESCENT,282.50,282.11,-23.16,-0.22,91162.9,23.17,-0.250,-0.929,-0.171,0.0,-0.1,-0.1,3.90
58410,DESCENT,282.07,281.89,-23.15,0.10,91167.6,23.17,-0.225,-0.960,-0.225,0.1,-0.0,-0.4,3.90
58420,DESCENT,281.91,281.66,-23.14,-0.06,91169.4,23.17,-0.221,-0.950,-0.189,0.2,-0.2,-0.6,3.90
58430,DESCENT,281.34,281.43,-23.14,-0.14,91175.7,23.17,-0.261,-0.935,-0.171,0.2,-0.6,-0.5,3.90
58440,DESCENT,281.34,281.20,-23.14,-0.11,91175.6,23.17,-0.219,-0.941,-0.209,-0.3,0.1,-0.1,3.90
58450,DESCENT,280.93,280.97,-23.14,0.12,91180.2,23.17,-0.230,-0.970,-0.176,-0.1,-0.2,-0.2,3.90
58460,DESCENT,280.51,280.73,-23.15,-0.27,91184.8,23.17,-0.245,-0.916,-0.216,0.1,-0.4,-0.5,3.90
58470,DESCENT,280.66,280.50,-23.15,-0.30,91183.1,23.18,-0.234,-0.923,-0.181,0.4,-0.3,-0.6,3.90
58480,DESCENT,280.27,280.27,-23.15,-0.40,91187.4,23.18,-0.231,-0.911,-0.195,0.5,-0.1,-0.1,3.90
58490,DESCENT,280.35,280.05,-23.14,-0.12,91186.6,23.18,-0.220,-0.945,-0.188,0.3,-0.2,-0.2,3.90
58500,DESCENT,279.91,279.82,-23.14,-0.46,91191.4,23.18,-0.236,-0.904,-0.191,-0.1,-0.1,-0.4,3.90
58510,DESCENT,279.46,279.59,-23.15,-0.39,91196.4,23.18,-0.226,-0.915,-0.186,-0.1,0.3,-0.6,3.90
58520,DESCENT,279.43,279.36,-23.15,-0.24,91196.7,23.18,-0.172,-0.940,-0.199,-0.0,-0.1,0.2,3.90
58530,DESCENT,278.98,279.12,-23.16,-0.43,91201.6,23.19,-0.202,-0.914,-0.191,0.2,0.2,0.2,3.90
58540,DESCENT,278.64,278.88,-23.17,-0.09,91205.4,23.19,-0.263,-0.934,-0.202,-0.2,-0.3,-0.1,3.90
58550,DESCENT,278.73,278.65,-23.17,-0.26,91204.5,23.19,-0.240,-0.923,-0.195,0.2,-0.1,-0.2,3.90
58560,DESCENT,278.42,278.42,-23.17,0.06,91207.8,23.19,-0.255,-0.961,-0.162,0.4,-0.4,0.3,3.90
58570,DESCENT,278.19,278.19,-23.17,-0.17,91210.4,23.19,-0.213,-0.943,-0.174,-0.1,0.3,-0.2,3.90
58580,DESCENT,278.17,277.96,-23.17,-0.33,91210.6,23.19,-0.234,-0.913,-0.215,0.1,-0.6,0.2,3.90
58590,DESCENT,277.63,277.73,-23.17,-0.29,91216.6,23.19,-0.204,-0.926,-0.207,0.1,-0.1,-0.4,3.90
58600,DESCENT,277.62,277.50,-23.17,-0.01,91216.7,23.20,-0.204,-0.963,-0.171,-0.0,-0.0,-0.4,3.90
58610,DESCENT,277.50,277.28,-23.16,-0.19,91218.0,23.20,-0.193,-0.951,-0.139,0.2,0.2,0.4,3.90
58620,DESCENT,276.97,277.04,-23.16,-0.05,91223.8,23.20,-0.223,-0.944,-0.222,-0.0,-0.3,0.1,3.90
58630,DESCENT,276.56,276.80,-23.18,-0.40,91228.4,23.20,-0.197,-0.923,-0.171,0.4,0.1,0.3,3.90
58640,DESCENT,276.74,276.58,-23.17,-0.29,91226.4,23.20,-0.243,-0.915,-0.212,-0.4,-0.4,-0.6,3.90
58650,DESCENT,276.18,276.34,-23.18,0.02,91232.6,23.20,-0.256,-0.947,-0.207,0.4,0.0,0.3,3.90
58660,DESCENT,276.23,276.11,-23.18,-0.33,91232.0,23.20,-0.224,-0.923,-0.181,-0.1,-0.1,0.3,3.90
58670,DESCENT,275.82,275.88,-23.18,-0.30,91236.5,23.21,-0.251,-0.918,-0.184,0.2,-0.5,-0.7,3.90
58680,DESCENT,275.49,275.64,-23.19,0.09,91240.2,23.21,-0.222,-0.963,-0.204,0.1,-0.6,0.1,3.90
58690,DESCENT,275.40,275.41,-23.19,-0.11,91241.2,23.21,-0.226,-0.939,-0.206,-0.6,-0.8,-0.0,3.90
58700,DESCENT,275.47,275.19,-23.18,-0.15,91240.4,23.21,-0.218,-0.943,-0.185,-0.0,-0.8,-0.3,3.90
58710,DESCENT,275.25,274.96,-23.17,-0.25,91242.8,23.21,-0.218,-0.932,-0.184,0.1,0.4,-0.4,3.90
58720,DESCENT,274.86,274.73,-23.17,-0.11,91247.1,23.21,-0.222,-0.941,-0.210,-0.2,-0.2,0.0,3.90
58730,DESCENT,274.51,274.50,-23.17,-0.11,91251.0,23.22,-0.230,-0.950,-0.147,-0.1,-0.1,-0.3,3.90
58740,DESCENT,274.13,274.27,-23.18,-0.35,91255.2,23.22,-0.199,-0.917,-0.222,0.3,0.2,-0.2,3.90
58750,DESCENT,274.06,274.04,-23.18,-0.15,91256.0,23.22,-0.255,-0.938,-0.162,-0.1,-0.3,-0.5,3.90
58760,DESCENT,273.74,273.80,-23.18,0.04,91259.5,23.22,-0.233,-0.959,-0.190,-0.0,0.0,0.2,3.90
58770,DESCENT,273.39,273.57,-23.19,-0.02,91263.3,23.22,-0.252,-0.945,-0.198,0.3,-0.4,-0.3,3.90
58780,DESCENT,272.97,273.32,-23.20,0.02,91268.0,23.22,-0.223,-0.959,-0.185,0.0,-0.1,0.0,3.90
58790,DESCENT,272.98,273.09,-23.21,-0.32,91267.9,23.22,-0.196,-0.930,-0.182,0.6,-0.6,0.2,3.90
58800,DESCENT,272.79,272.85,-23.21,-0.17,91270.0,23.23,-0.245,-0.932,-0.189,0.7,-0.4,-0.3,3.90
58810,DESCENT,272.96,272.63,-23.20,-0.36,91268.1,23.23,-0.233,-0.911,-0.205,0.4,-0.9,0.2,3.90
58820,DESCENT,272.45,272.40,-23.20,0.01,91273.8,23.23,-0.274,-0.941,-0.205,-0.0,0.1,0.2,3.90
58830,DESCENT,272.60,272.18,-23.19,-0.23,91272.1,23.23,-0.222,-0.933,-0.180,-0.1,-0.1,0.3,3.90
58840,DESCENT,271.69,271.94,-23.20,0.08,91282.1,23.23,-0.221,-0.965,-0.187,0.0,-0.2,0.1,3.90
58850,DESCENT,271.93,271.72,-23.19,-0.08,91279.4,23.23,-0.233,-0.936,-0.232,-0.2,-0.4,-0.2,3.90
58860,DESCENT,271.55,271.49,-23.19,-0.06,91283.7,23.23,-0.246,-0.944,-0.187,0.2,-0.2,-0.2,3.90
58870,DESCENT,271.20,271.25,-23.19,0.30,91287.5,23.24,-0.224,-0.985,-0.205,0.3,-0.4,-0.5,3.90
58880,DESCENT,270.86,271.02,-23.19,-0.18,91291.3,23.24,-0.231,-0.939,-0.167,0.3,-0.9,-0.1,3.90
58890,DESCENT,270.90,270.79,-23.19,-0.08,91290.9,23.24,-0.255,-0.935,-0.210,0.5,-0.2,-0.8,3.90
58900,DESCENT,270.31,270.55,-23.20,-0.32,91297.4,23.24,-0.226,-0.916,-0.210,0.6,0.2,-0.2,3.90
58910,DESCENT,270.44,270.32,-23.20,-0.04,91296.0,23.24,-0.193,-0.959,-0.188,-0.2,-0.4,-0.5,3.90
58920,DESCENT,269.91,270.08,-23.21,-0.12,91301.8,23.24,-0.185,-0.947,-0.208,0.2,-0.5,-0.7,3.90
58930,DESCENT,269.78,269.85,-23.21,0.00,91303.2,23.25,-0.223,-0.956,-0.194,0.3,-0.6,-0.1,3.90
58940,DESCENT,269.62,269.62,-23.21,-0.22,91305.0,23.25,-0.203,-0.938,-0.186,0.2,-0.1,-0.4,3.90
58950,DESCENT,269.78,269.40,-23.20,-0.17,91303.2,23.25,-0.203,-0.939,-0.211,0.5,0.0,-0.4,3.90
58960,DESCENT,268.99,269.16,-23.21,0.01,91311.9,23.25,-0.239,-0.956,-0.179,-0.1,-0.4,0.0,3.90
58970,DESCENT,268.97,268.93,-23.21,-0.21,91312.1,23.25,-0.248,-0.926,-0.195,0.4,-0.3,-0.6,3.90
58980,DESCENT,268.62,268.69,-23.21,-0.34,91316.1,23.25,-0.218,-0.929,-0.141,0.1,0.2,-0.1,3.90
58990,DESCENT,268.70,268.47,-23.20,0.26,91315.1,23.25,-0.248,-0.980,-0.179,0.0,-0.6,0.1,3.90
59000,DESCENT,268.28,268.24,-23.20,-0.12,91319.8,23.26,-0.223,-0.941,-0.202,0.0,-0.2,-0.2,3.90
59010,DESCENT,268.24,268.01,-23.19,-0.12,91320.2,23.26,-0.225,-0.945,-0.180,0.6,-0.1,0.1,3.90
59020,DESCENT,267.74,267.78,-23.20,-0.41,91325.8,23.26,-0.268,-0.907,-0.154,-0.4,0.0,0.3,3.90
59030,DESCENT,267.71,267.55,-23.19,-0.16,91326.0,23.26,-0.233,-0.930,-0.219,0.0,-0.0,-0.1,3.90
59040,DESCENT,267.24,267.32,-23.20,-0.01,91331.3,23.26,-0.242,-0.954,-0.174,0.3,-0.3,-0.6,3.90
59050,DESCENT,267.48,267.10,-23.18,-0.25,91328.6,23.26,-0.187,-0.942,-0.165,-0.3,-0.1,0.1,3.90
59060,DESCENT,266.76,266.86,-23.19,-0.17,91336.5,23.26,-0.246,-0.930,-0.201,-0.5,-0.4,-0.4,3.90
59070,DESCENT,266.47,266.63,-23.20,-0.56,91339.8,23.27,-0.215,-0.898,-0.188,0.1,-0.6,-0.1,3.90
59080,DESCENT,266.26,266.39,-23.21,-0.22,91342.0,23.27,-0.244,-0.927,-0.190,-0.1,-0.5,-0.2,3.90
59090,DESCENT,266.65,266.17,-23.19,-0.55,91337.8,23.27,-0.192,-0.903,-0.196,-0.1,-0.0,-0.2,3.90
59100,DESCENT,265.92,265.94,-23.20,-0.06,91345.8,23.27,-0.255,-0.937,-0.216,0.3,0.4,-0.5,3.90
59110,DESCENT,265.68,265.71,-23.20,-0.36,91348.5,23.27,-0.227,-0.922,-0.162,0.4,-0.0,0.2,3.90
59120,DESCENT,265.35,265.47,-23.21,-0.16,91352.1,23.27,-0.236,-0.932,-0.206,0.0,-0.3,-0.3,3.90
59130,DESCENT,265.50,265.25,-23.20,-0.33,91350.5,23.27,-0.209,-0.928,-0.170,-0.1,-0.6,-0.0,3.90
59140,DESCENT,265.38,265.02,-23.19,-0.37,91351.9,23.28,-0.225,-0.919,-0.175,0.5,-0.6,-0.3,3.90
59150,DESCENT,265.13,264.80,-23.18,-0.12,91354.6,23.28,-0.239,-0.945,-0.163,0.2,0.2,-0.4,3.90
59160,DESCENT,264.57,264.57,-23.18,-0.07,91360.8,23.28,-0.245,-0.939,-0.208,-0.0,0.2,-0.2,3.90
59170,DESCENT,264.19,264.33,-23.19,-0.24,91365.0,23.28,-0.204,-0.933,-0.200,0.2,-0.3,0.1,3.90
59180,DESCENT,264.01,264.10,-23.19,-0.31,91366.9,23.28,-0.222,-0.923,-0.192,0.0,-0.5,-0.2,3.90
59190,DESCENT,263.81,263.87,-23.20,-0.04,91369.1,23.28,-0.209,-0.955,-0.192,0.3,0.2,-0.7,3.90
59200,DESCENT,263.79,263.64,-23.19,-0.44,91369.3,23.29,-0.238,-0.906,-0.182,0.2,-0.1,0.2,3.90
59210,DESCENT,263.64,263.41,-23.19,-0.16,91371.0,23.29,-0.240,-0.941,-0.157,0.4,-0.4,-0.4,3.90
59220,DESCENT,263.18,263.18,-23.19,-0.09,91376.1,23.29,-0.231,-0.949,-0.167,0.1,-0.8,0.1,3.90
59230,DESCENT,263.05,262.95,-23.18,0.08,91377.6,23.29,-0.208,-0.963,-0.216,-0.0,0.5,-0.3,3.90
59240,DESCENT,262.71,262.72,-23.18,0.17,91381.3,23.29,-0.233,-0.971,-0.193,0.2,0.0,-0.4,3.90
59250,DESCENT,262.81,262.50,-23.17,-0.11,91380.1,23.29,-0.239,-0.936,-0.211,0.1,-0.5,0.1,3.90
59260,DESCENT,262.07,262.26,-23.18,-0.11,91388.4,23.29,-0.203,-0.947,-0.200,0.1,-0.4,-0.4,3.90
59270,DESCENT,262.25,262.03,-23.17,-0.15,91386.4,23.30,-0.222,-0.943,-0.177,0.3,-0.3,-0.3,3.90
59280,DESCENT,261.59,261.80,-23.18,-0.41,91393.7,23.30,-0.226,-0.913,-0.184,-0.3,-0.1,-0.3,3.90
59290,DESCENT,261.89,261.57,-23.17,-0.05,91390.4,23.30,-0.186,-0.957,-0.201,-0.3,-0.6,-0.0,3.90
59300,DESCENT,261.00,261.33,-23.18,-0.01,91400.3,23.30,-0.243,-0.948,-0.200,0.1,-0.0,0.1,3.90
59310,DESCENT,261.25,261.11,-23.18,-0.37,91397.4,23.30,-0.227,-0.919,-0.170,0.2,-0.1,-0.4,3.90
59320,DESCENT,261.05,260.88,-23.18,-0.08,91399.6,23.30,-0.220,-0.952,-0.172,0.0,-0.1,-0.8,3.90
59330,DESCENT,260.53,260.64,-23.18,-0.06,91405.4,23.30,-0.222,-0.948,-0.202,0.7,-0.1,-0.1,3.90
59340,DESCENT,259.99,260.40,-23.20,-0.33,91411.4,23.31,-0.179,-0.930,-0.192,-0.5,-0.3,0.4,3.90
59350,DESCENT,260.34,260.17,-23.20,-0.21,91407.5,23.31,-0.231,-0.928,-0.205,-0.2,0.2,0.1,3.90
59360,DESCENT,260.35,259.95,-23.18,0.10,91407.4,23.31,-0.230,-0.966,-0.188,0.4,-0.0,-0.4,3.90
59370,DESCENT,259.76,259.72,-23.18,-0.12,91413.9,23.31,-0.226,-0.949,-0.152,-0.1,-0.1,-0.6,3.90
59380,DESCENT,259.40,259.49,-23.18,-0.45,91417.9,23.31,-0.224,-0.907,-0.194,0.3,-0.6,-0.5,3.90
59390,DESCENT,259.54,259.26,-23.18,-0.09,91416.3,23.31,-0.230,-0.948,-0.177,0.3,-0.6,-0.5,3.90
59400,DESCENT,259.24,259.04,-23.17,-0.23,91419.7,23.32,-0.217,-0.935,-0.181,-0.1,-0.4,-0.3,3.90
59410,DESCENT,258.74,258.80,-23.17,-0.27,91425.1,23.32,-0.197,-0.934,-0.185,0.6,-0.1,-0.7,3.90
59420,DESCENT,258.66,258.57,-23.17,-0.10,91426.0,23.32,-0.228,-0.941,-0.206,-0.3,0.2,-0.1,3.90
59430,DESCENT,258.68,258.35,-23.16,-0.32,91425.8,23.32,-0.229,-0.920,-0.191,0.8,-0.2,-0.4,3.90
59440,DESCENT,258.72,258.14,-23.14,-0.24,91425.4,23.32,-0.206,-0.936,-0.185,0.3,-0.1,0.0,3.90
59450,DESCENT,257.78,257.90,-23.15,-0.05,91435.8,23.32,-0.240,-0.939,-0.226,-0.3,-0.6,-0.6,3.90
59460,DESCENT,257.84,257.68,-23.14,0.12,91435.1,23.32,-0.209,-0.973,-0.187,-0.3,-0.2,-0.3,3.90
59470,DESCENT,257.71,257.45,-23.13,-0.09,91436.5,23.33,-0.221,-0.940,-0.220,0.2,-0.1,-0.6,3.90
59480,DESCENT,257.81,257.24,-23.11,-0.22,91435.4,23.33,-0.185,-0.941,-0.192,0.2,-0.6,-0.1,3.90
59490,DESCENT,257.27,257.01,-23.10,-0.28,91441.5,23.33,-0.194,-0.934,-0.184,-0.1,-0.1,0.7,3.90
59500,DESCENT,256.73,256.78,-23.10,-0.37,91447.4,23.33,-0.219,-0.908,-0.230,0.1,-0.4,-0.6,3.90
59510,DESCENT,256.61,256.55,-23.10,-0.11,91448.7,23.33,-0.231,-0.934,-0.232,0.4,-0.2,-0.2,3.90
59520,DESCENT,256.48,256.33,-23.10,-0.09,91450.2,23.33,-0.222,-0.949,-0.181,0.2,-0.3,-0.3,3.90
59530,DESCENT,255.99,256.09,-23.10,0.02,91455.5,23.33,-0.257,-0.943,-0.223,-0.1,0.0,-0.3,3.90
59540,DESCENT,255.97,255.86,-23.10,-0.02,91455.8,23.34,-0.240,-0.951,-0.187,0.1,0.1,0.1,3.90
59550,DESCENT,255.81,255.64,-23.09,-0.46,91457.6,23.34,-0.186,-0.916,-0.184,0.2,-0.1,-0.3,3.90
59560,DESCENT,255.58,255.41,-23.09,-0.05,91460.2,23.34,-0.226,-0.947,-0.208,0.1,-0.5,-0.1,3.90
59570,DESCENT,254.75,255.17,-23.11,-0.27,91469.2,23.34,-0.232,-0.933,-0.151,0.8,0.4,0.1,3.90
59580,DESCENT,255.17,254.94,-23.10,-0.30,91464.7,23.34,-0.241,-0.914,-0.217,0.3,-0.4,-0.4,3.90
59590,DESCENT,254.75,254.71,-23.10,-0.30,91469.3,23.34,-0.236,-0.926,-0.163,-0.2,-0.1,-0.7,3.90
59600,DESCENT,254.49,254.48,-23.10,-0.11,91472.2,23.35,-0.242,-0.940,-0.191,0.4,-0.2,-0.5,3.90
59610,DESCENT,254.31,254.25,-23.10,-0.33,91474.1,23.35,-0.168,-0.924,-0.225,0.0,-0.4,-0.7,3.90
59620,DESCENT,253.89,254.02,-23.11,-0.32,91478.8,23.35,-0.205,-0.932,-0.158,-0.3,-0.0,-0.2,3.90
59630,DESCENT,253.93,253.79,-23.11,-0.70,91478.3,23.35,-0.191,-0.890,-0.183,0.1,-0.6,0.1,3.90
59640,DESCENT,253.79,253.57,-23.11,-0.34,91479.9,23.35,-0.204,-0.926,-0.184,-0.7,-0.4,0.1,3.90
59650,DESCENT,253.58,253.34,-23.10,-0.03,91482.3,23.35,-0.224,-0.951,-0.197,-0.2,-0.4,-0.1,3.90
59660,DESCENT,252.83,253.10,-23.11,-0.39,91490.5,23.35,-0.237,-0.910,-0.192,-0.0,-0.2,0.1,3.90
59670,DESCENT,253.09,252.88,-23.11,-0.09,91487.6,23.36,-0.218,-0.946,-0.200,0.2,-0.2,-0.1,3.90
59680,DESCENT,252.76,252.65,-23.10,-0.20,91491.3,23.36,-0.186,-0.943,-0.184,-0.2,-0.0,-0.6,3.90
59690,DESCENT,252.39,252.42,-23.11,-0.51,91495.4,23.36,-0.198,-0.913,-0.160,-0.1,-0.7,-0.6,3.90
59700,DESCENT,251.92,252.18,-23.12,-0.33,91500.6,23.36,-0.211,-0.917,-0.222,0.4,0.1,0.0,3.90
59710,DESCENT,252.40,251.96,-23.11,-0.30,91495.2,23.36,-0.200,-0.929,-0.189,-0.3,-0.1,-0.4,3.90
59720,DESCENT,251.97,251.74,-23.10,-0.35,91500.0,23.36,-0.255,-0.915,-0.166,0.1,0.1,-0.1,3.90
59730,DESCENT,251.68,251.51,-23.10,0.25,91503.2,23.36,-0.264,-0.972,-0.195,-0.4,-0.2,-0.5,3.90
59740,DESCENT,251.53,251.29,-23.08,-0.03,91504.9,23.37,-0.244,-0.946,-0.196,0.1,-0.2,0.1,3.90
59750,DESCENT,251.26,251.06,-23.08,0.15,91507.9,23.37,-0.234,-0.960,-0.234,-0.1,-0.2,-0.0,3.90
59760,DESCENT,250.74,250.83,-23.08,-0.19,91513.6,23.37,-0.240,-0.932,-0.187,0.1,-0.6,-0.0,3.90
59770,DESCENT,250.99,250.61,-23.07,-0.52,91510.9,23.37,-0.230,-0.895,-0.204,-0.3,-0.2,0.1,3.90
59780,DESCENT,250.32,250.38,-23.07,0.12,91518.2,23.37,-0.224,-0.972,-0.179,0.2,-0.7,0.4,3.90
59790,DESCENT,250.35,250.15,-23.07,-0.39,91518.0,23.37,-0.227,-0.906,-0.221,-0.1,0.1,0.2,3.90
59800,DESCENT,250.08,249.93,-23.06,-0.14,91521.0,23.37,-0.226,-0.940,-0.195,0.1,-0.3,0.2,3.90
59810,DESCENT,249.44,249.69,-23.07,-0.41,91528.0,23.38,-0.228,-0.912,-0.184,0.3,-0.5,-0.3,3.90
59820,DESCENT,249.55,249.46,-23.07,0.05,91526.8,23.38,-0.233,-0.960,-0.190,0.4,-0.5,-0.5,3.90
59830,DESCENT,249.49,249.24,-23.06,-0.27,91527.5,23.38,-0.242,-0.919,-0.207,0.2,-0.1,0.1,3.90
59840,DESCENT,249.27,249.01,-23.05,0.06,91529.9,23.38,-0.228,-0.960,-0.198,-0.2,-0.5,-0.8,3.90
59850,DESCENT,249.13,248.79,-23.04,-0.16,91531.5,23.38,-0.226,-0.938,-0.186,0.2,0.3,-0.1,3.90
59860,DESCENT,249.47,248.59,-23.01,-0.13,91527.7,23.38,-0.190,-0.951,-0.187,0.2,-0.8,-0.2,3.90
59870,DESCENT,248.59,248.36,-23.00,-0.29,91537.5,23.39,-0.249,-0.913,-0.212,0.2,0.4,-0.6,3.90
59880,DESCENT,248.50,248.14,-22.99,-0.39,91538.4,23.39,-0.232,-0.914,-0.181,-0.1,0.0,-0.1,3.90
59890,DESCENT,247.94,247.91,-22.99,-0.07,91544.6,23.39,-0.196,-0.963,-0.146,0.1,-0.5,-0.1,3.90
59900,DESCENT,248.01,247.69,-22.98,-0.39,91543.8,23.39,-0.215,-0.925,-0.143,-0.1,0.1,-0.1,3.90
59910,DESCENT,247.56,247.47,-22.98,-0.33,91548.8,23.39,-0.225,-0.920,-0.192,0.7,-0.1,-0.4,3.90
59920,DESCENT,247.50,247.24,-22.97,0.02,91549.5,23.39,-0.204,-0.957,-0.214,0.3,-0.3,-0.0,3.90
59930,DESCENT,247.52,247.03,-22.95,-0.11,91549.2,23.39,-0.248,-0.941,-0.174,-0.1,-0.2,-0.7,3.90
59940,DESCENT,246.88,246.80,-22.95,-0.23,91556.3,23.40,-0.254,-0.920,-0.206,0.5,-0.2,0.1,3.90
59950,DESCENT,246.50,246.57,-22.95,-0.25,91560.6,23.40,-0.253,-0.925,-0.168,0.1,-0.3,-0.1,3.90
59960,DESCENT,245.87,246.33,-22.97,-0.27,91567.5,23.40,-0.208,-0.931,-0.189,0.4,-0.3,-1.0,3.90
59970,DESCENT,246.32,246.10,-22.97,-0.14,91562.5,23.40,-0.233,-0.941,-0.177,0.3,-0.3,-0.2,3.90
59980,DESCENT,245.75,245.87,-22.97,-0.29,91568.8,23.40,-0.221,-0.925,-0.190,-0.4,-0.3,0.1,3.90
59990,DESCENT,245.56,245.64,-22.98,-0.10,91571.0,23.40,-0.268,-0.938,-0.170,-0.1,-0.3,-0.4,3.90
60000,DESCENT,245.62,245.42,-22.97,-0.21,91570.3,23.40,-0.196,-0.944,-0.164,0.0,0.3,-0.3,3.90
60010,DESCENT,244.73,245.17,-22.99,-0.11,91580.1,23.41,-0.226,-0.942,-0.198,-0.0,-0.1,-0.3,3.90
60020,DESCENT,244.90,244.94,-22.99,0.05,91578.3,23.41,-0.250,-0.954,-0.193,0.5,-0.2,-0.2,3.90
60030,DESCENT,244.88,244.72,-22.99,-0.19,91578.4,23.41,-0.220,-0.936,-0.190,0.5,-0.8,-0.3,3.90
60040,DESCENT,244.71,244.49,-22.98,-0.39,91580.4,23.41,-0.233,-0.919,-0.155,0.4,-0.3,0.4,3.90
60050,DESCENT,244.46,244.27,-22.98,-0.34,91583.1,23.41,-0.228,-0.921,-0.177,0.4,0.0,0.5,3.90
60060,DESCENT,244.09,244.04,-22.98,-0.30,91587.2,23.41,-0.222,-0.921,-0.205,0.1,-0.1,-0.3,3.90
60070,DESCENT,244.03,243.82,-22.97,-0.42,91587.9,23.42,-0.189,-0.914,-0.208,-0.5,-0.3,0.0,3.90
60080,DESCENT,243.45,243.58,-22.98,-0.02,91594.3,23.42,-0.208,-0.957,-0.198,0.7,-0.2,-0.3,3.90
60090,DESCENT,243.66,243.36,-22.97,-0.40,91592.0,23.42,-0.237,-0.907,-0.202,0.2,-0.5,0.1,3.90
60100,DESCENT,242.98,243.13,-22.98,-0.21,91599.5,23.42,-0.205,-0.937,-0.199,0.5,-0.5,-0.5,3.90
60110,DESCENT,242.69,242.89,-22.99,-0.23,91602.7,23.42,-0.205,-0.936,-0.189,0.0,-0.7,-0.5,3.90
60120,DESCENT,242.87,242.67,-22.99,-0.43,91600.8,23.42,-0.197,-0.918,-0.180,-0.3,-0.1,-0.5,3.90
60130,DESCENT,242.32,242.43,-22.99,-0.20,91606.8,23.42,-0.236,-0.931,-0.190,-0.1,-0.3,-0.3,3.90
60140,DESCENT,242.21,242.20,-22.99,-0.04,91608.1,23.43,-0.219,-0.958,-0.160,0.6,-0.5,0.0,3.90
60150,DESCENT,242.40,241.99,-22.98,-0.17,91605.9,23.43,-0.239,-0.931,-0.203,0.1,-0.2,0.1,3.90
60160,DESCENT,241.83,241.76,-22.98,-0.20,91612.2,23.43,-0.216,-0.939,-0.172,0.2,0.2,-0.3,3.90
60170,DESCENT,241.10,241.52,-23.00,-0.01,91620.4,23.43,-0.222,-0.948,-0.226,0.2,-0.3,-0.7,3.90
60180,DESCENT,240.87,241.28,-23.01,-0.18,91622.9,23.43,-0.223,-0.935,-0.196,0.0,-0.6,-0.7,3.90
60190,DESCENT,241.13,241.05,-23.01,-0.23,91620.0,23.43,-0.190,-0.939,-0.191,0.1,-0.7,-0.7,3.90
60200,DESCENT,241.00,240.82,-23.01,-0.10,91621.4,23.43,-0.248,-0.943,-0.171,-0.1,-0.3,-0.1,3.90
60210,DESCENT,240.45,240.59,-23.02,-0.55,91627.5,23.44,-0.213,-0.903,-0.173,0.3,-0.1,-0.2,3.90
60220,DESCENT,240.85,240.37,-23.00,-0.32,91623.1,23.44,-0.219,-0.921,-0.202,0.2,-0.1,-0.3,3.90
60230,DESCENT,239.98,240.14,-23.01,0.06,91632.7,23.44,-0.209,-0.967,-0.187,0.0,-0.2,-0.2,3.90
60240,DESCENT,239.61,239.90,-23.02,-0.37,91636.9,23.44,-0.243,-0.913,-0.183,0.6,-0.3,-0.2,3.90
60250,DESCENT,239.62,239.67,-23.03,-0.26,91636.7,23.44,-0.225,-0.925,-0.207,-0.4,-0.5,-0.2,3.90
60260,DESCENT,239.21,239.43,-23.04,-0.49,91641.3,23.44,-0.230,-0.899,-0.199,-0.5,-0.1,-0.4,3.90
60270,DESCENT,239.03,239.20,-23.05,-0.31,91643.3,23.45,-0.205,-0.929,-0.184,0.5,-0.1,-0.6,3.90
60280,DESCENT,238.75,238.96,-23.06,-0.30,91646.4,23.45,-0.245,-0.924,-0.164,0.4,-0.0,-0.7,3.90
60290,DESCENT,238.92,238.73,-23.06,-0.20,91644.5,23.45,-0.224,-0.934,-0.192,0.1,0.0,0.1,3.90
60300,DESCENT,238.55,238.50,-23.06,-0.11,91648.5,23.45,-0.267,-0.937,-0.172,0.2,0.2,-0.6,3.90
60310,DESCENT,238.46,238.28,-23.05,0.02,91649.6,23.45,-0.237,-0.954,-0.195,0.1,-0.2,-0.3,3.90
60320,DESCENT,237.95,238.05,-23.05,-0.02,91655.2,23.45,-0.198,-0.961,-0.187,0.2,-0.8,-0.8,3.90
60330,DESCENT,238.21,237.83,-23.04,-0.08,91652.3,23.45,-0.179,-0.955,-0.195,0.1,0.1,-0.0,3.90
60340,DESCENT,237.59,237.60,-23.04,-0.29,91659.2,23.46,-0.204,-0.935,-0.162,0.8,-0.8,-0.2,3.90
60350,DESCENT,237.13,237.36,-23.05,-0.43,91664.3,23.46,-0.171,-0.915,-0.218,-0.2,-0.7,-0.4,3.90
60360,DESCENT,236.93,237.12,-23.06,-0.13,91666.5,23.46,-0.196,-0.948,-0.196,0.3,-0.4,-0.3,3.90
60370,DESCENT,236.99,236.89,-23.06,-0.20,91665.9,23.46,-0.210,-0.938,-0.187,0.2,-0.2,-0.5,3.90
60380,DESCENT,236.79,236.67,-23.06,0.04,91668.0,23.46,-0.234,-0.961,-0.173,0.1,0.1,-0.2,3.90
60390,DESCENT,236.52,236.44,-23.06,-0.47,91671.1,23.46,-0.208,-0.910,-0.187,0.1,-0.3,-0.4,3.90
60400,DESCENT,235.56,236.19,-23.08,0.12,91681.7,23.46,-0.223,-0.970,-0.189,0.7,0.1,-0.7,3.90
60410,DESCENT,236.08,235.96,-23.08,0.03,91675.9,23.47,-0.245,-0.952,-0.201,0.2,-0.1,-0.5,3.90
60420,DESCENT,235.61,235.73,-23.08,-0.07,91681.1,23.47,-0.227,-0.946,-0.199,0.2,-0.2,-0.4,3.90
60430,DESCENT,235.29,235.49,-23.09,0.09,91684.6,23.47,-0.232,-0.957,-0.220,0.4,-0.4,-0.3,3.90
60440,DESCENT,235.40,235.27,-23.09,-0.27,91683.5,23.47,-0.241,-0.920,-0.202,-0.1,-0.5,-0.1,3.90
60450,DESCENT,234.65,235.02,-23.10,-0.09,91691.8,23.47,-0.227,-0.942,-0.206,-0.6,-0.1,-0.3,3.90
60460,DESCENT,234.73,234.79,-23.11,-0.04,91690.9,23.47,-0.227,-0.950,-0.192,0.2,-0.6,0.1,3.90
60470,DESCENT,234.55,234.56,-23.11,-0.33,91692.9,23.47,-0.240,-0.912,-0.213,0.3,0.2,-0.3,3.90
60480,DESCENT,234.54,234.33,-23.10,-0.30,91692.9,23.48,-0.194,-0.926,-0.210,0.2,-0.3,-0.0,3.90
60490,DESCENT,234.22,234.11,-23.10,-0.24,91696.5,23.48,-0.230,-0.929,-0.190,-0.2,0.2,-0.3,3.90
60500,DESCENT,233.76,233.87,-23.11,0.18,91701.6,23.48,-0.233,-0.974,-0.188,0.7,0.2,-0.2,3.90
60510,DESCENT,234.02,233.65,-23.09,-0.27,91698.8,23.48,-0.215,-0.929,-0.189,-0.1,-0.7,-0.2,3.90
60520,DESCENT,233.58,233.43,-23.09,-0.49,91703.6,23.48,-0.230,-0.898,-0.204,0.7,-0.2,-0.3,3.90
60530,DESCENT,233.32,233.20,-23.09,-0.20,91706.5,23.48,-0.222,-0.937,-0.183,-0.2,-0.5,-0.6,3.90
60540,DESCENT,232.83,232.96,-23.10,-0.31,91712.0,23.49,-0.224,-0.916,-0.218,0.2,-0.1,-0.4,3.90
60550,DESCENT,232.92,232.74,-23.09,-0.15,91710.9,23.49,-0.211,-0.944,-0.184,0.1,0.0,0.2,3.90
60560,DESCENT,232.04,232.49,-23.11,-0.37,91720.7,23.49,-0.217,-0.913,-0.213,0.3,-0.2,-0.3,3.90
60570,DESCENT,232.48,232.27,-23.11,-0.41,91715.8,23.49,-0.226,-0.910,-0.196,0.1,0.0,-0.7,3.90
60580,DESCENT,232.05,232.04,-23.11,-0.52,91720.6,23.49,-0.222,-0.905,-0.165,0.1,-0.5,-0.3,3.90
60590,DESCENT,232.13,231.82,-23.10,-0.21,91719.7,23.49,-0.228,-0.940,-0.152,0.4,-0.2,-0.2,3.90
60600,DESCENT,231.49,231.58,-23.11,-0.31,91726.7,23.49,-0.199,-0.933,-0.164,-0.3,0.3,-0.2,3.90
60610,DESCENT,231.32,231.35,-23.11,-0.08,91728.6,23.50,-0.225,-0.948,-0.183,0.8,-0.1,-0.3,3.90
60620,DESCENT,231.17,231.12,-23.11,-0.16,91730.4,23.50,-0.223,-0.939,-0.190,0.2,0.3,-0.5,3.90
60630,DESCENT,231.10,230.90,-23.10,-0.26,91731.1,23.50,-0.214,-0.932,-0.183,-0.2,-0.1,-0.3,3.90
60640,DESCENT,231.12,230.68,-23.09,-0.12,91730.9,23.50,-0.218,-0.941,-0.210,-0.1,-0.4,-0.4,3.90
60650,DESCENT,230.32,230.44,-23.10,-0.28,91739.8,23.50,-0.225,-0.931,-0.164,-0.1,-0.0,-0.7,3.90
60660,DESCENT,230.44,230.22,-23.09,0.08,91738.5,23.50,-0.225,-0.968,-0.174,-0.5,-0.1,-0.2,3.90
60670,DESCENT,229.82,229.98,-23.09,-0.17,91745.3,23.50,-0.219,-0.943,-0.167,0.2,-0.3,-0.2,3.90
60680,DESCENT,230.01,229.76,-23.08,0.18,91743.2,23.51,-0.223,-0.975,-0.191,0.2,-0.2,-0.3,3.90
60690,DESCENT,229.42,229.53,-23.09,0.01,91749.7,23.51,-0.242,-0.957,-0.167,0.4,-0.1,-0.1,3.90
60700,DESCENT,229.16,229.29,-23.09,0.00,91752.7,23.51,-0.238,-0.953,-0.190,-0.1,-0.3,-0.2,3.90
60710,DESCENT,229.28,229.07,-23.09,-0.22,91751.3,23.51,-0.228,-0.928,-0.204,0.1,-0.4,-0.3,3.90
60720,DESCENT,229.04,228.84,-23.08,0.01,91754.0,23.51,-0.221,-0.961,-0.176,-0.2,0.5,-0.4,3.90
60730,DESCENT,228.89,228.62,-23.07,0.15,91755.7,23.51,-0.257,-0.965,-0.181,-0.1,-0.2,-0.1,3.90
60740,DESCENT,228.55,228.39,-23.06,-0.45,91759.3,23.52,-0.240,-0.903,-0.191,-0.3,-0.2,-0.3,3.90
60750,DESCENT,228.03,228.16,-23.07,-0.35,91765.1,23.52,-0.225,-0.919,-0.187,0.2,-0.2,-0.2,3.90
60760,DESCENT,227.83,227.92,-23.08,-0.27,91767.4,23.52,-0.216,-0.931,-0.182,0.2,-0.1,-0.2,3.90
60770,DESCENT,227.85,227.70,-23.07,0.02,91767.1,23.52,-0.236,-0.950,-0.215,0.4,-0.0,-0.1,3.90
60780,DESCENT,227.43,227.47,-23.07,-0.16,91771.8,23.52,-0.215,-0.938,-0.204,0.1,-0.2,-0.4,3.90
60790,DESCENT,227.23,227.23,-23.08,-0.48,91774.0,23.52,-0.211,-0.908,-0.189,0.4,-0.2,-0.1,3.90
60800,DESCENT,227.31,227.01,-23.07,-0.23,91773.2,23.52,-0.206,-0.943,-0.145,0.2,-0.0,-0.1,3.90
60810,DESCENT,226.99,226.79,-23.06,-0.24,91776.7,23.53,-0.259,-0.924,-0.180,-0.3,-0.2,-0.1,3.90
60820,DESCENT,226.26,226.55,-23.08,-0.09,91784.8,23.53,-0.215,-0.945,-0.211,-0.0,-0.0,-0.2,3.90
60830,DESCENT,226.19,226.31,-23.08,-0.30,91785.6,23.53,-0.242,-0.922,-0.175,-0.3,-0.4,-0.4,3.90
60840,DESCENT,226.16,226.09,-23.08,-0.40,91785.9,23.53,-0.208,-0.921,-0.167,0.2,-0.1,-0.2,3.90
60850,DESCENT,225.74,225.85,-23.09,-0.24,91790.6,23.53,-0.218,-0.938,-0.156,-0.1,-0.2,-0.5,3.90
60860,DESCENT,225.55,225.62,-23.10,-0.35,91792.7,23.53,-0.251,-0.905,-0.220,-0.2,0.3,-0.7,3.90
60870,DESCENT,225.37,225.39,-23.10,-0.09,91794.7,23.53,-0.266,-0.937,-0.187,0.5,-0.1,-0.1,3.90
60880,DESCENT,225.20,225.16,-23.10,-0.03,91796.5,23.54,-0.212,-0.954,-0.194,-0.3,-0.3,-0.0,3.90
60890,DESCENT,224.97,224.93,-23.10,-0.40,91799.1,23.54,-0.218,-0.915,-0.184,-0.2,-0.5,-0.3,3.90
60900,DESCENT,225.11,224.71,-23.09,-0.18,91797.5,23.54,-0.222,-0.937,-0.193,0.6,-0.1,-0.7,3.90
60910,DESCENT,224.38,224.47,-23.09,-0.02,91805.7,23.54,-0.238,-0.946,-0.212,0.1,-0.6,0.1,3.90
60920,DESCENT,224.40,224.25,-23.09,-0.40,91805.4,23.54,-0.189,-0.921,-0.189,-0.3,-0.4,-0.1,3.90
60930,DESCENT,224.05,224.02,-23.09,-0.04,91809.3,23.54,-0.227,-0.946,-0.212,0.6,-0.2,-0.9,3.90
60940,DESCENT,224.23,223.80,-23.07,0.00,91807.3,23.54,-0.238,-0.951,-0.203,0.3,0.0,-0.3,3.90
60950,DESCENT,223.84,223.58,-23.06,-0.00,91811.6,23.55,-0.237,-0.955,-0.179,0.2,-0.2,0.1,3.90
60960,DESCENT,223.25,223.34,-23.06,-0.10,91818.2,23.55,-0.250,-0.933,-0.218,0.3,-0.4,-0.2,3.90
60970,DESCENT,223.50,223.12,-23.05,-0.22,91815.3,23.55,-0.225,-0.937,-0.163,0.7,-0.6,0.2,3.90
60980,DESCENT,222.85,222.89,-23.06,-0.58,91822.6,23.55,-0.193,-0.905,-0.169,-0.1,-0.6,-0.1,3.90
60990,DESCENT,222.39,222.65,-23.07,0.06,91827.7,23.55,-0.229,-0.960,-0.199,-0.4,-0.3,-0.6,3.90
61000,DESCENT,222.73,222.43,-23.06,-0.33,91824.0,23.55,-0.248,-0.917,-0.173,0.7,-0.4,0.4,3.90
61010,DESCENT,221.71,222.19,-23.08,-0.04,91835.2,23.56,-0.224,-0.946,-0.215,0.0,-0.4,-0.3,3.90
61020,DESCENT,221.87,221.95,-23.09,-0.36,91833.5,23.56,-0.246,-0.913,-0.177,0.1,-0.2,0.2,3.90
61030,DESCENT,221.57,221.72,-23.09,0.32,91836.8,23.56,-0.222,-0.988,-0.205,0.4,0.2,-0.2,3.90
61040,DESCENT,221.63,221.49,-23.08,0.02,91836.1,23.56,-0.234,-0.958,-0.178,-0.2,-0.4,-0.2,3.90
61050,DESCENT,221.20,221.26,-23.09,0.17,91840.9,23.56,-0.242,-0.963,-0.224,0.3,-0.3,0.1,3.90
61060,DESCENT,220.64,221.02,-23.10,-0.09,91847.1,23.56,-0.240,-0.943,-0.189,0.6,-0.3,-0.1,3.90
61070,DESCENT,220.98,220.79,-23.09,0.16,91843.4,23.56,-0.238,-0.967,-0.207,0.1,-0.2,-0.5,3.90
61080,DESCENT,220.55,220.56,-23.09,-0.22,91848.1,23.57,-0.279,-0.919,-0.180,0.1,-0.3,0.2,3.90
61090,DESCENT,220.51,220.33,-23.09,-0.41,91848.5,23.57,-0.216,-0.918,-0.169,0.0,0.1,-0.6,3.90
61100,DESCENT,220.15,220.10,-23.09,-0.27,91852.5,23.57,-0.187,-0.932,-0.207,0.5,-0.2,-0.4,3.90
61110,DESCENT,220.06,219.88,-23.09,-0.20,91853.5,23.57,-0.205,-0.940,-0.186,0.0,-0.2,-0.9,3.90
61120,DESCENT,219.42,219.64,-23.10,-0.07,91860.6,23.57,-0.222,-0.942,-0.220,0.3,-0.7,0.1,3.90
61130,DESCENT,219.84,219.42,-23.08,0.07,91856.0,23.57,-0.246,-0.957,-0.195,0.3,-0.4,-0.2,3.90
61140,DESCENT,219.23,219.19,-23.08,-0.25,91862.8,23.57,-0.234,-0.928,-0.182,-0.0,-0.1,-0.6,3.90
61150,DESCENT,218.79,218.96,-23.09,-0.08,91867.6,23.58,-0.231,-0.946,-0.194,0.6,-0.6,-0.9,3.90
61160,DESCENT,219.21,218.74,-23.07,-0.05,91863.0,23.58,-0.232,-0.955,-0.158,0.2,-0.0,-0.4,3.90
61170,DESCENT,218.53,218.51,-23.07,-0.14,91870.5,23.58,-0.204,-0.945,-0.192,0.2,-0.9,-0.1,3.90
61180,DESCENT,218.56,218.29,-23.06,-0.34,91870.2,23.58,-0.225,-0.928,-0.140,-0.0,-0.3,-0.1,3.90
61190,DESCENT,218.36,218.06,-23.05,0.04,91872.4,23.58,-0.200,-0.963,-0.205,-0.3,-0.6,-0.2,3.90
61200,DESCENT,218.15,217.84,-23.04,-0.25,91874.7,23.58,-0.228,-0.931,-0.176,0.7,0.1,-0.2,3.90
61210,DESCENT,217.73,217.62,-23.03,-0.05,91879.4,23.59,-0.205,-0.954,-0.196,0.0,0.1,-0.4,3.90
61220,DESCENT,217.53,217.39,-23.03,-0.20,91881.5,23.59,-0.219,-0.935,-0.190,0.2,-0.5,-0.3,3.90
61230,DESCENT,217.23,217.16,-23.03,-0.57,91884.9,23.59,-0.221,-0.894,-0.193,0.2,-0.6,-0.4,3.90
61240,DESCENT,216.98,216.93,-23.03,-0.32,91887.8,23.59,-0.257,-0.916,-0.179,-0.4,0.1,-0.3,3.90
61250,DESCENT,216.92,216.71,-23.03,0.23,91888.4,23.59,-0.221,-0.978,-0.209,-0.4,-0.6,-0.3,3.90
61260,DESCENT,216.39,216.48,-23.03,-0.03,91894.3,23.59,-0.203,-0.950,-0.224,0.2,-0.0,-0.2,3.90
61270,DESCENT,216.22,216.24,-23.03,-0.11,91896.1,23.59,-0.290,-0.922,-0.207,-0.2,0.0,-0.0,3.90
61280,DESCENT,215.82,216.01,-23.04,-0.23,91900.6,23.60,-0.207,-0.942,-0.150,0.1,-0.3,-0.3,3.90
61290,DESCENT,215.89,215.78,-23.04,-0.25,91899.8,23.60,-0.262,-0.917,-0.200,0.2,-0.4,0.4,3.90
61300,DESCENT,215.63,215.55,-23.03,0.06,91902.6,23.60,-0.242,-0.957,-0.192,0.6,-0.2,-0.5,3.90
61310,DESCENT,215.33,215.32,-23.03,-0.09,91906.1,23.60,-0.216,-0.942,-0.215,0.4,-0.1,-0.5,3.90
61320,DESCENT,215.14,215.09,-23.03,-0.19,91908.1,23.60,-0.243,-0.933,-0.176,0.0,-0.4,-0.4,3.90
61330,DESCENT,215.27,214.88,-23.02,-0.34,91906.7,23.60,-0.206,-0.927,-0.175,-0.4,-0.2,-0.3,3.90
61340,DESCENT,214.93,214.65,-23.01,-0.13,91910.5,23.60,-0.249,-0.936,-0.189,-0.2,-0.1,-0.5,3.90
61350,DESCENT,214.67,214.43,-23.00,-0.24,91913.4,23.61,-0.238,-0.929,-0.175,-0.1,-0.2,-0.7,3.90
61360,DESCENT,214.13,214.20,-23.01,-0.32,91919.4,23.61,-0.191,-0.932,-0.175,0.1,0.1,-0.6,3.90
61370,DESCENT,214.00,213.97,-23.01,-0.05,91920.7,23.61,-0.236,-0.951,-0.176,-0.4,-0.1,0.1,3.90
61380,DESCENT,213.65,213.74,-23.01,-0.14,91924.7,23.61,-0.228,-0.940,-0.191,-0.1,-0.4,0.1,3.90
61390,DESCENT,213.27,213.50,-23.02,0.00,91928.8,23.61,-0.248,-0.952,-0.182,0.5,-0.6,0.1,3.90
61400,DESCENT,213.30,213.27,-23.02,0.11,91928.5,23.61,-0.250,-0.963,-0.184,0.4,-0.4,-0.1,3.90
61410,DESCENT,213.25,213.05,-23.02,-0.50,91929.1,23.61,-0.200,-0.907,-0.192,0.1,-0.2,-0.4,3.90
61420,DESCENT,213.17,212.83,-23.01,-0.29,91930.0,23.62,-0.222,-0.929,-0.171,-0.1,-0.3,-0.4,3.90
61430,DESCENT,212.31,212.59,-23.02,0.09,91939.6,23.62,-0.227,-0.964,-0.196,0.3,-0.2,0.0,3.90
61440,DESCENT,212.68,212.37,-23.01,-0.19,91935.5,23.62,-0.200,-0.942,-0.181,-0.1,-0.1,0.2,3.90
61450,DESCENT,211.75,212.13,-23.02,-0.05,91945.8,23.62,-0.220,-0.949,-0.204,0.3,-0.4,-0.2,3.90
61460,DESCENT,211.81,211.89,-23.03,0.07,91945.1,23.62,-0.280,-0.954,-0.162,-0.0,0.0,0.0,3.90
61470,DESCENT,212.01,211.67,-23.01,0.01,91942.9,23.62,-0.245,-0.946,-0.214,0.2,-0.2,0.2,3.90
61480,DESCENT,211.39,211.44,-23.01,-0.20,91949.8,23.63,-0.236,-0.937,-0.159,0.2,-0.1,-0.2,3.90
61490,DESCENT,210.91,211.20,-23.03,-0.50,91955.1,23.63,-0.215,-0.902,-0.203,0.1,-0.3,-0.3,3.90
61500,DESCENT,211.27,210.98,-23.02,-0.12,91951.1,23.63,-0.271,-0.937,-0.160,-0.3,-0.2,-0.3,3.90
61510,DESCENT,210.76,210.75,-23.02,0.20,91956.8,23.63,-0.238,-0.970,-0.207,0.5,-0.3,-0.3,3.90
61520,DESCENT,210.58,210.52,-23.02,-0.14,91958.7,23.63,-0.244,-0.938,-0.176,0.2,-0.2,-0.1,3.90
61530,DESCENT,210.34,210.29,-23.02,-0.14,91961.4,23.63,-0.278,-0.920,-0.217,0.2,-0.5,-0.1,3.90
61540,DESCENT,210.26,210.07,-23.01,-0.10,91962.4,23.63,-0.261,-0.928,-0.224,-0.0,-0.3,-0.4,3.90
61550,DESCENT,209.54,209.83,-23.03,-0.58,91970.3,23.64,-0.211,-0.895,-0.197,-0.1,0.0,-0.9,3.90
61560,DESCENT,209.80,209.61,-23.02,0.05,91967.4,23.64,-0.239,-0.962,-0.170,0.0,0.2,-0.8,3.90
61570,DESCENT,209.64,209.38,-23.01,-0.13,91969.2,23.64,-0.191,-0.948,-0.195,0.6,-0.4,-0.7,3.90
61580,DESCENT,209.16,209.15,-23.01,-0.05,91974.5,23.64,-0.246,-0.947,-0.181,-0.1,-0.2,-0.6,3.90
61590,DESCENT,209.02,208.93,-23.01,-0.06,91976.1,23.64,-0.228,-0.950,-0.185,0.2,-0.3,-0.1,3.90
61600,DESCENT,208.21,208.68,-23.03,0.22,91985.1,23.64,-0.222,-0.977,-0.206,-0.1,-0.2,0.1,3.90
61610,DESCENT,208.59,208.46,-23.02,-0.09,91980.9,23.64,-0.199,-0.952,-0.184,-0.1,-0.0,-0.2,3.90
61620,DESCENT,208.22,208.23,-23.02,-0.15,91985.0,23.65,-0.254,-0.934,-0.182,0.6,-0.4,-0.0,3.90
61630,DESCENT,207.78,207.99,-23.03,-0.41,91989.8,23.65,-0.221,-0.913,-0.190,-0.7,-0.0,-0.2,3.90
61640,DESCENT,207.47,207.75,-23.05,-0.02,91993.3,23.65,-0.239,-0.951,-0.191,-0.2,0.2,0.1,3.90
61650,DESCENT,207.43,207.52,-23.05,-0.15,91993.7,23.65,-0.211,-0.944,-0.185,-0.4,-0.3,-0.2,3.90
61660,DESCENT,207.30,207.29,-23.05,-0.21,91995.3,23.65,-0.250,-0.924,-0.204,-0.1,-0.0,-0.0,3.90
61670,DESCENT,207.17,207.06,-23.05,0.09,91996.6,23.65,-0.243,-0.963,-0.180,-0.1,-0.4,-0.6,3.90
61680,DESCENT,206.75,206.83,-23.05,-0.55,92001.3,23.66,-0.221,-0.905,-0.149,0.3,-0.2,0.1,3.90
61690,DESCENT,206.92,206.61,-23.04,0.03,91999.4,23.66,-0.181,-0.963,-0.214,-0.2,-0.4,-0.0,3.90
61700,DESCENT,206.56,206.38,-23.04,-0.22,92003.5,23.66,-0.209,-0.933,-0.202,0.2,-0.1,-0.2,3.90
61710,DESCENT,206.52,206.16,-23.02,-0.32,92003.9,23.66,-0.205,-0.927,-0.181,0.1,-0.1,0.2,3.90
61720,DESCENT,206.21,205.94,-23.02,-0.38,92007.3,23.66,-0.236,-0.914,-0.183,-0.3,0.2,0.1,3.90
61730,DESCENT,205.61,205.71,-23.02,-0.29,92013.9,23.66,-0.210,-0.931,-0.173,0.0,-0.0,0.2,3.90
61740,DESCENT,205.66,205.48,-23.02,-0.07,92013.4,23.66,-0.197,-0.955,-0.191,0.3,0.1,-0.6,3.90
61750,DESCENT,205.38,205.25,-23.01,-0.05,92016.6,23.67,-0.226,-0.949,-0.193,0.4,0.2,0.2,3.90
61760,DESCENT,205.10,205.03,-23.01,-0.27,92019.6,23.67,-0.233,-0.923,-0.196,-0.0,-0.4,-0.8,3.90
61770,DESCENT,204.93,204.80,-23.01,-0.10,92021.5,23.67,-0.237,-0.940,-0.199,0.4,-0.5,-0.1,3.90
61780,DESCENT,204.58,204.57,-23.01,-0.03,92025.4,23.67,-0.220,-0.954,-0.185,-0.6,-0.2,-0.1,3.90
61790,DESCENT,204.26,204.34,-23.01,-0.26,92029.0,23.67,-0.198,-0.939,-0.167,-0.3,-0.3,-0.8,3.90
61800,DESCENT,204.33,204.11,-23.00,0.32,92028.2,23.67,-0.249,-0.975,-0.234,0.5,-0.1,-0.1,3.90
61810,DESCENT,203.99,203.89,-23.00,-0.39,92032.0,23.67,-0.217,-0.912,-0.205,0.0,-0.3,-0.5,3.90
61820,DESCENT,203.72,203.66,-23.00,-0.41,92035.0,23.68,-0.215,-0.904,-0.233,-0.2,-0.1,-0.4,3.90
61830,DESCENT,203.42,203.43,-23.01,-0.62,92038.3,23.68,-0.222,-0.894,-0.171,0.0,-0.7,-0.0,3.90
61840,DESCENT,203.34,203.20,-23.01,-0.22,92039.2,23.68,-0.273,-0.919,-0.191,0.2,-0.4,-0.4,3.90
61850,DESCENT,203.15,202.98,-23.00,0.11,92041.3,23.68,-0.264,-0.955,-0.204,0.1,0.0,0.1,3.90
61860,DESCENT,202.83,202.75,-23.00,-0.22,92044.8,23.68,-0.195,-0.935,-0.204,-0.1,-0.6,-0.6,3.90
61870,DESCENT,202.69,202.52,-22.99,-0.33,92046.5,23.68,-0.242,-0.922,-0.156,0.5,-0.4,-0.2,3.90
61880,DESCENT,202.27,202.29,-23.00,-0.40,92051.0,23.68,-0.210,-0.917,-0.184,-0.1,-0.6,-0.3,3.90
61890,DESCENT,202.19,202.07,-23.00,-0.49,92052.0,23.69,-0.240,-0.903,-0.172,-0.2,-0.3,-0.6,3.90
61900,DESCENT,201.95,201.84,-23.00,-0.55,92054.7,23.69,-0.242,-0.892,-0.191,0.4,-0.2,0.2,3.90
61910,DESCENT,201.80,201.62,-22.99,-0.24,92056.3,23.69,-0.236,-0.927,-0.194,-0.3,-0.7,0.0,3.90
61920,DESCENT,201.00,201.38,-23.01,-0.12,92065.2,23.69,-0.256,-0.938,-0.175,0.1,-0.3,-0.4,3.90
61930,DESCENT,201.27,201.15,-23.01,-0.06,92062.2,23.69,-0.252,-0.948,-0.162,-0.3,-0.8,0.0,3.90
61940,DESCENT,200.95,200.92,-23.00,0.17,92065.8,23.69,-0.222,-0.977,-0.179,-0.0,-0.5,0.1,3.90
61950,DESCENT,200.81,200.69,-23.00,-0.41,92067.3,23.70,-0.234,-0.909,-0.191,0.3,0.2,-0.6,3.90
61960,DESCENT,200.43,200.46,-23.00,-0.25,92071.5,23.70,-0.232,-0.930,-0.175,0.2,-0.3,0.1,3.90
61970,DESCENT,200.29,200.23,-23.00,-0.09,92073.1,23.70,-0.222,-0.945,-0.204,0.3,-0.4,0.0,3.90
61980,DESCENT,199.88,200.00,-23.01,-0.18,92077.6,23.70,-0.237,-0.937,-0.173,0.2,-0.5,-0.1,3.90
61990,DESCENT,199.70,199.77,-23.01,-0.20,92079.6,23.70,-0.220,-0.928,-0.224,-0.5,-0.6,-0.4,3.90
62000,DESCENT,199.47,199.54,-23.02,-0.02,92082.2,23.70,-0.230,-0.957,-0.167,0.0,-0.4,0.5,3.90
62010,DESCENT,199.48,199.31,-23.01,0.05,92082.1,23.70,-0.196,-0.967,-0.195,0.2,-0.4,-0.2,3.90
62020,DESCENT,199.03,199.08,-23.01,0.01,92087.1,23.71,-0.237,-0.946,-0.227,-0.5,-0.7,-0.4,3.90
62030,DESCENT,198.99,198.85,-23.01,-0.21,92087.5,23.71,-0.210,-0.942,-0.159,0.4,-0.1,-0.0,3.90
62040,DESCENT,198.69,198.62,-23.01,-0.04,92090.9,23.71,-0.245,-0.946,-0.192,0.8,0.2,0.3,3.90
62050,DESCENT,198.48,198.40,-23.01,-0.27,92093.3,23.71,-0.238,-0.924,-0.190,0.5,-0.8,0.1,3.90
62060,DESCENT,198.11,198.17,-23.01,-0.28,92097.3,23.71,-0.252,-0.920,-0.180,-0.3,-0.4,0.3,3.90
62070,DESCENT,198.05,197.94,-23.01,-0.63,92098.0,23.71,-0.227,-0.890,-0.176,-0.3,-0.7,0.1,3.90
62080,DESCENT,197.91,197.71,-23.01,-0.39,92099.6,23.71,-0.239,-0.909,-0.195,-0.1,-0.2,-0.5,3.90
62090,DESCENT,197.46,197.48,-23.01,-0.22,92104.5,23.72,-0.244,-0.933,-0.164,0.1,-0.1,0.0,3.90
62100,DESCENT,197.25,197.25,-23.01,-0.36,92106.9,23.72,-0.206,-0.918,-0.206,-0.2,-0.1,0.2,3.90
62110,DESCENT,196.88,197.02,-23.02,-0.22,92111.0,23.72,-0.192,-0.934,-0.217,0.3,-0.3,0.2,3.90
62120,DESCENT,196.26,196.77,-23.05,-0.15,92117.9,23.72,-0.242,-0.935,-0.194,0.1,-0.2,-0.7,3.90
62130,DESCENT,196.49,196.54,-23.05,0.24,92115.4,23.72,-0.267,-0.971,-0.189,0.1,0.1,0.0,3.90
62140,DESCENT,196.33,196.31,-23.04,0.14,92117.1,23.72,-0.237,-0.963,-0.211,0.1,0.4,-0.2,3.90
62150,DESCENT,196.06,196.08,-23.05,-0.40,92120.1,23.73,-0.215,-0.912,-0.203,0.1,-0.4,-0.4,3.90
62160,DESCENT,196.07,195.86,-23.04,-0.05,92120.0,23.73,-0.212,-0.941,-0.245,0.1,0.1,-0.2,3.90
62170,DESCENT,195.72,195.63,-23.04,-0.20,92123.9,23.73,-0.210,-0.933,-0.211,-0.2,-0.3,-0.1,3.90
62180,DESCENT,196.02,195.42,-23.02,-0.34,92120.6,23.73,-0.208,-0.924,-0.185,-0.2,0.0,-0.0,3.90
62190,DESCENT,195.30,195.19,-23.01,0.12,92128.6,23.73,-0.250,-0.962,-0.190,-0.0,-0.8,-0.6,3.90
62200,DESCENT,194.78,194.95,-23.02,0.05,92134.4,23.73,-0.230,-0.967,-0.148,-0.1,-0.6,-0.3,3.90
62210,DESCENT,194.57,194.72,-23.03,-0.27,92136.7,23.73,-0.244,-0.922,-0.187,0.3,-0.2,-0.0,3.90
62220,DESCENT,194.55,194.49,-23.03,-0.54,92136.9,23.74,-0.197,-0.905,-0.187,-0.1,-0.1,-0.3,3.90
62230,DESCENT,193.77,194.25,-23.05,0.15,92145.6,23.74,-0.249,-0.967,-0.187,0.1,0.4,-0.1,3.90
62240,DESCENT,194.14,194.02,-23.04,-0.28,92141.5,23.74,-0.218,-0.930,-0.175,0.3,-0.5,0.0,3.90
62250,DESCENT,193.48,193.78,-23.06,-0.09,92148.9,23.74,-0.256,-0.931,-0.221,0.6,-0.7,-0.1,3.90
62260,DESCENT,193.62,193.55,-23.06,-0.43,92147.2,23.74,-0.196,-0.908,-0.228,0.3,-0.2,0.3,3.90
62270,DESCENT,193.09,193.32,-23.07,-0.22,92153.1,23.74,-0.254,-0.926,-0.183,-0.2,-0.5,-0.0,3.90
62280,DESCENT,193.30,193.09,-23.07,-0.51,92150.9,23.74,-0.226,-0.904,-0.176,0.0,-0.5,-0.3,3.90
62290,DESCENT,193.15,192.87,-23.06,0.03,92152.5,23.75,-0.211,-0.953,-0.232,-0.2,-0.7,-0.4,3.90
62300,DESCENT,192.34,192.63,-23.07,-0.33,92161.5,23.75,-0.229,-0.919,-0.188,0.3,-0.4,0.1,3.90
62310,DESCENT,192.39,192.40,-23.07,-0.01,92161.0,23.75,-0.211,-0.965,-0.149,0.3,-0.3,-0.5,3.90
62320,DESCENT,192.22,192.17,-23.07,-0.21,92162.8,23.75,-0.237,-0.928,-0.201,-0.2,-0.5,0.0,3.90
62330,DESCENT,192.18,191.94,-23.06,-0.01,92163.3,23.75,-0.256,-0.947,-0.185,-0.1,-0.5,0.2,3.90
62340,DESCENT,191.84,191.72,-23.06,-0.15,92167.1,23.75,-0.201,-0.947,-0.182,0.0,-0.5,-0.1,3.90
62350,DESCENT,191.46,191.49,-23.06,-0.06,92171.3,23.75,-0.232,-0.951,-0.172,-0.4,-0.1,-0.9,3.90
62360,DESCENT,191.22,191.25,-23.06,-0.31,92174.0,23.76,-0.210,-0.925,-0.190,0.1,-0.2,-0.5,3.90
62370,DESCENT,191.01,191.02,-23.07,-0.17,92176.3,23.76,-0.224,-0.942,-0.168,-0.1,-0.3,-0.7,3.90
62380,DESCENT,190.87,190.80,-23.07,-0.24,92177.9,23.76,-0.221,-0.937,-0.162,0.2,-0.6,-0.0,3.90
62390,DESCENT,190.79,190.57,-23.06,-0.36,92178.7,23.76,-0.241,-0.907,-0.215,-0.1,-0.6,-0.0,3.90
62400,DESCENT,190.38,190.34,-23.06,-0.05,92183.3,23.76,-0.230,-0.952,-0.177,0.1,-0.2,-0.9,3.90
62410,DESCENT,190.20,190.11,-23.06,-0.04,92185.3,23.76,-0.280,-0.937,-0.189,0.2,-0.4,-0.1,3.90
62420,DESCENT,189.59,189.87,-23.07,0.14,92192.1,23.77,-0.236,-0.965,-0.208,0.2,-0.2,-0.2,3.90
62430,DESCENT,189.75,189.65,-23.06,-0.04,92190.3,23.77,-0.267,-0.942,-0.184,-0.1,-0.3,-0.2,3.90
62440,DESCENT,189.49,189.42,-23.06,-0.12,92193.2,23.77,-0.235,-0.936,-0.210,-0.1,-0.5,-0.8,3.90
62450,DESCENT,189.29,189.19,-23.06,-0.23,92195.5,23.77,-0.221,-0.935,-0.174,0.5,-0.2,0.0,3.90
62460,DESCENT,189.09,188.96,-23.06,-0.41,92197.6,23.77,-0.215,-0.917,-0.175,0.5,-0.2,-0.3,3.90
62470,DESCENT,188.81,188.74,-23.06,-0.18,92200.8,23.77,-0.182,-0.950,-0.170,-0.5,0.2,0.2,3.90
62480,DESCENT,188.29,188.50,-23.07,-0.19,92206.6,23.77,-0.250,-0.933,-0.169,0.2,-0.7,-0.3,3.90
62490,DESCENT,188.55,188.28,-23.06,-0.19,92203.7,23.78,-0.237,-0.930,-0.201,-0.1,0.1,-0.3,3.90
62500,DESCENT,187.94,188.04,-23.06,-0.28,92210.5,23.78,-0.238,-0.919,-0.202,0.6,0.2,-0.7,3.90
62510,DESCENT,187.94,187.82,-23.06,-0.32,92210.5,23.78,-0.224,-0.927,-0.159,0.4,-0.1,-0.1,3.90
62520,DESCENT,187.73,187.59,-23.06,0.12,92212.8,23.78,-0.252,-0.961,-0.195,0.0,-0.4,-0.4,3.90
62530,DESCENT,187.30,187.36,-23.06,-0.24,92217.6,23.78,-0.211,-0.934,-0.180,-0.0,-0.3,-0.2,3.90
62540,DESCENT,187.48,187.14,-23.05,-0.29,92215.7,23.78,-0.240,-0.921,-0.186,0.1,-0.1,-0.1,3.90
62550,DESCENT,186.78,186.90,-23.06,-0.09,92223.5,23.78,-0.221,-0.949,-0.179,0.0,-0.4,0.2,3.90
62560,DESCENT,186.92,186.68,-23.05,-0.10,92221.9,23.79,-0.200,-0.946,-0.208,-0.1,-0.2,0.3,3.90
62570,DESCENT,186.70,186.45,-23.04,-0.52,92224.3,23.79,-0.224,-0.896,-0.208,-0.1,-0.4,-0.0,3.90
62580,DESCENT,186.15,186.22,-23.05,-0.28,92230.5,23.79,-0.240,-0.921,-0.197,0.6,-0.0,0.2,3.90
62590,DESCENT,186.10,185.99,-23.05,-0.55,92231.0,23.79,-0.229,-0.898,-0.176,-0.0,-0.2,-0.3,3.90
62600,DESCENT,185.71,185.76,-23.05,-0.15,92235.3,23.79,-0.234,-0.928,-0.232,0.4,-0.4,0.4,3.90
62610,DESCENT,185.47,185.53,-23.06,-0.46,92238.0,23.79,-0.233,-0.906,-0.181,-0.2,0.3,-0.2,3.90
62620,DESCENT,185.39,185.30,-23.06,-0.08,92238.8,23.80,-0.220,-0.949,-0.185,0.1,-0.5,-0.3,3.90
62630,DESCENT,185.44,185.08,-23.04,-0.16,92238.4,23.80,-0.219,-0.942,-0.179,0.3,-0.5,-0.1,3.90
62640,DESCENT,184.80,184.85,-23.05,-0.16,92245.4,23.80,-0.247,-0.925,-0.226,0.4,-0.2,-0.2,3.90
62650,DESCENT,184.47,184.62,-23.06,-0.19,92249.1,23.80,-0.215,-0.936,-0.199,-0.1,-0.6,0.2,3.90
62660,DESCENT,184.89,184.40,-23.04,-0.36,92244.5,23.80,-0.269,-0.907,-0.181,0.4,-0.2,0.2,3.90
62670,DESCENT,183.95,184.16,-23.05,0.04,92254.9,23.80,-0.264,-0.945,-0.218,0.1,-0.6,-0.2,3.90
62680,DESCENT,184.15,183.94,-23.04,-0.08,92252.7,23.80,-0.236,-0.934,-0.233,0.3,-0.2,0.1,3.90
62690,DESCENT,183.93,183.71,-23.03,-0.21,92255.1,23.81,-0.228,-0.927,-0.215,-0.0,-0.6,-0.0,3.90
62700,DESCENT,183.65,183.49,-23.03,-0.14,92258.3,23.81,-0.231,-0.939,-0.187,0.2,-0.5,-0.9,3.90
62710,DESCENT,182.93,183.25,-23.04,-0.15,92266.2,23.81,-0.219,-0.939,-0.197,0.0,0.0,-0.6,3.90
62720,DESCENT,182.82,183.01,-23.05,-0.24,92267.5,23.81,-0.235,-0.929,-0.183,-0.0,-0.4,-0.3,3.90
62730,DESCENT,182.30,182.77,-23.08,-0.68,92273.2,23.81,-0.210,-0.887,-0.185,0.0,-0.3,0.0,3.90
62740,DESCENT,182.45,182.54,-23.08,-0.26,92271.6,23.81,-0.228,-0.928,-0.185,-0.2,-0.2,-0.2,3.90
62750,DESCENT,182.40,182.31,-23.08,-0.59,92272.1,23.81,-0.176,-0.905,-0.178,-0.1,0.7,-0.1,3.90
62760,DESCENT,182.38,182.08,-23.08,-0.17,92272.4,23.82,-0.229,-0.934,-0.204,0.4,-0.3,0.1,3.90
62770,DESCENT,181.61,181.85,-23.09,-0.04,92281.0,23.82,-0.234,-0.951,-0.181,0.1,-0.4,-0.7,3.90
62780,DESCENT,181.91,181.62,-23.08,-0.28,92277.6,23.82,-0.217,-0.932,-0.168,0.1,-0.3,-0.1,3.90
62790,DESCENT,181.33,181.39,-23.08,-0.33,92284.1,23.82,-0.228,-0.922,-0.178,-0.1,-0.2,-0.2,3.90
62800,DESCENT,181.48,181.17,-23.07,-0.44,92282.4,23.82,-0.206,-0.915,-0.179,0.6,0.4,-0.8,3.90
62810,DESCENT,180.89,180.94,-23.08,-0.17,92289.0,23.82,-0.224,-0.938,-0.190,0.4,-0.4,-0.6,3.90
62820,DESCENT,180.65,180.71,-23.08,-0.29,92291.7,23.82,-0.226,-0.924,-0.189,-0.3,-0.5,0.2,3.90
62830,DESCENT,180.70,180.48,-23.08,-0.25,92291.1,23.83,-0.221,-0.929,-0.192,0.0,-0.2,0.2,3.90
62840,DESCENT,180.34,180.25,-23.08,-0.16,92295.1,23.83,-0.273,-0.930,-0.166,0.8,-0.1,0.3,3.90
62850,DESCENT,179.91,180.02,-23.08,-0.13,92299.9,23.83,-0.256,-0.940,-0.157,-0.3,0.0,-0.6,3.90
62860,DESCENT,179.84,179.79,-23.08,-0.40,92300.7,23.83,-0.245,-0.905,-0.204,-0.2,-0.5,-0.2,3.90
62870,DESCENT,179.53,179.56,-23.09,-0.12,92304.2,23.83,-0.204,-0.950,-0.177,-0.1,-0.8,-0.4,3.90
62880,DESCENT,179.40,179.33,-23.09,-0.34,92305.5,23.83,-0.208,-0.924,-0.188,0.3,0.2,-0.5,3.90
62890,DESCENT,179.22,179.10,-23.08,-0.49,92307.6,23.84,-0.229,-0.910,-0.148,0.5,-0.4,-0.7,3.90
62900,DESCENT,179.11,178.88,-23.08,-0.21,92308.8,23.84,-0.231,-0.935,-0.173,0.3,0.1,-0.5,3.90
62910,DESCENT,179.10,178.66,-23.06,-0.21,92308.9,23.84,-0.198,-0.941,-0.180,-0.0,0.2,-0.4,3.90
62920,DESCENT,179.02,178.45,-23.04,-0.40,92309.8,23.84,-0.207,-0.916,-0.193,0.7,-0.3,-0.1,3.90
62930,DESCENT,178.26,178.22,-23.04,0.03,92318.2,23.84,-0.219,-0.959,-0.197,0.1,-0.3,-0.3,3.90
62940,DESCENT,178.16,177.99,-23.04,-0.22,92319.3,23.84,-0.219,-0.928,-0.214,0.2,-0.2,-0.1,3.90
62950,DESCENT,177.45,177.75,-23.05,0.19,92327.3,23.84,-0.228,-0.973,-0.202,0.4,-0.4,-0.4,3.90
62960,DESCENT,177.72,177.53,-23.04,0.06,92324.3,23.85,-0.233,-0.960,-0.189,-0.1,-0.3,-0.5,3.90
62970,DESCENT,177.53,177.30,-23.03,-0.43,92326.5,23.85,-0.250,-0.904,-0.181,-0.1,-0.0,0.0,3.90
62980,DESCENT,177.60,177.09,-23.01,0.03,92325.6,23.85,-0.191,-0.965,-0.196,0.5,-0.4,0.2,3.90
62990,DESCENT,176.61,176.85,-23.02,-0.56,92336.6,23.85,-0.241,-0.891,-0.189,0.2,-0.2,-0.2,3.90
63000,DESCENT,176.78,176.62,-23.02,-0.35,92334.8,23.85,-0.227,-0.919,-0.187,-0.1,0.1,-0.1,3.90
63010,DESCENT,176.90,176.41,-23.01,-0.60,92333.5,23.85,-0.234,-0.896,-0.155,0.0,-0.0,-0.1,3.90
63020,DESCENT,176.19,176.18,-23.01,-0.17,92341.4,23.85,-0.207,-0.942,-0.190,-0.1,-0.4,0.3,3.90
63030,DESCENT,176.15,175.95,-23.01,-0.42,92341.8,23.86,-0.207,-0.917,-0.183,-0.3,-0.0,-0.1,3.90
63040,DESCENT,175.93,175.73,-23.00,-0.26,92344.2,23.86,-0.208,-0.935,-0.175,0.2,-0.6,-0.8,3.90
63050,DESCENT,175.32,175.49,-23.01,0.07,92351.0,23.86,-0.208,-0.961,-0.220,-0.1,-1.0,-0.6,3.90
63060,DESCENT,175.43,175.27,-23.00,-0.12,92349.9,23.86,-0.247,-0.942,-0.167,0.4,0.1,-0.2,3.90
63070,DESCENT,174.82,175.03,-23.01,-0.22,92356.6,23.86,-0.180,-0.940,-0.202,-0.5,-0.5,-0.2,3.90
63080,DESCENT,174.98,174.81,-23.01,-0.19,92354.9,23.86,-0.245,-0.926,-0.210,-0.4,0.2,-0.7,3.90
63090,DESCENT,174.58,174.58,-23.01,-0.52,92359.3,23.86,-0.244,-0.895,-0.193,-0.0,0.1,-0.3,3.90
63100,DESCENT,174.17,174.34,-23.03,-0.82,92363.9,23.87,-0.235,-0.868,-0.176,0.1,0.0,-0.1,3.90
63110,DESCENT,173.99,174.11,-23.04,-0.23,92365.9,23.87,-0.211,-0.943,-0.145,0.3,-0.2,0.1,3.90
63120,DESCENT,174.05,173.88,-23.03,-0.35,92365.1,23.87,-0.228,-0.920,-0.177,-0.4,-0.5,0.1,3.90
63130,DESCENT,173.84,173.66,-23.03,-0.50,92367.6,23.87,-0.217,-0.906,-0.176,-0.1,-0.4,0.2,3.90
63140,DESCENT,173.52,173.43,-23.03,-0.25,92371.1,23.87,-0.184,-0.938,-0.191,-0.6,-0.2,-0.3,3.90
63150,DESCENT,173.24,173.20,-23.03,-0.06,92374.2,23.87,-0.225,-0.946,-0.210,0.4,0.1,-0.3,3.90
63160,DESCENT,173.31,172.98,-23.02,-0.11,92373.4,23.88,-0.216,-0.951,-0.163,0.0,-0.0,0.0,3.90
63170,DESCENT,172.95,172.76,-23.01,-0.36,92377.5,23.88,-0.238,-0.913,-0.193,0.3,-0.6,-0.1,3.90
63180,DESCENT,172.53,172.53,-23.01,-0.37,92382.1,23.88,-0.203,-0.925,-0.171,-0.1,-0.1,-0.2,3.90
63190,DESCENT,172.69,172.31,-23.00,-0.37,92380.4,23.88,-0.246,-0.917,-0.161,0.0,-0.0,-0.3,3.90
63200,DESCENT,171.72,172.07,-23.02,0.05,92391.1,23.88,-0.259,-0.948,-0.215,0.3,0.0,-0.1,3.90
63210,DESCENT,172.24,171.85,-23.00,0.18,92385.3,23.88,-0.236,-0.961,-0.240,0.3,-0.9,-0.5,3.90
63220,DESCENT,171.64,171.62,-23.00,-0.29,92392.1,23.88,-0.192,-0.933,-0.182,0.5,0.2,-0.3,3.90
63230,DESCENT,171.42,171.39,-23.00,-0.20,92394.5,23.89,-0.194,-0.939,-0.203,0.1,0.4,-0.5,3.90
63240,DESCENT,171.72,171.18,-22.98,-0.09,92391.2,23.89,-0.238,-0.940,-0.204,0.3,-0.4,-0.8,3.90
63250,DESCENT,171.30,170.96,-22.97,-0.18,92395.8,23.89,-0.247,-0.934,-0.173,0.2,-0.3,0.2,3.90
63260,DESCENT,170.82,170.73,-22.96,-0.05,92401.2,23.89,-0.266,-0.939,-0.195,0.4,-0.6,-0.6,3.90
63270,DESCENT,170.71,170.50,-22.96,-0.13,92402.4,23.89,-0.222,-0.947,-0.165,0.1,-0.1,-0.5,3.90
63280,DESCENT,170.53,170.28,-22.95,-0.18,92404.4,23.89,-0.234,-0.933,-0.200,0.4,-0.5,-0.1,3.90
63290,DESCENT,170.27,170.06,-22.94,-0.19,92407.4,23.89,-0.239,-0.932,-0.191,-0.1,-0.6,-0.7,3.90
63300,DESCENT,170.09,169.84,-22.93,-0.50,92409.3,23.90,-0.238,-0.900,-0.184,0.3,-0.1,-0.3,3.90
63310,DESCENT,169.52,169.60,-22.94,-0.33,92415.7,23.90,-0.208,-0.919,-0.216,0.5,-0.2,-0.1,3.90
63320,DESCENT,169.37,169.38,-22.95,-0.29,92417.4,23.90,-0.220,-0.932,-0.162,0.2,-0.3,-0.3,3.90
63330,DESCENT,169.39,169.15,-22.94,-0.23,92417.1,23.90,-0.210,-0.939,-0.162,0.2,-0.8,-0.1,3.90
63340,DESCENT,168.81,168.92,-22.95,-0.65,92423.6,23.90,-0.245,-0.879,-0.195,0.3,-0.3,-0.2,3.90
63350,DESCENT,168.59,168.69,-22.95,-0.05,92426.1,23.90,-0.258,-0.946,-0.175,0.0,-0.2,-0.2,3.90
63360,DESCENT,168.15,168.45,-22.97,-0.18,92431.0,23.91,-0.193,-0.942,-0.198,0.0,-0.3,-0.6,3.90
63370,DESCENT,168.00,168.21,-22.98,-0.49,92432.6,23.91,-0.233,-0.905,-0.165,0.2,0.1,0.1,3.90
63380,DESCENT,168.27,167.99,-22.97,-0.31,92429.6,23.91,-0.249,-0.918,-0.186,-0.2,-0.6,0.2,3.90
63390,DESCENT,167.72,167.76,-22.98,0.00,92435.7,23.91,-0.246,-0.954,-0.176,0.6,-0.4,-0.2,3.90
63400,DESCENT,167.37,167.53,-22.98,0.06,92439.7,23.91,-0.232,-0.959,-0.197,-0.1,-0.1,0.0,3.90
63410,DESCENT,167.32,167.30,-22.98,-0.04,92440.2,23.91,-0.239,-0.950,-0.178,0.4,0.3,-0.4,3.90
63420,DESCENT,167.19,167.07,-22.98,-0.23,92441.6,23.91,-0.214,-0.933,-0.194,0.1,-0.2,0.4,3.90
63430,DESCENT,166.92,166.84,-22.97,0.24,92444.6,23.92,-0.246,-0.975,-0.195,0.7,-0.7,-0.2,3.90
63440,DESCENT,166.70,166.62,-22.97,-0.11,92447.1,23.92,-0.195,-0.954,-0.175,-0.3,-0.1,-1.1,3.90
63450,DESCENT,166.73,166.40,-22.96,-0.25,92446.8,23.92,-0.176,-0.935,-0.211,0.4,-0.4,-0.9,3.90
63460,DESCENT,166.29,166.17,-22.96,-0.29,92451.8,23.92,-0.231,-0.927,-0.173,0.3,-0.2,-0.3,3.90
63470,DESCENT,165.86,165.94,-22.96,-0.06,92456.5,23.92,-0.250,-0.949,-0.159,-0.0,-0.3,-0.2,3.90
63480,DESCENT,165.82,165.71,-22.96,-0.25,92456.9,23.92,-0.224,-0.925,-0.205,0.2,0.1,-0.4,3.90
63490,DESCENT,165.08,165.47,-22.98,-0.27,92465.2,23.92,-0.220,-0.916,-0.243,-0.1,0.1,-0.3,3.90
63500,DESCENT,165.67,165.25,-22.96,-0.38,92458.6,23.93,-0.205,-0.919,-0.189,0.3,-0.7,-0.4,3.90
63510,DESCENT,164.49,165.01,-22.99,0.28,92471.8,23.93,-0.254,-0.976,-0.205,-0.1,0.2,-0.4,3.90
63520,DESCENT,164.61,164.77,-22.99,-0.16,92470.5,23.93,-0.270,-0.917,-0.228,0.3,-0.2,-0.2,3.90
63530,DESCENT,164.65,164.55,-22.99,-0.11,92470.0,23.93,-0.277,-0.927,-0.204,0.1,-0.2,0.0,3.90
63540,DESCENT,164.52,164.32,-22.98,-0.22,92471.5,23.93,-0.212,-0.934,-0.193,-0.2,-0.2,-0.4,3.90
63550,DESCENT,164.18,164.09,-22.98,-0.38,92475.3,23.93,-0.238,-0.913,-0.182,0.2,-0.1,-0.8,3.90
63560,DESCENT,164.16,163.87,-22.97,-0.21,92475.5,23.93,-0.243,-0.926,-0.204,0.1,-0.1,-0.0,3.90
63570,DESCENT,163.08,163.63,-23.00,-0.22,92487.6,23.94,-0.247,-0.934,-0.150,0.1,-0.2,-0.7,3.90
63580,DESCENT,163.83,163.41,-22.98,-0.03,92479.2,23.94,-0.236,-0.952,-0.179,0.8,0.4,0.1,3.90
63590,DESCENT,163.01,163.17,-22.99,-0.24,92488.3,23.94,-0.222,-0.930,-0.197,0.1,-0.0,-0.0,3.90
63600,DESCENT,162.95,162.95,-22.99,-0.25,92489.0,23.94,-0.240,-0.929,-0.169,-0.3,-0.5,0.1,3.90
63610,DESCENT,163.15,162.73,-22.98,-0.11,92486.8,23.94,-0.225,-0.947,-0.176,0.2,-0.1,0.4,3.90
63620,DESCENT,162.65,162.50,-22.97,-0.41,92492.3,23.94,-0.211,-0.913,-0.197,-0.1,-0.1,-0.1,3.90
63630,DESCENT,161.79,162.26,-23.00,-0.38,92501.9,23.95,-0.229,-0.921,-0.154,0.1,-0.1,0.2,3.90
63640,DESCENT,162.21,162.03,-22.99,-0.14,92497.2,23.95,-0.201,-0.944,-0.200,0.5,-0.2,0.0,3.90
63650,DESCENT,162.15,161.81,-22.98,-0.08,92497.9,23.95,-0.230,-0.947,-0.182,0.0,-0.8,0.0,3.90
63660,DESCENT,161.45,161.58,-22.99,-0.22,92505.7,23.95,-0.219,-0.930,-0.204,-0.3,-0.2,-0.7,3.90
63670,DESCENT,161.38,161.35,-22.99,0.01,92506.5,23.95,-0.218,-0.956,-0.205,0.1,-0.3,0.1,3.90
63680,DESCENT,161.44,161.13,-22.98,-0.53,92505.8,23.95,-0.220,-0.907,-0.154,0.4,-0.3,-0.3,3.90
63690,DESCENT,160.72,160.90,-22.99,-0.02,92513.8,23.95,-0.219,-0.954,-0.198,-0.2,-0.3,0.1,3.90
63700,DESCENT,160.22,160.65,-23.00,-0.15,92519.4,23.96,-0.225,-0.939,-0.195,0.5,-0.1,0.1,3.90
63710,DESCENT,160.56,160.43,-23.00,-0.28,92515.7,23.96,-0.210,-0.928,-0.199,-0.3,-0.3,-0.5,3.90
63720,DESCENT,160.16,160.20,-23.01,-0.33,92520.1,23.96,-0.175,-0.931,-0.192,0.8,-0.5,0.2,3.90
63730,DESCENT,160.01,159.97,-23.01,-0.21,92521.8,23.96,-0.206,-0.936,-0.199,0.4,0.2,0.1,3.90
63740,DESCENT,159.61,159.73,-23.01,0.04,92526.2,23.96,-0.226,-0.963,-0.173,0.7,-0.4,0.4,3.90
63750,DESCENT,159.64,159.51,-23.01,-0.28,92526.0,23.96,-0.235,-0.920,-0.203,-0.5,-0.7,-0.2,3.90
63760,DESCENT,158.99,159.27,-23.02,0.14,92533.2,23.96,-0.223,-0.976,-0.165,0.3,-0.4,0.0,3.90
63770,DESCENT,159.10,159.04,-23.02,-0.17,92532.0,23.97,-0.195,-0.943,-0.190,-0.2,-0.3,-0.1,3.90
63780,DESCENT,158.57,158.80,-23.03,-0.06,92537.8,23.97,-0.221,-0.943,-0.222,0.2,-0.1,-0.3,3.90
63790,DESCENT,158.72,158.58,-23.03,-0.59,92536.1,23.97,-0.241,-0.890,-0.179,-0.2,0.0,-0.9,3.90
63800,DESCENT,158.43,158.35,-23.03,-0.21,92539.4,23.97,-0.221,-0.932,-0.204,-0.1,-0.2,-0.7,3.90
63810,DESCENT,158.29,158.12,-23.02,-0.19,92541.0,23.97,-0.235,-0.933,-0.192,-0.0,0.4,0.1,3.90
63820,DESCENT,157.99,157.90,-23.02,-0.29,92544.3,23.97,-0.262,-0.912,-0.204,0.3,-0.5,-0.4,3.90
63830,DESCENT,157.82,157.67,-23.02,0.02,92546.2,23.97,-0.196,-0.967,-0.177,-0.3,-0.2,-0.2,3.90
63840,DESCENT,157.51,157.44,-23.01,-0.25,92549.7,23.98,-0.247,-0.923,-0.190,0.2,-0.6,-0.6,3.90
63850,DESCENT,157.21,157.21,-23.02,-0.24,92553.1,23.98,-0.217,-0.931,-0.197,-0.1,-0.3,-0.1,3.90
63860,DESCENT,157.15,156.99,-23.01,-0.30,92553.6,23.98,-0.233,-0.927,-0.165,0.5,-0.4,0.2,3.90
63870,DESCENT,157.11,156.77,-23.00,-0.13,92554.2,23.98,-0.222,-0.941,-0.196,-0.0,0.4,-0.0,3.90
63880,DESCENT,156.20,156.53,-23.01,0.02,92564.3,23.98,-0.257,-0.946,-0.208,0.4,-0.5,0.1,3.90
63890,DESCENT,156.73,156.31,-23.00,-0.46,92558.4,23.98,-0.211,-0.907,-0.198,0.3,-0.4,-0.0,3.90
63900,DESCENT,155.98,156.08,-23.01,-0.32,92566.8,23.99,-0.194,-0.930,-0.183,-0.1,-0.4,0.1,3.90
63910,DESCENT,155.59,155.84,-23.02,-0.26,92571.1,23.99,-0.229,-0.916,-0.234,0.6,-0.4,-0.0,3.90
63920,DESCENT,155.66,155.61,-23.02,-0.30,92570.4,23.99,-0.199,-0.928,-0.194,0.1,-0.3,-0.2,3.90
63930,DESCENT,155.25,155.38,-23.03,0.05,92574.9,23.99,-0.223,-0.958,-0.209,0.1,-0.3,-0.4,3.90
63940,DESCENT,155.16,155.15,-23.03,-0.00,92575.9,23.99,-0.201,-0.952,-0.228,0.0,-0.4,-0.1,3.90
63950,DESCENT,155.03,154.92,-23.02,-0.07,92577.4,23.99,-0.257,-0.942,-0.179,-0.4,-0.3,-0.2,3.90
63960,DESCENT,154.68,154.69,-23.03,-0.52,92581.3,23.99,-0.232,-0.897,-0.196,-0.2,-0.3,-0.1,3.90
63970,DESCENT,154.60,154.46,-23.02,-0.48,92582.1,24.00,-0.242,-0.898,-0.200,0.4,-0.3,0.2,3.90
63980,DESCENT,153.88,154.22,-23.04,0.31,92590.2,24.00,-0.260,-0.976,-0.214,-0.4,-0.5,-0.2,3.90
63990,DESCENT,153.90,153.99,-23.04,-0.15,92590.0,24.00,-0.208,-0.943,-0.193,0.1,-0.1,-0.4,3.90
64000,DESCENT,154.09,153.77,-23.03,0.14,92587.8,24.00,-0.260,-0.965,-0.174,0.1,0.2,0.1,3.90
64010,DESCENT,153.63,153.54,-23.03,-0.11,92593.0,24.00,-0.193,-0.952,-0.182,0.0,-0.4,-0.1,3.90
64020,DESCENT,153.57,153.32,-23.02,-0.59,92593.7,24.00,-0.163,-0.906,-0.186,0.0,-0.5,-0.6,3.90
64030,DESCENT,153.01,153.09,-23.03,-0.21,92599.9,24.00,-0.224,-0.933,-0.194,0.4,0.1,-0.2,3.90
64040,DESCENT,153.20,152.86,-23.01,-0.30,92597.9,24.01,-0.229,-0.915,-0.219,0.4,-0.4,-0.3,3.90
64050,DESCENT,152.43,152.63,-23.02,-0.09,92606.4,24.01,-0.197,-0.951,-0.201,0.1,-0.9,-0.2,3.90
64060,DESCENT,152.21,152.39,-23.03,-0.27,92608.9,24.01,-0.251,-0.921,-0.185,-0.1,-1.0,-0.2,3.90
64070,DESCENT,152.27,152.17,-23.03,0.00,92608.2,24.01,-0.225,-0.954,-0.202,0.2,-0.3,-0.2,3.90
64080,DESCENT,152.43,151.95,-23.01,-0.48,92606.4,24.01,-0.229,-0.909,-0.161,0.2,0.0,-0.0,3.90
64090,DESCENT,151.59,151.72,-23.02,-0.11,92615.8,24.01,-0.224,-0.944,-0.192,0.4,0.2,-0.3,3.90
64100,DESCENT,151.28,151.48,-23.03,-0.14,92619.2,24.01,-0.220,-0.948,-0.156,0.3,-0.8,-0.4,3.90
64110,DESCENT,151.36,151.25,-23.03,0.06,92618.4,24.02,-0.228,-0.955,-0.218,0.5,-0.6,-0.1,3.90
64120,DESCENT,151.24,151.03,-23.02,-0.25,92619.7,24.02,-0.254,-0.924,-0.172,0.1,0.0,-0.3,3.90
64130,DESCENT,151.10,150.81,-23.01,-0.07,92621.3,24.02,-0.165,-0.957,-0.207,0.3,-0.3,0.1,3.90
64140,DESCENT,150.77,150.58,-23.00,0.12,92625.0,24.02,-0.292,-0.946,-0.211,-0.1,0.1,-0.2,3.90
64150,DESCENT,150.33,150.35,-23.00,-0.53,92629.9,24.02,-0.176,-0.914,-0.161,-0.2,-0.7,-0.4,3.90
64160,DESCENT,149.96,150.12,-23.02,-0.39,92634.0,24.02,-0.218,-0.906,-0.231,0.2,-0.2,0.5,3.90
64170,DESCENT,149.85,149.89,-22.42,117.22,92635.3,24.03,-2.663,-12.532,-2.596,0.6,0.4,-0.4,3.90
64180,DESCENT,150.04,149.68,-21.29,105.90,92633.1,24.03,-2.442,-11.290,-2.349,0.4,-0.6,-0.1,3.90
64190,DESCENT,149.74,149.48,-20.27,95.59,92636.4,24.03,-2.238,-10.281,-2.142,0.2,0.2,0.0,3.90
64200,DESCENT,149.45,149.29,-19.36,85.72,92639.7,24.03,-2.000,-9.318,-1.963,0.3,-0.3,-0.1,3.90
64210,DESCENT,148.66,149.08,-18.56,77.95,92648.5,24.03,-1.814,-8.567,-1.806,0.3,-1.3,-0.6,3.90
64220,DESCENT,148.99,148.90,-17.81,71.05,92644.9,24.03,-1.712,-7.894,-1.621,0.1,-0.8,-0.1,3.90
64230,DESCENT,148.67,148.73,-17.14,64.89,92648.4,24.03,-1.553,-7.292,-1.528,-0.1,-0.3,0.2,3.90
64240,DESCENT,148.28,148.55,-16.53,59.58,92652.7,24.03,-1.448,-6.772,-1.425,-0.2,0.3,0.3,3.90
64250,DESCENT,147.94,148.38,-15.97,54.80,92656.6,24.04,-1.370,-6.300,-1.331,0.4,-0.4,-0.6,3.90
64260,DESCENT,148.56,148.23,-15.43,50.97,92649.6,24.04,-1.265,-5.933,-1.248,-0.1,-0.1,-0.3,3.90
64270,DESCENT,147.86,148.07,-14.95,46.52,92657.4,24.04,-1.205,-5.493,-1.145,0.2,-0.3,0.1,3.90
64280,DESCENT,147.84,147.92,-14.51,43.49,92657.6,24.04,-1.138,-5.203,-1.070,0.4,-0.5,-0.5,3.90
64290,DESCENT,147.73,147.78,-14.09,40.14,92658.9,24.04,-1.003,-4.886,-1.014,0.1,-0.2,-0.2,3.90
64300,DESCENT,147.65,147.64,-13.70,37.44,92659.8,24.04,-1.014,-4.613,-0.936,-0.4,-0.0,-0.1,3.90
64310,DESCENT,147.98,147.52,-13.32,34.95,92656.1,24.04,-0.915,-4.374,-0.915,-0.4,0.1,0.1,3.90
64320,DESCENT,147.48,147.39,-12.98,32.72,92661.7,24.04,-0.928,-4.142,-0.880,0.1,-0.9,-0.0,3.90
64330,DESCENT,147.32,147.26,-12.66,30.66,92663.5,24.04,-0.866,-3.954,-0.795,0.2,-0.7,0.1,3.90
64340,DESCENT,146.98,147.13,-12.37,28.81,92667.2,24.04,-0.845,-3.766,-0.770,-0.4,-0.4,0.3,3.90
64350,DESCENT,146.69,147.00,-12.10,27.16,92670.5,24.04,-0.790,-3.609,-0.742,-0.1,-0.9,-0.4,3.90
64360,DESCENT,146.95,146.88,-11.84,25.44,92667.6,24.04,-0.784,-3.437,-0.689,0.5,-0.4,-0.1,3.90
64370,DESCENT,146.47,146.76,-11.60,23.88,92673.0,24.05,-0.733,-3.284,-0.686,0.3,-0.1,0.0,3.90
64380,DESCENT,146.94,146.65,-11.36,22.41,92667.7,24.05,-0.674,-3.151,-0.630,0.0,-0.6,-0.7,3.90
64390,DESCENT,146.99,146.55,-11.12,21.40,92667.2,24.05,-0.620,-3.054,-0.636,0.1,-0.2,-0.2,3.90
64400,DESCENT,146.80,146.45,-10.90,20.16,92669.3,24.05,-0.644,-2.920,-0.624,-0.3,-0.1,0.1,3.90
64410,DESCENT,146.23,146.34,-10.71,19.18,92675.7,24.05,-0.642,-2.828,-0.572,-0.4,-0.2,-0.6,3.90
64420,DESCENT,146.57,146.24,-10.51,17.80,92671.9,24.05,-0.603,-2.689,-0.568,0.4,0.3,-0.6,3.90
64430,DESCENT,145.89,146.13,-10.35,17.06,92679.5,24.05,-0.600,-2.619,-0.534,0.6,-0.2,-0.2,3.90
64440,DESCENT,145.91,146.03,-10.18,16.27,92679.2,24.05,-0.529,-2.541,-0.572,-0.4,-0.4,-0.6,3.90
64450,DESCENT,146.10,145.93,-10.02,15.29,92677.1,24.05,-0.544,-2.454,-0.478,-0.2,-0.3,0.0,3.90
64460,DESCENT,145.64,145.83,-9.88,14.45,92682.3,24.05,-0.530,-2.365,-0.491,0.1,-0.2,-0.3,3.90
64470,DESCENT,145.29,145.72,-9.76,13.58,92686.2,24.05,-0.504,-2.286,-0.453,0.4,-0.1,-0.1,3.90
64480,DESCENT,145.81,145.62,-9.61,13.07,92680.4,24.05,-0.486,-2.227,-0.493,-0.1,-0.5,0.3,3.90
64490,DESCENT,145.60,145.53,-9.48,12.57,92682.7,24.05,-0.497,-2.175,-0.477,0.0,-0.2,0.2,3.90
64500,DESCENT,145.47,145.44,-9.36,12.26,92684.2,24.05,-0.464,-2.154,-0.454,0.5,-0.3,-0.1,3.90
64510,DESCENT,145.07,145.34,-9.25,11.47,92688.6,24.06,-0.444,-2.081,-0.419,0.2,-0.3,-0.5,3.90
64520,DESCENT,145.17,145.24,-9.14,11.05,92687.5,24.06,-0.461,-2.033,-0.423,-0.2,-0.6,-0.6,3.90
64530,DESCENT,145.22,145.15,-9.03,10.59,92687.0,24.06,-0.446,-1.987,-0.420,0.2,-0.3,-0.6,3.90
64540,DESCENT,145.31,145.07,-8.92,9.82,92686.0,24.06,-0.440,-1.911,-0.399,0.8,0.0,-0.0,3.90
64550,DESCENT,144.59,144.97,-8.84,9.21,92694.0,24.06,-0.436,-1.851,-0.376,-0.2,-0.3,-0.3,3.90
64560,DESCENT,145.10,144.89,-8.74,9.25,92688.3,24.06,-0.392,-1.860,-0.404,0.2,0.0,-0.2,3.90
64570,DESCENT,144.73,144.80,-8.65,8.56,92692.5,24.06,-0.439,-1.778,-0.388,0.0,-0.2,0.2,3.90
64580,DESCENT,144.58,144.71,-8.57,8.07,92694.1,24.06,-0.411,-1.738,-0.363,0.1,-0.2,-0.0,3.90
64590,DESCENT,144.74,144.63,-8.49,7.78,92692.3,24.06,-0.389,-1.712,-0.365,0.1,-0.1,-0.6,3.90
64600,DESCENT,144.66,144.55,-8.41,7.52,92693.3,24.06,-0.381,-1.682,-0.383,-0.2,-0.3,-0.8,3.90
64610,DESCENT,144.08,144.45,-8.35,7.19,92699.7,24.06,-0.396,-1.656,-0.318,0.2,0.2,-0.1,3.90
64620,DESCENT,144.36,144.37,-8.28,6.89,92696.6,24.06,-0.370,-1.633,-0.308,0.3,-0.5,-0.3,3.90
64630,DESCENT,144.30,144.29,-8.21,6.88,92697.3,24.06,-0.368,-1.628,-0.327,0.1,-0.6,-0.1,3.90
64640,DESCENT,144.14,144.20,-8.15,6.54,92699.0,24.06,-0.362,-1.590,-0.343,0.1,-0.6,-0.5,3.90
64650,DESCENT,144.42,144.13,-8.07,6.02,92696.0,24.06,-0.355,-1.543,-0.310,0.4,-0.8,-0.0,3.90
64660,DESCENT,144.27,144.06,-8.01,5.70,92697.6,24.06,-0.341,-1.509,-0.324,0.0,-0.4,-0.4,3.90
64670,DESCENT,144.05,143.98,-7.95,5.68,92700.0,24.06,-0.325,-1.518,-0.293,-0.1,0.1,-0.5,3.90
64680,DESCENT,144.03,143.90,-7.88,5.77,92700.2,24.06,-0.325,-1.523,-0.312,0.2,-0.5,-0.2,3.90
64690,DESCENT,143.76,143.82,-7.83,5.08,92703.3,24.06,-0.334,-1.451,-0.291,0.6,-0.1,-0.2,3.90
64700,DESCENT,143.91,143.75,-7.77,5.07,92701.6,24.07,-0.362,-1.439,-0.317,0.2,-0.3,-0.2,3.90
64710,DESCENT,143.50,143.67,-7.73,4.77,92706.2,24.07,-0.332,-1.412,-0.324,0.2,-0.2,-0.9,3.90
64720,DESCENT,143.33,143.58,-7.70,4.44,92708.1,24.07,-0.323,-1.385,-0.298,0.7,-0.1,0.2,3.90
64730,DESCENT,143.39,143.50,-7.66,4.75,92707.4,24.07,-0.335,-1.417,-0.291,-0.2,0.1,-0.1,3.90
64740,DESCENT,143.46,143.43,-7.61,3.88,92706.7,24.07,-0.278,-1.339,-0.275,0.4,-0.7,0.1,3.90
64750,DESCENT,143.49,143.35,-7.56,4.23,92706.2,24.07,-0.266,-1.378,-0.286,0.1,-0.5,-0.2,3.90
64760,DESCENT,143.52,143.29,-7.51,4.25,92706.0,24.07,-0.297,-1.377,-0.264,0.6,-0.3,-0.1,3.90
64770,DESCENT,143.46,143.22,-7.46,3.72,92706.6,24.07,-0.331,-1.317,-0.242,-0.3,0.4,-0.8,3.90
64780,DESCENT,143.03,143.14,-7.43,3.82,92711.5,24.07,-0.301,-1.325,-0.293,0.5,0.2,0.3,3.90
64790,DESCENT,143.48,143.08,-7.38,3.66,92706.4,24.07,-0.294,-1.312,-0.280,-0.1,-0.2,-0.1,3.90
64800,DESCENT,142.84,143.00,-7.35,3.17,92713.5,24.07,-0.307,-1.259,-0.265,0.2,-0.8,-0.3,3.90
64810,DESCENT,143.02,142.93,-7.31,2.93,92711.6,24.07,-0.310,-1.241,-0.225,0.4,-0.6,-0.1,3.90
64820,DESCENT,142.84,142.86,-7.28,3.07,92713.6,24.07,-0.271,-1.247,-0.310,0.1,-0.3,0.0,3.90
64830,DESCENT,142.78,142.78,-7.25,2.99,92714.2,24.07,-0.272,-1.246,-0.277,-0.2,-0.1,-0.3,3.90
64840,DESCENT,143.16,142.72,-7.21,2.69,92710.0,24.07,-0.286,-1.214,-0.260,0.5,-0.5,0.4,3.90
64850,DESCENT,142.73,142.65,-7.18,2.79,92714.8,24.07,-0.286,-1.231,-0.230,0.4,-0.6,-0.8,3.90
64860,DESCENT,142.51,142.58,-7.16,2.13,92717.2,24.07,-0.296,-1.154,-0.247,0.8,-0.3,-0.2,3.90
64870,DESCENT,142.52,142.51,-7.13,2.78,92717.2,24.07,-0.285,-1.225,-0.259,0.1,-0.1,-0.1,3.90
64880,DESCENT,142.50,142.44,-7.10,2.38,92717.4,24.07,-0.223,-1.199,-0.236,0.2,-0.6,-0.4,3.90
64890,DESCENT,142.73,142.38,-7.06,2.31,92714.8,24.07,-0.273,-1.179,-0.248,-0.2,0.1,-0.3,3.90
64900,DESCENT,142.13,142.30,-7.05,2.02,92721.5,24.07,-0.306,-1.137,-0.261,-0.2,-0.5,0.2,3.90
64910,DESCENT,142.19,142.23,-7.03,1.98,92720.9,24.08,-0.246,-1.156,-0.219,0.3,0.2,0.3,3.90
64920,DESCENT,142.06,142.16,-7.01,2.31,92722.3,24.08,-0.241,-1.190,-0.230,-0.1,-0.3,-0.3,3.90
64930,DESCENT,142.08,142.09,-6.99,2.05,92722.1,24.08,-0.289,-1.148,-0.246,-0.1,-0.1,0.3,3.90
64940,DESCENT,141.77,142.01,-6.98,2.01,92725.5,24.08,-0.248,-1.152,-0.253,0.0,-0.8,0.1,3.90
64950,DESCENT,141.95,141.94,-6.96,1.78,92723.6,24.08,-0.257,-1.128,-0.239,0.2,0.2,-0.2,3.90
64960,DESCENT,141.74,141.87,-6.95,1.65,92725.9,24.08,-0.271,-1.118,-0.202,-0.0,-0.3,0.2,3.90
64970,DESCENT,142.29,141.81,-6.92,1.57,92719.7,24.08,-0.246,-1.109,-0.234,0.3,-0.6,-0.7,3.90
64980,DESCENT,141.91,141.75,-6.89,1.58,92723.9,24.08,-0.286,-1.105,-0.218,0.1,-0.4,-0.8,3.90
64990,DESCENT,141.79,141.68,-6.87,1.58,92725.4,24.08,-0.252,-1.101,-0.270,-0.2,-0.4,0.0,3.90
65000,DESCENT,141.54,141.61,-6.86,1.49,92728.1,24.08,-0.247,-1.097,-0.254,-0.6,-0.3,-0.7,3.90
65010,DESCENT,141.48,141.54,-6.85,1.39,92728.8,24.08,-0.269,-1.079,-0.255,0.4,-0.0,-0.0,3.90
65020,DESCENT,141.27,141.47,-6.84,1.25,92731.1,24.08,-0.260,-1.072,-0.235,-0.3,-0.0,0.2,3.90
65030,DESCENT,141.57,141.40,-6.82,1.29,92727.8,24.08,-0.238,-1.088,-0.201,-0.2,-0.0,-0.4,3.90
65040,DESCENT,141.53,141.34,-6.80,1.13,92728.3,24.08,-0.288,-1.051,-0.238,0.0,-0.5,0.1,3.90
65050,DESCENT,141.53,141.28,-6.78,1.03,92728.2,24.08,-0.267,-1.049,-0.220,0.2,-0.1,-0.2,3.90
65060,DESCENT,141.43,141.22,-6.76,1.18,92729.3,24.08,-0.242,-1.061,-0.265,0.1,0.2,-0.0,3.90
65070,DESCENT,141.32,141.16,-6.75,1.07,92730.5,24.08,-0.269,-1.055,-0.213,-0.2,-0.6,-0.1,3.90
65080,DESCENT,140.97,141.09,-6.74,1.22,92734.4,24.08,-0.259,-1.071,-0.221,-0.0,-0.4,-0.4,3.90
65090,DESCENT,141.13,141.02,-6.72,1.21,92732.7,24.08,-0.251,-1.068,-0.240,0.2,0.4,-0.3,3.90
65100,DESCENT,140.92,140.95,-6.71,0.83,92735.0,24.08,-0.259,-1.025,-0.241,0.3,-0.4,-0.2,3.90
65110,DESCENT,140.74,140.88,-6.71,0.92,92737.1,24.08,-0.208,-1.048,-0.233,-0.1,-0.9,-0.0,3.90
65120,DESCENT,141.11,140.82,-6.69,1.00,92732.9,24.08,-0.262,-1.052,-0.197,0.1,-0.3,0.3,3.90
65130,DESCENT,140.80,140.76,-6.68,0.89,92736.4,24.08,-0.271,-1.038,-0.196,0.6,0.0,-0.0,3.90
65140,DESCENT,140.69,140.69,-6.67,0.92,92737.6,24.09,-0.257,-1.040,-0.224,0.6,0.0,0.0,3.90
65150,DESCENT,140.51,140.62,-6.66,0.80,92739.6,24.09,-0.276,-1.025,-0.207,0.2,-0.6,-0.2,3.90
65160,DESCENT,140.52,140.55,-6.66,1.07,92739.6,24.09,-0.223,-1.065,-0.218,0.4,-0.1,-0.6,3.90
65170,DESCENT,140.35,140.48,-6.65,1.00,92741.4,24.09,-0.292,-1.036,-0.238,0.2,-0.2,-0.2,3.90
65180,DESCENT,140.77,140.43,-6.63,0.77,92736.7,24.09,-0.269,-1.024,-0.203,0.1,-0.0,-0.1,3.90
65190,DESCENT,140.38,140.36,-6.62,1.05,92741.1,24.09,-0.241,-1.061,-0.207,-0.6,-0.7,-0.4,3.90
65200,DESCENT,140.33,140.30,-6.61,0.79,92741.7,24.09,-0.257,-1.021,-0.240,-0.1,-0.6,-0.1,3.90
65210,DESCENT,140.24,140.23,-6.60,0.59,92742.7,24.09,-0.256,-1.009,-0.198,0.5,-0.4,-0.7,3.90
65220,DESCENT,139.88,140.16,-6.61,0.73,92746.6,24.09,-0.236,-1.023,-0.229,0.3,-0.4,-0.3,3.90
65230,DESCENT,140.15,140.09,-6.60,0.27,92743.6,24.09,-0.245,-0.976,-0.209,0.2,-0.1,-0.3,3.90
65240,DESCENT,140.00,140.02,-6.59,0.92,92745.3,24.09,-0.240,-1.039,-0.247,0.1,-0.1,-0.5,3.90
65250,DESCENT,140.06,139.96,-6.58,0.58,92744.6,24.09,-0.234,-1.015,-0.187,0.4,-0.9,-0.3,3.90
65260,DESCENT,139.84,139.89,-6.58,0.23,92747.1,24.09,-0.254,-0.971,-0.200,1.0,-0.3,-0.2,3.90
65270,DESCENT,139.93,139.83,-6.57,0.51,92746.1,24.09,-0.217,-1.004,-0.230,0.2,-0.5,-0.1,3.90
65280,DESCENT,139.63,139.76,-6.57,0.93,92749.5,24.09,-0.290,-1.032,-0.224,0.3,-0.3,-0.2,3.90
65290,DESCENT,139.61,139.69,-6.57,0.56,92749.7,24.09,-0.238,-1.011,-0.197,-0.3,-0.3,-0.3,3.90
65300,DESCENT,139.39,139.62,-6.57,0.59,92752.2,24.09,-0.259,-1.003,-0.223,-0.0,-0.1,-0.4,3.90
65310,DESCENT,139.35,139.55,-6.57,0.44,92752.5,24.09,-0.249,-0.984,-0.247,0.1,0.4,-0.3,3.90
65320,DESCENT,139.49,139.48,-6.57,0.41,92751.0,24.09,-0.222,-0.998,-0.203,-0.5,-0.6,-0.3,3.90
65330,DESCENT,139.58,139.42,-6.56,0.21,92750.0,24.09,-0.235,-0.974,-0.194,0.3,-0.4,-0.2,3.90
65340,DESCENT,139.42,139.36,-6.55,0.33,92751.8,24.09,-0.223,-0.992,-0.189,-0.2,-0.1,0.2,3.90
65350,DESCENT,139.89,139.31,-6.53,0.43,92746.5,24.09,-0.251,-0.986,-0.233,0.1,-0.1,-0.0,3.90
65360,DESCENT,139.24,139.25,-6.52,-0.06,92753.8,24.09,-0.217,-0.950,-0.191,-0.1,-0.4,-0.3,3.90
65370,DESCENT,139.23,139.18,-6.52,0.29,92753.9,24.09,-0.217,-0.985,-0.207,-0.1,-0.1,0.1,3.90
65380,DESCENT,139.31,139.12,-6.51,0.21,92753.0,24.10,-0.204,-0.979,-0.210,0.3,-0.2,-0.2,3.90
65390,DESCENT,138.64,139.04,-6.52,0.63,92760.6,24.10,-0.247,-1.018,-0.190,-0.2,-0.2,-0.0,3.90
65400,DESCENT,139.14,138.98,-6.51,0.28,92754.9,24.10,-0.235,-0.982,-0.195,0.6,0.1,-0.3,3.90
65410,DESCENT,139.04,138.92,-6.51,-0.10,92756.0,24.10,-0.222,-0.939,-0.218,-0.3,-0.7,0.1,3.90
65420,DESCENT,138.86,138.86,-6.51,0.05,92758.1,24.10,-0.251,-0.947,-0.221,0.3,-0.6,-0.7,3.90
65430,DESCENT,139.13,138.80,-6.49,0.21,92755.0,24.10,-0.194,-0.991,-0.159,0.2,-0.2,-0.4,3.90
65440,DESCENT,138.91,138.74,-6.48,0.02,92757.5,24.10,-0.234,-0.957,-0.181,0.2,-0.3,-0.2,3.90
65450,DESCENT,138.88,138.68,-6.47,0.53,92757.8,24.10,-0.260,-0.998,-0.222,0.9,-0.2,-0.2,3.90
65460,DESCENT,138.40,138.61,-6.48,0.27,92763.1,24.10,-0.238,-0.982,-0.186,0.1,-0.2,-0.8,3.90
65470,DESCENT,138.62,138.55,-6.47,0.39,92760.7,24.10,-0.237,-0.987,-0.230,-0.5,-0.0,0.3,3.90
65480,DESCENT,138.53,138.49,-6.47,0.08,92761.7,24.10,-0.250,-0.956,-0.196,0.3,-0.4,-0.5,3.90
65490,DESCENT,138.98,138.44,-6.44,0.32,92756.7,24.10,-0.258,-0.977,-0.214,0.2,0.1,-0.3,3.90
65500,DESCENT,138.30,138.37,-6.44,0.19,92764.3,24.10,-0.245,-0.965,-0.219,-0.2,0.0,-0.0,3.90
65510,DESCENT,138.32,138.31,-6.44,0.36,92764.1,24.10,-0.235,-0.996,-0.164,-0.2,0.2,-0.2,3.90
65520,DESCENT,138.41,138.25,-6.43,0.18,92763.1,24.10,-0.229,-0.973,-0.191,0.1,-0.4,-0.8,3.90
65530,DESCENT,138.47,138.19,-6.42,0.29,92762.5,24.10,-0.239,-0.985,-0.184,-0.0,0.4,0.1,3.90
65540,DESCENT,138.11,138.13,-6.41,0.06,92766.5,24.10,-0.212,-0.963,-0.199,0.4,-0.4,-0.4,3.90
65550,DESCENT,137.95,138.06,-6.42,-0.02,92768.3,24.10,-0.247,-0.952,-0.172,0.2,-0.3,-0.5,3.90
65560,DESCENT,138.20,138.00,-6.41,-0.13,92765.4,24.10,-0.190,-0.947,-0.206,0.8,0.3,-0.7,3.90
65570,DESCENT,138.18,137.94,-6.40,0.24,92765.7,24.10,-0.245,-0.973,-0.213,0.6,-0.3,0.3,3.90
65580,DESCENT,138.27,137.89,-6.39,-0.11,92764.7,24.10,-0.212,-0.945,-0.200,-0.1,-0.8,-0.1,3.90
65590,DESCENT,138.06,137.83,-6.38,0.05,92767.0,24.10,-0.215,-0.964,-0.185,0.3,-0.7,-0.3,3.90
65600,DESCENT,137.58,137.76,-6.38,-0.04,92772.4,24.10,-0.228,-0.952,-0.182,0.3,0.3,0.3,3.90
65610,DESCENT,137.87,137.71,-6.38,0.14,92769.1,24.10,-0.227,-0.969,-0.198,0.0,-0.3,-0.2,3.90
65620,DESCENT,137.60,137.64,-6.38,-0.02,92772.2,24.11,-0.212,-0.958,-0.182,-0.0,-0.6,-0.0,3.90
65630,DESCENT,137.67,137.58,-6.37,-0.12,92771.4,24.11,-0.212,-0.940,-0.215,0.2,-0.3,0.4,3.90
65640,DESCENT,137.35,137.51,-6.38,0.02,92775.0,24.11,-0.242,-0.955,-0.184,0.1,-0.7,-0.0,3.90
65650,DESCENT,137.73,137.45,-6.37,-0.30,92770.7,24.11,-0.185,-0.930,-0.198,0.3,-0.0,-0.1,3.90
65660,DESCENT,137.31,137.39,-6.38,0.02,92775.4,24.11,-0.231,-0.957,-0.187,0.0,0.2,-0.4,3.90
65670,DESCENT,137.56,137.33,-6.37,-0.06,92772.6,24.11,-0.213,-0.957,-0.164,0.0,-0.5,-0.3,3.90
65680,DESCENT,137.29,137.27,-6.37,-0.01,92775.6,24.11,-0.240,-0.952,-0.187,0.6,-0.7,-0.8,3.90
65690,DESCENT,137.36,137.21,-6.36,0.14,92774.8,24.11,-0.219,-0.963,-0.230,0.4,-0.4,0.0,3.90
65700,DESCENT,136.99,137.14,-6.37,-0.09,92779.0,24.11,-0.235,-0.941,-0.202,-0.2,-0.4,-0.2,3.90
65710,DESCENT,137.17,137.08,-6.36,0.23,92777.0,24.11,-0.250,-0.977,-0.174,-0.1,-0.3,-0.3,3.90
65720,DESCENT,137.05,137.02,-6.36,-0.21,92778.3,24.11,-0.249,-0.923,-0.206,-0.0,-0.2,-0.1,3.90
65730,DESCENT,136.87,136.95,-6.37,-0.30,92780.3,24.11,-0.203,-0.927,-0.194,0.6,-0.6,-0.2,3.90
65740,DESCENT,136.59,136.88,-6.38,-0.29,92783.5,24.11,-0.234,-0.925,-0.177,0.2,-0.1,-0.3,3.90
65750,DESCENT,136.61,136.81,-6.39,-0.21,92783.3,24.11,-0.219,-0.937,-0.178,0.1,-0.2,0.0,3.90
65760,DESCENT,136.96,136.75,-6.38,0.20,92779.4,24.11,-0.258,-0.967,-0.203,0.6,-0.6,-0.4,3.90
65770,DESCENT,136.75,136.69,-6.38,0.04,92781.7,24.11,-0.222,-0.959,-0.197,0.1,0.0,-0.3,3.90
65780,DESCENT,136.59,136.62,-6.38,-0.11,92783.5,24.11,-0.255,-0.942,-0.154,0.2,-0.0,0.1,3.90
65790,DESCENT,136.63,136.56,-6.38,0.08,92783.0,24.11,-0.207,-0.967,-0.196,0.2,-0.5,-0.2,3.90
65800,DESCENT,136.39,136.50,-6.38,-0.21,92785.7,24.11,-0.237,-0.930,-0.191,0.1,-0.6,-0.5,3.90
65810,DESCENT,136.35,136.43,-6.39,0.30,92786.2,24.11,-0.224,-0.989,-0.191,0.5,-0.8,-0.4,3.90
65820,DESCENT,136.55,136.37,-6.38,-0.04,92783.9,24.11,-0.219,-0.945,-0.223,0.1,-0.3,-0.5,3.90
65830,DESCENT,136.57,136.31,-6.37,-0.02,92783.7,24.11,-0.194,-0.964,-0.173,-0.2,-0.3,0.0,3.90
65840,DESCENT,136.26,136.25,-6.37,-0.03,92787.1,24.11,-0.221,-0.958,-0.168,0.1,0.4,0.1,3.90
65850,DESCENT,135.93,136.18,-6.38,-0.14,92790.8,24.11,-0.225,-0.946,-0.166,0.1,-0.6,-0.3,3.90
65860,DESCENT,135.95,136.11,-6.39,0.06,92790.6,24.12,-0.235,-0.956,-0.208,-0.2,0.0,0.2,3.90
65870,DESCENT,135.93,136.04,-6.39,-0.32,92790.9,24.12,-0.225,-0.923,-0.181,-0.1,-0.4,-0.1,3.90
65880,DESCENT,135.54,135.97,-6.41,-0.34,92795.2,24.12,-0.184,-0.930,-0.182,-0.1,0.2,0.1,3.90
65890,DESCENT,136.33,135.92,-6.40,-0.27,92786.4,24.12,-0.228,-0.929,-0.172,0.2,0.0,-0.3,3.90
65900,DESCENT,136.29,135.86,-6.38,-0.44,92786.8,24.12,-0.205,-0.912,-0.194,-0.1,-0.0,-0.0,3.90
65910,DESCENT,135.84,135.80,-6.39,-0.20,92791.8,24.12,-0.219,-0.928,-0.226,-0.2,0.1,-0.4,3.90
65920,DESCENT,135.62,135.73,-6.39,-0.25,92794.3,24.12,-0.223,-0.925,-0.210,0.1,-0.4,-0.4,3.90
65930,DESCENT,135.68,135.67,-6.39,-0.15,92793.6,24.12,-0.249,-0.937,-0.174,0.0,-0.5,-0.2,3.90
65940,DESCENT,135.93,135.62,-6.38,-0.09,92790.9,24.12,-0.221,-0.948,-0.184,0.5,-0.4,0.0,3.90
65950,DESCENT,135.90,135.56,-6.37,-0.03,92791.2,24.12,-0.240,-0.950,-0.184,0.4,-0.1,-0.1,3.90
65960,DESCENT,135.69,135.50,-6.36,-0.35,92793.6,24.12,-0.224,-0.915,-0.202,0.2,-0.6,-0.7,3.90
65970,DESCENT,135.72,135.45,-6.36,-0.22,92793.2,24.12,-0.201,-0.933,-0.215,0.1,0.4,0.1,3.90
65980,DESCENT,135.19,135.38,-6.37,-0.17,92799.1,24.12,-0.233,-0.940,-0.169,-0.0,-0.5,-0.3,3.90
65990,DESCENT,135.36,135.32,-6.37,-0.21,92797.2,24.12,-0.224,-0.934,-0.189,0.5,-0.9,-0.4,3.90
66000,DESCENT,135.24,135.25,-6.37,0.12,92798.6,24.12,-0.195,-0.976,-0.186,0.3,-0.4,-0.3,3.90
66010,DESCENT,134.99,135.18,-6.37,-0.13,92801.4,24.12,-0.214,-0.934,-0.234,0.6,-0.7,0.0,3.90
66020,DESCENT,134.80,135.11,-6.39,-0.04,92803.5,24.12,-0.235,-0.941,-0.227,0.1,-0.5,-0.1,3.90
66030,DESCENT,134.79,135.04,-6.40,-0.37,92803.6,24.12,-0.239,-0.910,-0.199,0.2,-0.7,-0.5,3.90
66040,DESCENT,135.12,134.98,-6.40,-0.22,92799.9,24.12,-0.186,-0.942,-0.179,0.1,-0.3,-0.2,3.90
66050,DESCENT,134.74,134.91,-6.41,-0.06,92804.2,24.12,-0.236,-0.946,-0.193,0.1,-0.3,0.3,3.90
66060,DESCENT,134.71,134.84,-6.41,-0.48,92804.5,24.12,-0.205,-0.912,-0.173,0.2,-0.1,-0.5,3.90
66070,DESCENT,135.03,134.78,-6.41,-0.03,92801.0,24.12,-0.242,-0.947,-0.194,0.1,-0.4,-0.3,3.90
66080,DESCENT,134.86,134.72,-6.40,-0.19,92802.8,24.12,-0.243,-0.934,-0.173,0.4,-0.1,-0.3,3.90
66090,DESCENT,134.61,134.66,-6.41,-0.71,92805.6,24.12,-0.198,-0.893,-0.151,0.5,-0.4,-0.2,3.90
66100,DESCENT,134.22,134.58,-6.43,-0.11,92810.0,24.12,-0.243,-0.944,-0.170,0.0,-0.5,0.1,3.90
66110,DESCENT,134.65,134.52,-6.42,-0.00,92805.2,24.13,-0.246,-0.941,-0.232,0.4,-0.1,0.0,3.90
66120,DESCENT,134.54,134.46,-6.42,-0.20,92806.4,24.13,-0.248,-0.929,-0.186,-0.1,-0.1,-0.2,3.90
66130,DESCENT,134.24,134.39,-6.43,-0.13,92809.8,24.13,-0.231,-0.942,-0.180,0.3,0.4,-0.5,3.90
66140,DESCENT,134.34,134.33,-6.43,-0.19,92808.7,24.13,-0.279,-0.924,-0.169,0.1,-0.2,-0.4,3.90
66150,DESCENT,134.25,134.26,-6.43,-0.17,92809.7,24.13,-0.184,-0.951,-0.167,0.4,-0.1,0.1,3.90
66160,DESCENT,134.90,134.22,-6.41,-0.07,92802.3,24.13,-0.209,-0.952,-0.185,-0.3,-0.6,-0.1,3.90
66170,DESCENT,134.44,134.16,-6.40,-0.19,92807.6,24.13,-0.197,-0.934,-0.222,-0.1,-0.2,-0.1,3.90
66180,DESCENT,133.84,134.09,-6.41,-0.30,92814.2,24.13,-0.238,-0.920,-0.191,0.5,-0.5,0.1,3.90
66190,DESCENT,134.16,134.03,-6.41,-0.09,92810.6,24.13,-0.228,-0.947,-0.182,0.1,-0.2,-0.6,3.90
66200,DESCENT,134.06,133.97,-6.40,-0.26,92811.8,24.13,-0.222,-0.929,-0.186,0.2,-0.3,-0.1,3.90
66210,DESCENT,133.76,133.90,-6.41,0.12,92815.1,24.13,-0.196,-0.960,-0.255,-0.3,-0.1,-0.4,3.90
66220,DESCENT,134.45,133.86,-6.39,-0.10,92807.4,24.13,-0.213,-0.958,-0.130,-0.2,-0.1,-0.5,3.90
66230,DESCENT,133.65,133.79,-6.39,-0.28,92816.3,24.13,-0.236,-0.925,-0.181,0.1,0.0,-0.3,3.90
66240,DESCENT,134.30,133.74,-6.37,-0.41,92809.1,24.13,-0.217,-0.919,-0.161,0.6,0.4,-0.1,3.90
66250,DESCENT,133.56,133.67,-6.38,-0.14,92817.4,24.13,-0.212,-0.947,-0.175,-0.4,-0.9,-0.1,3.90
66260,DESCENT,133.62,133.61,-6.38,-0.09,92816.7,24.13,-0.222,-0.946,-0.192,-0.3,0.2,-0.2,3.90
66270,DESCENT,133.69,133.55,-6.38,-0.13,92815.9,24.13,-0.251,-0.943,-0.141,0.1,-0.0,-0.5,3.90
66280,DESCENT,133.43,133.48,-6.38,-0.18,92818.9,24.13,-0.213,-0.940,-0.185,-0.2,-0.2,-0.1,3.90
66290,DESCENT,133.48,133.42,-6.38,-0.24,92818.2,24.13,-0.242,-0.926,-0.190,0.1,-0.3,-0.4,3.90
66300,DESCENT,133.37,133.36,-6.38,0.06,92819.5,24.13,-0.276,-0.952,-0.178,0.5,0.6,-0.4,3.90
66310,DESCENT,133.85,133.31,-6.36,-0.07,92814.1,24.13,-0.241,-0.944,-0.188,-0.2,-0.4,-0.0,3.90
66320,DESCENT,133.39,133.25,-6.36,-0.16,92819.3,24.13,-0.191,-0.949,-0.177,0.1,-0.4,-0.3,3.90
66330,DESCENT,133.13,133.19,-6.36,-0.29,92822.1,24.13,-0.198,-0.930,-0.194,0.4,0.1,-0.0,3.90
66340,DESCENT,133.35,133.13,-6.35,-0.36,92819.7,24.13,-0.229,-0.924,-0.146,-0.5,-0.3,-0.1,3.90
66350,DESCENT,133.14,133.07,-6.35,-0.22,92822.0,24.13,-0.239,-0.933,-0.171,0.2,-1.0,-0.1,3.90
66360,DESCENT,133.10,133.01,-6.35,0.06,92822.5,24.14,-0.251,-0.958,-0.178,-0.2,0.3,-0.5,3.90
66370,DESCENT,133.19,132.95,-6.34,0.07,92821.5,24.14,-0.226,-0.959,-0.211,-0.1,-0.3,-0.7,3.90
66380,DESCENT,132.80,132.88,-6.34,-0.21,92825.9,24.14,-0.201,-0.932,-0.217,0.1,-0.2,-0.2,3.90
66390,DESCENT,132.85,132.82,-6.34,0.13,92825.3,24.14,-0.226,-0.968,-0.195,0.2,-0.3,-0.3,3.90
66400,DESCENT,132.79,132.76,-6.34,-0.33,92826.0,24.14,-0.223,-0.917,-0.206,0.5,-0.0,-0.5,3.90
66410,DESCENT,132.62,132.69,-6.35,-0.16,92827.9,24.14,-0.225,-0.939,-0.185,0.1,-0.2,-0.4,3.90
66420,DESCENT,132.72,132.63,-6.35,-0.28,92826.8,24.14,-0.218,-0.927,-0.191,0.3,-0.4,-0.4,3.90
66430,DESCENT,132.51,132.57,-6.35,-0.05,92829.1,24.14,-0.218,-0.956,-0.170,0.3,0.4,-0.5,3.90
66440,DESCENT,132.39,132.50,-6.36,-0.47,92830.4,24.14,-0.196,-0.910,-0.199,0.1,0.1,-0.5,3.90
66450,DESCENT,132.65,132.44,-6.35,-0.11,92827.5,24.14,-0.252,-0.941,-0.172,0.3,-0.3,-0.0,3.90
66460,DESCENT,132.61,132.39,-6.34,-0.02,92828.0,24.14,-0.239,-0.945,-0.213,0.4,-0.6,-0.3,3.90
66470,DESCENT,132.02,132.31,-6.36,-0.32,92834.6,24.14,-0.205,-0.934,-0.141,0.4,-0.2,-0.1,3.90
66480,DESCENT,132.19,132.25,-6.36,-0.37,92832.7,24.14,-0.184,-0.924,-0.197,0.7,-0.9,-0.1,3.90
66490,DESCENT,132.23,132.19,-6.37,-0.43,92832.2,24.14,-0.248,-0.908,-0.166,0.1,-0.5,-0.4,3.90
66500,DESCENT,132.11,132.12,-6.37,-0.08,92833.6,24.14,-0.231,-0.946,-0.191,0.2,-0.6,-0.4,3.90
66510,DESCENT,132.48,132.07,-6.35,-0.45,92829.5,24.14,-0.205,-0.916,-0.168,0.2,-0.6,0.0,3.90
66520,DESCENT,131.77,132.00,-6.37,-0.26,92837.4,24.14,-0.232,-0.925,-0.200,0.7,0.0,-0.1,3.90
66530,DESCENT,132.14,131.94,-6.36,-0.43,92833.3,24.14,-0.218,-0.906,-0.210,-0.1,-0.6,-0.1,3.90
66540,DESCENT,131.94,131.88,-6.36,0.01,92835.5,24.14,-0.230,-0.954,-0.195,0.4,-0.3,0.1,3.90
66550,DESCENT,132.17,131.83,-6.35,-0.37,92832.9,24.14,-0.216,-0.916,-0.198,0.4,-0.7,-0.3,3.90
66560,DESCENT,131.55,131.76,-6.36,-0.08,92839.9,24.14,-0.212,-0.953,-0.174,0.2,-0.4,-0.3,3.90
66570,DESCENT,131.52,131.69,-6.37,-0.01,92840.2,24.14,-0.265,-0.946,-0.184,0.4,-0.3,0.4,3.90
66580,DESCENT,131.74,131.63,-6.36,-0.21,92837.7,24.14,-0.236,-0.930,-0.188,0.1,-0.6,-0.5,3.90
66590,DESCENT,131.79,131.57,-6.36,-0.08,92837.2,24.14,-0.213,-0.945,-0.214,-0.9,-0.4,-0.4,3.90
66600,DESCENT,131.57,131.51,-6.35,0.14,92839.6,24.15,-0.231,-0.970,-0.185,0.3,-0.2,0.0,3.90
66610,DESCENT,131.18,131.44,-6.37,-0.28,92844.0,24.15,-0.203,-0.935,-0.167,-0.0,-0.3,-0.2,3.90
66620,DESCENT,131.23,131.37,-6.37,-0.24,92843.4,24.15,-0.224,-0.935,-0.163,-0.4,-0.3,-0.0,3.90
66630,DESCENT,131.56,131.31,-6.37,-0.13,92839.8,24.15,-0.245,-0.935,-0.195,0.1,-0.2,-0.3,3.90
66640,DESCENT,130.87,131.24,-6.38,-0.29,92847.4,24.15,-0.242,-0.922,-0.184,0.2,-0.4,-0.3,3.90
66650,DESCENT,131.31,131.18,-6.38,-0.39,92842.6,24.15,-0.239,-0.914,-0.174,0.5,-0.4,-0.3,3.90
66660,DESCENT,131.42,131.12,-6.37,-0.20,92841.3,24.15,-0.186,-0.949,-0.157,-0.1,-0.9,-0.4,3.90
66670,DESCENT,130.96,131.06,-6.38,-0.54,92846.5,24.15,-0.204,-0.903,-0.189,0.1,-0.5,0.1,3.90
66680,DESCENT,130.90,130.99,-6.39,-0.44,92847.2,24.15,-0.234,-0.905,-0.193,-0.3,-0.2,-0.4,3.90
66690,DESCENT,130.53,130.92,-6.41,-0.11,92851.2,24.15,-0.195,-0.951,-0.188,-0.3,-0.6,0.1,3.90
66700,DESCENT,130.74,130.85,-6.41,-0.26,92849.0,24.15,-0.232,-0.930,-0.169,0.0,-0.4,-0.5,3.90
66710,DESCENT,130.64,130.78,-6.42,-0.07,92850.0,24.15,-0.237,-0.944,-0.196,-0.0,-0.7,-0.6,3.90
66720,DESCENT,131.09,130.73,-6.41,0.06,92845.0,24.15,-0.213,-0.961,-0.211,0.1,-0.1,-0.1,3.90
66730,DESCENT,130.86,130.67,-6.40,-0.41,92847.6,24.15,-0.247,-0.906,-0.184,-0.2,-0.4,0.1,3.90
66740,DESCENT,130.75,130.61,-6.40,-0.50,92848.8,24.15,-0.182,-0.912,-0.191,-0.3,-0.8,-0.4,3.90
66750,DESCENT,130.86,130.55,-6.39,-0.28,92847.5,24.15,-0.217,-0.929,-0.185,-0.4,-0.3,-0.8,3.90
66760,DESCENT,130.42,130.49,-6.39,0.18,92852.4,24.15,-0.246,-0.965,-0.215,0.1,-0.3,-0.6,3.90
66770,DESCENT,130.67,130.43,-6.38,-0.07,92849.7,24.15,-0.204,-0.952,-0.190,-0.1,-0.8,0.2,3.90
66780,DESCENT,130.50,130.37,-6.38,0.05,92851.6,24.15,-0.231,-0.963,-0.171,0.1,0.2,0.0,3.90
66790,DESCENT,130.43,130.31,-6.37,-0.37,92852.4,24.15,-0.186,-0.926,-0.184,0.1,-0.6,-0.1,3.90
66800,DESCENT,129.81,130.23,-6.39,-0.20,92859.3,24.15,-0.247,-0.930,-0.182,0.1,-0.1,-0.0,3.90
66810,DESCENT,129.88,130.16,-6.41,-0.01,92858.5,24.15,-0.272,-0.939,-0.207,0.1,-0.4,0.3,3.90
66820,DESCENT,130.56,130.11,-6.39,-0.21,92850.9,24.15,-0.244,-0.929,-0.184,-0.1,-0.3,-0.2,3.90
66830,DESCENT,129.81,130.04,-6.40,-0.07,92859.4,24.15,-0.223,-0.943,-0.218,0.3,-0.1,-0.3,3.90
66840,DESCENT,130.19,129.98,-6.39,-0.07,92855.1,24.15,-0.239,-0.947,-0.176,-0.3,-0.6,-0.1,3.90
66850,DESCENT,130.07,129.92,-6.39,-0.14,92856.4,24.16,-0.240,-0.934,-0.202,0.0,-0.0,-0.4,3.90
66860,DESCENT,129.86,129.86,-6.39,-0.45,92858.7,24.16,-0.248,-0.910,-0.146,0.6,-0.1,0.2,3.90
66870,DESCENT,129.82,129.80,-6.39,-0.24,92859.2,24.16,-0.210,-0.937,-0.176,-0.1,-0.2,-0.5,3.90
66880,DESCENT,129.63,129.73,-6.40,0.16,92861.4,24.16,-0.219,-0.972,-0.201,-0.0,0.0,0.3,3.90
66890,DESCENT,129.45,129.66,-6.41,-0.04,92863.4,24.16,-0.225,-0.947,-0.208,0.0,-0.2,-0.4,3.90
66900,DESCENT,129.46,129.59,-6.41,-0.24,92863.2,24.16,-0.245,-0.922,-0.204,-0.2,-0.2,-0.6,3.90
66910,DESCENT,129.73,129.53,-6.41,-0.22,92860.2,24.16,-0.206,-0.938,-0.186,0.1,-0.2,-0.0,3.90
66920,DESCENT,129.86,129.48,-6.39,-0.17,92858.8,24.16,-0.218,-0.935,-0.212,-0.3,0.1,0.3,3.90
66930,DESCENT,129.71,129.42,-6.38,0.09,92860.4,24.16,-0.237,-0.971,-0.139,0.2,0.2,-0.1,3.90
66940,DESCENT,129.31,129.36,-6.38,-0.15,92864.9,24.16,-0.236,-0.941,-0.169,0.4,-0.0,-0.2,3.90
66950,DESCENT,129.39,129.30,-6.38,-0.16,92864.1,24.16,-0.226,-0.936,-0.198,-0.3,0.2,-0.2,3.90
66960,DESCENT,129.37,129.24,-6.38,-0.28,92864.3,24.16,-0.214,-0.929,-0.187,-0.1,-0.4,-0.6,3.90
66970,DESCENT,129.27,129.18,-6.38,-0.18,92865.4,24.16,-0.234,-0.931,-0.206,-0.0,0.2,-0.1,3.90
66980,DESCENT,129.20,129.11,-6.37,-0.27,92866.2,24.16,-0.229,-0.929,-0.171,-0.1,-0.5,-0.4,3.90
66990,DESCENT,129.37,129.06,-6.36,-0.25,92864.3,24.16,-0.221,-0.926,-0.207,0.6,-0.1,-0.1,3.90
67000,DESCENT,129.30,129.00,-6.35,0.14,92865.0,24.16,-0.213,-0.970,-0.208,-0.1,-0.4,-0.2,3.90
67010,DESCENT,129.16,128.95,-6.34,0.11,92866.6,24.16,-0.259,-0.964,-0.161,-0.0,-0.4,-0.6,3.90
67020,DESCENT,128.81,128.88,-6.35,-0.38,92870.5,24.16,-0.209,-0.924,-0.159,0.2,-1.5,-0.4,3.90
67030,DESCENT,129.18,128.83,-6.34,-0.05,92866.4,24.16,-0.217,-0.944,-0.230,-0.0,-0.2,0.3,3.90
67040,DESCENT,129.22,128.78,-6.32,0.09,92865.9,24.16,-0.249,-0.962,-0.179,0.5,-0.7,-0.3,3.90
67050,DESCENT,128.70,128.71,-6.32,-0.41,92871.8,24.16,-0.197,-0.918,-0.186,0.2,-0.6,-0.5,3.90
67060,DESCENT,128.70,128.65,-6.32,-0.20,92871.7,24.16,-0.260,-0.927,-0.181,0.2,0.1,-0.5,3.90
67070,DESCENT,128.53,128.59,-6.33,-0.47,92873.6,24.16,-0.178,-0.915,-0.192,0.3,-0.2,-0.2,3.90
67080,DESCENT,128.37,128.52,-6.33,-0.07,92875.4,24.16,-0.222,-0.948,-0.196,-0.0,-0.2,-0.1,3.90
67090,DESCENT,128.90,128.47,-6.32,-0.47,92869.5,24.16,-0.224,-0.903,-0.199,-0.4,-0.1,-0.1,3.90
67100,DESCENT,128.29,128.40,-6.33,-0.54,92876.4,24.17,-0.220,-0.901,-0.178,0.1,-0.5,-0.0,3.90
67110,DESCENT,128.29,128.34,-6.33,-0.15,92876.4,24.17,-0.215,-0.938,-0.210,0.0,-0.6,-0.3,3.90
67120,DESCENT,128.47,128.28,-6.33,-0.21,92874.4,24.17,-0.238,-0.929,-0.194,0.0,0.3,0.0,3.90
67130,DESCENT,128.66,128.23,-6.31,-0.48,92872.2,24.17,-0.235,-0.904,-0.176,0.0,-0.8,0.3,3.90
67140,DESCENT,127.99,128.16,-6.32,-0.13,92879.7,24.17,-0.225,-0.939,-0.203,0.2,-0.1,-0.4,3.90
67150,DESCENT,128.31,128.10,-6.32,-0.48,92876.2,24.17,-0.237,-0.902,-0.185,0.3,0.2,-0.4,3.90
67160,DESCENT,127.94,128.04,-6.33,-0.17,92880.2,24.17,-0.258,-0.930,-0.189,0.0,0.5,-0.3,3.90
67170,DESCENT,128.46,127.99,-6.31,-0.36,92874.5,24.17,-0.223,-0.921,-0.174,0.1,-0.6,-0.5,3.90
67180,DESCENT,127.66,127.92,-6.32,-0.01,92883.4,24.17,-0.220,-0.955,-0.199,0.5,-0.1,-0.5,3.90
67190,DESCENT,128.27,127.87,-6.31,-0.78,92876.5,24.17,-0.265,-0.865,-0.167,0.2,-0.1,0.1,3.90
67200,DESCENT,128.02,127.81,-6.30,-0.10,92879.3,24.17,-0.254,-0.940,-0.184,-0.1,-0.0,0.0,3.90
67210,DESCENT,127.77,127.75,-6.31,-0.55,92882.1,24.17,-0.231,-0.898,-0.171,0.2,0.2,-0.4,3.90
67220,DESCENT,127.82,127.69,-6.30,-0.05,92881.6,24.17,-0.203,-0.953,-0.203,0.4,0.1,-0.6,3.90
67230,DESCENT,127.99,127.63,-6.29,-0.07,92879.7,24.17,-0.244,-0.932,-0.237,0.2,-0.3,-0.3,3.90
67240,DESCENT,127.47,127.57,-6.30,-0.39,92885.5,24.17,-0.195,-0.927,-0.155,-0.3,-0.4,0.2,3.90
67250,DESCENT,127.49,127.51,-6.30,-0.57,92885.2,24.17,-0.192,-0.902,-0.191,-0.2,-0.5,-0.5,3.90
67260,DESCENT,127.05,127.43,-6.32,0.02,92890.2,24.17,-0.221,-0.957,-0.199,0.0,-0.1,0.1,3.90
67270,DESCENT,127.47,127.37,-6.32,-0.38,92885.6,24.17,-0.202,-0.916,-0.204,-0.6,0.1,0.6,3.90
67280,DESCENT,127.10,127.30,-6.33,-0.23,92889.7,24.17,-0.213,-0.939,-0.160,-0.2,-0.3,-0.3,3.90
67290,DESCENT,126.92,127.23,-6.35,-0.37,92891.7,24.17,-0.234,-0.922,-0.143,-0.4,-0.3,-0.2,3.90
67300,DESCENT,126.92,127.16,-6.36,0.15,92891.7,24.17,-0.238,-0.954,-0.254,-0.0,0.0,0.5,3.90
67310,DESCENT,127.11,127.10,-6.36,0.01,92889.6,24.17,-0.246,-0.953,-0.183,0.5,-0.3,0.5,3.90
67320,DESCENT,127.03,127.03,-6.36,-0.35,92890.5,24.17,-0.228,-0.916,-0.195,-0.6,-0.2,0.1,3.90
67330,DESCENT,126.90,126.97,-6.37,-0.72,92891.9,24.17,-0.203,-0.887,-0.171,0.5,-0.3,-0.3,3.90
67340,DESCENT,127.22,126.91,-6.36,0.08,92888.4,24.17,-0.228,-0.959,-0.216,0.6,-0.3,0.3,3.90
67350,DESCENT,127.12,126.86,-6.35,-0.25,92889.4,24.18,-0.237,-0.922,-0.207,-0.1,-0.4,0.0,3.90
67360,DESCENT,126.88,126.80,-6.34,-0.17,92892.1,24.18,-0.245,-0.932,-0.192,0.3,-0.2,-0.0,3.90
67370,DESCENT,127.16,126.74,-6.33,-0.45,92889.0,24.18,-0.226,-0.907,-0.191,-0.2,-0.4,-0.3,3.90
67380,DESCENT,126.55,126.68,-6.34,-0.47,92895.8,24.18,-0.225,-0.911,-0.163,0.1,0.0,-0.2,3.90
67390,DESCENT,126.30,126.60,-6.36,-0.06,92898.6,24.18,-0.216,-0.945,-0.218,0.2,0.4,0.1,3.90
67400,DESCENT,126.62,126.54,-6.35,-0.15,92895.1,24.18,-0.239,-0.929,-0.220,-0.2,0.1,-0.5,3.90
67410,DESCENT,126.17,126.47,-6.37,-0.24,92900.1,24.18,-0.198,-0.936,-0.187,0.4,-0.4,-0.4,3.90
67420,DESCENT,126.65,126.41,-6.36,-0.04,92894.7,24.18,-0.228,-0.947,-0.205,-0.0,0.1,-0.5,3.90
67430,DESCENT,126.78,126.36,-6.34,-0.01,92893.2,24.18,-0.265,-0.938,-0.220,-0.2,-0.7,-0.1,3.90
67440,DESCENT,126.48,126.30,-6.34,-0.54,92896.6,24.18,-0.211,-0.899,-0.198,-0.2,0.0,-0.3,3.90
67450,DESCENT,126.30,126.24,-6.34,-0.09,92898.6,24.18,-0.246,-0.939,-0.199,-0.2,-0.5,0.1,3.90
67460,DESCENT,126.09,126.18,-6.34,-0.05,92901.0,24.18,-0.242,-0.946,-0.191,0.5,-0.3,0.2,3.90
67470,DESCENT,126.39,126.12,-6.33,-0.31,92897.6,24.18,-0.205,-0.924,-0.205,0.2,-0.6,-0.2,3.90
67480,DESCENT,125.85,126.05,-6.34,-0.09,92903.7,24.18,-0.240,-0.937,-0.214,0.0,0.0,0.5,3.90
67490,DESCENT,125.84,125.98,-6.35,-0.17,92903.8,24.18,-0.217,-0.939,-0.191,-0.6,-0.5,0.1,3.90
67500,DESCENT,126.09,125.92,-6.35,-0.40,92901.0,24.18,-0.224,-0.916,-0.172,-0.1,0.2,0.1,3.90
67510,DESCENT,125.99,125.86,-6.35,-0.19,92902.1,24.18,-0.200,-0.940,-0.192,-0.1,-0.1,0.1,3.90
67520,DESCENT,125.95,125.81,-6.34,-0.18,92902.5,24.18,-0.235,-0.929,-0.212,0.1,-0.4,-0.5,3.90
67530,DESCENT,125.85,125.75,-6.34,-0.23,92903.7,24.18,-0.225,-0.926,-0.213,0.7,0.1,-0.1,3.90
67540,DESCENT,125.39,125.67,-6.35,-0.23,92908.8,24.18,-0.233,-0.938,-0.140,0.2,-0.1,-0.4,3.90
67550,DESCENT,125.89,125.62,-6.35,-0.64,92903.3,24.18,-0.221,-0.893,-0.167,0.2,-0.7,-0.7,3.90
67560,DESCENT,125.48,125.55,-6.36,-0.36,92907.8,24.18,-0.240,-0.916,-0.181,0.2,0.0,0.1,3.90
67570,DESCENT,125.54,125.49,-6.36,-0.08,92907.2,24.18,-0.243,-0.941,-0.199,-0.1,-0.1,-0.1,3.90
67580,DESCENT,125.56,125.43,-6.35,-0.34,92906.9,24.18,-0.199,-0.925,-0.188,-0.4,-0.2,-0.2,3.90
67590,DESCENT,126.04,125.39,-6.33,-0.13,92901.5,24.19,-0.222,-0.946,-0.173,0.0,-0.5,-0.1,3.90
67600,DESCENT,125.42,125.32,-6.33,-0.32,92908.5,24.19,-0.176,-0.930,-0.199,-0.0,-0.3,0.1,3.90
67610,DESCENT,125.22,125.26,-6.33,-0.31,92910.7,24.19,-0.236,-0.920,-0.188,-0.7,-0.6,-0.2,3.90
67620,DESCENT,124.89,125.19,-6.34,-0.10,92914.4,24.19,-0.231,-0.944,-0.185,0.1,-0.4,0.1,3.90
67630,DESCENT,125.25,125.13,-6.34,0.20,92910.4,24.19,-0.246,-0.961,-0.245,-0.5,-0.2,-0.3,3.90
67640,DESCENT,125.14,125.07,-6.34,-0.11,92911.6,24.19,-0.214,-0.938,-0.225,0.0,-0.1,-0.2,3.90
67650,DESCENT,124.98,125.00,-6.34,-0.04,92913.5,24.19,-0.254,-0.941,-0.205,-0.2,-0.1,0.2,3.90
67660,DESCENT,124.64,124.93,-6.35,-0.38,92917.2,24.19,-0.165,-0.920,-0.223,0.1,-0.1,-0.6,3.90
67670,DESCENT,125.18,124.88,-6.34,-0.22,92911.1,24.19,-0.218,-0.935,-0.182,0.1,-0.2,-0.4,3.90
67680,DESCENT,124.50,124.80,-6.36,-0.24,92918.7,24.19,-0.219,-0.930,-0.197,-0.2,-0.4,0.3,3.90
67690,DESCENT,124.70,124.74,-6.36,-0.27,92916.6,24.19,-0.203,-0.938,-0.158,0.6,-0.4,0.2,3.90
67700,DESCENT,124.78,124.68,-6.36,-0.16,92915.7,24.19,-0.231,-0.938,-0.186,0.4,0.1,-0.3,3.90
67710,DESCENT,125.35,124.64,-6.33,-0.33,92909.3,24.19,-0.206,-0.919,-0.216,-0.2,-0.6,0.1,3.90
67720,DESCENT,124.34,124.57,-6.35,-0.45,92920.6,24.19,-0.213,-0.913,-0.176,0.1,-0.4,-0.5,3.90
67730,DESCENT,124.64,124.51,-6.34,-0.37,92917.2,24.19,-0.251,-0.909,-0.192,-0.1,0.2,-0.4,3.90
67740,DESCENT,124.17,124.44,-6.36,-0.04,92922.5,24.19,-0.294,-0.935,-0.175,-0.2,-0.1,0.2,3.90
67750,DESCENT,124.36,124.37,-6.36,-0.30,92920.4,24.19,-0.213,-0.928,-0.179,-0.1,-0.2,-0.3,3.90
67760,DESCENT,124.72,124.32,-6.35,-0.25,92916.3,24.19,-0.231,-0.936,-0.145,0.2,-0.5,-0.1,3.90
67770,DESCENT,124.11,124.25,-6.35,-0.29,92923.1,24.19,-0.230,-0.922,-0.197,-0.2,-0.8,-0.3,3.90
67780,DESCENT,123.78,124.18,-6.37,-0.15,92926.8,24.19,-0.223,-0.940,-0.189,0.2,-0.7,0.6,3.90
67790,DESCENT,124.11,124.11,-6.38,-0.42,92923.1,24.19,-0.187,-0.927,-0.146,-0.3,0.2,-0.5,3.90
67800,DESCENT,123.81,124.04,-6.39,-0.04,92926.5,24.19,-0.224,-0.950,-0.199,0.4,0.2,-0.1,3.90
67810,DESCENT,123.83,123.97,-6.39,-0.02,92926.3,24.19,-0.257,-0.945,-0.193,0.8,0.0,0.5,3.90
67820,DESCENT,124.00,123.91,-6.39,-0.52,92924.4,24.19,-0.217,-0.906,-0.165,-0.1,-0.5,0.3,3.90
67830,DESCENT,123.84,123.85,-6.40,-0.37,92926.1,24.19,-0.237,-0.912,-0.197,0.0,-0.2,-0.2,3.90
67840,DESCENT,123.93,123.79,-6.40,-0.41,92925.1,24.20,-0.212,-0.925,-0.135,0.2,-0.1,-0.6,3.90
67850,DESCENT,123.61,123.72,-6.40,0.04,92928.8,24.20,-0.199,-0.964,-0.201,0.0,-0.5,-0.3,3.90
67860,DESCENT,123.92,123.67,-6.39,-0.36,92925.2,24.20,-0.236,-0.914,-0.186,0.2,-0.4,-0.3,3.90
67870,DESCENT,123.38,123.60,-6.41,-0.43,92931.3,24.20,-0.228,-0.910,-0.186,-0.4,-0.2,-0.1,3.90
67880,DESCENT,123.68,123.54,-6.41,-0.59,92928.0,24.20,-0.188,-0.905,-0.173,0.1,0.4,-0.5,3.90
67890,DESCENT,123.90,123.48,-6.39,-0.37,92925.5,24.20,-0.212,-0.924,-0.169,0.3,0.1,-0.2,3.90
67900,DESCENT,123.39,123.42,-6.40,-0.29,92931.2,24.20,-0.224,-0.916,-0.227,0.2,-0.7,-0.3,3.90
67910,DESCENT,123.37,123.35,-6.40,0.04,92931.4,24.20,-0.229,-0.959,-0.190,0.6,-0.6,-0.4,3.90
67920,DESCENT,123.20,123.29,-6.40,-0.24,92933.4,24.20,-0.231,-0.923,-0.212,-0.5,-0.5,-0.7,3.90
67930,DESCENT,123.68,123.24,-6.39,-0.27,92928.0,24.20,-0.256,-0.920,-0.184,0.6,-0.4,-0.6,3.90
67940,DESCENT,122.74,123.16,-6.41,-0.35,92938.5,24.20,-0.242,-0.918,-0.169,0.0,-0.3,-0.6,3.90
67950,DESCENT,123.07,123.10,-6.41,-0.39,92934.8,24.20,-0.215,-0.911,-0.214,0.3,-0.0,-0.6,3.90
67960,DESCENT,122.90,123.03,-6.42,-0.19,92936.7,24.20,-0.232,-0.937,-0.172,0.3,-0.4,-0.1,3.90
67970,DESCENT,123.29,122.97,-6.41,0.20,92932.3,24.20,-0.213,-0.981,-0.184,0.1,-0.3,0.4,3.90
67980,DESCENT,123.00,122.91,-6.40,-0.25,92935.6,24.20,-0.210,-0.933,-0.181,0.2,-0.2,-0.6,3.90
67990,DESCENT,123.08,122.85,-6.40,-0.10,92934.7,24.20,-0.243,-0.941,-0.191,0.1,-0.8,-0.0,3.90
68000,DESCENT,122.53,122.78,-6.41,-0.16,92940.9,24.20,-0.198,-0.939,-0.216,0.4,-0.3,-0.6,3.90
68010,DESCENT,122.93,122.72,-6.40,-0.11,92936.4,24.20,-0.210,-0.952,-0.166,0.1,-0.8,-0.4,3.90
68020,DESCENT,122.34,122.65,-6.42,-0.78,92942.9,24.20,-0.219,-0.878,-0.164,-0.1,-0.3,-0.3,3.90
68030,DESCENT,122.58,122.59,-6.42,-0.20,92940.3,24.20,-0.202,-0.939,-0.194,-0.2,0.2,-0.4,3.90
68040,DESCENT,123.17,122.54,-6.40,-0.39,92933.7,24.20,-0.228,-0.911,-0.195,-0.6,-0.2,-0.6,3.90
68050,DESCENT,122.48,122.48,-6.40,-0.10,92941.4,24.20,-0.231,-0.947,-0.172,-0.2,0.2,0.1,3.90
68060,DESCENT,122.51,122.42,-6.40,-0.25,92941.1,24.20,-0.228,-0.933,-0.168,0.3,-0.4,-0.5,3.90
68070,DESCENT,122.31,122.35,-6.40,0.05,92943.3,24.20,-0.227,-0.961,-0.190,-0.7,0.3,-0.2,3.90
68080,DESCENT,122.00,122.28,-6.42,-0.08,92946.8,24.20,-0.232,-0.938,-0.223,-0.2,-0.5,-0.3,3.90
68090,DESCENT,121.98,122.21,-6.43,-0.40,92947.0,24.21,-0.221,-0.923,-0.133,0.2,0.1,-0.7,3.90
68100,DESCENT,122.26,122.15,-6.43,-0.40,92943.9,24.21,-0.223,-0.916,-0.174,-0.2,0.1,0.2,3.90
68110,DESCENT,121.88,122.08,-6.44,-0.32,92948.1,24.21,-0.226,-0.922,-0.185,-0.2,0.2,-0.2,3.90
68120,DESCENT,122.24,122.02,-6.43,-0.46,92944.1,24.21,-0.241,-0.910,-0.148,0.1,0.2,-1.0,3.90
68130,DESCENT,122.23,121.96,-6.42,-0.07,92944.2,24.21,-0.236,-0.938,-0.225,0.2,-0.2,-0.6,3.90
68140,DESCENT,121.87,121.90,-6.43,-0.03,92948.2,24.21,-0.238,-0.947,-0.206,0.3,-0.1,0.1,3.90
68150,DESCENT,122.02,121.84,-6.42,-0.13,92946.5,24.21,-0.240,-0.939,-0.182,0.2,-0.3,-0.0,3.90
68160,DESCENT,121.58,121.77,-6.43,-0.52,92951.5,24.21,-0.197,-0.901,-0.214,-0.6,-0.1,-0.0,3.90
68170,DESCENT,121.77,121.71,-6.43,-0.45,92949.3,24.21,-0.218,-0.913,-0.172,0.1,-0.0,0.2,3.90
68180,DESCENT,121.44,121.64,-6.44,0.06,92953.1,24.21,-0.259,-0.955,-0.189,0.3,-0.6,0.4,3.90
68190,DESCENT,121.56,121.57,-6.44,-0.27,92951.7,24.21,-0.214,-0.932,-0.172,0.4,-0.6,-0.1,3.90
68200,DESCENT,121.87,121.52,-6.43,-0.34,92948.3,24.21,-0.238,-0.917,-0.188,0.0,-0.6,-0.6,3.90
68210,DESCENT,121.57,121.46,-6.43,-0.23,92951.6,24.21,-0.229,-0.929,-0.198,0.2,-0.1,-0.6,3.90
68220,DESCENT,121.54,121.40,-6.43,-0.39,92951.9,24.21,-0.208,-0.916,-0.198,-0.7,-0.2,-0.1,3.90
68230,DESCENT,121.30,121.33,-6.43,-0.38,92954.7,24.21,-0.262,-0.903,-0.201,0.4,-0.6,-0.3,3.90
68240,DESCENT,121.71,121.28,-6.42,-0.09,92950.0,24.21,-0.199,-0.946,-0.216,-0.4,-0.4,-0.3,3.90
68250,DESCENT,121.10,121.21,-6.42,-0.47,92956.9,24.21,-0.230,-0.906,-0.183,-0.0,-0.2,-0.1,3.90
68260,DESCENT,121.03,121.14,-6.43,-0.19,92957.7,24.21,-0.240,-0.935,-0.174,0.3,-0.2,-0.2,3.90
68270,DESCENT,121.18,121.08,-6.43,-0.31,92955.9,24.21,-0.215,-0.926,-0.187,-0.3,-0.6,-0.3,3.90
68280,DESCENT,121.02,121.02,-6.43,-0.23,92957.7,24.21,-0.242,-0.926,-0.196,0.1,-0.2,-0.2,3.90
68290,DESCENT,120.83,120.95,-6.44,-0.12,92959.9,24.21,-0.217,-0.943,-0.198,0.2,-0.3,0.1,3.90
68300,DESCENT,121.42,120.90,-6.42,-0.13,92953.3,24.21,-0.205,-0.939,-0.224,0.4,-0.4,0.2,3.90
68310,DESCENT,121.23,120.85,-6.40,0.29,92955.4,24.21,-0.259,-0.980,-0.185,0.1,-0.9,-0.2,3.90
68320,DESCENT,120.85,120.79,-6.40,-0.18,92959.6,24.21,-0.185,-0.943,-0.198,0.3,0.2,-0.6,3.90
68330,DESCENT,120.99,120.73,-6.39,-0.07,92958.1,24.21,-0.211,-0.955,-0.172,0.1,0.0,-0.5,3.90
68340,DESCENT,120.30,120.66,-6.41,-0.56,92965.8,24.22,-0.182,-0.911,-0.158,0.6,-0.5,0.2,3.90
68350,DESCENT,120.82,120.60,-6.40,-0.13,92960.0,24.22,-0.216,-0.946,-0.182,0.1,-0.6,-0.3,3.90
68360,DESCENT,120.44,120.53,-6.41,-0.16,92964.3,24.22,-0.222,-0.937,-0.200,0.2,-0.1,-0.4,3.90
68370,DESCENT,120.69,120.47,-6.40,-0.20,92961.5,24.22,-0.228,-0.928,-0.213,0.2,-0.6,-0.6,3.90
68380,DESCENT,120.74,120.42,-6.39,-0.19,92960.9,24.22,-0.232,-0.934,-0.188,0.2,-0.0,0.2,3.90
68390,DESCENT,120.15,120.35,-6.40,-0.22,92967.5,24.22,-0.244,-0.930,-0.178,0.2,0.0,0.2,3.90
68400,DESCENT,120.37,120.29,-6.40,-0.59,92965.0,24.22,-0.218,-0.893,-0.193,-0.1,-0.3,0.2,3.90
68410,DESCENT,120.32,120.23,-6.40,-0.04,92965.6,24.22,-0.244,-0.942,-0.216,-0.1,-0.7,-0.1,3.90
68420,DESCENT,120.01,120.16,-6.41,-0.39,92969.1,24.22,-0.175,-0.925,-0.190,0.2,-1.1,-0.2,3.90
68430,DESCENT,119.77,120.08,-6.42,-0.37,92971.8,24.22,-0.205,-0.922,-0.188,-0.0,-0.4,-0.2,3.90
68440,DESCENT,119.83,120.01,-6.43,-0.22,92971.1,24.22,-0.245,-0.931,-0.169,0.1,-0.4,-0.6,3.90
68450,DESCENT,119.93,119.95,-6.44,-0.04,92970.0,24.22,-0.255,-0.946,-0.177,-0.1,-0.3,-0.3,3.90
68460,DESCENT,119.67,119.88,-6.45,-0.32,92972.8,24.22,-0.220,-0.923,-0.185,0.1,-0.3,-0.3,3.90
68470,DESCENT,119.77,119.81,-6.45,-0.30,92971.7,24.22,-0.215,-0.921,-0.212,0.2,-0.1,-0.5,3.90
68480,DESCENT,119.79,119.75,-6.45,-0.24,92971.6,24.22,-0.235,-0.922,-0.218,-0.1,-0.3,-0.2,3.90
68490,DESCENT,119.65,119.68,-6.46,-0.39,92973.1,24.22,-0.237,-0.912,-0.182,-0.2,-0.4,-0.3,3.90
68500,DESCENT,119.42,119.61,-6.47,-0.18,92975.7,24.22,-0.241,-0.939,-0.158,0.3,0.4,-0.2,3.90
68510,DESCENT,119.96,119.56,-6.45,-0.12,92969.6,24.22,-0.226,-0.940,-0.204,0.3,-0.6,-0.4,3.90
68520,DESCENT,119.46,119.50,-6.46,-0.16,92975.2,24.22,-0.228,-0.925,-0.245,-0.2,-0.2,-0.1,3.90
68530,DESCENT,119.40,119.43,-6.46,-0.04,92976.0,24.22,-0.238,-0.944,-0.209,0.1,0.1,-0.2,3.90
68540,DESCENT,119.71,119.38,-6.45,-0.47,92972.4,24.22,-0.214,-0.908,-0.187,0.6,-0.6,-0.1,3.90
68550,DESCENT,119.31,119.31,-6.45,-0.22,92976.9,24.22,-0.244,-0.926,-0.198,0.2,-0.6,-0.0,3.90
68560,DESCENT,119.36,119.25,-6.45,-0.45,92976.4,24.22,-0.240,-0.912,-0.145,-0.2,-0.5,-0.4,3.90
68570,DESCENT,119.50,119.19,-6.44,0.12,92974.8,24.22,-0.227,-0.970,-0.181,-0.1,-0.2,-0.2,3.90
68580,DESCENT,119.35,119.14,-6.43,-0.26,92976.5,24.22,-0.218,-0.933,-0.172,0.4,-0.2,-0.3,3.90
68590,DESCENT,119.12,119.07,-6.43,-0.08,92979.1,24.23,-0.226,-0.947,-0.191,0.3,-0.1,-0.4,3.90
68600,DESCENT,119.33,119.02,-6.42,-0.46,92976.7,24.23,-0.244,-0.903,-0.184,0.0,-0.3,-0.3,3.90
68610,DESCENT,118.74,118.95,-6.43,-0.44,92983.4,24.23,-0.250,-0.899,-0.200,0.3,-0.2,0.2,3.90
68620,DESCENT,118.93,118.88,-6.44,-0.18,92981.2,24.23,-0.220,-0.939,-0.187,0.6,-0.5,0.1,3.90
68630,DESCENT,118.72,118.82,-6.44,-0.38,92983.6,24.23,-0.192,-0.928,-0.162,0.3,-0.4,-0.0,3.90
68640,DESCENT,119.16,118.76,-6.43,-0.12,92978.7,24.23,-0.189,-0.948,-0.204,0.6,-0.1,0.0,3.90
68650,DESCENT,118.67,118.70,-6.43,-0.12,92984.1,24.23,-0.222,-0.944,-0.190,0.3,-0.2,-0.4,3.90
68660,DESCENT,118.81,118.64,-6.42,-0.13,92982.5,24.23,-0.231,-0.940,-0.191,0.8,-0.8,-0.4,3.90
68670,DESCENT,119.11,118.59,-6.41,-0.19,92979.2,24.23,-0.216,-0.940,-0.176,-0.0,0.3,-0.4,3.90
68680,DESCENT,118.73,118.53,-6.40,-0.20,92983.4,24.23,-0.184,-0.945,-0.180,0.2,-0.1,-0.3,3.90
68690,DESCENT,118.24,118.46,-6.41,-0.18,92989.0,24.23,-0.203,-0.940,-0.201,0.3,-0.5,-0.1,3.90
68700,DESCENT,118.61,118.40,-6.40,-0.27,92984.7,24.23,-0.253,-0.916,-0.206,0.6,-0.6,-0.2,3.90
68710,DESCENT,118.37,118.34,-6.41,-0.43,92987.4,24.23,-0.245,-0.899,-0.212,0.2,-0.7,-0.3,3.90
68720,DESCENT,118.19,118.27,-6.41,-0.20,92989.5,24.23,-0.263,-0.932,-0.149,0.0,0.5,0.1,3.90
68730,DESCENT,118.04,118.20,-6.42,-0.26,92991.2,24.23,-0.219,-0.924,-0.211,-0.3,0.0,0.2,3.90
68740,DESCENT,118.28,118.14,-6.42,-0.03,92988.5,24.23,-0.238,-0.946,-0.205,-0.1,-0.5,-0.1,3.90
68750,DESCENT,117.67,118.07,-6.44,-0.19,92995.3,24.23,-0.235,-0.928,-0.215,0.3,-0.6,-0.6,3.90
68760,DESCENT,118.33,118.01,-6.42,-0.18,92988.0,24.23,-0.219,-0.936,-0.198,0.1,-1.3,0.3,3.90
68770,DESCENT,118.16,117.95,-6.42,-0.10,92989.8,24.23,-0.205,-0.947,-0.200,-0.5,0.1,-0.2,3.90
68780,DESCENT,117.79,117.89,-6.42,-0.37,92994.0,24.23,-0.191,-0.929,-0.159,0.6,-0.1,-0.7,3.90
68790,DESCENT,117.85,117.82,-6.42,-0.13,92993.3,24.23,-0.220,-0.944,-0.187,0.2,0.1,-0.7,3.90
68800,DESCENT,117.86,117.76,-6.42,-0.36,92993.2,24.23,-0.226,-0.918,-0.186,0.3,-0.3,0.0,3.90
68810,DESCENT,117.48,117.69,-6.44,-0.37,92997.4,24.23,-0.231,-0.911,-0.210,-0.2,-0.1,-0.5,3.90
68820,DESCENT,118.07,117.64,-6.42,0.03,92990.8,24.23,-0.233,-0.952,-0.217,0.1,-0.3,0.1,3.90
68830,DESCENT,117.32,117.57,-6.43,-0.22,92999.2,24.24,-0.238,-0.928,-0.190,0.3,-0.4,-0.4,3.90
68840,DESCENT,117.65,117.51,-6.43,-0.21,92995.5,24.24,-0.238,-0.935,-0.159,0.1,-0.2,-0.4,3.90
68850,DESCENT,117.70,117.45,-6.42,-0.10,92995.0,24.24,-0.235,-0.941,-0.198,0.8,-0.2,-0.3,3.90
68860,DESCENT,117.53,117.39,-6.41,-0.05,92996.9,24.24,-0.194,-0.959,-0.182,-0.1,0.1,-0.1,3.90
68870,DESCENT,117.31,117.33,-6.42,-0.09,92999.3,24.24,-0.238,-0.950,-0.149,-0.3,-0.5,-0.2,3.90
68880,DESCENT,117.18,117.26,-6.42,0.02,93000.8,24.24,-0.235,-0.955,-0.193,0.3,-0.4,0.1,3.90
68890,DESCENT,117.59,117.21,-6.40,-0.31,92996.2,24.24,-0.208,-0.925,-0.196,0.3,-0.0,-0.3,3.90
68900,DESCENT,117.55,117.15,-6.39,-0.16,92996.6,24.24,-0.245,-0.939,-0.162,0.4,-0.3,-0.6,3.90
68910,DESCENT,116.96,117.09,-6.40,0.08,93003.2,24.24,-0.240,-0.961,-0.189,0.8,-0.2,0.0,3.90
68920,DESCENT,117.21,117.03,-6.39,-0.28,93000.5,24.24,-0.223,-0.930,-0.169,-0.2,-0.7,-0.2,3.90
68930,DESCENT,116.95,116.96,-6.39,-0.56,93003.3,24.24,-0.206,-0.896,-0.208,0.4,0.1,-0.0,3.90
68940,DESCENT,116.94,116.90,-6.40,-0.23,93003.5,24.24,-0.201,-0.933,-0.210,0.4,-0.3,-0.1,3.90
68950,DESCENT,117.01,116.84,-6.39,0.00,93002.7,24.24,-0.219,-0.961,-0.169,-0.2,-0.3,0.0,3.90
68960,DESCENT,116.93,116.78,-6.38,0.26,93003.6,24.24,-0.232,-0.979,-0.205,0.3,-0.0,-0.2,3.90
68970,DESCENT,117.13,116.73,-6.37,-0.52,93001.3,24.24,-0.212,-0.901,-0.193,-0.2,0.2,-0.5,3.90
68980,DESCENT,116.62,116.67,-6.37,-0.15,93007.0,24.24,-0.234,-0.941,-0.175,0.2,-0.7,-0.0,3.90
68990,DESCENT,116.63,116.60,-6.37,-0.29,93006.9,24.24,-0.225,-0.929,-0.165,0.1,-0.3,-0.0,3.90
69000,DESCENT,116.21,116.53,-6.39,0.05,93011.7,24.24,-0.238,-0.951,-0.226,0.1,-0.2,-0.0,3.90
69010,DESCENT,116.35,116.46,-6.39,-0.34,93010.0,24.24,-0.218,-0.921,-0.189,0.9,-0.4,-0.8,3.90
69020,DESCENT,116.52,116.40,-6.39,-0.12,93008.1,24.24,-0.230,-0.941,-0.193,0.2,0.1,0.0,3.90
69030,DESCENT,116.35,116.34,-6.39,-0.36,93010.1,24.24,-0.217,-0.923,-0.171,-0.2,0.1,-0.2,3.90
69040,DESCENT,116.08,116.27,-6.40,-0.24,93013.2,24.24,-0.244,-0.928,-0.178,0.6,0.2,0.4,3.90
69050,DESCENT,116.38,116.21,-6.40,-0.55,93009.7,24.24,-0.181,-0.903,-0.203,-0.1,-0.7,-0.2,3.90
69060,DESCENT,116.39,116.15,-6.40,-0.30,93009.6,24.24,-0.241,-0.923,-0.174,-0.4,0.0,-0.2,3.90
69070,DESCENT,116.08,116.09,-6.40,-0.12,93013.2,24.24,-0.259,-0.934,-0.191,0.0,-0.3,-0.4,3.90
69080,DESCENT,116.32,116.03,-6.39,0.02,93010.5,24.25,-0.218,-0.958,-0.200,-0.4,-0.5,-0.6,3.90
69090,DESCENT,116.30,115.98,-6.37,-0.24,93010.6,24.25,-0.201,-0.928,-0.221,0.6,-0.4,0.1,3.90
69100,DESCENT,116.05,115.92,-6.37,-0.31,93013.5,24.25,-0.194,-0.925,-0.207,0.2,-0.0,-0.1,3.90
69110,DESCENT,115.84,115.85,-6.38,-0.29,93015.8,24.25,-0.233,-0.920,-0.203,-0.1,0.0,-0.5,3.90
69120,DESCENT,115.81,115.79,-6.38,-0.09,93016.1,24.25,-0.218,-0.949,-0.183,0.4,-0.5,-0.4,3.90
69130,DESCENT,115.74,115.73,-6.38,-0.06,93016.9,24.25,-0.233,-0.944,-0.205,0.3,-0.2,0.1,3.90
69140,DESCENT,115.75,115.67,-6.37,-0.04,93016.8,24.25,-0.223,-0.950,-0.199,0.4,0.1,0.3,3.90
69150,DESCENT,115.63,115.60,-6.37,0.11,93018.2,24.25,-0.252,-0.953,-0.227,0.2,-0.1,-0.4,3.90
69160,DESCENT,115.29,115.53,-6.38,-0.09,93022.0,24.25,-0.219,-0.940,-0.223,0.4,-0.0,0.1,3.90
69170,DESCENT,115.41,115.47,-6.39,0.03,93020.7,24.25,-0.243,-0.957,-0.177,0.1,0.2,0.1,3.90
69180,DESCENT,115.45,115.40,-6.38,-0.03,93020.1,24.25,-0.174,-0.959,-0.211,0.0,-0.2,0.0,3.90
69190,DESCENT,115.18,115.34,-6.39,-0.51,93023.3,24.25,-0.220,-0.906,-0.169,-0.4,-0.1,-0.0,3.90
69200,DESCENT,115.37,115.27,-6.39,-0.03,93021.1,24.25,-0.205,-0.958,-0.189,-0.4,0.3,-0.2,3.90
69210,DESCENT,116.21,115.24,-6.35,-0.36,93011.7,24.25,-0.203,-0.927,-0.164,0.1,-0.1,-0.6,3.90
69220,DESCENT,115.02,115.17,-6.36,-0.28,93025.0,24.25,-0.190,-0.929,-0.209,0.0,-0.3,-0.5,3.90
69230,DESCENT,115.40,115.12,-6.35,-0.22,93020.8,24.25,-0.231,-0.937,-0.156,0.1,-0.4,-0.3,3.90
69240,DESCENT,115.04,115.05,-6.36,-0.19,93024.7,24.25,-0.260,-0.928,-0.184,-0.1,-0.6,-0.1,3.90
69250,DESCENT,114.87,114.98,-6.36,-0.09,93026.7,24.25,-0.217,-0.948,-0.192,0.1,0.1,-0.6,3.90
69260,DESCENT,115.25,114.93,-6.35,-0.25,93022.5,24.25,-0.237,-0.927,-0.184,0.1,-0.1,0.3,3.90
69270,DESCENT,115.04,114.87,-6.35,-0.05,93024.8,24.25,-0.244,-0.945,-0.194,0.2,0.3,-0.9,3.90
69280,DESCENT,114.91,114.81,-6.34,-0.10,93026.2,24.25,-0.222,-0.950,-0.168,-0.2,0.3,-0.3,3.90
69290,DESCENT,114.50,114.74,-6.35,-0.14,93030.8,24.25,-0.223,-0.936,-0.216,-0.1,-0.3,-0.2,3.90
69300,DESCENT,114.55,114.67,-6.36,-0.36,93030.2,24.25,-0.220,-0.914,-0.207,-0.1,0.0,-0.1,3.90
69310,DESCENT,114.38,114.60,-6.37,0.15,93032.2,24.25,-0.231,-0.967,-0.210,0.3,-0.8,0.0,3.90
69320,DESCENT,114.53,114.54,-6.37,-0.19,93030.5,24.25,-0.160,-0.947,-0.196,-0.6,-0.3,-0.1,3.90
69330,DESCENT,114.68,114.48,-6.36,0.45,93028.8,24.26,-0.249,-1.006,-0.145,-0.1,0.2,-0.3,3.90
69340,DESCENT,114.79,114.43,-6.35,-0.23,93027.6,24.26,-0.238,-0.927,-0.188,0.2,-0.5,-0.3,3.90
69350,DESCENT,114.39,114.37,-6.35,-0.10,93032.0,24.26,-0.230,-0.948,-0.166,-0.2,-0.6,-0.1,3.90
69360,DESCENT,114.17,114.30,-6.35,-0.50,93034.5,24.26,-0.220,-0.905,-0.179,-0.1,0.0,-0.1,3.90
69370,DESCENT,114.08,114.23,-6.36,0.11,93035.6,24.26,-0.234,-0.959,-0.220,0.2,0.1,-0.5,3.90
69380,DESCENT,114.46,114.18,-6.35,-0.45,93031.3,24.26,-0.232,-0.903,-0.198,-0.3,-0.5,-0.4,3.90
69390,DESCENT,114.14,114.11,-6.35,-0.16,93034.9,24.26,-0.242,-0.939,-0.164,0.5,-0.3,-0.1,3.90
69400,DESCENT,113.94,114.05,-6.36,0.12,93037.1,24.26,-0.246,-0.969,-0.156,-0.0,0.0,0.1,3.90
69410,DESCENT,114.55,114.00,-6.34,-0.45,93030.3,24.26,-0.199,-0.908,-0.214,0.1,0.2,-0.2,3.90
69420,DESCENT,114.01,113.94,-6.34,0.07,93036.3,24.26,-0.247,-0.945,-0.246,0.2,-0.4,-0.2,3.90
69430,DESCENT,114.20,113.88,-6.33,-0.47,93034.3,24.26,-0.238,-0.905,-0.170,0.3,-0.2,-0.6,3.90
69440,DESCENT,114.25,113.83,-6.31,-0.09,93033.6,24.26,-0.204,-0.947,-0.209,-0.0,-0.4,-0.7,3.90
69450,DESCENT,114.28,113.78,-6.29,-0.33,93033.3,24.26,-0.234,-0.924,-0.153,0.2,-0.0,-0.8,3.90
69460,DESCENT,113.62,113.72,-6.30,-0.32,93040.7,24.26,-0.223,-0.928,-0.159,-0.4,-0.4,-0.2,3.90
69470,DESCENT,113.11,113.64,-6.33,-0.31,93046.4,24.26,-0.244,-0.917,-0.194,0.0,0.2,-0.3,3.90
69480,DESCENT,113.57,113.58,-6.33,-0.31,93041.2,24.26,-0.214,-0.932,-0.151,0.6,-0.4,-0.5,3.90
69490,DESCENT,113.87,113.52,-6.32,-0.47,93037.9,24.26,-0.212,-0.913,-0.167,-0.2,-0.0,-0.6,3.90
69500,DESCENT,113.97,113.47,-6.30,-0.36,93036.8,24.26,-0.220,-0.917,-0.196,0.1,0.3,0.1,3.90
69510,DESCENT,113.59,113.42,-6.30,-0.00,93041.1,24.26,-0.239,-0.957,-0.165,-0.0,-0.5,-0.6,3.90
69520,DESCENT,113.44,113.35,-6.29,-0.15,93042.7,24.26,-0.211,-0.952,-0.135,0.5,-0.6,-0.5,3.90
69530,DESCENT,113.18,113.29,-6.30,-0.23,93045.6,24.26,-0.206,-0.932,-0.207,0.4,-0.0,-0.6,3.90
69540,DESCENT,113.03,113.22,-6.31,-0.34,93047.4,24.26,-0.230,-0.919,-0.187,-0.0,-0.1,-0.1,3.90
69550,DESCENT,113.45,113.17,-6.30,-0.55,93042.6,24.26,-0.219,-0.900,-0.185,0.3,-0.9,-0.1,3.90
69560,DESCENT,113.07,113.10,-6.31,-0.20,93046.9,24.26,-0.250,-0.928,-0.192,0.3,-0.2,-0.2,3.90
69570,DESCENT,112.75,113.03,-6.32,-0.23,93050.5,24.26,-0.252,-0.929,-0.163,-0.1,-0.4,0.5,3.90
69580,DESCENT,112.89,112.96,-6.33,-0.30,93048.9,24.27,-0.237,-0.919,-0.193,-0.0,-0.6,0.2,3.90
69590,DESCENT,113.60,112.92,-6.30,-0.31,93041.0,24.27,-0.232,-0.924,-0.171,0.4,0.1,-0.3,3.90
69600,DESCENT,112.80,112.86,-6.31,-0.11,93049.9,24.27,-0.189,-0.943,-0.233,-0.4,0.2,-0.1,3.90
69610,DESCENT,112.59,112.79,-6.32,-0.80,93052.3,24.27,-0.214,-0.873,-0.186,-0.1,-0.9,-0.4,3.90
69620,DESCENT,112.45,112.72,-6.34,-0.59,93053.9,24.27,-0.218,-0.893,-0.195,0.4,-0.4,-0.1,3.90
69630,DESCENT,112.66,112.65,-6.34,-0.33,93051.4,24.27,-0.219,-0.927,-0.161,0.1,-0.6,-0.4,3.90
69640,DESCENT,112.57,112.59,-6.34,0.09,93052.4,24.27,-0.243,-0.958,-0.209,0.2,-0.4,-0.6,3.90
69650,DESCENT,112.42,112.52,-6.35,-0.06,93054.1,24.27,-0.233,-0.941,-0.215,-0.1,-0.4,0.0,3.90
69660,DESCENT,112.48,112.46,-6.35,-0.14,93053.5,24.27,-0.216,-0.943,-0.186,0.0,-0.4,-0.3,3.90
69670,DESCENT,112.59,112.40,-6.34,-0.34,93052.3,24.27,-0.230,-0.916,-0.197,0.3,-0.3,-0.5,3.90
69680,DESCENT,112.77,112.35,-6.33,-0.10,93050.2,24.27,-0.229,-0.942,-0.203,0.3,-0.2,0.2,3.90
69690,DESCENT,112.23,112.29,-6.33,-0.60,93056.3,24.27,-0.210,-0.900,-0.158,0.2,-0.2,-0.1,3.90
69700,DESCENT,112.51,112.23,-6.33,-0.55,93053.2,24.27,-0.180,-0.908,-0.189,0.1,-0.3,-0.4,3.90
69710,DESCENT,112.38,112.17,-6.32,-0.31,93054.6,24.27,-0.199,-0.937,-0.140,0.2,-0.2,-0.1,3.90
69720,DESCENT,111.83,112.10,-6.34,-0.00,93060.8,24.27,-0.256,-0.948,-0.189,0.1,-0.4,0.0,3.90
69730,DESCENT,112.49,112.05,-6.32,-0.51,93053.3,24.27,-0.217,-0.896,-0.217,0.3,0.4,-0.3,3.90
69740,DESCENT,112.11,111.99,-6.32,-0.46,93057.7,24.27,-0.214,-0.909,-0.187,-0.2,0.1,-0.1,3.90
69750,DESCENT,112.31,111.94,-6.31,-0.48,93055.4,24.27,-0.201,-0.909,-0.192,0.3,-0.6,-0.1,3.90
69760,DESCENT,111.94,111.88,-6.31,-0.32,93059.5,24.27,-0.175,-0.927,-0.217,-0.3,-0.5,-0.0,3.90
69770,DESCENT,111.51,111.81,-6.33,-0.45,93064.4,24.27,-0.185,-0.918,-0.186,0.3,-0.4,-0.2,3.90
69780,DESCENT,111.74,111.74,-6.33,-0.32,93061.8,24.27,-0.159,-0.937,-0.182,-0.2,-0.4,-0.1,3.90
69790,DESCENT,111.39,111.67,-6.35,-0.24,93065.6,24.27,-0.209,-0.931,-0.205,0.2,-0.6,-0.3,3.90
69800,DESCENT,111.78,111.61,-6.34,-0.03,93061.3,24.27,-0.214,-0.956,-0.185,-0.2,0.0,-0.1,3.90
69810,DESCENT,111.41,111.54,-6.35,0.07,93065.5,24.27,-0.234,-0.966,-0.163,-0.1,-0.6,-0.0,3.90
69820,DESCENT,111.80,111.49,-6.34,-0.42,93061.1,24.28,-0.232,-0.910,-0.181,0.1,-0.6,-0.4,3.90
69830,DESCENT,111.39,111.43,-6.34,-0.67,93065.7,24.28,-0.196,-0.885,-0.213,-0.1,-0.8,-0.0,3.90
69840,DESCENT,111.68,111.37,-6.34,-0.39,93062.5,24.28,-0.237,-0.920,-0.139,-0.1,-0.5,-0.2,3.90
69850,DESCENT,111.20,111.30,-6.34,-0.46,93067.8,24.28,-0.216,-0.918,-0.137,-0.3,-0.4,-0.2,3.90
69860,DESCENT,111.41,111.25,-6.34,-0.07,93065.5,24.28,-0.231,-0.950,-0.180,-0.1,-0.2,-0.3,3.90
69870,DESCENT,111.40,111.19,-6.33,-0.05,93065.6,24.28,-0.229,-0.947,-0.202,-0.2,-0.5,0.3,3.90
69880,DESCENT,111.55,111.14,-6.32,-0.30,93063.9,24.28,-0.262,-0.914,-0.185,0.3,0.1,-0.5,3.90
69890,DESCENT,111.42,111.08,-6.31,-0.34,93065.4,24.28,-0.235,-0.919,-0.179,0.4,0.4,-0.0,3.90
69900,DESCENT,110.85,111.02,-6.32,-0.38,93071.8,24.28,-0.230,-0.915,-0.179,0.3,-0.2,-0.2,3.90
69910,DESCENT,110.69,110.95,-6.33,-0.08,93073.5,24.28,-0.216,-0.944,-0.217,0.2,-0.1,-0.7,3.90
69920,DESCENT,110.90,110.88,-6.33,0.18,93071.2,24.28,-0.210,-0.974,-0.210,0.0,-0.2,-0.2,3.90
69930,DESCENT,110.78,110.82,-6.33,0.05,93072.5,24.28,-0.232,-0.954,-0.215,0.1,-0.5,-0.3,3.90
69940,DESCENT,110.45,110.75,-6.34,0.07,93076.2,24.28,-0.245,-0.957,-0.198,-0.1,-0.3,-0.1,3.90
69950,DESCENT,110.73,110.68,-6.34,-0.23,93073.1,24.28,-0.210,-0.927,-0.225,-0.2,-0.3,0.2,3.90
69960,DESCENT,110.22,110.61,-6.36,0.04,93078.8,24.28,-0.213,-0.963,-0.190,0.0,-0.5,-0.1,3.90
69970,DESCENT,110.91,110.56,-6.34,-0.42,93071.1,24.28,-0.232,-0.901,-0.220,0.3,-0.6,-0.2,3.90
69980,DESCENT,110.44,110.49,-6.35,-0.28,93076.3,24.28,-0.225,-0.923,-0.205,-0.2,-0.2,-0.0,3.90
69990,DESCENT,110.32,110.42,-6.35,0.05,93077.7,24.28,-0.246,-0.958,-0.179,0.1,-0.3,-0.2,3.90
70000,DESCENT,110.16,110.36,-6.36,-0.39,93079.5,24.28,-0.210,-0.921,-0.171,-0.2,-0.3,-0.9,3.90
70010,DESCENT,110.67,110.30,-6.35,-0.31,93073.8,24.28,-0.197,-0.924,-0.212,0.2,-0.2,-0.4,3.90
70020,DESCENT,109.99,110.23,-6.37,-0.25,93081.4,24.28,-0.241,-0.922,-0.203,0.3,-0.6,-0.4,3.90
70030,DESCENT,110.14,110.17,-6.37,-0.03,93079.8,24.28,-0.207,-0.954,-0.200,0.3,0.1,0.1,3.90
70040,DESCENT,110.02,110.10,-6.37,-0.13,93081.1,24.28,-0.188,-0.949,-0.193,-0.3,-0.6,-0.2,3.90
70050,DESCENT,110.11,110.04,-6.37,-0.04,93080.1,24.28,-0.219,-0.949,-0.210,0.0,-0.3,-0.1,3.90
70060,DESCENT,109.75,109.97,-6.38,-0.41,93084.1,24.28,-0.205,-0.912,-0.210,-0.2,-0.7,-0.3,3.90
70070,DESCENT,110.00,109.91,-6.38,0.07,93081.3,24.29,-0.227,-0.965,-0.181,-0.3,-0.1,-0.7,3.90
70080,DESCENT,110.49,109.86,-6.35,0.06,93075.9,24.29,-0.223,-0.957,-0.217,-0.3,-0.1,-0.2,3.90
70090,DESCENT,109.87,109.80,-6.35,-0.42,93082.7,24.29,-0.232,-0.903,-0.215,0.5,0.1,-0.4,3.90
70100,DESCENT,110.03,109.75,-6.34,-0.18,93080.9,24.29,-0.265,-0.918,-0.226,-0.4,-0.5,-0.5,3.90
70110,DESCENT,110.02,109.69,-6.33,-0.46,93081.1,24.29,-0.216,-0.909,-0.189,-0.4,-0.1,-0.4,3.90
70120,DESCENT,109.72,109.63,-6.33,-0.10,93084.4,24.29,-0.239,-0.939,-0.204,-0.0,-0.3,-0.0,3.90
70130,DESCENT,109.50,109.57,-6.34,-0.02,93086.9,24.29,-0.212,-0.962,-0.162,0.1,-0.3,0.1,3.90
70140,DESCENT,109.82,109.51,-6.32,-0.20,93083.3,24.29,-0.184,-0.948,-0.161,-0.4,-0.5,-0.1,3.90
70150,DESCENT,109.49,109.45,-6.33,-0.59,93087.0,24.29,-0.211,-0.891,-0.211,0.4,-0.1,-0.8,3.90
70160,DESCENT,109.49,109.39,-6.33,-0.41,93087.0,24.29,-0.222,-0.915,-0.181,0.0,0.1,0.0,3.90
70170,DESCENT,109.53,109.33,-6.32,-0.27,93086.5,24.29,-0.176,-0.947,-0.139,-0.0,-0.4,-0.0,3.90
70180,DESCENT,109.30,109.27,-6.32,0.06,93089.1,24.29,-0.242,-0.964,-0.158,-0.0,-0.1,-0.4,3.90
70190,DESCENT,109.38,109.21,-6.32,-0.51,93088.2,24.29,-0.204,-0.911,-0.157,0.4,-0.1,-0.5,3.90
70200,DESCENT,108.96,109.14,-6.33,-0.20,93093.0,24.29,-0.264,-0.925,-0.191,0.2,-0.5,-0.3,3.90
70210,DESCENT,109.06,109.08,-6.33,-0.03,93091.9,24.29,-0.257,-0.940,-0.210,0.2,-0.0,-0.2,3.90
70220,DESCENT,109.13,109.02,-6.33,-0.10,93091.0,24.29,-0.258,-0.935,-0.194,0.3,-0.4,-0.1,3.90
70230,DESCENT,108.90,108.95,-6.33,-0.23,93093.6,24.29,-0.226,-0.931,-0.184,-0.2,-0.7,0.1,3.90
70240,DESCENT,109.15,108.90,-6.32,-0.29,93090.9,24.29,-0.211,-0.924,-0.209,-0.0,-0.1,-0.8,3.90
70250,DESCENT,108.78,108.83,-6.33,-0.19,93095.0,24.29,-0.220,-0.938,-0.183,-0.2,-0.6,0.3,3.90
70260,DESCENT,108.71,108.77,-6.33,-0.58,93095.8,24.29,-0.204,-0.897,-0.195,0.2,-0.2,-0.2,3.90
70270,DESCENT,108.79,108.71,-6.33,-0.30,93094.9,24.29,-0.205,-0.929,-0.191,0.3,-0.2,-0.7,3.90
70280,DESCENT,108.53,108.64,-6.34,-0.45,93097.8,24.29,-0.206,-0.909,-0.204,-0.3,-0.4,0.2,3.90
70290,DESCENT,108.72,108.58,-6.34,-0.01,93095.6,24.29,-0.201,-0.965,-0.167,0.2,-0.3,0.1,3.90
70300,DESCENT,109.11,108.53,-6.31,0.28,93091.3,24.29,-0.233,-0.989,-0.162,-0.4,-0.3,-0.2,3.90
70310,DESCENT,108.67,108.48,-6.31,-0.19,93096.2,24.29,-0.171,-0.947,-0.185,0.6,-0.0,-0.2,3.90
70320,DESCENT,108.29,108.41,-6.31,-0.18,93100.5,24.30,-0.196,-0.940,-0.206,0.5,-0.5,-0.5,3.90
70330,DESCENT,108.37,108.35,-6.31,0.06,93099.6,24.30,-0.264,-0.959,-0.154,0.0,-0.2,-0.2,3.90
70340,DESCENT,108.43,108.29,-6.31,-0.43,93098.9,24.30,-0.235,-0.907,-0.187,0.0,-0.1,-0.3,3.90
70350,DESCENT,108.17,108.22,-6.31,-0.53,93101.8,24.30,-0.202,-0.909,-0.171,-0.0,-0.1,0.1,3.90
70360,DESCENT,108.23,108.16,-6.32,-0.19,93101.1,24.30,-0.221,-0.933,-0.204,-0.1,-0.4,-0.1,3.90
70370,DESCENT,108.12,108.10,-6.32,-0.09,93102.4,24.30,-0.206,-0.953,-0.182,0.2,-0.3,0.3,3.90
70380,DESCENT,107.74,108.03,-6.33,-0.13,93106.6,24.30,-0.204,-0.945,-0.196,-0.0,-0.5,0.1,3.90
70390,DESCENT,107.99,107.97,-6.33,-0.02,93103.9,24.30,-0.239,-0.953,-0.176,-0.2,0.1,-0.3,3.90
70400,DESCENT,108.06,107.91,-6.32,-0.14,93103.0,24.30,-0.214,-0.940,-0.202,0.4,-0.2,-0.2,3.90
70410,DESCENT,107.63,107.84,-6.33,-0.18,93107.8,24.30,-0.207,-0.936,-0.214,0.1,-0.5,-0.5,3.90
70420,DESCENT,107.72,107.77,-6.34,-0.08,93106.8,24.30,-0.225,-0.950,-0.179,-0.1,-0.6,-0.4,3.90
70430,DESCENT,107.60,107.71,-6.34,-0.39,93108.2,24.30,-0.194,-0.924,-0.171,0.4,-0.2,-0.3,3.90
70440,DESCENT,107.69,107.64,-6.34,-0.17,93107.2,24.30,-0.225,-0.942,-0.163,0.1,-0.2,-0.4,3.90
70450,DESCENT,107.58,107.58,-6.35,-0.66,93108.4,24.30,-0.211,-0.891,-0.180,0.6,-0.1,0.0,3.90
70460,DESCENT,107.41,107.51,-6.36,-0.12,93110.3,24.30,-0.202,-0.947,-0.196,0.0,-0.1,-0.9,3.90
70470,DESCENT,107.47,107.45,-6.36,-0.24,93109.7,24.30,-0.246,-0.927,-0.176,0.1,0.0,-0.1,3.90
70480,DESCENT,107.09,107.38,-6.37,-0.02,93114.0,24.30,-0.237,-0.950,-0.194,-0.1,-0.7,-0.1,3.90
70490,DESCENT,107.29,107.32,-6.37,-0.04,93111.7,24.30,-0.222,-0.954,-0.179,-0.4,-0.6,-0.6,3.90
70500,DESCENT,107.29,107.25,-6.37,-0.32,93111.7,24.30,-0.214,-0.923,-0.192,-0.0,-0.0,-0.3,3.90
70510,DESCENT,107.26,107.19,-6.37,-0.19,93112.0,24.30,-0.215,-0.938,-0.190,0.1,-0.4,-0.5,3.90
70520,DESCENT,107.34,107.13,-6.37,-0.00,93111.2,24.30,-0.209,-0.957,-0.202,0.2,0.1,-0.2,3.90
70530,DESCENT,107.21,107.07,-6.36,-0.21,93112.5,24.30,-0.238,-0.930,-0.187,0.1,-0.3,0.1,3.90
70540,DESCENT,107.11,107.01,-6.36,-0.70,93113.8,24.30,-0.208,-0.885,-0.185,0.3,0.1,-0.2,3.90
70550,DESCENT,107.05,106.95,-6.36,0.07,93114.4,24.30,-0.225,-0.965,-0.179,0.3,-0.6,-0.0,3.90
70560,DESCENT,107.00,106.89,-6.36,-0.13,93114.9,24.30,-0.241,-0.937,-0.193,0.3,-0.2,0.3,3.90
70570,DESCENT,106.49,106.82,-6.37,0.12,93120.6,24.31,-0.206,-0.975,-0.181,-0.2,-0.9,0.1,3.90
70580,DESCENT,106.74,106.75,-6.37,-0.17,93117.8,24.31,-0.245,-0.931,-0.194,-0.2,-0.4,-0.4,3.90
70590,DESCENT,106.80,106.69,-6.37,-0.01,93117.2,24.31,-0.223,-0.960,-0.166,0.5,0.1,-0.4,3.90
70600,DESCENT,106.36,106.62,-6.38,-0.09,93122.2,24.31,-0.239,-0.947,-0.165,-0.1,-0.6,0.2,3.90
70610,DESCENT,106.42,106.55,-6.39,-0.41,93121.4,24.31,-0.204,-0.918,-0.181,-0.1,-0.8,0.2,3.90
70620,DESCENT,106.73,106.50,-6.38,-0.40,93118.0,24.31,-0.232,-0.911,-0.191,-0.3,-0.6,-0.3,3.90
70630,DESCENT,106.81,106.44,-6.37,-0.24,93117.1,24.31,-0.241,-0.925,-0.198,0.1,-0.1,-0.2,3.90
70640,DESCENT,106.64,106.39,-6.36,-0.39,93119.0,24.31,-0.222,-0.914,-0.193,0.5,-0.0,-0.3,3.90
70650,DESCENT,106.11,106.32,-6.37,0.01,93124.9,24.31,-0.246,-0.955,-0.177,0.1,-0.8,-0.4,3.90
70660,DESCENT,106.43,106.26,-6.37,-0.05,93121.3,24.31,-0.205,-0.954,-0.194,-0.2,-0.1,0.3,3.90
70670,DESCENT,106.18,106.20,-6.37,-0.45,93124.1,24.31,-0.194,-0.910,-0.206,0.2,-0.4,-0.5,3.90
70680,DESCENT,106.05,106.13,-6.37,-0.19,93125.6,24.31,-0.235,-0.929,-0.210,0.3,0.2,0.1,3.90
70690,DESCENT,106.27,106.07,-6.37,-0.13,93123.2,24.31,-0.240,-0.931,-0.222,-0.1,-0.2,-0.6,3.90
70700,DESCENT,105.95,106.01,-6.37,-0.36,93126.8,24.31,-0.256,-0.907,-0.195,0.6,-0.1,-0.3,3.90
70710,DESCENT,106.04,105.94,-6.37,-0.23,93125.8,24.31,-0.207,-0.935,-0.192,0.1,-0.2,-0.2,3.90
70720,DESCENT,105.86,105.88,-6.38,-0.38,93127.7,24.31,-0.230,-0.919,-0.166,0.1,-0.1,0.1,3.90
70730,DESCENT,105.54,105.81,-6.39,-0.52,93131.3,24.31,-0.218,-0.905,-0.172,-0.1,-0.2,0.2,3.90
70740,DESCENT,106.26,105.76,-6.37,-0.21,93123.2,24.31,-0.215,-0.933,-0.200,0.5,-0.5,-0.3,3.90
70750,DESCENT,105.81,105.70,-6.37,-0.15,93128.3,24.31,-0.209,-0.941,-0.202,-0.5,-0.4,-0.2,3.90
70760,DESCENT,105.62,105.63,-6.38,-0.49,93130.5,24.31,-0.219,-0.909,-0.164,0.2,-0.8,0.0,3.90
70770,DESCENT,106.23,105.59,-6.35,0.03,93123.6,24.31,-0.263,-0.945,-0.212,-0.0,-0.4,0.0,3.90
70780,DESCENT,105.89,105.54,-6.34,-0.16,93127.4,24.31,-0.235,-0.932,-0.211,0.3,-0.3,-0.0,3.90
70790,DESCENT,105.40,105.47,-6.34,0.26,93132.9,24.31,-0.248,-0.977,-0.200,0.2,-0.3,-0.5,3.90
70800,DESCENT,105.23,105.40,-6.35,-0.53,93134.9,24.31,-0.216,-0.905,-0.169,0.2,-0.4,-0.2,3.90
70810,DESCENT,105.34,105.34,-6.35,-0.39,93133.6,24.32,-0.244,-0.911,-0.183,0.1,0.1,-0.1,3.90
70820,DESCENT,104.92,105.27,-6.37,-0.04,93138.3,24.32,-0.252,-0.946,-0.183,0.4,-0.6,-0.1,3.90
70830,DESCENT,105.42,105.21,-6.36,-0.17,93132.7,24.32,-0.241,-0.936,-0.177,0.4,-0.2,-0.1,3.90
70840,DESCENT,105.68,105.16,-6.34,-0.26,93129.7,24.32,-0.229,-0.926,-0.194,-0.0,0.1,0.3,3.90
70850,DESCENT,105.14,105.10,-6.34,-0.20,93135.8,24.32,-0.220,-0.934,-0.201,-1.0,-0.3,-0.4,3.90
70860,DESCENT,105.32,105.04,-6.33,-0.09,93133.8,24.32,-0.206,-0.946,-0.214,0.3,-0.7,-0.3,3.90
70870,DESCENT,105.15,104.98,-6.33,-0.47,93135.7,24.32,-0.225,-0.904,-0.196,0.6,-0.2,-0.4,3.90
70880,DESCENT,104.96,104.92,-6.33,-0.28,93137.8,24.32,-0.191,-0.932,-0.200,0.5,-0.8,-0.0,3.90
70890,DESCENT,105.21,104.87,-6.32,-0.26,93135.0,24.32,-0.219,-0.930,-0.188,0.1,0.2,-0.1,3.90
70900,DESCENT,104.70,104.80,-6.33,0.02,93140.8,24.32,-0.194,-0.961,-0.206,-0.1,-0.5,-0.5,3.90
70910,DESCENT,104.40,104.73,-6.34,-0.35,93144.1,24.32,-0.216,-0.930,-0.133,0.6,-0.2,-0.6,3.90
70920,DESCENT,104.66,104.66,-6.34,-0.43,93141.2,24.32,-0.219,-0.909,-0.204,0.5,-0.7,-0.4,3.90
70930,DESCENT,104.62,104.60,-6.35,-0.45,93141.6,24.32,-0.213,-0.910,-0.192,-0.2,-0.5,-0.4,3.90
70940,DESCENT,104.29,104.53,-6.36,-0.01,93145.3,24.32,-0.228,-0.951,-0.206,-0.0,0.1,-0.2,3.90
70950,DESCENT,104.48,104.47,-6.36,-0.34,93143.3,24.32,-0.241,-0.916,-0.185,0.1,-0.1,-0.3,3.90
70960,DESCENT,104.43,104.41,-6.36,-0.16,93143.8,24.32,-0.250,-0.929,-0.203,0.3,0.0,-0.2,3.90
70970,DESCENT,104.35,104.34,-6.36,0.12,93144.7,24.32,-0.250,-0.962,-0.193,-0.0,-0.3,0.0,3.90
70980,DESCENT,103.87,104.27,-6.38,-0.35,93150.1,24.32,-0.219,-0.924,-0.170,0.2,-0.5,0.2,3.90
70990,DESCENT,103.99,104.20,-6.39,-0.62,93148.7,24.32,-0.204,-0.900,-0.161,-0.3,-0.4,0.2,3.90
71000,DESCENT,104.32,104.14,-6.39,0.24,93145.0,24.32,-0.227,-0.980,-0.197,0.1,-0.2,-0.4,3.90
71010,DESCENT,103.58,104.06,-6.41,-0.15,93153.3,24.32,-0.246,-0.933,-0.194,-0.7,-0.5,0.1,3.90
71020,DESCENT,104.62,104.01,-6.39,-0.30,93141.7,24.32,-0.227,-0.929,-0.157,-0.5,-0.3,-0.3,3.90
71030,DESCENT,104.58,103.97,-6.36,-0.19,93142.1,24.32,-0.245,-0.932,-0.178,-0.3,-0.2,-0.3,3.90
71040,DESCENT,104.02,103.91,-6.36,0.04,93148.4,24.32,-0.188,-0.974,-0.159,0.1,0.8,0.0,3.90
71050,DESCENT,104.33,103.86,-6.34,-0.52,93144.9,24.32,-0.228,-0.895,-0.208,0.3,0.1,-0.1,3.90
71060,DESCENT,103.24,103.78,-6.37,-0.40,93157.1,24.33,-0.185,-0.928,-0.157,-0.4,-0.5,-0.2,3.90
71070,DESCENT,103.41,103.71,-6.38,-0.45,93155.2,24.33,-0.220,-0.907,-0.197,-0.5,-0.1,0.0,3.90
71080,DESCENT,103.48,103.64,-6.39,-0.02,93154.4,24.33,-0.223,-0.954,-0.190,-0.0,-0.2,-0.2,3.90
71090,DESCENT,103.63,103.58,-6.39,-0.19,93152.7,24.33,-0.238,-0.938,-0.159,-0.1,-0.3,0.1,3.90
71100,DESCENT,103.62,103.51,-6.39,-0.19,93152.9,24.33,-0.219,-0.933,-0.210,0.3,-0.4,-0.6,3.90
71110,DESCENT,103.48,103.45,-6.39,-0.21,93154.4,24.33,-0.228,-0.936,-0.176,0.6,-0.5,-0.5,3.90
71120,DESCENT,103.10,103.38,-6.40,-0.09,93158.7,24.33,-0.237,-0.947,-0.173,-0.7,-0.2,0.4,3.90
71130,DESCENT,103.21,103.31,-6.41,-0.26,93157.5,24.33,-0.198,-0.924,-0.232,-0.4,-0.5,-0.3,3.90
71140,DESCENT,103.12,103.24,-6.42,-0.18,93158.5,24.33,-0.214,-0.942,-0.175,0.4,0.1,-0.4,3.90
71150,DESCENT,102.95,103.17,-6.43,-0.38,93160.4,24.33,-0.198,-0.923,-0.180,-0.1,-0.3,-0.7,3.90
71160,DESCENT,103.34,103.12,-6.42,-0.19,93156.0,24.33,-0.222,-0.934,-0.199,0.2,-0.0,-0.3,3.90
71170,DESCENT,102.91,103.05,-6.43,-0.45,93160.9,24.33,-0.229,-0.913,-0.152,0.1,0.3,0.1,3.90
71180,DESCENT,103.19,102.99,-6.43,-0.05,93157.7,24.33,-0.218,-0.946,-0.220,-0.0,-0.6,-0.3,3.90
71190,DESCENT,103.39,102.94,-6.41,-0.37,93155.5,24.33,-0.185,-0.923,-0.196,-0.1,-0.3,-0.3,3.90
71200,DESCENT,103.26,102.88,-6.40,-0.53,93156.9,24.33,-0.207,-0.912,-0.142,-0.1,0.0,-0.5,3.90
71210,DESCENT,103.14,102.83,-6.39,-0.20,93158.3,24.33,-0.234,-0.933,-0.188,-0.1,-1.0,-0.1,3.90
71220,DESCENT,103.04,102.77,-6.38,-0.62,93159.4,24.33,-0.221,-0.888,-0.199,0.2,-0.6,-0.4,3.90
71230,DESCENT,102.39,102.70,-6.40,-0.43,93166.6,24.33,-0.235,-0.909,-0.185,0.1,0.4,-0.3,3.90
71240,DESCENT,102.89,102.64,-6.39,-0.25,93161.0,24.33,-0.242,-0.918,-0.220,-0.1,-0.0,-0.3,3.90
71250,DESCENT,102.70,102.58,-6.39,-0.23,93163.1,24.33,-0.209,-0.934,-0.197,-0.1,-0.3,0.3,3.90
71260,DESCENT,102.66,102.52,-6.39,-0.37,93163.7,24.33,-0.226,-0.924,-0.145,0.2,-0.9,-1.0,3.90
71270,DESCENT,102.71,102.47,-6.38,0.14,93163.1,24.33,-0.213,-0.972,-0.202,-0.2,-0.0,0.0,3.90
71280,DESCENT,102.13,102.39,-6.39,-0.39,93169.6,24.33,-0.221,-0.909,-0.211,0.2,-0.0,-0.5,3.90
71290,DESCENT,102.41,102.33,-6.39,-0.05,93166.4,24.33,-0.220,-0.956,-0.170,-0.7,-0.1,-0.4,3.90
71300,DESCENT,102.55,102.28,-6.38,0.25,93164.9,24.33,-0.219,-0.986,-0.176,0.3,-0.9,-0.1,3.90
71310,DESCENT,102.30,102.22,-6.38,-0.52,93167.7,24.34,-0.219,-0.906,-0.162,0.0,0.0,0.0,3.90
71320,DESCENT,102.54,102.16,-6.37,-0.40,93165.0,24.34,-0.210,-0.920,-0.169,0.1,-0.4,0.1,3.90
71330,DESCENT,102.08,102.10,-6.37,-0.34,93170.2,24.34,-0.250,-0.914,-0.187,-0.3,-0.1,-0.9,3.90
71340,DESCENT,101.92,102.03,-6.38,-0.25,93171.9,24.34,-0.231,-0.925,-0.203,-0.1,-0.3,-0.3,3.90
71350,DESCENT,102.17,101.97,-6.37,-0.47,93169.1,24.34,-0.194,-0.915,-0.175,-0.1,-0.1,-0.3,3.90
71360,DESCENT,101.87,101.91,-6.38,-0.40,93172.5,24.34,-0.214,-0.913,-0.199,-0.4,-0.1,0.1,3.90
71370,DESCENT,101.91,101.85,-6.38,-0.54,93172.1,24.34,-0.207,-0.910,-0.148,0.3,-0.4,-0.2,3.90
71380,DESCENT,101.69,101.78,-6.39,-0.19,93174.5,24.34,-0.230,-0.931,-0.205,0.8,-0.9,0.2,3.90
71390,DESCENT,101.90,101.72,-6.38,-0.36,93172.2,24.34,-0.220,-0.911,-0.222,0.2,-0.2,0.4,3.90
71400,DESCENT,101.61,101.66,-6.39,-0.21,93175.4,24.34,-0.215,-0.922,-0.246,0.0,-0.4,0.2,3.90
71410,DESCENT,101.73,101.60,-6.39,-0.17,93174.0,24.34,-0.233,-0.943,-0.150,-0.7,-0.2,-0.5,3.90
71420,DESCENT,101.53,101.53,-6.39,-0.07,93176.3,24.34,-0.245,-0.943,-0.190,0.3,-0.0,-0.3,3.90
71430,DESCENT,101.12,101.46,-6.40,0.14,93180.9,24.34,-0.233,-0.962,-0.221,-0.1,-0.4,0.0,3.90
71440,DESCENT,101.03,101.38,-6.41,-0.08,93181.9,24.34,-0.173,-0.958,-0.190,-0.1,0.3,-0.1,3.90
71450,DESCENT,101.33,101.32,-6.42,-0.33,93178.6,24.34,-0.214,-0.928,-0.161,0.3,-0.6,-0.7,3.90
71460,DESCENT,101.20,101.25,-6.42,0.01,93180.0,24.34,-0.250,-0.948,-0.205,0.1,-0.0,-0.1,3.90
71470,DESCENT,101.20,101.19,-6.42,-0.15,93180.1,24.34,-0.212,-0.947,-0.167,0.3,-0.2,-0.0,3.90
71480,DESCENT,100.85,101.12,-6.43,0.05,93184.0,24.34,-0.244,-0.955,-0.199,0.3,0.1,-0.2,3.90
71490,DESCENT,101.21,101.06,-6.43,-0.23,93180.0,24.34,-0.235,-0.926,-0.201,0.2,-0.0,0.1,3.90
71500,DESCENT,100.68,100.99,-6.44,-0.10,93185.9,24.34,-0.221,-0.951,-0.167,0.7,-0.4,-0.8,3.90
71510,DESCENT,101.38,100.93,-6.42,-0.24,93178.0,24.34,-0.233,-0.929,-0.182,-0.5,-0.1,-0.8,3.90
71520,DESCENT,100.53,100.86,-6.44,-0.29,93187.6,24.34,-0.238,-0.923,-0.184,0.7,-0.5,-0.0,3.90
71530,DESCENT,100.81,100.80,-6.44,-0.17,93184.4,24.34,-0.190,-0.949,-0.170,0.1,-0.0,0.1,3.90
71540,DESCENT,101.02,100.74,-6.43,-0.58,93182.0,24.34,-0.199,-0.895,-0.208,0.2,0.0,-0.2,3.90
71550,DESCENT,100.93,100.68,-6.43,-0.25,93183.1,24.34,-0.181,-0.944,-0.162,-0.1,-0.1,-0.8,3.90
71560,DESCENT,100.76,100.62,-6.42,-0.07,93184.9,24.35,-0.225,-0.954,-0.163,0.3,-0.2,-0.5,3.90
71570,DESCENT,100.51,100.56,-6.43,-0.18,93187.8,24.35,-0.218,-0.942,-0.170,-0.2,-0.1,-0.6,3.90
71580,DESCENT,100.58,100.49,-6.42,0.05,93187.0,24.35,-0.255,-0.949,-0.211,0.4,-0.7,-0.4,3.90
71590,DESCENT,100.65,100.44,-6.42,-0.17,93186.2,24.35,-0.210,-0.943,-0.179,0.2,-0.1,-0.9,3.90
71600,DESCENT,100.42,100.37,-6.42,-0.06,93188.8,24.35,-0.230,-0.948,-0.191,0.0,-0.5,-0.6,3.90
71610,DESCENT,100.39,100.31,-6.41,0.18,93189.1,24.35,-0.246,-0.972,-0.178,0.3,-0.4,0.2,3.90
71620,DESCENT,100.01,100.24,-6.42,-0.39,93193.4,24.35,-0.169,-0.925,-0.190,-0.3,-0.1,-0.1,3.90
71630,DESCENT,100.04,100.17,-6.43,-0.22,93193.0,24.35,-0.222,-0.936,-0.174,-0.4,-0.9,-0.1,3.90
71640,DESCENT,100.13,100.11,-6.43,-0.51,93192.0,24.35,-0.241,-0.897,-0.189,0.5,-0.4,-0.3,3.90
71650,DESCENT,99.89,100.04,-6.44,-0.09,93194.7,24.35,-0.208,-0.955,-0.169,0.2,-0.1,0.2,3.90
71660,DESCENT,100.34,99.99,-6.43,-0.19,93189.7,24.35,-0.260,-0.927,-0.184,-0.3,-0.1,-0.5,3.90
71670,DESCENT,100.00,99.92,-6.43,-0.11,93193.5,24.35,-0.262,-0.936,-0.182,0.4,-0.3,-0.3,3.90
71680,DESCENT,100.37,99.87,-6.41,0.15,93189.4,24.35,-0.252,-0.967,-0.183,0.6,0.2,-0.6,3.90
71690,DESCENT,99.91,99.81,-6.40,-0.18,93194.5,24.35,-0.239,-0.930,-0.200,0.6,-0.7,0.2,3.90
71700,DESCENT,100.00,99.76,-6.39,0.04,93193.5,24.35,-0.221,-0.955,-0.218,0.5,-0.4,-0.2,3.90
71710,DESCENT,99.64,99.69,-6.40,-0.35,93197.5,24.35,-0.224,-0.917,-0.192,0.2,-0.4,-0.3,3.90
71720,DESCENT,99.59,99.63,-6.40,-0.21,93198.1,24.35,-0.221,-0.934,-0.189,0.4,-0.1,0.1,3.90
71730,DESCENT,99.87,99.57,-6.39,-0.21,93194.9,24.35,-0.225,-0.935,-0.180,-0.1,-0.7,-0.8,3.90
71740,DESCENT,99.67,99.51,-6.39,-0.62,93197.1,24.35,-0.237,-0.890,-0.170,0.4,-0.3,-0.3,3.90
71750,DESCENT,99.85,99.46,-6.38,-0.57,93195.2,24.35,-0.216,-0.893,-0.206,0.1,-0.4,-0.3,3.90
71760,DESCENT,99.56,99.40,-6.37,0.22,93198.4,24.35,-0.239,-0.973,-0.210,0.0,-0.4,-0.7,3.90
71770,DESCENT,99.66,99.34,-6.36,-0.49,93197.3,24.35,-0.247,-0.900,-0.176,-0.1,-0.1,-0.3,3.90
71780,DESCENT,99.39,99.28,-6.36,-0.23,93200.4,24.35,-0.217,-0.929,-0.209,-0.1,-0.3,-0.2,3.90
71790,DESCENT,99.43,99.23,-6.36,-0.76,93199.9,24.35,-0.177,-0.886,-0.181,0.1,-0.2,-0.3,3.90
71800,DESCENT,99.17,99.16,-6.36,0.02,93202.9,24.35,-0.249,-0.950,-0.201,0.0,-0.5,-0.1,3.90
71810,DESCENT,99.18,99.10,-6.36,-0.24,93202.7,24.36,-0.242,-0.925,-0.190,0.2,0.4,0.4,3.90
71820,DESCENT,99.08,99.04,-6.36,-0.24,93203.9,24.36,-0.252,-0.924,-0.186,0.2,-0.5,-0.4,3.90
71830,DESCENT,99.17,98.98,-6.35,-0.03,93202.8,24.36,-0.235,-0.956,-0.159,-0.3,-1.0,-0.0,3.90
71840,DESCENT,98.87,98.92,-6.36,-0.32,93206.2,24.36,-0.221,-0.924,-0.179,-0.3,-0.1,-0.5,3.90
71850,DESCENT,98.65,98.85,-6.37,-0.18,93208.7,24.36,-0.222,-0.943,-0.156,0.1,-0.2,-0.2,3.90
71860,DESCENT,99.14,98.79,-6.36,-0.13,93203.2,24.36,-0.215,-0.943,-0.193,0.5,-0.2,-0.5,3.90
71870,DESCENT,98.59,98.73,-6.36,-0.21,93209.3,24.36,-0.205,-0.937,-0.198,0.7,-0.3,-0.6,3.90
71880,DESCENT,98.69,98.66,-6.36,-0.02,93208.2,24.36,-0.225,-0.954,-0.191,-0.1,0.1,-0.3,3.90
71890,DESCENT,98.94,98.61,-6.35,-0.25,93205.4,24.36,-0.245,-0.921,-0.204,0.2,-0.4,-0.2,3.90
71900,DESCENT,98.94,98.56,-6.34,-0.07,93205.4,24.36,-0.244,-0.936,-0.228,0.2,-0.2,-0.4,3.90
71910,DESCENT,98.67,98.50,-6.33,-0.05,93208.4,24.36,-0.259,-0.940,-0.193,0.4,-0.4,-0.3,3.90
71920,DESCENT,99.12,98.45,-6.30,-0.40,93203.4,24.36,-0.226,-0.910,-0.203,-0.3,0.3,0.3,3.90
71930,DESCENT,98.07,98.38,-6.32,-0.11,93215.2,24.36,-0.244,-0.939,-0.193,0.4,-0.2,-0.1,3.90
71940,DESCENT,98.81,98.33,-6.30,-0.06,93206.9,24.36,-0.232,-0.948,-0.188,0.6,-0.1,0.0,3.90
71950,DESCENT,98.25,98.27,-6.30,-0.09,93213.1,24.36,-0.236,-0.939,-0.212,0.6,-0.4,-0.0,3.90
71960,DESCENT,98.15,98.20,-6.31,-0.28,93214.3,24.36,-0.206,-0.930,-0.190,-0.2,0.0,-0.2,3.90
71970,DESCENT,98.25,98.14,-6.30,-0.09,93213.1,24.36,-0.235,-0.941,-0.208,-0.1,0.2,-0.2,3.90
71980,DESCENT,98.06,98.08,-6.31,-0.41,93215.3,24.36,-0.224,-0.920,-0.146,0.3,-0.0,-0.2,3.90
71990,DESCENT,98.18,98.02,-6.30,-0.20,93213.9,24.36,-0.209,-0.934,-0.211,-0.2,0.5,0.3,3.90
72000,DESCENT,97.31,97.94,-6.33,-0.66,93223.7,24.36,-0.205,-0.891,-0.182,0.1,-0.1,-0.1,3.90
72010,DESCENT,98.03,97.88,-6.33,-0.23,93215.6,24.36,-0.211,-0.926,-0.229,-0.1,-0.6,-0.0,3.90
72020,DESCENT,97.52,97.81,-6.35,-0.10,93221.4,24.36,-0.204,-0.948,-0.197,-0.4,-0.0,-0.6,3.90
72030,DESCENT,97.53,97.74,-6.36,-0.02,93221.2,24.36,-0.233,-0.948,-0.208,0.5,-0.9,0.1,3.90
72040,DESCENT,97.87,97.68,-6.35,-0.10,93217.4,24.36,-0.240,-0.945,-0.173,0.3,-0.9,-0.2,3.90
72050,DESCENT,97.50,97.62,-6.36,-0.33,93221.5,24.37,-0.237,-0.917,-0.188,0.7,-0.0,-0.4,3.90
72060,DESCENT,98.09,97.57,-6.34,-0.08,93214.9,24.37,-0.222,-0.939,-0.230,0.2,-0.4,-0.8,3.90
72070,DESCENT,97.89,97.51,-6.32,-0.41,93217.2,24.37,-0.212,-0.916,-0.181,-0.2,-0.3,-0.7,3.90
72080,DESCENT,97.76,97.46,-6.31,0.20,93218.7,24.37,-0.259,-0.958,-0.237,0.7,-0.2,-0.2,3.90
72090,DESCENT,97.59,97.40,-6.30,-0.16,93220.6,24.37,-0.226,-0.934,-0.207,-0.1,-0.2,-0.8,3.90
72100,DESCENT,97.59,97.35,-6.30,-0.27,93220.5,24.37,-0.213,-0.925,-0.210,-0.2,-0.5,-0.4,3.90
72110,DESCENT,97.35,97.29,-6.30,-0.20,93223.2,24.37,-0.223,-0.942,-0.152,0.5,-0.7,0.0,3.90
72120,DESCENT,97.62,97.23,-6.28,-0.23,93220.3,24.37,-0.249,-0.931,-0.153,0.1,-0.2,-0.3,3.90
72130,DESCENT,97.14,97.17,-6.29,-0.51,93225.5,24.37,-0.216,-0.911,-0.149,-0.1,0.2,-0.5,3.90
72140,DESCENT,96.75,97.10,-6.30,-0.11,93230.0,24.37,-0.197,-0.948,-0.202,-0.1,-0.6,-0.1,3.90
72150,DESCENT,96.91,97.03,-6.31,-0.13,93228.2,24.37,-0.245,-0.934,-0.202,0.2,-0.1,0.0,3.90
72160,DESCENT,97.31,96.98,-6.30,-0.24,93223.7,24.37,-0.229,-0.937,-0.150,-0.3,-0.8,-0.3,3.90
72170,DESCENT,97.17,96.92,-6.29,-0.14,93225.3,24.37,-0.208,-0.949,-0.168,0.0,-0.4,-0.4,3.90
72180,DESCENT,96.95,96.86,-6.29,-0.47,93227.7,24.37,-0.243,-0.904,-0.169,0.1,0.3,-1.0,3.90
72190,DESCENT,96.72,96.80,-6.30,-0.10,93230.4,24.37,-0.237,-0.946,-0.175,0.0,-0.6,0.4,3.90
72200,DESCENT,96.23,96.72,-6.32,-0.16,93235.9,24.37,-0.179,-0.950,-0.183,0.2,-0.4,0.2,3.90
72210,DESCENT,96.49,96.65,-6.32,0.03,93232.9,24.37,-0.249,-0.953,-0.187,-0.1,-0.4,0.3,3.90
72220,DESCENT,96.72,96.59,-6.32,-0.16,93230.3,24.37,-0.214,-0.943,-0.179,0.1,-0.5,-0.3,3.90
72230,DESCENT,96.56,96.53,-6.32,0.16,93232.1,24.37,-0.244,-0.968,-0.189,0.2,-0.1,-0.3,3.90
72240,DESCENT,96.77,96.47,-6.31,-0.03,93229.8,24.37,-0.206,-0.963,-0.153,0.2,0.1,-0.3,3.90
72250,DESCENT,96.52,96.41,-6.30,-0.30,93232.5,24.37,-0.231,-0.924,-0.181,-0.1,-0.4,-0.6,3.90
72260,DESCENT,96.25,96.35,-6.31,-0.10,93235.6,24.37,-0.234,-0.944,-0.188,0.4,0.2,-0.5,3.90
72270,DESCENT,96.10,96.28,-6.32,-0.13,93237.3,24.37,-0.259,-0.922,-0.236,-0.1,0.5,-0.4,3.90
72280,DESCENT,95.88,96.21,-6.33,-0.22,93239.7,24.37,-0.243,-0.924,-0.204,0.4,-0.1,-0.2,3.90
72290,DESCENT,96.17,96.14,-6.33,-0.27,93236.5,24.37,-0.215,-0.927,-0.200,0.3,-0.4,-0.2,3.90
72300,DESCENT,96.40,96.09,-6.32,-0.40,93233.9,24.38,-0.197,-0.915,-0.212,-0.0,-0.3,-0.4,3.90
72310,DESCENT,96.15,96.03,-6.32,0.01,93236.7,24.38,-0.229,-0.961,-0.166,0.5,-0.6,0.0,3.90
72320,DESCENT,96.02,95.97,-6.32,-0.31,93238.1,24.38,-0.229,-0.921,-0.190,0.6,-0.3,-0.2,3.90
72330,DESCENT,96.05,95.91,-6.32,-0.09,93237.9,24.38,-0.223,-0.940,-0.218,-0.3,-0.5,-0.3,3.90
72340,DESCENT,95.86,95.85,-6.32,-0.45,93240.0,24.38,-0.211,-0.910,-0.192,-0.5,-0.6,0.1,3.90
72350,DESCENT,95.62,95.78,-6.33,0.11,93242.7,24.38,-0.237,-0.962,-0.200,-0.1,-0.5,0.0,3.90
72360,DESCENT,95.79,95.72,-6.32,-0.14,93240.7,24.38,-0.236,-0.940,-0.178,0.3,-0.4,0.4,3.90
72370,DESCENT,95.45,95.65,-6.33,-0.16,93244.5,24.38,-0.221,-0.943,-0.169,0.5,-0.1,0.0,3.90
72380,DESCENT,95.37,95.58,-6.34,-0.13,93245.5,24.38,-0.203,-0.941,-0.219,0.2,-0.3,-0.1,3.90
72390,DESCENT,95.54,95.52,-6.35,-0.30,93243.6,24.38,-0.199,-0.929,-0.190,0.0,-0.2,-0.5,3.90
72400,DESCENT,95.21,95.45,-6.36,-0.22,93247.3,24.38,-0.223,-0.931,-0.196,-0.0,-0.8,0.4,3.90
72410,DESCENT,95.36,95.38,-6.36,-0.77,93245.6,24.38,-0.211,-0.880,-0.173,0.5,-0.3,-0.2,3.90
72420,DESCENT,95.05,95.31,-6.38,-0.25,93249.1,24.38,-0.216,-0.930,-0.196,-0.4,-0.2,0.1,3.90
72430,DESCENT,95.46,95.25,-6.37,0.12,93244.4,24.38,-0.197,-0.972,-0.204,0.2,-0.2,-0.2,3.90
72440,DESCENT,95.27,95.19,-6.37,-0.08,93246.6,24.38,-0.241,-0.941,-0.198,-0.7,-0.6,-0.0,3.90
72450,DESCENT,95.04,95.13,-6.37,-0.35,93249.1,24.38,-0.223,-0.912,-0.219,-0.1,-0.4,-0.6,3.90
72460,DESCENT,95.35,95.07,-6.36,0.04,93245.7,24.38,-0.236,-0.958,-0.186,-0.2,0.1,-0.2,3.90
72470,DESCENT,95.12,95.01,-6.36,-0.44,93248.2,24.38,-0.213,-0.912,-0.185,-0.2,-0.4,-0.2,3.90
72480,DESCENT,94.91,94.95,-6.37,-0.13,93250.7,24.38,-0.203,-0.946,-0.196,0.0,-0.8,-0.6,3.90
72490,DESCENT,94.75,94.88,-6.37,-0.23,93252.4,24.38,-0.220,-0.929,-0.203,0.3,-0.3,-0.6,3.90
72500,DESCENT,94.57,94.81,-6.39,-0.53,93254.5,24.38,-0.256,-0.888,-0.200,0.0,-0.6,-0.0,3.90
72510,DESCENT,94.92,94.75,-6.38,0.00,93250.5,24.38,-0.172,-0.967,-0.193,0.1,-0.0,-0.0,3.90
72520,DESCENT,94.60,94.68,-6.38,0.22,93254.1,24.38,-0.201,-0.982,-0.206,0.1,-0.2,0.4,3.90
72530,DESCENT,94.79,94.62,-6.38,-0.36,93252.0,24.38,-0.241,-0.914,-0.179,0.0,-0.4,0.2,3.90
72540,DESCENT,94.34,94.55,-6.39,-0.00,93257.1,24.38,-0.225,-0.955,-0.197,0.3,-0.4,-0.2,3.90
72550,DESCENT,94.43,94.49,-6.39,-0.19,93256.0,24.39,-0.259,-0.934,-0.149,0.2,-0.2,-0.4,3.90
72560,DESCENT,94.05,94.41,-6.41,0.25,93260.3,24.39,-0.244,-0.977,-0.196,-0.2,-0.8,-0.2,3.90
72570,DESCENT,94.64,94.36,-6.39,-0.20,93253.7,24.39,-0.206,-0.926,-0.241,0.1,-0.2,0.3,3.90
72580,DESCENT,94.69,94.30,-6.38,-0.27,93253.1,24.39,-0.210,-0.936,-0.158,-0.0,-0.4,-0.3,3.90
72590,DESCENT,94.18,94.24,-6.38,0.22,93258.8,24.39,-0.226,-0.977,-0.198,-0.1,-0.4,0.5,3.90
72600,DESCENT,93.68,94.16,-6.40,-0.22,93264.5,24.39,-0.220,-0.930,-0.201,-0.1,0.3,-0.4,3.90
72610,DESCENT,94.10,94.10,-6.40,-0.02,93259.8,24.39,-0.259,-0.944,-0.194,0.1,0.4,-0.8,3.90
72620,DESCENT,94.34,94.04,-6.39,-0.45,93257.0,24.39,-0.224,-0.909,-0.182,0.0,-0.4,-0.6,3.90
72630,DESCENT,94.28,93.99,-6.39,-0.48,93257.7,24.39,-0.244,-0.903,-0.175,-0.0,-0.6,-0.1,3.90
72640,DESCENT,94.34,93.93,-6.37,-0.12,93257.0,24.39,-0.221,-0.946,-0.178,-0.5,-0.2,0.5,3.90
72650,DESCENT,94.16,93.88,-6.36,-0.36,93259.1,24.39,-0.228,-0.914,-0.200,0.5,-0.3,-0.4,3.90
72660,DESCENT,94.15,93.82,-6.35,-0.09,93259.1,24.39,-0.226,-0.940,-0.220,0.4,-0.3,0.1,3.90
72670,DESCENT,93.60,93.76,-6.36,-0.01,93265.4,24.39,-0.242,-0.943,-0.223,0.1,0.0,-0.3,3.90
72680,DESCENT,93.93,93.70,-6.35,-0.42,93261.6,24.39,-0.204,-0.910,-0.216,0.1,-0.3,-0.1,3.90
72690,DESCENT,94.05,93.65,-6.34,-0.30,93260.3,24.39,-0.209,-0.930,-0.176,-0.3,-0.4,-0.1,3.90
72700,DESCENT,93.44,93.58,-6.35,-0.22,93267.2,24.39,-0.213,-0.935,-0.190,0.3,-0.5,-0.1,3.90
72710,DESCENT,93.68,93.52,-6.34,-0.34,93264.5,24.39,-0.225,-0.924,-0.165,0.3,-0.6,-0.6,3.90
72720,DESCENT,93.65,93.46,-6.34,-0.06,93264.8,24.39,-0.258,-0.928,-0.248,-0.3,-0.4,-0.4,3.90
72730,DESCENT,93.38,93.40,-6.34,-0.64,93267.8,24.39,-0.202,-0.894,-0.184,0.4,-0.6,-0.4,3.90
72740,DESCENT,93.53,93.34,-6.34,-0.38,93266.2,24.39,-0.183,-0.922,-0.201,-0.0,-0.1,-0.6,3.90
72750,DESCENT,93.05,93.27,-6.35,-0.24,93271.6,24.39,-0.238,-0.925,-0.200,0.2,-0.7,-0.2,3.90
72760,DESCENT,93.19,93.21,-6.35,-0.06,93270.0,24.39,-0.216,-0.954,-0.179,0.0,-0.1,-0.1,3.90
72770,DESCENT,93.42,93.15,-6.35,-0.33,93267.3,24.39,-0.187,-0.936,-0.145,-0.1,-0.5,-0.5,3.90
72780,DESCENT,93.56,93.10,-6.33,0.22,93265.8,24.39,-0.233,-0.978,-0.187,-0.0,-0.4,0.1,3.90
72790,DESCENT,93.46,93.05,-6.31,-0.09,93266.9,24.39,-0.255,-0.930,-0.223,0.1,-0.3,-0.4,3.90
72800,DESCENT,93.31,93.00,-6.30,-0.43,93268.6,24.40,-0.231,-0.909,-0.186,-0.0,-0.3,-0.3,3.90
72810,DESCENT,92.95,92.93,-6.30,-0.04,93272.7,24.40,-0.231,-0.946,-0.210,0.4,-0.5,-0.3,3.90
72820,DESCENT,93.05,92.88,-6.29,-0.21,93271.5,24.40,-0.219,-0.930,-0.211,0.2,-0.6,-0.5,3.90
72830,DESCENT,92.93,92.82,-6.29,-0.27,93272.9,24.40,-0.213,-0.926,-0.206,-0.3,-0.2,-0.3,3.90
72840,DESCENT,92.80,92.75,-6.29,-0.29,93274.4,24.40,-0.237,-0.918,-0.209,-0.2,-0.3,0.1,3.90
72850,DESCENT,93.06,92.70,-6.28,-0.53,93271.5,24.40,-0.213,-0.908,-0.156,0.3,-0.4,-0.5,3.90
72860,DESCENT,92.35,92.63,-6.30,-0.32,93279.4,24.40,-0.228,-0.929,-0.147,0.0,-0.4,0.0,3.90
72870,DESCENT,92.39,92.56,-6.31,-0.38,93278.9,24.40,-0.229,-0.920,-0.160,-0.1,-0.4,-0.3,3.90
72880,DESCENT,92.47,92.50,-6.31,-0.03,93278.1,24.40,-0.236,-0.954,-0.167,-0.0,-0.8,-0.2,3.90
72890,DESCENT,92.44,92.44,-6.32,-0.66,93278.4,24.40,-0.212,-0.888,-0.189,-0.0,-0.5,-0.7,3.90
72900,DESCENT,92.32,92.37,-6.32,-0.30,93279.8,24.40,-0.216,-0.920,-0.219,0.0,0.2,-0.3,3.90
72910,DESCENT,91.94,92.30,-6.34,-0.01,93284.0,24.40,-0.198,-0.960,-0.195,0.2,-0.2,-0.1,3.90
72920,DESCENT,92.50,92.24,-6.33,-0.16,93277.8,24.40,-0.228,-0.944,-0.157,-0.0,-0.0,-0.3,3.90
72930,DESCENT,92.14,92.18,-6.33,-0.28,93281.7,24.40,-0.183,-0.932,-0.203,-0.5,-0.2,-0.2,3.90
72940,DESCENT,92.28,92.12,-6.33,-0.27,93280.2,24.40,-0.211,-0.936,-0.161,-0.1,0.5,-0.6,3.90
72950,DESCENT,92.48,92.07,-6.32,-0.53,93278.0,24.40,-0.221,-0.905,-0.167,0.4,0.3,-0.2,3.90
72960,DESCENT,92.47,92.02,-6.30,-0.26,93278.0,24.40,-0.224,-0.931,-0.177,-0.5,0.1,-0.1,3.90
72970,DESCENT,91.83,91.95,-6.31,-0.51,93285.3,24.40,-0.231,-0.894,-0.215,0.3,-0.4,0.2,3.90
72980,DESCENT,92.02,91.89,-6.31,-0.24,93283.1,24.40,-0.207,-0.931,-0.208,0.5,-0.1,-0.0,3.90
72990,DESCENT,92.06,91.84,-6.30,-0.10,93282.7,24.40,-0.218,-0.942,-0.210,-0.3,-0.8,0.1,3.90
73000,DESCENT,91.66,91.77,-6.31,-0.11,93287.2,24.40,-0.212,-0.950,-0.174,0.2,-0.4,0.0,3.90
73010,DESCENT,91.44,91.70,-6.32,-0.24,93289.6,24.40,-0.242,-0.929,-0.174,-0.1,-0.6,-0.0,3.90
73020,DESCENT,91.89,91.64,-6.31,-0.45,93284.6,24.40,-0.188,-0.918,-0.183,0.2,-1.0,0.2,3.90
73030,DESCENT,91.86,91.59,-6.30,-0.47,93285.0,24.40,-0.199,-0.909,-0.201,0.3,0.2,-0.2,3.90
73040,DESCENT,91.92,91.54,-6.29,0.06,93284.3,24.40,-0.227,-0.957,-0.213,-0.0,-0.2,-0.9,3.90
73050,DESCENT,91.38,91.47,-6.29,0.01,93290.3,24.41,-0.267,-0.951,-0.163,0.2,-0.6,-0.1,3.90
73060,DESCENT,91.75,91.42,-6.28,-0.01,93286.1,24.41,-0.232,-0.956,-0.177,-0.4,-0.1,-0.5,3.90
73070,DESCENT,91.18,91.35,-6.29,-0.02,93292.5,24.41,-0.235,-0.948,-0.203,-0.1,-0.5,-0.5,3.90
73080,DESCENT,91.28,91.29,-6.29,0.21,93291.4,24.41,-0.265,-0.966,-0.198,0.2,-0.5,-0.1,3.90
73090,DESCENT,91.19,91.22,-6.29,-0.19,93292.5,24.41,-0.214,-0.943,-0.158,-0.0,-0.9,-0.0,3.90
73100,DESCENT,91.00,91.15,-6.29,0.05,93294.6,24.41,-0.253,-0.953,-0.194,0.2,0.1,-0.1,3.90
73110,DESCENT,91.11,91.09,-6.30,-0.44,93293.4,24.41,-0.199,-0.919,-0.169,0.2,0.1,-0.5,3.90
73120,DESCENT,91.06,91.03,-6.30,-0.27,93293.9,24.41,-0.231,-0.915,-0.234,0.2,-0.3,-0.3,3.90
73130,DESCENT,91.02,90.97,-6.30,-0.30,93294.4,24.41,-0.225,-0.925,-0.182,0.3,0.2,-0.1,3.90
73140,DESCENT,90.86,90.90,-6.31,-0.48,93296.2,24.41,-0.211,-0.908,-0.191,0.2,-0.5,-0.6,3.90
73150,DESCENT,91.08,90.85,-6.30,0.01,93293.6,24.41,-0.198,-0.967,-0.165,-0.1,-0.0,-0.6,3.90
73160,DESCENT,91.00,90.79,-6.29,-0.15,93294.6,24.41,-0.207,-0.948,-0.166,0.1,0.4,-0.3,3.90
73170,DESCENT,90.98,90.73,-6.28,0.02,93294.8,24.41,-0.202,-0.969,-0.158,0.2,-0.5,0.0,3.90
73180,DESCENT,90.78,90.68,-6.28,0.17,93297.0,24.41,-0.228,-0.965,-0.226,0.4,-0.3,-0.1,3.90
73190,DESCENT,90.42,90.61,-6.28,-0.26,93301.1,24.41,-0.251,-0.920,-0.192,0.2,-0.1,-0.0,3.90
73200,DESCENT,90.31,90.54,-6.30,-0.26,93302.3,24.41,-0.194,-0.935,-0.190,0.1,0.0,-0.1,3.90
73210,DESCENT,90.65,90.48,-6.29,-0.22,93298.5,24.41,-0.232,-0.930,-0.191,-0.5,0.0,-0.4,3.90
73220,DESCENT,90.45,90.42,-6.29,0.12,93300.7,24.41,-0.237,-0.962,-0.205,0.6,-0.1,-0.1,3.90
73230,DESCENT,89.95,90.34,-6.30,0.24,93306.4,24.41,-0.260,-0.971,-0.200,0.5,-0.6,-0.0,3.90
73240,DESCENT,90.28,90.28,-6.30,-0.13,93302.7,24.41,-0.251,-0.927,-0.225,-0.5,-0.7,-0.2,3.90
73250,DESCENT,90.10,90.21,-6.31,-0.38,93304.7,24.41,-0.248,-0.911,-0.180,0.1,-0.3,-0.9,3.90
73260,DESCENT,89.89,90.14,-6.33,-0.36,93307.1,24.41,-0.233,-0.917,-0.181,-0.1,-0.5,-0.7,3.90
73270,DESCENT,90.03,90.08,-6.33,-0.30,93305.5,24.41,-0.225,-0.911,-0.240,-0.2,-0.0,-1.0,3.90
73280,DESCENT,90.16,90.02,-6.33,-0.12,93304.0,24.41,-0.247,-0.941,-0.170,-0.0,-0.2,-0.7,3.90
73290,DESCENT,90.23,89.96,-6.32,-0.05,93303.2,24.42,-0.233,-0.945,-0.209,0.1,-0.6,-0.6,3.90
73300,DESCENT,89.72,89.90,-6.32,-0.06,93309.0,24.42,-0.230,-0.942,-0.217,0.4,-0.5,-0.1,3.90
73310,DESCENT,89.90,89.83,-6.32,-0.28,93306.9,24.42,-0.241,-0.915,-0.216,0.3,-0.1,0.5,3.90
73320,DESCENT,89.54,89.76,-6.33,0.06,93311.0,24.42,-0.233,-0.960,-0.194,-0.3,0.1,-0.3,3.90
73330,DESCENT,89.56,89.70,-6.34,-0.32,93310.8,24.42,-0.239,-0.922,-0.167,0.0,-0.2,0.1,3.90
73340,DESCENT,89.60,89.63,-6.35,-0.20,93310.4,24.42,-0.222,-0.939,-0.173,-0.0,-0.1,-0.3,3.90
73350,DESCENT,89.64,89.57,-6.35,-0.42,93309.8,24.42,-0.203,-0.914,-0.197,0.1,-0.1,0.4,3.90
73360,DESCENT,89.52,89.51,-6.35,-0.36,93311.2,24.42,-0.202,-0.924,-0.184,0.5,0.1,-0.3,3.90
73370,DESCENT,89.58,89.45,-6.35,-0.50,93310.6,24.42,-0.209,-0.913,-0.152,0.1,0.0,-0.2,3.90
73380,DESCENT,89.65,89.39,-6.34,0.13,93309.7,24.42,-0.245,-0.962,-0.205,-0.2,-0.3,0.3,3.90
73390,DESCENT,89.30,89.33,-6.34,-0.16,93313.7,24.42,-0.226,-0.938,-0.194,0.3,-0.8,0.3,3.90
73400,DESCENT,89.47,89.27,-6.33,0.08,93311.8,24.42,-0.239,-0.960,-0.198,0.4,-0.3,0.1,3.90
73410,DESCENT,89.19,89.21,-6.33,-0.35,93315.0,24.42,-0.225,-0.922,-0.170,0.6,-0.1,-0.3,3.90
73420,DESCENT,88.96,89.14,-6.35,-0.39,93317.5,24.42,-0.191,-0.922,-0.186,0.3,-0.4,-0.2,3.90
73430,DESCENT,89.13,89.08,-6.35,-0.36,93315.6,24.42,-0.213,-0.916,-0.206,0.3,-0.5,-0.8,3.90
73440,DESCENT,89.19,89.02,-6.34,-0.30,93314.9,24.42,-0.231,-0.908,-0.249,0.7,-0.6,-0.0,3.90
73450,DESCENT,89.03,88.96,-6.34,-0.17,93316.8,24.42,-0.251,-0.932,-0.183,-0.4,-0.2,0.1,3.90
73460,DESCENT,88.96,88.89,-6.34,-0.13,93317.5,24.42,-0.212,-0.948,-0.174,-0.1,-0.2,0.1,3.90
73470,DESCENT,89.08,88.84,-6.33,-0.36,93316.1,24.42,-0.200,-0.920,-0.203,0.1,-0.4,-0.6,3.90
73480,DESCENT,88.81,88.78,-6.34,-0.51,93319.1,24.42,-0.229,-0.908,-0.148,0.2,-0.0,0.4,3.90
73490,DESCENT,88.52,88.71,-6.35,-0.34,93322.4,24.42,-0.233,-0.920,-0.179,0.3,0.0,0.1,3.90
73500,DESCENT,88.64,88.64,-6.35,-0.39,93321.1,24.42,-0.223,-0.919,-0.170,0.2,-0.3,0.1,3.90
73510,DESCENT,88.92,88.59,-6.34,-0.06,93318.0,24.42,-0.214,-0.952,-0.190,-0.1,-0.7,-0.5,3.90
73520,DESCENT,88.41,88.52,-6.34,0.11,93323.7,24.42,-0.208,-0.967,-0.209,0.0,-0.2,0.3,3.90
73530,DESCENT,88.56,88.46,-6.34,-0.34,93322.0,24.42,-0.268,-0.910,-0.174,0.6,-0.4,-0.4,3.90
73540,DESCENT,88.59,88.40,-6.34,-0.04,93321.7,24.43,-0.254,-0.943,-0.195,0.7,-0.2,-0.8,3.90
73550,DESCENT,88.20,88.34,-6.34,-0.26,93326.0,24.43,-0.225,-0.925,-0.201,-0.2,-0.1,-0.2,3.90
73560,DESCENT,87.88,88.26,-6.36,-0.46,93329.7,24.43,-0.204,-0.914,-0.171,0.5,-0.3,0.0,3.90
73570,DESCENT,88.42,88.21,-6.36,-0.23,93323.6,24.43,-0.237,-0.928,-0.194,-0.3,-0.5,0.2,3.90
73580,DESCENT,88.21,88.14,-6.36,-0.21,93325.9,24.43,-0.219,-0.931,-0.207,-0.4,-0.3,0.1,3.90
73590,DESCENT,88.10,88.08,-6.36,0.05,93327.2,24.43,-0.237,-0.956,-0.203,-0.5,-0.3,-0.1,3.90
73600,DESCENT,87.99,88.02,-6.36,-0.31,93328.4,24.43,-0.245,-0.910,-0.219,0.1,-0.1,-0.0,3.90
73610,DESCENT,88.31,87.96,-6.35,-0.41,93324.9,24.43,-0.222,-0.913,-0.186,-0.3,-0.2,0.4,3.90
73620,DESCENT,87.63,87.89,-6.36,-0.41,93332.5,24.43,-0.254,-0.909,-0.168,0.5,-0.5,-0.1,3.90
73630,DESCENT,87.79,87.83,-6.37,-0.26,93330.6,24.43,-0.225,-0.935,-0.152,0.3,-0.1,0.0,3.90
73640,DESCENT,88.08,87.77,-6.36,-0.32,93327.4,24.43,-0.241,-0.915,-0.202,0.3,-0.3,-0.2,3.90
73650,DESCENT,87.46,87.70,-6.37,0.02,93334.4,24.43,-0.262,-0.946,-0.202,0.7,0.2,-0.2,3.90
73660,DESCENT,87.44,87.63,-6.38,-0.22,93334.6,24.43,-0.214,-0.935,-0.187,-0.2,-0.1,-0.1,3.90
73670,DESCENT,87.81,87.58,-6.37,-0.50,93330.4,24.43,-0.195,-0.914,-0.160,-0.4,-0.4,-0.3,3.90
73680,DESCENT,87.36,87.51,-6.38,-0.02,93335.5,24.43,-0.259,-0.943,-0.206,0.1,-0.2,-0.4,3.90
73690,DESCENT,87.24,87.44,-6.39,-0.09,93336.8,24.43,-0.254,-0.946,-0.151,-0.0,-0.7,-0.5,3.90
73700,DESCENT,87.68,87.38,-6.38,-0.40,93331.9,24.43,-0.194,-0.928,-0.147,0.3,-0.2,-0.6,3.90
73710,DESCENT,87.15,87.31,-6.39,-0.38,93337.9,24.43,-0.224,-0.920,-0.169,-0.1,-0.0,-0.2,3.90
73720,DESCENT,87.48,87.26,-6.38,-0.20,93334.1,24.43,-0.250,-0.934,-0.159,0.5,-0.9,-0.1,3.90
73730,DESCENT,87.05,87.19,-6.39,0.00,93339.0,24.43,-0.232,-0.953,-0.198,-0.7,-0.8,-0.1,3.90
73740,DESCENT,87.20,87.13,-6.39,-0.31,93337.3,24.43,-0.243,-0.915,-0.199,0.0,-0.3,-0.4,3.90
73750,DESCENT,87.22,87.07,-6.39,-0.38,93337.1,24.43,-0.240,-0.919,-0.150,0.0,0.2,-0.0,3.90
73760,DESCENT,86.76,87.00,-6.40,-0.01,93342.3,24.43,-0.236,-0.948,-0.206,0.1,-0.2,-0.4,3.90
73770,DESCENT,86.61,86.92,-6.41,-0.40,93343.9,24.43,-0.201,-0.920,-0.178,0.2,-0.2,-0.3,3.90
73780,DESCENT,87.13,86.87,-6.41,-0.36,93338.1,24.43,-0.244,-0.914,-0.184,-0.3,0.1,-0.4,3.90
73790,DESCENT,86.64,86.80,-6.42,-0.05,93343.6,24.44,-0.215,-0.950,-0.206,0.3,-0.4,-0.3,3.90
73800,DESCENT,86.75,86.73,-6.42,-0.33,93342.3,24.44,-0.215,-0.925,-0.178,0.1,-0.6,-0.8,3.90
73810,DESCENT,86.74,86.67,-6.42,-0.32,93342.4,24.44,-0.202,-0.931,-0.166,0.6,-0.9,-0.9,3.90
73820,DESCENT,86.55,86.61,-6.42,-0.10,93344.6,24.44,-0.231,-0.945,-0.180,-0.1,0.2,0.0,3.90
73830,DESCENT,86.59,86.54,-6.42,-0.28,93344.1,24.44,-0.253,-0.914,-0.213,0.4,0.1,0.2,3.90
73840,DESCENT,86.90,86.49,-6.41,-0.42,93340.7,24.44,-0.205,-0.920,-0.168,-0.2,0.4,0.2,3.90
73850,DESCENT,86.47,86.43,-6.41,0.10,93345.5,24.44,-0.240,-0.961,-0.199,-0.1,0.1,-0.7,3.90
73860,DESCENT,86.10,86.36,-6.42,-0.25,93349.7,24.44,-0.226,-0.929,-0.187,-0.1,-0.0,-0.2,3.90
73870,DESCENT,86.65,86.30,-6.41,-0.34,93343.5,24.44,-0.224,-0.922,-0.179,-0.2,-0.2,-0.4,3.90
73880,DESCENT,86.34,86.24,-6.41,-0.22,93347.0,24.44,-0.199,-0.936,-0.198,0.2,-0.4,0.5,3.90
73890,DESCENT,86.37,86.18,-6.40,-0.01,93346.6,24.44,-0.221,-0.953,-0.207,0.2,-0.7,-0.4,3.90
73900,DESCENT,86.12,86.12,-6.40,0.05,93349.4,24.44,-0.229,-0.963,-0.174,-0.4,-0.5,-0.3,3.90
73910,DESCENT,86.12,86.06,-6.40,-0.10,93349.4,24.44,-0.283,-0.926,-0.203,0.4,0.2,-0.3,3.90
73920,DESCENT,86.28,86.00,-6.39,-0.61,93347.6,24.44,-0.221,-0.892,-0.186,-0.4,-0.3,-0.0,3.90
73930,DESCENT,85.95,85.94,-6.39,-0.17,93351.3,24.44,-0.217,-0.936,-0.208,-0.1,-0.1,-0.2,3.90
73940,DESCENT,85.89,85.87,-6.40,-0.65,93352.0,24.44,-0.189,-0.895,-0.190,-0.4,-0.3,-0.3,3.90
73950,DESCENT,85.84,85.81,-6.40,-0.27,93352.6,24.44,-0.246,-0.919,-0.204,0.6,-0.2,0.3,3.90
73960,DESCENT,85.76,85.75,-6.40,-0.36,93353.4,24.44,-0.226,-0.918,-0.187,-0.1,-0.3,-0.1,3.90
73970,DESCENT,85.80,85.69,-6.40,-0.12,93353.0,24.44,-0.211,-0.949,-0.177,-0.5,-0.8,-0.2,3.90
73980,DESCENT,86.00,85.63,-6.39,-0.32,93350.8,24.44,-0.219,-0.925,-0.180,0.1,-0.1,-0.2,3.90
73990,DESCENT,85.60,85.57,-6.39,-0.47,93355.3,24.44,-0.231,-0.905,-0.182,-0.1,0.1,0.2,3.90
74000,DESCENT,85.92,85.52,-6.38,-0.23,93351.7,24.44,-0.235,-0.930,-0.184,0.1,-0.6,-0.2,3.90
74010,DESCENT,85.54,85.46,-6.38,-0.62,93356.0,24.44,-0.220,-0.891,-0.187,-0.1,-0.4,0.5,3.90
74020,DESCENT,85.12,85.38,-6.39,-0.22,93360.6,24.44,-0.234,-0.930,-0.188,-0.0,-0.4,0.3,3.90
74030,DESCENT,85.17,85.32,-6.40,-0.33,93360.1,24.44,-0.212,-0.912,-0.237,0.3,-0.7,-0.1,3.90
74040,DESCENT,85.43,85.26,-6.40,-0.10,93357.1,24.45,-0.241,-0.947,-0.163,0.3,-0.4,-0.4,3.90
74050,DESCENT,85.29,85.20,-6.39,-0.12,93358.8,24.45,-0.197,-0.950,-0.189,0.4,-0.1,-0.4,3.90
74060,DESCENT,84.94,85.13,-6.40,0.06,93362.7,24.45,-0.209,-0.966,-0.189,0.2,0.1,0.1,3.90
74070,DESCENT,84.90,85.06,-6.41,-0.24,93363.2,24.45,-0.258,-0.921,-0.190,0.2,-0.3,-0.2,3.90
74080,DESCENT,85.04,84.99,-6.41,-0.39,93361.6,24.45,-0.216,-0.920,-0.170,-0.4,-0.1,0.3,3.90
74090,DESCENT,84.98,84.93,-6.41,-0.04,93362.3,24.45,-0.257,-0.943,-0.193,0.3,0.3,-0.2,3.90
74100,DESCENT,84.85,84.87,-6.41,-0.06,93363.7,24.45,-0.230,-0.944,-0.208,0.0,0.3,-0.1,3.90
74110,DESCENT,84.90,84.81,-6.41,-0.50,93363.2,24.45,-0.231,-0.904,-0.170,0.9,-0.5,-0.7,3.90
74120,DESCENT,85.05,84.75,-6.40,-0.16,93361.5,24.45,-0.208,-0.941,-0.201,0.1,-0.1,-0.9,3.90
74130,DESCENT,84.58,84.68,-6.41,-0.32,93366.8,24.45,-0.201,-0.932,-0.162,0.1,-0.5,-0.6,3.90
74140,DESCENT,85.30,84.64,-6.39,-0.42,93358.6,24.45,-0.226,-0.912,-0.181,0.8,-0.0,-0.4,3.90
74150,DESCENT,84.51,84.57,-6.39,-0.40,93367.5,24.45,-0.252,-0.900,-0.215,0.2,-0.1,-0.6,3.90
74160,DESCENT,84.64,84.51,-6.39,-0.16,93366.1,24.45,-0.213,-0.945,-0.168,0.8,-0.4,-0.1,3.90
74170,DESCENT,84.72,84.46,-6.38,-0.09,93365.2,24.45,-0.255,-0.936,-0.204,-0.2,0.3,-0.8,3.90
74180,DESCENT,84.23,84.39,-6.39,-0.11,93370.7,24.45,-0.226,-0.943,-0.196,-0.0,-0.0,-0.6,3.90
74190,DESCENT,84.20,84.32,-6.40,-0.36,93371.0,24.45,-0.219,-0.916,-0.199,0.5,-0.7,-0.2,3.90
74200,DESCENT,84.50,84.26,-6.39,-0.03,93367.7,24.45,-0.223,-0.952,-0.198,-0.1,-0.4,-0.7,3.90
74210,DESCENT,84.41,84.21,-6.38,0.02,93368.7,24.45,-0.205,-0.956,-0.217,-0.5,0.0,-0.4,3.90
74220,DESCENT,84.29,84.15,-6.37,0.09,93370.0,24.45,-0.223,-0.964,-0.199,-0.0,-0.1,0.2,3.90
74230,DESCENT,84.16,84.08,-6.37,-0.30,93371.5,24.45,-0.194,-0.929,-0.198,-0.0,0.2,0.0,3.90
74240,DESCENT,84.14,84.02,-6.37,-0.61,93371.7,24.45,-0.219,-0.896,-0.167,0.2,-0.2,-0.2,3.90
74250,DESCENT,84.09,83.96,-6.37,-0.32,93372.3,24.45,-0.218,-0.927,-0.171,0.3,-0.5,-0.9,3.90
74260,DESCENT,83.96,83.90,-6.37,-0.18,93373.7,24.45,-0.243,-0.930,-0.198,0.5,-0.5,-0.0,3.90
74270,DESCENT,83.91,83.84,-6.37,-0.28,93374.3,24.45,-0.247,-0.917,-0.204,0.3,-0.3,-0.2,3.90
74280,DESCENT,84.06,83.78,-6.36,-0.16,93372.6,24.45,-0.209,-0.944,-0.181,-0.1,-0.2,-0.6,3.90
74290,DESCENT,83.93,83.73,-6.35,-0.38,93374.1,24.46,-0.240,-0.910,-0.194,0.6,0.3,-0.4,3.90
74300,DESCENT,83.32,83.65,-6.37,-0.43,93380.9,24.46,-0.244,-0.903,-0.197,-0.1,-0.6,-0.4,3.90
74310,DESCENT,83.87,83.60,-6.36,-0.19,93374.7,24.46,-0.200,-0.932,-0.229,-0.3,0.2,-0.4,3.90
74320,DESCENT,83.40,83.53,-6.37,-0.01,93380.0,24.46,-0.200,-0.960,-0.191,-0.3,0.2,-0.2,3.90
74330,DESCENT,83.37,83.46,-6.37,0.14,93380.3,24.46,-0.226,-0.963,-0.226,-0.0,-0.4,-0.2,3.90
74340,DESCENT,83.77,83.41,-6.36,-0.01,93375.8,24.46,-0.239,-0.956,-0.160,0.6,-0.5,-0.1,3.90
74350,DESCENT,83.77,83.36,-6.34,-0.30,93375.9,24.46,-0.224,-0.922,-0.194,0.8,-0.6,-0.7,3.90
74360,DESCENT,83.60,83.30,-6.33,-0.18,93377.8,24.46,-0.215,-0.943,-0.167,-0.1,-0.1,-0.7,3.90
74370,DESCENT,83.30,83.24,-6.33,-0.15,93381.1,24.46,-0.232,-0.935,-0.204,-0.3,-0.1,-0.5,3.90
74380,DESCENT,83.25,83.18,-6.33,-0.42,93381.6,24.46,-0.213,-0.910,-0.205,0.1,-0.5,-0.1,3.90
74390,DESCENT,82.89,83.11,-6.34,-0.28,93385.7,24.46,-0.205,-0.926,-0.210,0.3,0.1,-0.7,3.90
74400,DESCENT,83.17,83.05,-6.34,-0.09,93382.6,24.46,-0.232,-0.950,-0.162,0.2,-0.2,-0.0,3.90
74410,DESCENT,82.94,82.99,-6.35,-0.28,93385.2,24.46,-0.221,-0.925,-0.198,0.1,-0.3,-0.1,3.90
74420,DESCENT,83.12,82.93,-6.34,-0.48,93383.1,24.46,-0.213,-0.911,-0.170,-0.1,-0.2,0.0,3.90
74430,DESCENT,83.01,82.87,-6.34,-0.37,93384.4,24.46,-0.246,-0.909,-0.199,-0.3,-0.5,-0.1,3.90
74440,DESCENT,82.59,82.80,-6.35,-0.53,93389.1,24.46,-0.225,-0.902,-0.174,-0.4,-0.1,-0.4,3.90
74450,DESCENT,83.09,82.75,-6.34,-0.23,93383.5,24.46,-0.209,-0.933,-0.198,0.1,-0.2,-0.4,3.90
74460,DESCENT,82.69,82.68,-6.34,-0.20,93388.0,24.46,-0.256,-0.930,-0.171,0.3,-0.3,-0.7,3.90
74470,DESCENT,82.60,82.62,-6.35,-0.21,93389.0,24.46,-0.235,-0.933,-0.179,0.6,-0.2,-0.4,3.90
74480,DESCENT,82.57,82.56,-6.35,-0.00,93389.4,24.46,-0.231,-0.953,-0.195,0.4,-0.4,0.0,3.90
74490,DESCENT,82.46,82.49,-6.35,-0.46,93390.5,24.46,-0.222,-0.906,-0.190,0.0,-0.2,-0.2,3.90
74500,DESCENT,82.52,82.43,-6.35,-0.23,93389.9,24.46,-0.237,-0.930,-0.184,0.3,-0.1,-0.4,3.90
74510,DESCENT,82.55,82.37,-6.34,0.30,93389.5,24.46,-0.241,-0.979,-0.214,0.6,0.0,0.1,3.90
74520,DESCENT,82.46,82.31,-6.33,0.08,93390.5,24.46,-0.199,-0.969,-0.192,0.2,-0.1,-0.8,3.90
74530,DESCENT,82.27,82.25,-6.34,-0.45,93392.7,24.47,-0.226,-0.910,-0.174,-0.4,-0.0,0.5,3.90
74540,DESCENT,82.74,82.20,-6.32,-0.12,93387.4,24.47,-0.218,-0.944,-0.197,0.4,-0.9,-0.7,3.90
74550,DESCENT,82.16,82.14,-6.32,-0.54,93393.9,24.47,-0.240,-0.888,-0.211,0.1,-0.5,-0.2,3.90
74560,DESCENT,82.18,82.08,-6.32,0.14,93393.7,24.47,-0.202,-0.974,-0.206,0.1,-0.3,-0.1,3.90
74570,DESCENT,82.05,82.02,-6.31,-0.13,93395.1,24.47,-0.190,-0.947,-0.201,0.4,-0.9,-0.4,3.90
74580,DESCENT,81.66,81.95,-6.33,0.12,93399.6,24.47,-0.256,-0.956,-0.214,0.1,-0.2,0.1,3.90
74590,DESCENT,81.93,81.88,-6.33,-0.29,93396.5,24.47,-0.199,-0.933,-0.178,-0.2,-0.4,-0.3,3.90
74600,DESCENT,81.90,81.82,-6.33,-0.26,93396.9,24.47,-0.207,-0.936,-0.165,0.5,-0.3,-0.5,3.90
74610,DESCENT,81.59,81.76,-6.33,-0.22,93400.3,24.47,-0.232,-0.928,-0.202,-0.0,-0.6,0.5,3.90
74620,DESCENT,81.68,81.69,-6.34,0.00,93399.4,24.47,-0.245,-0.952,-0.183,0.0,-0.2,-0.4,3.90
74630,DESCENT,81.79,81.63,-6.33,-0.25,93398.2,24.47,-0.249,-0.923,-0.187,-0.3,0.2,-0.1,3.90
74640,DESCENT,81.51,81.57,-6.34,-0.23,93401.3,24.47,-0.231,-0.928,-0.198,0.1,-0.1,0.1,3.90
74650,DESCENT,81.82,81.51,-6.33,-0.22,93397.8,24.47,-0.217,-0.939,-0.163,-0.4,-0.4,-0.1,3.90
74660,DESCENT,81.44,81.45,-6.33,-0.10,93402.0,24.47,-0.222,-0.949,-0.175,0.6,-1.1,-0.1,3.90
74670,DESCENT,81.32,81.38,-6.33,-0.49,93403.4,24.47,-0.218,-0.910,-0.163,0.3,-0.5,-0.3,3.90
74680,DESCENT,81.70,81.33,-6.32,-0.35,93399.1,24.47,-0.206,-0.929,-0.156,0.4,-0.2,-0.5,3.90
74690,DESCENT,80.97,81.26,-6.34,-0.21,93407.4,24.47,-0.232,-0.937,-0.163,-0.2,0.0,0.1,3.90
74700,DESCENT,81.45,81.20,-6.33,-0.06,93401.9,24.47,-0.203,-0.944,-0.237,-0.0,0.0,0.2,3.90
74710,DESCENT,80.78,81.13,-6.34,-0.31,93409.4,24.47,-0.216,-0.928,-0.170,0.2,-0.4,0.2,3.90
74720,DESCENT,81.41,81.08,-6.33,-0.08,93402.4,24.47,-0.183,-0.956,-0.193,0.7,-0.6,0.2,3.90
74730,DESCENT,80.99,81.01,-6.33,-0.00,93407.1,24.47,-0.227,-0.958,-0.175,-0.1,-0.3,-0.2,3.90
74740,DESCENT,81.40,80.96,-6.32,-0.03,93402.5,24.47,-0.241,-0.950,-0.181,0.2,-0.2,-0.4,3.90
74750,DESCENT,81.00,80.90,-6.31,0.12,93407.0,24.47,-0.240,-0.972,-0.153,0.3,-0.3,0.4,3.90
74760,DESCENT,80.79,80.84,-6.31,-0.38,93409.4,24.47,-0.200,-0.928,-0.149,-0.3,-0.8,-0.5,3.90
74770,DESCENT,81.16,80.78,-6.30,-0.31,93405.2,24.47,-0.230,-0.920,-0.194,-0.3,-0.1,-0.3,3.90
74780,DESCENT,80.55,80.72,-6.31,-0.16,93412.1,24.48,-0.242,-0.938,-0.169,0.2,0.5,-0.3,3.90
74790,DESCENT,80.60,80.65,-6.32,-0.07,93411.5,24.48,-0.197,-0.943,-0.240,0.1,0.1,-0.0,3.90
74800,DESCENT,80.34,80.58,-6.33,-0.17,93414.4,24.48,-0.252,-0.939,-0.141,-0.0,-0.3,-0.2,3.90
74810,DESCENT,81.08,80.53,-6.31,-0.04,93406.1,24.48,-0.234,-0.951,-0.177,0.1,-0.4,-0.2,3.90
74820,DESCENT,80.27,80.47,-6.31,-0.17,93415.2,24.48,-0.253,-0.934,-0.173,0.1,-0.5,-0.4,3.90
74830,DESCENT,80.59,80.41,-6.31,-0.24,93411.6,24.48,-0.243,-0.931,-0.161,0.5,-0.0,0.0,3.90
74840,DESCENT,80.55,80.35,-6.30,-0.12,93412.1,24.48,-0.193,-0.950,-0.191,0.1,-0.0,-0.2,3.90
74850,DESCENT,80.41,80.29,-6.30,-0.34,93413.7,24.48,-0.220,-0.919,-0.195,0.9,-0.5,-0.2,3.90
74860,DESCENT,80.66,80.24,-6.29,-0.41,93410.8,24.48,-0.219,-0.922,-0.142,-0.4,0.3,0.2,3.90
74870,DESCENT,79.91,80.17,-6.30,-0.19,93419.2,24.48,-0.185,-0.937,-0.222,-0.2,-0.7,0.1,3.90
74880,DESCENT,80.25,80.11,-6.30,-0.35,93415.5,24.48,-0.206,-0.922,-0.191,0.3,-0.1,-0.1,3.90
74890,DESCENT,80.69,80.07,-6.27,0.21,93410.5,24.48,-0.237,-0.971,-0.210,0.2,-0.3,-0.5,3.90
74900,DESCENT,79.97,80.00,-6.27,-0.40,93418.6,24.48,-0.247,-0.903,-0.205,0.2,-0.5,-0.2,3.90
74910,DESCENT,80.04,79.94,-6.27,-0.41,93417.8,24.48,-0.202,-0.921,-0.172,0.3,-0.6,-0.7,3.90
74920,DESCENT,79.58,79.87,-6.29,-0.17,93423.0,24.48,-0.203,-0.943,-0.188,0.0,0.2,-0.3,3.90
74930,DESCENT,79.42,79.80,-6.31,-0.16,93424.8,24.48,-0.200,-0.939,-0.214,-0.4,-0.2,-0.3,3.90
74940,DESCENT,80.12,79.74,-6.29,-0.47,93417.0,24.48,-0.227,-0.909,-0.172,0.5,-0.5,-0.3,3.90
74950,DESCENT,79.62,79.68,-6.30,0.10,93422.5,24.48,-0.221,-0.970,-0.179,-0.2,-0.0,0.2,3.90
74960,DESCENT,79.82,79.62,-6.29,-0.35,93420.3,24.48,-0.207,-0.915,-0.219,-0.2,-0.5,-0.2,3.90
74970,DESCENT,79.33,79.55,-6.31,-0.52,93425.8,24.48,-0.260,-0.897,-0.156,0.2,-0.6,-0.6,3.90
74980,DESCENT,79.62,79.49,-6.30,-0.08,93422.5,24.48,-0.231,-0.947,-0.189,-0.4,-0.0,-0.7,3.90
74990,DESCENT,79.35,79.43,-6.31,-0.48,93425.6,24.48,-0.206,-0.914,-0.162,-0.0,0.0,-0.3,3.90
75000,DESCENT,79.20,79.36,-6.32,-0.13,93427.2,24.48,-0.242,-0.937,-0.197,-0.0,-0.5,-0.2,3.90
75010,DESCENT,79.37,79.30,-6.32,-0.49,93425.3,24.48,-0.185,-0.912,-0.192,-0.2,-0.3,-0.3,3.90
75020,DESCENT,78.97,79.23,-6.33,-0.34,93429.9,24.48,-0.211,-0.926,-0.175,-0.2,-0.4,0.4,3.90
75030,DESCENT,79.26,79.17,-6.33,0.05,93426.6,24.49,-0.240,-0.960,-0.184,0.5,-0.3,-0.6,3.90
75040,DESCENT,79.20,79.11,-6.33,-0.05,93427.2,24.49,-0.234,-0.954,-0.156,0.3,0.2,-0.2,3.90
75050,DESCENT,79.04,79.04,-6.33,-0.58,93429.1,24.49,-0.208,-0.895,-0.199,-0.1,-0.4,-0.0,3.90
75060,DESCENT,78.73,78.97,-6.35,-0.36,93432.6,24.49,-0.237,-0.913,-0.199,-0.1,-0.5,-0.3,3.90
75070,DESCENT,79.16,78.92,-6.34,-0.04,93427.7,24.49,-0.226,-0.954,-0.181,0.0,-0.6,0.5,3.90
75080,DESCENT,79.15,78.86,-6.33,0.08,93427.8,24.49,-0.248,-0.959,-0.187,0.0,0.0,-0.1,3.90
75090,DESCENT,78.73,78.80,-6.33,-0.31,93432.5,24.49,-0.233,-0.925,-0.165,0.6,-0.6,-0.1,3.90
75100,DESCENT,78.81,78.74,-6.33,-0.06,93431.7,24.49,-0.201,-0.959,-0.173,0.0,-0.0,0.1,3.90
75110,DESCENT,78.86,78.68,-6.32,-0.32,93431.1,24.49,-0.205,-0.923,-0.204,-0.1,0.1,-0.1,3.90
75120,DESCENT,78.75,78.62,-6.32,-0.31,93432.3,24.49,-0.219,-0.925,-0.185,0.3,0.5,-0.4,3.90
75130,DESCENT,78.89,78.56,-6.31,-0.29,93430.8,24.49,-0.246,-0.921,-0.177,-0.0,0.2,0.1,3.90
75140,DESCENT,78.82,78.51,-6.30,0.04,93431.5,24.49,-0.225,-0.959,-0.194,-0.1,-0.5,-0.3,3.90
75150,DESCENT,78.48,78.45,-6.30,-0.04,93435.3,24.49,-0.201,-0.958,-0.181,0.0,-0.1,-0.6,3.90
75160,DESCENT,78.34,78.38,-6.30,0.10,93436.9,24.49,-0.230,-0.963,-0.202,0.6,0.2,-0.6,3.90
75170,DESCENT,78.52,78.33,-6.29,0.16,93434.9,24.49,-0.284,-0.958,-0.187,0.2,-0.6,-0.3,3.90
75180,DESCENT,78.50,78.27,-6.28,-0.21,93435.2,24.49,-0.220,-0.930,-0.209,-0.1,0.2,-0.6,3.90
75190,DESCENT,78.36,78.21,-6.27,0.01,93436.7,24.49,-0.224,-0.956,-0.191,0.3,-0.5,0.1,3.90
75200,DESCENT,77.97,78.14,-6.28,-0.41,93441.1,24.49,-0.256,-0.901,-0.203,0.3,-0.5,-0.1,3.90
75210,DESCENT,77.85,78.08,-6.30,-0.06,93442.4,24.49,-0.242,-0.939,-0.219,-0.0,-0.5,-0.2,3.90
75220,DESCENT,78.07,78.01,-6.29,-0.20,93440.0,24.49,-0.260,-0.923,-0.201,0.5,-0.2,-0.2,3.90
75230,DESCENT,78.08,77.95,-6.29,-0.41,93439.8,24.49,-0.204,-0.913,-0.205,-0.3,-0.6,0.2,3.90
75240,DESCENT,78.14,77.90,-6.29,-0.39,93439.2,24.49,-0.214,-0.919,-0.177,-0.5,-0.5,0.1,3.90
75250,DESCENT,77.98,77.84,-6.28,-0.29,93441.0,24.49,-0.208,-0.924,-0.214,0.1,0.0,0.1,3.90
75260,DESCENT,77.93,77.78,-6.28,0.02,93441.5,24.49,-0.244,-0.956,-0.177,0.4,-0.1,0.1,3.90
75270,DESCENT,77.54,77.71,-6.29,-0.13,93445.9,24.49,-0.212,-0.946,-0.184,0.6,-0.1,-0.7,3.90
75280,DESCENT,77.45,77.64,-6.30,-0.21,93447.0,24.50,-0.240,-0.930,-0.187,0.5,-0.5,-0.2,3.90
75290,DESCENT,76.98,77.56,-6.32,-0.15,93452.2,24.50,-0.278,-0.930,-0.166,0.1,0.4,0.3,3.90
75300,DESCENT,77.45,77.50,-6.33,-0.45,93447.0,24.50,-0.193,-0.911,-0.205,0.3,-0.1,-0.6,3.90
75310,DESCENT,77.29,77.43,-6.34,0.11,93448.8,24.50,-0.234,-0.957,-0.228,0.6,-0.2,-0.4,3.90
75320,DESCENT,77.08,77.36,-6.35,-0.43,93451.1,24.50,-0.243,-0.905,-0.190,0.1,-0.2,0.2,3.90
75330,DESCENT,77.67,77.31,-6.34,-0.00,93444.4,24.50,-0.192,-0.959,-0.207,-0.2,-0.2,-0.2,3.90
75340,DESCENT,77.46,77.25,-6.33,-0.23,93446.9,24.50,-0.196,-0.942,-0.162,0.2,-0.1,0.0,3.90
75350,DESCENT,77.16,77.19,-6.33,-0.21,93450.2,24.50,-0.210,-0.938,-0.184,0.1,-0.4,0.1,3.90
75360,DESCENT,76.93,77.12,-6.34,-0.15,93452.8,24.50,-0.208,-0.943,-0.193,-0.2,-0.4,-0.1,3.90
75370,DESCENT,76.95,77.05,-6.35,-0.34,93452.6,24.50,-0.241,-0.916,-0.186,1.0,0.1,-0.4,3.90
75380,DESCENT,76.69,76.98,-6.36,-0.22,93455.5,24.50,-0.223,-0.934,-0.179,0.3,-0.3,-0.7,3.90
75390,DESCENT,77.06,76.92,-6.36,-0.30,93451.3,24.50,-0.197,-0.924,-0.217,0.1,-0.1,0.0,3.90
75400,DESCENT,77.16,76.86,-6.35,-0.17,93450.2,24.50,-0.237,-0.930,-0.212,0.2,-0.1,-0.3,3.90
75410,DESCENT,76.72,76.80,-6.36,-0.49,93455.2,24.50,-0.185,-0.904,-0.223,0.0,0.1,-0.2,3.90
75420,DESCENT,76.99,76.74,-6.35,-0.26,93452.1,24.50,-0.247,-0.922,-0.190,0.2,-0.3,-0.4,3.90
75430,DESCENT,76.70,76.68,-6.35,-0.24,93455.4,24.50,-0.234,-0.925,-0.202,0.3,-0.3,-0.2,3.90
75440,DESCENT,76.62,76.62,-6.36,-0.48,93456.3,24.50,-0.202,-0.917,-0.147,0.4,-0.3,-0.5,3.90
75450,DESCENT,76.48,76.55,-6.36,0.07,93457.8,24.50,-0.198,-0.963,-0.222,0.5,-0.3,0.1,3.90
75460,DESCENT,76.42,76.48,-6.36,0.12,93458.6,24.50,-0.225,-0.971,-0.179,0.0,0.1,-0.3,3.90
75470,DESCENT,76.59,76.43,-6.36,-0.26,93456.6,24.50,-0.203,-0.925,-0.226,0.2,-0.7,-0.5,3.90
75480,DESCENT,76.70,76.37,-6.34,0.03,93455.4,24.50,-0.246,-0.960,-0.160,-0.3,-0.3,0.0,3.90
75490,DESCENT,76.38,76.31,-6.34,-0.37,93458.9,24.50,-0.222,-0.916,-0.196,-0.1,-0.1,-0.4,3.90
75500,DESCENT,76.50,76.25,-6.33,0.01,93457.7,24.50,-0.241,-0.942,-0.237,-0.0,-0.5,-0.2,3.90
75510,DESCENT,76.18,76.19,-6.34,-0.14,93461.2,24.50,-0.243,-0.939,-0.177,0.1,-0.2,-0.0,3.90
75520,DESCENT,76.15,76.13,-6.34,-0.03,93461.5,24.50,-0.246,-0.941,-0.215,0.2,0.4,-0.6,3.90
75530,DESCENT,76.00,76.06,-6.34,-0.36,93463.3,24.51,-0.206,-0.929,-0.147,0.4,0.1,-0.3,3.90
75540,DESCENT,75.92,76.00,-6.35,-0.11,93464.1,24.51,-0.221,-0.942,-0.208,-0.4,-0.5,-0.4,3.90
75550,DESCENT,76.18,75.94,-6.34,-0.26,93461.3,24.51,-0.234,-0.921,-0.209,0.0,0.4,-0.2,3.90
75560,DESCENT,76.00,75.88,-6.34,-0.43,93463.2,24.51,-0.197,-0.920,-0.171,0.3,-0.5,0.0,3.90
75570,DESCENT,75.69,75.81,-6.34,-0.07,93466.8,24.51,-0.212,-0.950,-0.197,-0.1,-0.3,-0.4,3.90
75580,DESCENT,75.31,75.74,-6.36,0.05,93471.0,24.51,-0.210,-0.964,-0.191,0.7,-0.4,-0.7,3.90
75590,DESCENT,75.92,75.68,-6.35,-0.47,93464.1,24.51,-0.230,-0.907,-0.175,0.2,-0.3,-0.1,3.90
75600,DESCENT,75.55,75.62,-6.36,-0.42,93468.3,24.51,-0.225,-0.911,-0.191,0.2,-0.5,-0.4,3.90
75610,DESCENT,75.54,75.55,-6.37,-0.41,93468.5,24.51,-0.220,-0.913,-0.195,0.3,-0.4,-0.4,3.90
75620,DESCENT,75.54,75.49,-6.36,0.08,93468.5,24.51,-0.217,-0.958,-0.229,0.2,-0.3,-0.4,3.90
75630,DESCENT,75.25,75.42,-6.37,-0.52,93471.6,24.51,-0.208,-0.908,-0.165,0.2,-0.0,-0.1,3.90
75640,DESCENT,75.32,75.36,-6.38,0.05,93470.9,24.51,-0.239,-0.964,-0.156,0.1,-0.1,-0.6,3.90
75650,DESCENT,75.31,75.29,-6.38,-0.30,93471.0,24.51,-0.245,-0.920,-0.180,-0.7,-0.6,-0.6,3.90
75660,DESCENT,75.32,75.23,-6.38,-0.51,93470.9,24.51,-0.236,-0.902,-0.166,0.2,-0.6,-0.5,3.90
75670,DESCENT,74.81,75.16,-6.40,-0.39,93476.6,24.51,-0.238,-0.911,-0.192,0.3,-1.1,-0.3,3.90
75680,DESCENT,75.13,75.09,-6.40,-0.20,93473.0,24.51,-0.200,-0.945,-0.163,-0.4,-0.9,0.1,3.90
75690,DESCENT,74.99,75.03,-6.40,-0.26,93474.6,24.51,-0.215,-0.935,-0.167,0.3,-0.4,0.1,3.90
75700,DESCENT,74.95,74.96,-6.41,-0.21,93475.0,24.51,-0.215,-0.929,-0.222,0.3,-0.5,-0.1,3.90
75710,DESCENT,75.14,74.91,-6.40,-0.26,93472.9,24.51,-0.223,-0.928,-0.188,0.4,-0.5,-0.1,3.90
75720,DESCENT,75.06,74.85,-6.39,-0.51,93473.8,24.51,-0.229,-0.900,-0.189,-0.1,0.2,-0.5,3.90
75730,DESCENT,74.77,74.79,-6.40,-0.37,93477.1,24.51,-0.228,-0.914,-0.194,-0.4,-0.3,-0.2,3.90
75740,DESCENT,75.14,74.73,-6.38,-0.12,93472.9,24.51,-0.225,-0.944,-0.187,0.2,-0.2,0.1,3.90
75750,DESCENT,74.75,74.67,-6.38,-0.16,93477.4,24.51,-0.225,-0.936,-0.201,0.3,-0.4,-0.5,3.90
75760,DESCENT,74.74,74.61,-6.38,-0.20,93477.5,24.51,-0.202,-0.934,-0.218,0.7,-0.2,0.3,3.90
75770,DESCENT,74.85,74.56,-6.37,-0.25,93476.1,24.52,-0.223,-0.923,-0.217,0.2,-0.3,-0.3,3.90
75780,DESCENT,74.53,74.49,-6.37,-0.08,93479.8,24.52,-0.210,-0.948,-0.203,0.1,-0.3,-0.5,3.90
75790,DESCENT,74.33,74.43,-6.37,-0.00,93482.1,24.52,-0.245,-0.951,-0.188,0.1,-0.2,-0.1,3.90
75800,DESCENT,74.64,74.37,-6.36,-0.04,93478.5,24.52,-0.250,-0.947,-0.183,0.1,-0.8,-0.1,3.90
75810,DESCENT,74.62,74.32,-6.35,-0.16,93478.8,24.52,-0.255,-0.932,-0.181,0.0,-0.2,-0.2,3.90
75820,DESCENT,74.16,74.25,-6.36,-0.08,93483.9,24.52,-0.197,-0.947,-0.220,0.9,-0.4,-0.4,3.90
75830,DESCENT,74.57,74.20,-6.34,-0.11,93479.3,24.52,-0.227,-0.949,-0.160,0.3,0.1,-0.6,3.90
75840,DESCENT,74.14,74.13,-6.34,-0.21,93484.1,24.52,-0.214,-0.930,-0.217,0.1,-0.1,-0.1,3.90
75850,DESCENT,74.11,74.07,-6.34,-0.25,93484.5,24.52,-0.212,-0.932,-0.193,-0.1,-0.5,-0.4,3.90
75860,DESCENT,73.97,74.01,-6.35,-0.40,93486.1,24.52,-0.224,-0.915,-0.177,0.6,-0.5,0.1,3.90
75870,DESCENT,73.94,73.94,-6.35,0.05,93486.4,24.52,-0.206,-0.968,-0.174,0.5,-0.6,-0.2,3.90
75880,DESCENT,73.92,73.88,-6.35,-0.29,93486.6,24.52,-0.253,-0.915,-0.203,0.1,-0.6,-0.5,3.90
75890,DESCENT,74.26,73.83,-6.33,-0.10,93482.8,24.52,-0.216,-0.948,-0.186,-0.2,0.0,-0.6,3.90
75900,DESCENT,73.95,73.77,-6.33,-0.23,93486.3,24.52,-0.218,-0.929,-0.205,0.4,-0.6,-0.1,3.90
75910,DESCENT,73.72,73.71,-6.33,-0.07,93488.9,24.52,-0.204,-0.951,-0.199,0.2,0.4,-0.6,3.90
75920,DESCENT,73.70,73.65,-6.33,-0.61,93489.1,24.52,-0.266,-0.885,-0.155,-0.0,-0.0,0.1,3.90
75930,DESCENT,73.77,73.59,-6.33,-0.53,93488.4,24.52,-0.230,-0.897,-0.194,-0.1,-0.8,-0.1,3.90
75940,DESCENT,73.30,73.52,-6.34,-0.05,93493.6,24.52,-0.231,-0.954,-0.166,-0.1,-0.3,0.2,3.90
75950,DESCENT,73.58,73.46,-6.34,-0.22,93490.5,24.52,-0.199,-0.934,-0.207,-0.1,-0.7,0.0,3.90
75960,DESCENT,73.73,73.41,-6.33,-0.24,93488.8,24.52,-0.214,-0.936,-0.176,0.6,-0.1,-0.2,3.90
75970,DESCENT,73.25,73.34,-6.33,-0.07,93494.3,24.52,-0.236,-0.943,-0.205,-0.3,-0.3,-0.2,3.90
75980,DESCENT,73.16,73.27,-6.34,-0.16,93495.2,24.52,-0.226,-0.932,-0.219,0.2,-0.5,-0.4,3.90
75990,DESCENT,73.27,73.21,-6.34,-0.11,93494.0,24.52,-0.243,-0.947,-0.149,0.1,0.2,-0.4,3.90
76000,DESCENT,73.31,73.15,-6.33,-0.16,93493.6,24.52,-0.231,-0.943,-0.159,0.2,-0.6,-0.5,3.90
76010,DESCENT,73.15,73.09,-6.33,-0.11,93495.3,24.52,-0.227,-0.939,-0.211,0.2,-0.6,-0.0,3.90
76020,DESCENT,72.73,73.02,-6.34,-0.26,93500.0,24.53,-0.223,-0.933,-0.167,-0.4,-0.1,-0.5,3.90
76030,DESCENT,72.88,72.95,-6.35,-0.37,93498.4,24.53,-0.234,-0.920,-0.156,-0.2,0.1,0.0,3.90
76040,DESCENT,73.30,72.90,-6.33,0.15,93493.6,24.53,-0.249,-0.968,-0.180,-0.1,-0.0,-0.4,3.90
76050,DESCENT,72.52,72.83,-6.35,-0.10,93502.4,24.53,-0.239,-0.936,-0.212,0.4,-0.0,-0.3,3.90
76060,DESCENT,73.01,72.77,-6.34,-0.27,93496.9,24.53,-0.236,-0.930,-0.152,0.5,0.1,-0.2,3.90
76070,DESCENT,72.62,72.71,-6.35,-0.40,93501.2,24.53,-0.244,-0.919,-0.128,-0.3,-0.6,-0.1,3.90
76080,DESCENT,72.78,72.65,-6.34,-0.05,93499.5,24.53,-0.218,-0.948,-0.210,0.1,-0.5,0.2,3.90
76090,DESCENT,72.88,72.59,-6.33,-0.19,93498.4,24.53,-0.225,-0.929,-0.217,0.5,-0.5,-0.0,3.90
76100,DESCENT,72.53,72.53,-6.33,0.11,93502.3,24.53,-0.234,-0.974,-0.146,-0.5,-0.4,0.1,3.90
76110,DESCENT,72.49,72.47,-6.33,-0.30,93502.7,24.53,-0.204,-0.932,-0.168,0.2,-0.2,-0.3,3.90
76120,DESCENT,72.33,72.40,-6.34,-0.20,93504.5,24.53,-0.217,-0.933,-0.205,0.2,-0.3,0.0,3.90
76130,DESCENT,72.47,72.34,-6.33,-0.07,93502.9,24.53,-0.230,-0.937,-0.235,-0.1,0.0,0.4,3.90
76140,DESCENT,71.69,72.26,-6.36,-0.16,93511.8,24.53,-0.221,-0.939,-0.190,-0.2,-0.2,-0.2,3.90
76150,DESCENT,72.03,72.19,-6.37,-0.46,93507.9,24.53,-0.242,-0.903,-0.181,-0.2,-0.1,-0.6,3.90
76160,DESCENT,72.53,72.14,-6.36,-0.38,93502.3,24.53,-0.216,-0.918,-0.188,0.4,-0.1,0.1,3.90
76170,DESCENT,72.18,72.08,-6.36,-0.35,93506.3,24.53,-0.210,-0.921,-0.195,0.2,-0.1,-0.2,3.90
76180,DESCENT,72.15,72.02,-6.35,-0.19,93506.5,24.53,-0.226,-0.925,-0.234,0.2,-0.5,-0.2,3.90
76190,DESCENT,71.94,71.96,-6.36,-0.21,93508.9,24.53,-0.259,-0.928,-0.171,0.1,-0.6,-0.2,3.90
76200,DESCENT,71.87,71.89,-6.36,-0.49,93509.7,24.53,-0.198,-0.911,-0.182,0.0,-0.6,-0.3,3.90
76210,DESCENT,71.60,71.82,-6.37,-0.27,93512.8,24.53,-0.201,-0.934,-0.182,0.0,-0.7,-0.3,3.90
76220,DESCENT,71.92,71.76,-6.37,-0.26,93509.1,24.53,-0.243,-0.924,-0.189,0.5,-0.5,-0.1,3.90
76230,DESCENT,71.79,71.70,-6.37,-0.17,93510.7,24.53,-0.240,-0.930,-0.206,-0.5,-0.1,0.1,3.90
76240,DESCENT,71.56,71.64,-6.37,-0.43,93513.2,24.53,-0.206,-0.910,-0.210,-0.2,-0.4,-0.4,3.90
76250,DESCENT,71.67,71.57,-6.37,-0.33,93511.9,24.53,-0.243,-0.923,-0.153,0.3,-0.0,0.0,3.90
76260,DESCENT,71.59,71.51,-6.37,-0.21,93512.9,24.53,-0.237,-0.931,-0.189,0.1,-0.0,-1.0,3.90
76270,DESCENT,71.55,71.45,-6.37,-0.27,93513.3,24.54,-0.232,-0.930,-0.164,0.4,-0.2,-0.3,3.90
76280,DESCENT,71.44,71.39,-6.37,-0.35,93514.5,24.54,-0.216,-0.915,-0.212,0.7,0.1,-0.3,3.90
76290,DESCENT,71.52,71.33,-6.37,-0.42,93513.6,24.54,-0.212,-0.914,-0.194,-0.1,-0.2,-0.4,3.90
76300,DESCENT,71.65,71.28,-6.36,-0.17,93512.2,24.54,-0.241,-0.936,-0.181,-0.2,-0.8,0.0,3.90
76310,DESCENT,71.02,71.21,-6.37,-0.31,93519.3,24.54,-0.208,-0.925,-0.199,0.2,-0.6,0.0,3.90
76320,DESCENT,71.57,71.16,-6.35,-0.26,93513.1,24.54,-0.216,-0.928,-0.203,0.1,-0.2,-0.2,3.90
76330,DESCENT,71.03,71.09,-6.36,-0.09,93519.1,24.54,-0.196,-0.957,-0.163,0.1,0.1,-0.3,3.90
76340,DESCENT,70.69,71.02,-6.37,-0.29,93523.0,24.54,-0.221,-0.927,-0.183,0.4,-0.3,-0.2,3.90
76350,DESCENT,71.26,70.96,-6.36,-0.06,93516.6,24.54,-0.216,-0.955,-0.175,0.1,-0.2,-0.3,3.90
76360,DESCENT,70.89,70.90,-6.36,-0.04,93520.8,24.54,-0.236,-0.949,-0.186,0.1,-0.3,-0.7,3.90
76370,DESCENT,70.89,70.84,-6.36,-0.32,93520.7,24.54,-0.206,-0.926,-0.191,0.3,-0.2,-0.4,3.90
76380,DESCENT,70.71,70.77,-6.37,-0.25,93522.8,24.54,-0.207,-0.933,-0.189,0.1,0.0,0.2,3.90
76390,DESCENT,70.66,70.71,-6.37,-0.35,93523.3,24.54,-0.212,-0.920,-0.191,0.1,-0.4,-0.2,3.90
76400,DESCENT,71.10,70.66,-6.36,-0.53,93518.4,24.54,-0.205,-0.910,-0.156,0.5,-0.4,-0.1,3.90
76410,DESCENT,70.40,70.59,-6.37,-0.14,93526.2,24.54,-0.228,-0.937,-0.206,0.3,-0.2,-0.4,3.90
76420,DESCENT,70.73,70.53,-6.36,-0.16,93522.6,24.54,-0.232,-0.938,-0.184,0.4,-0.1,-0.5,3.90
76430,DESCENT,70.58,70.47,-6.36,-0.30,93524.3,24.54,-0.196,-0.937,-0.153,-0.1,-0.4,0.0,3.90
76440,DESCENT,70.62,70.41,-6.36,-0.22,93523.8,24.54,-0.238,-0.933,-0.165,-0.2,-0.3,0.1,3.90
76450,DESCENT,70.19,70.34,-6.36,-0.51,93528.6,24.54,-0.227,-0.906,-0.163,0.2,-0.8,-0.6,3.90
76460,DESCENT,70.34,70.28,-6.37,-0.31,93526.9,24.54,-0.227,-0.923,-0.187,-0.0,-0.3,0.1,3.90
76470,DESCENT,69.87,70.21,-6.38,-0.47,93532.2,24.54,-0.247,-0.901,-0.179,-0.0,0.0,-0.2,3.90
76480,DESCENT,70.41,70.15,-6.38,-0.21,93526.2,24.54,-0.242,-0.930,-0.191,0.1,-0.0,-0.4,3.90
76490,DESCENT,70.22,70.09,-6.37,-0.04,93528.3,24.54,-0.228,-0.951,-0.190,0.1,-0.4,-0.2,3.90
76500,DESCENT,70.15,70.03,-6.37,-0.26,93529.0,24.54,-0.214,-0.932,-0.181,-0.1,-0.2,-0.4,3.90
76510,DESCENT,70.07,69.97,-6.37,-0.30,93530.0,24.54,-0.227,-0.917,-0.218,-0.2,-0.2,0.0,3.90
76520,DESCENT,69.89,69.91,-6.37,-0.46,93532.0,24.55,-0.236,-0.904,-0.190,-0.3,0.3,-0.2,3.90
76530,DESCENT,70.17,69.85,-6.36,0.09,93528.8,24.55,-0.218,-0.966,-0.197,0.0,-0.1,-0.4,3.90
76540,DESCENT,69.98,69.79,-6.35,-0.37,93531.0,24.55,-0.229,-0.913,-0.198,0.1,-0.4,-0.4,3.90
76550,DESCENT,69.71,69.73,-6.36,-0.38,93534.1,24.55,-0.243,-0.906,-0.209,0.1,-0.2,-0.2,3.90
76560,DESCENT,69.87,69.67,-6.35,-0.01,93532.2,24.55,-0.218,-0.957,-0.185,0.2,-0.7,-0.6,3.90
76570,DESCENT,70.22,69.63,-6.33,-0.36,93528.3,24.55,-0.223,-0.911,-0.215,-0.1,0.0,-0.2,3.90
76580,DESCENT,69.32,69.56,-6.34,-0.56,93538.4,24.55,-0.182,-0.903,-0.200,0.2,-0.0,-0.3,3.90
76590,DESCENT,69.48,69.49,-6.35,-0.26,93536.6,24.55,-0.232,-0.929,-0.172,0.0,-0.4,0.3,3.90
76600,DESCENT,69.56,69.43,-6.35,-0.18,93535.8,24.55,-0.221,-0.939,-0.179,0.7,-0.1,-0.3,3.90
76610,DESCENT,69.27,69.37,-6.35,0.03,93539.0,24.55,-0.212,-0.955,-0.223,-0.1,-0.2,-0.4,3.90
76620,DESCENT,68.94,69.29,-6.37,-0.49,93542.7,24.55,-0.235,-0.903,-0.174,0.4,-0.4,-0.4,3.90
76630,DESCENT,69.06,69.22,-6.38,-0.26,93541.3,24.55,-0.237,-0.928,-0.179,0.2,-0.5,-0.5,3.90
76640,DESCENT,69.10,69.16,-6.38,-0.31,93540.9,24.55,-0.197,-0.935,-0.157,-0.2,-0.0,0.1,3.90
76650,DESCENT,69.09,69.09,-6.39,-0.35,93541.1,24.55,-0.236,-0.915,-0.195,0.3,-0.2,-0.5,3.90
76660,DESCENT,69.23,69.04,-6.38,-0.40,93539.4,24.55,-0.229,-0.906,-0.213,0.3,-0.7,-0.1,3.90
76670,DESCENT,68.98,68.97,-6.38,-0.09,93542.3,24.55,-0.217,-0.948,-0.190,-0.2,-0.5,0.0,3.90
76680,DESCENT,68.88,68.91,-6.39,-0.00,93543.4,24.55,-0.224,-0.948,-0.227,0.0,0.0,-0.2,3.90
76690,DESCENT,68.90,68.85,-6.38,-0.14,93543.1,24.55,-0.228,-0.942,-0.177,0.4,-0.0,-0.4,3.90
76700,DESCENT,68.41,68.77,-6.40,-0.02,93548.7,24.55,-0.210,-0.956,-0.191,0.1,-0.2,0.0,3.90
76710,DESCENT,69.10,68.72,-6.39,-0.33,93540.9,24.55,-0.206,-0.926,-0.183,0.9,-0.4,-0.4,3.90
76720,DESCENT,68.70,68.66,-6.39,-0.16,93545.5,24.55,-0.186,-0.948,-0.186,-0.6,-0.3,-0.5,3.90
76730,DESCENT,68.46,68.59,-6.39,-0.30,93548.1,24.55,-0.211,-0.927,-0.189,0.4,-0.3,-0.0,3.90
76740,DESCENT,68.57,68.53,-6.39,-0.05,93546.9,24.55,-0.242,-0.944,-0.201,0.2,-0.1,-0.1,3.90
76750,DESCENT,68.48,68.46,-6.40,-0.20,93547.9,24.55,-0.207,-0.936,-0.201,0.0,-1.1,-0.8,3.90
76760,DESCENT,67.97,68.39,-6.41,0.00,93553.7,24.55,-0.238,-0.944,-0.231,0.2,0.1,-0.2,3.90
76770,DESCENT,68.41,68.32,-6.41,0.05,93548.7,24.56,-0.252,-0.952,-0.199,0.3,0.0,0.1,3.90
76780,DESCENT,68.53,68.27,-6.40,-0.51,93547.3,24.56,-0.214,-0.905,-0.183,-0.5,-0.6,-0.3,3.90
76790,DESCENT,68.38,68.21,-6.40,-0.40,93549.0,24.56,-0.262,-0.904,-0.184,-0.2,-0.6,-0.5,3.90
76800,DESCENT,68.53,68.16,-6.39,-0.26,93547.3,24.56,-0.174,-0.933,-0.213,0.4,-0.3,-0.1,3.90
76810,DESCENT,68.62,68.11,-6.37,0.10,93546.3,24.56,-0.240,-0.964,-0.184,0.2,-0.0,-0.3,3.90
76820,DESCENT,68.15,68.05,-6.36,-0.03,93551.6,24.56,-0.240,-0.942,-0.219,0.1,-0.3,-0.1,3.90
76830,DESCENT,68.02,67.98,-6.36,-0.43,93553.1,24.56,-0.193,-0.918,-0.184,0.0,0.6,-0.3,3.90
76840,DESCENT,67.83,67.92,-6.37,-0.48,93555.2,24.56,-0.241,-0.895,-0.212,0.2,-1.2,-0.7,3.90
76850,DESCENT,68.05,67.86,-6.37,-0.03,93552.8,24.56,-0.218,-0.960,-0.156,0.2,-0.0,0.2,3.90
76860,DESCENT,67.90,67.80,-6.36,-0.24,93554.5,24.56,-0.180,-0.942,-0.175,0.2,-0.4,-0.4,3.90
76870,DESCENT,67.85,67.74,-6.36,-0.27,93554.9,24.56,-0.231,-0.927,-0.179,0.3,-0.7,-0.7,3.90
76880,DESCENT,67.85,67.68,-6.36,-0.09,93555.0,24.56,-0.259,-0.937,-0.189,0.2,-0.4,-0.3,3.90
76890,DESCENT,67.77,67.62,-6.35,0.08,93555.9,24.56,-0.206,-0.969,-0.186,0.3,0.5,-0.1,3.90
76900,DESCENT,67.64,67.56,-6.35,-0.30,93557.4,24.56,-0.206,-0.928,-0.192,-0.2,-0.4,-0.1,3.90
76910,DESCENT,67.00,67.48,-6.37,-0.02,93564.6,24.56,-0.242,-0.945,-0.211,0.2,-0.7,-0.6,3.90
76920,DESCENT,67.48,67.42,-6.37,-0.28,93559.1,24.56,-0.213,-0.924,-0.209,-0.8,-0.3,-0.2,3.90
76930,DESCENT,67.42,67.36,-6.37,-0.54,93559.8,24.56,-0.212,-0.905,-0.173,0.3,-0.4,-0.6,3.90
76940,DESCENT,67.29,67.29,-6.37,-0.18,93561.3,24.56,-0.210,-0.941,-0.186,0.3,-0.3,-0.5,3.90
76950,DESCENT,67.54,67.24,-6.36,-0.44,93558.5,24.56,-0.205,-0.913,-0.187,-0.1,0.1,0.1,3.90
76960,DESCENT,67.49,67.18,-6.36,-0.50,93559.0,24.56,-0.238,-0.901,-0.181,0.2,-0.1,-0.7,3.90
76970,DESCENT,67.27,67.12,-6.35,-0.61,93561.5,24.56,-0.187,-0.897,-0.197,-0.5,-0.2,0.2,3.90
76980,DESCENT,67.29,67.07,-6.35,0.12,93561.3,24.56,-0.217,-0.971,-0.185,-0.1,-0.3,-0.2,3.90
76990,DESCENT,66.87,67.00,-6.35,-0.21,93566.0,24.56,-0.206,-0.933,-0.209,-0.3,-0.4,0.3,3.90
77000,DESCENT,66.91,66.94,-6.36,-0.23,93565.6,24.56,-0.235,-0.928,-0.191,-0.1,0.0,-0.4,3.90
77010,DESCENT,67.18,66.88,-6.35,-0.49,93562.5,24.57,-0.162,-0.918,-0.185,0.3,-0.5,-0.1,3.90
77020,DESCENT,66.88,66.82,-6.35,-0.20,93565.9,24.57,-0.215,-0.946,-0.136,0.2,-0.2,-0.6,3.90
77030,DESCENT,66.84,66.76,-6.35,-0.14,93566.4,24.57,-0.210,-0.936,-0.228,0.2,-0.6,0.5,3.90
77040,DESCENT,66.97,66.70,-6.34,-0.13,93564.9,24.57,-0.208,-0.950,-0.168,0.2,0.1,-0.4,3.90
77050,DESCENT,66.43,66.63,-6.35,0.09,93571.0,24.57,-0.234,-0.956,-0.226,0.5,0.1,-0.2,3.90
77060,DESCENT,66.60,66.57,-6.35,-0.54,93569.0,24.57,-0.214,-0.897,-0.200,-0.3,-0.5,-0.4,3.90
77070,DESCENT,66.49,66.51,-6.35,0.03,93570.3,24.57,-0.229,-0.956,-0.204,-0.0,-0.3,-0.1,3.90
77080,DESCENT,66.81,66.45,-6.34,-0.00,93566.8,24.57,-0.236,-0.951,-0.202,0.1,-0.5,-0.2,3.90
77090,DESCENT,66.36,66.39,-6.34,-0.04,93571.8,24.57,-0.254,-0.949,-0.169,-0.3,-0.2,-0.3,3.90
77100,DESCENT,66.16,66.32,-6.34,-0.07,93574.1,24.57,-0.252,-0.947,-0.159,0.3,0.1,-0.3,3.90
77110,DESCENT,66.68,66.27,-6.33,-0.44,93568.2,24.57,-0.210,-0.903,-0.229,-0.2,0.2,-0.2,3.90
77120,DESCENT,66.25,66.21,-6.33,-0.18,93573.0,24.57,-0.230,-0.938,-0.178,0.1,-0.6,-0.6,3.90
77130,DESCENT,66.10,66.14,-6.33,-0.07,93574.7,24.57,-0.233,-0.942,-0.211,-0.0,-0.2,-0.1,3.90
77140,DESCENT,66.06,66.08,-6.34,-0.02,93575.2,24.57,-0.267,-0.949,-0.157,-0.1,-0.4,-0.5,3.90
77150,DESCENT,66.10,66.02,-6.33,-0.28,93574.7,24.57,-0.210,-0.930,-0.186,-0.4,-0.1,-0.1,3.90
77160,DESCENT,65.50,65.94,-6.36,-0.32,93581.5,24.57,-0.259,-0.912,-0.190,0.1,-0.1,-0.2,3.90
77170,DESCENT,66.09,65.88,-6.35,-0.01,93574.7,24.57,-0.230,-0.952,-0.199,0.5,-0.4,-0.2,3.90
77180,DESCENT,65.90,65.82,-6.35,-0.15,93576.9,24.57,-0.239,-0.934,-0.198,0.2,-0.4,-0.4,3.90
77190,DESCENT,66.00,65.77,-6.34,-0.09,93575.8,24.57,-0.197,-0.947,-0.213,0.1,-0.5,-0.0,3.90
77200,DESCENT,65.87,65.71,-6.33,-0.28,93577.3,24.57,-0.236,-0.922,-0.194,-0.0,-0.5,-0.3,3.90
77210,DESCENT,66.09,65.66,-6.32,0.10,93574.8,24.57,-0.251,-0.962,-0.183,0.0,-0.4,-0.2,3.90
77220,DESCENT,65.27,65.58,-6.33,-0.24,93584.1,24.57,-0.228,-0.931,-0.177,-0.6,-0.0,-0.6,3.90
77230,DESCENT,66.03,65.54,-6.31,-0.13,93575.5,24.57,-0.238,-0.933,-0.212,-0.0,-0.2,-0.4,3.90
77240,DESCENT,65.41,65.47,-6.32,-0.34,93582.5,24.57,-0.218,-0.924,-0.175,0.1,-0.2,-0.6,3.90
77250,DESCENT,65.37,65.41,-6.32,-0.37,93583.0,24.57,-0.211,-0.921,-0.184,-0.5,-0.6,-0.4,3.90
77260,DESCENT,65.67,65.35,-6.31,-0.39,93579.5,24.58,-0.216,-0.916,-0.191,-0.1,-0.5,-0.4,3.90
77270,DESCENT,65.55,65.30,-6.30,-0.09,93580.9,24.58,-0.212,-0.955,-0.158,0.2,-0.1,-0.7,3.90
77280,DESCENT,65.24,65.23,-6.31,-0.43,93584.4,24.58,-0.229,-0.904,-0.210,0.1,0.0,-0.4,3.90
77290,DESCENT,65.42,65.18,-6.30,-0.34,93582.3,24.58,-0.219,-0.922,-0.186,-0.3,-0.2,-0.5,3.90
77300,DESCENT,65.14,65.12,-6.30,-0.58,93585.5,24.58,-0.209,-0.899,-0.183,0.8,0.2,-0.1,3.90
77310,DESCENT,64.74,65.04,-6.32,-0.33,93590.0,24.58,-0.228,-0.923,-0.172,-0.1,-0.5,-0.6,3.90
77320,DESCENT,64.86,64.98,-6.33,-0.24,93588.6,24.58,-0.208,-0.939,-0.167,0.0,-0.4,0.3,3.90
77330,DESCENT,64.79,64.91,-6.33,-0.01,93589.5,24.58,-0.239,-0.946,-0.213,0.2,-0.6,-0.2,3.90
77340,DESCENT,65.22,64.86,-6.32,-0.49,93584.6,24.58,-0.217,-0.906,-0.187,0.5,-0.6,-0.3,3.90
77350,DESCENT,64.93,64.80,-6.32,-0.27,93587.9,24.58,-0.190,-0.931,-0.208,0.7,-0.3,0.1,3.90
77360,DESCENT,64.82,64.74,-6.32,-0.12,93589.2,24.58,-0.226,-0.942,-0.196,-0.5,0.2,-0.6,3.90
77370,DESCENT,64.28,64.66,-6.33,-0.08,93595.2,24.58,-0.225,-0.947,-0.190,0.4,-0.7,-0.4,3.90
77380,DESCENT,64.96,64.61,-6.32,-0.21,93587.5,24.58,-0.226,-0.939,-0.158,0.4,0.1,-0.5,3.90
77390,DESCENT,64.64,64.55,-6.32,-0.01,93591.1,24.58,-0.275,-0.936,-0.215,0.2,0.1,0.3,3.90
77400,DESCENT,64.58,64.49,-6.32,-0.15,93591.8,24.58,-0.223,-0.936,-0.211,0.3,0.0,-0.3,3.90
77410,DESCENT,64.47,64.43,-6.32,-0.16,93593.0,24.58,-0.187,-0.947,-0.185,-0.5,0.1,0.0,3.90
77420,DESCENT,64.43,64.37,-6.32,-0.25,93593.5,24.58,-0.226,-0.934,-0.158,0.1,-0.2,0.1,3.90
77430,DESCENT,64.62,64.31,-6.31,-0.39,93591.4,24.58,-0.211,-0.921,-0.169,-0.2,-0.4,-0.1,3.90
77440,DESCENT,64.09,64.24,-6.31,0.12,93597.3,24.58,-0.227,-0.970,-0.182,0.2,-0.4,-0.6,3.90
77450,DESCENT,64.56,64.19,-6.30,-0.06,93592.0,24.58,-0.206,-0.951,-0.200,0.1,-0.4,-0.6,3.90
77460,DESCENT,64.08,64.13,-6.30,-0.35,93597.5,24.58,-0.214,-0.923,-0.179,0.0,0.0,-0.2,3.90
77470,DESCENT,64.06,64.06,-6.30,-0.20,93597.7,24.58,-0.251,-0.930,-0.183,-0.0,-0.1,-0.2,3.90
77480,DESCENT,64.02,64.00,-6.30,0.20,93598.1,24.58,-0.236,-0.970,-0.212,0.1,0.1,0.1,3.90
77490,DESCENT,63.71,63.93,-6.31,-0.21,93601.6,24.58,-0.217,-0.934,-0.198,0.2,0.2,0.2,3.90
77500,DESCENT,63.75,63.87,-6.32,0.05,93601.2,24.58,-0.205,-0.968,-0.178,0.1,-0.6,-0.3,3.90
77510,DESCENT,63.66,63.80,-6.32,-0.01,93602.2,24.59,-0.206,-0.964,-0.162,0.2,-0.6,0.3,3.90
77520,DESCENT,63.88,63.74,-6.32,0.13,93599.7,24.59,-0.211,-0.964,-0.229,-0.0,-0.4,-0.1,3.90
77530,DESCENT,63.73,63.68,-6.32,-0.26,93601.4,24.59,-0.223,-0.918,-0.235,0.5,0.1,-0.1,3.90
77540,DESCENT,63.74,63.62,-6.31,-0.06,93601.3,24.59,-0.236,-0.947,-0.188,0.4,-0.1,-0.1,3.90
77550,DESCENT,63.78,63.56,-6.30,-0.04,93600.8,24.59,-0.242,-0.949,-0.183,0.1,-0.3,0.2,3.90
77560,DESCENT,63.54,63.50,-6.30,0.06,93603.6,24.59,-0.217,-0.959,-0.217,-0.1,-0.4,-0.1,3.90
77570,DESCENT,63.65,63.44,-6.30,-0.31,93602.4,24.59,-0.234,-0.925,-0.166,-0.1,0.0,0.3,3.90
77580,DESCENT,63.81,63.39,-6.28,0.16,93600.5,24.59,-0.215,-0.969,-0.222,0.1,-0.2,-0.6,3.90
77590,DESCENT,63.42,63.33,-6.28,-0.21,93604.9,24.59,-0.205,-0.937,-0.190,-0.4,0.3,-0.3,3.90
77600,DESCENT,63.13,63.26,-6.28,-0.32,93608.2,24.59,-0.234,-0.914,-0.212,-0.3,-0.6,0.1,3.90
77610,DESCENT,62.74,63.19,-6.30,-0.17,93612.5,24.59,-0.220,-0.937,-0.203,0.4,-0.3,-0.7,3.90
77620,DESCENT,63.00,63.12,-6.31,0.09,93609.6,24.59,-0.225,-0.966,-0.190,-0.3,-0.4,0.0,3.90
77630,DESCENT,63.37,63.07,-6.30,-0.41,93605.4,24.59,-0.222,-0.906,-0.215,-0.1,0.1,-0.3,3.90
77640,DESCENT,63.27,63.01,-6.29,0.04,93606.6,24.59,-0.185,-0.968,-0.197,-0.2,-0.2,-0.1,3.90
77650,DESCENT,62.80,62.94,-6.30,-0.09,93611.9,24.59,-0.228,-0.950,-0.163,-0.1,0.2,-0.2,3.90
77660,DESCENT,62.83,62.88,-6.30,-0.45,93611.5,24.59,-0.239,-0.898,-0.213,-0.1,-0.7,-0.3,3.90
77670,DESCENT,63.12,62.83,-6.29,-0.13,93608.3,24.59,-0.208,-0.941,-0.214,-0.0,-0.6,-0.6,3.90
77680,DESCENT,62.86,62.77,-6.29,-0.14,93611.2,24.59,-0.250,-0.930,-0.207,0.1,0.5,0.3,3.90
77690,DESCENT,62.56,62.70,-6.30,-0.20,93614.5,24.59,-0.204,-0.941,-0.177,-0.3,-0.8,-0.4,3.90
77700,DESCENT,62.73,62.64,-6.30,-0.45,93612.7,24.59,-0.172,-0.919,-0.186,0.3,-0.1,0.2,3.90
77710,DESCENT,62.00,62.56,-6.32,-0.51,93620.9,24.59,-0.196,-0.906,-0.196,0.5,-0.6,0.3,3.90
77720,DESCENT,62.42,62.49,-6.33,-0.27,93616.1,24.59,-0.255,-0.918,-0.195,0.0,0.2,-0.4,3.90
77730,DESCENT,62.58,62.43,-6.33,-0.09,93614.4,24.59,-0.235,-0.947,-0.172,0.2,-0.6,-0.3,3.90
77740,DESCENT,62.23,62.37,-6.33,0.06,93618.3,24.59,-0.212,-0.963,-0.198,-0.1,-0.6,-0.9,3.90
77750,DESCENT,62.18,62.30,-6.34,0.09,93618.8,24.59,-0.229,-0.966,-0.181,0.2,-0.6,-0.4,3.90
77760,DESCENT,61.88,62.23,-6.35,-0.00,93622.3,24.60,-0.238,-0.955,-0.178,0.1,-0.1,-0.4,3.90
77770,DESCENT,62.26,62.17,-6.35,-0.09,93618.0,24.60,-0.212,-0.949,-0.190,-0.2,-0.6,-0.7,3.90
77780,DESCENT,61.94,62.10,-6.35,0.07,93621.5,24.60,-0.274,-0.948,-0.204,0.6,-0.1,0.0,3.90
77790,DESCENT,62.00,62.03,-6.36,-0.23,93620.9,24.60,-0.228,-0.929,-0.194,-0.5,-0.3,-0.8,3.90
77800,DESCENT,61.77,61.96,-6.37,-0.21,93623.4,24.60,-0.229,-0.931,-0.195,0.0,-0.1,-0.1,3.90
77810,DESCENT,61.90,61.90,-6.37,-0.19,93622.0,24.60,-0.225,-0.934,-0.195,0.1,-0.2,0.1,3.90
77820,DESCENT,62.21,61.85,-6.36,-0.49,93618.5,24.60,-0.222,-0.902,-0.197,-0.1,-0.6,-0.4,3.90
77830,DESCENT,61.81,61.78,-6.36,-0.22,93623.1,24.60,-0.238,-0.936,-0.154,-0.1,-0.4,-0.1,3.90
77840,DESCENT,61.69,61.72,-6.37,-0.60,93624.4,24.60,-0.251,-0.886,-0.182,-0.4,0.1,-0.2,3.90
77850,DESCENT,61.76,61.66,-6.37,-0.27,93623.6,24.60,-0.220,-0.929,-0.188,0.3,-0.1,0.1,3.90
77860,DESCENT,61.69,61.60,-6.36,0.11,93624.3,24.60,-0.215,-0.969,-0.193,-0.3,-0.5,-0.1,3.90
77870,DESCENT,61.60,61.54,-6.36,0.12,93625.4,24.60,-0.235,-0.962,-0.210,-0.3,-0.3,-0.2,3.90
77880,DESCENT,61.51,61.47,-6.36,0.09,93626.4,24.60,-0.209,-0.966,-0.205,0.3,0.1,0.2,3.90
77890,DESCENT,61.39,61.41,-6.36,-0.27,93627.8,24.60,-0.210,-0.933,-0.175,0.0,-0.1,-0.9,3.90
77900,DESCENT,61.55,61.35,-6.35,-0.09,93625.9,24.60,-0.221,-0.947,-0.189,0.2,-0.3,-0.5,3.90
77910,DESCENT,61.52,61.30,-6.34,-0.29,93626.2,24.60,-0.197,-0.936,-0.167,-0.2,-0.6,-0.2,3.90
77920,DESCENT,61.43,61.24,-6.34,-0.45,93627.3,24.60,-0.225,-0.914,-0.155,-0.1,-0.6,0.3,3.90
77930,DESCENT,61.38,61.18,-6.34,-0.34,93627.8,24.60,-0.221,-0.922,-0.181,-0.5,-0.8,-0.4,3.90
77940,DESCENT,61.73,61.13,-6.31,-0.09,93624.0,24.60,-0.222,-0.946,-0.194,-0.1,0.0,0.2,3.90
77950,DESCENT,61.07,61.07,-6.31,-0.13,93631.4,24.60,-0.202,-0.950,-0.176,0.0,-0.2,-0.4,3.90
77960,DESCENT,60.78,61.00,-6.32,-0.12,93634.6,24.60,-0.197,-0.956,-0.151,0.8,-0.2,-0.3,3.90
77970,DESCENT,60.78,60.93,-6.33,-0.15,93634.6,24.60,-0.254,-0.927,-0.215,0.2,-0.6,-0.1,3.90
77980,DESCENT,61.19,60.88,-6.32,-0.06,93630.0,24.60,-0.227,-0.947,-0.199,-0.1,-0.3,-0.4,3.90
77990,DESCENT,60.64,60.81,-6.33,-0.04,93636.2,24.60,-0.237,-0.949,-0.182,-0.1,-0.1,-0.3,3.90
78000,DESCENT,61.02,60.76,-6.32,0.09,93631.9,24.60,-0.245,-0.962,-0.182,0.0,-0.2,-0.0,3.90
78010,DESCENT,60.69,60.69,-6.32,-0.42,93635.7,24.61,-0.227,-0.912,-0.179,0.1,-0.9,-0.2,3.90
78020,DESCENT,60.17,60.62,-6.34,-0.20,93641.5,24.61,-0.239,-0.932,-0.183,-0.2,-0.4,-0.2,3.90
78030,DESCENT,60.78,60.56,-6.33,-0.34,93634.6,24.61,-0.212,-0.929,-0.154,0.2,0.2,-0.2,3.90
78040,DESCENT,60.38,60.49,-6.34,-0.43,93639.1,24.61,-0.199,-0.911,-0.212,-0.2,0.0,-0.0,3.90
78050,DESCENT,60.68,60.44,-6.34,-0.47,93635.7,24.61,-0.215,-0.911,-0.171,-0.3,-0.1,-0.3,3.90
78060,DESCENT,59.95,60.36,-6.36,0.04,93644.0,24.61,-0.244,-0.952,-0.211,-0.0,-0.5,-0.4,3.90
78070,DESCENT,60.47,60.30,-6.35,-0.07,93638.1,24.61,-0.260,-0.933,-0.215,-0.1,-0.5,0.1,3.90
78080,DESCENT,60.04,60.23,-6.36,-0.04,93643.0,24.61,-0.229,-0.954,-0.168,0.1,0.3,-0.0,3.90
78090,DESCENT,60.23,60.17,-6.36,-0.40,93640.9,24.61,-0.232,-0.915,-0.173,-0.0,-0.1,0.0,3.90
78100,DESCENT,59.95,60.10,-6.37,-0.01,93644.0,24.61,-0.256,-0.944,-0.207,-0.4,-0.2,-0.1,3.90
78110,DESCENT,60.01,60.04,-6.37,-0.18,93643.3,24.61,-0.245,-0.934,-0.177,-0.1,-0.3,-0.2,3.90
78120,DESCENT,59.76,59.97,-6.38,-0.41,93646.1,24.61,-0.241,-0.914,-0.160,-0.1,-0.2,-0.3,3.90
78130,DESCENT,59.87,59.90,-6.39,-0.62,93644.9,24.61,-0.197,-0.903,-0.149,0.3,-0.1,-0.4,3.90
78140,DESCENT,60.13,59.85,-6.38,-0.26,93642.0,24.61,-0.225,-0.919,-0.232,0.5,0.2,-0.2,3.90
78150,DESCENT,59.58,59.78,-6.39,-0.01,93648.2,24.61,-0.217,-0.953,-0.207,-0.5,-0.3,-0.6,3.90
78160,DESCENT,60.10,59.73,-6.37,0.09,93642.3,24.61,-0.227,-0.963,-0.197,0.5,-0.3,-0.1,3.90
78170,DESCENT,59.27,59.65,-6.39,-0.15,93651.6,24.61,-0.217,-0.930,-0.235,-0.2,0.1,-0.1,3.90
78180,DESCENT,59.72,59.59,-6.38,-0.08,93646.5,24.61,-0.203,-0.952,-0.192,-0.3,-0.4,0.0,3.90
78190,DESCENT,59.27,59.52,-6.40,-0.66,93651.7,24.61,-0.232,-0.881,-0.199,0.3,-1.0,-0.5,3.90
78200,DESCENT,59.64,59.46,-6.40,-0.44,93647.5,24.61,-0.247,-0.906,-0.176,0.4,0.0,-0.4,3.90
78210,DESCENT,59.15,59.39,-6.41,-0.22,93653.0,24.61,-0.217,-0.932,-0.201,0.2,-0.1,-0.2,3.90
78220,DESCENT,59.25,59.32,-6.41,-0.19,93651.9,24.61,-0.224,-0.933,-0.206,0.3,-0.5,-0.2,3.90
78230,DESCENT,59.44,59.26,-6.41,-0.23,93649.8,24.61,-0.243,-0.936,-0.139,-0.0,-0.6,0.1,3.90
78240,DESCENT,59.56,59.21,-6.40,0.20,93648.4,24.61,-0.213,-0.968,-0.241,0.0,-0.4,0.5,3.90
78250,DESCENT,59.40,59.15,-6.39,-0.49,93650.2,24.61,-0.209,-0.900,-0.218,-0.3,0.1,-0.4,3.90
78260,DESCENT,59.01,59.09,-6.39,-0.42,93654.6,24.62,-0.233,-0.908,-0.197,0.4,-0.1,-0.6,3.90
78270,DESCENT,59.19,59.03,-6.39,-0.35,93652.6,24.62,-0.203,-0.919,-0.212,0.3,0.1,-0.0,3.90
78280,DESCENT,59.41,58.98,-6.38,-0.44,93650.1,24.62,-0.248,-0.902,-0.196,-0.1,-0.6,0.0,3.90
78290,DESCENT,58.85,58.91,-6.38,-0.33,93656.4,24.62,-0.236,-0.923,-0.162,0.3,0.0,-0.1,3.90
78300,DESCENT,58.72,58.84,-6.39,-0.14,93657.8,24.62,-0.262,-0.937,-0.161,0.3,-0.4,0.1,3.90
78310,DESCENT,58.91,58.78,-6.39,-0.25,93655.8,24.62,-0.230,-0.931,-0.174,0.7,-0.4,0.2,3.90
78320,DESCENT,58.73,58.72,-6.39,-0.34,93657.7,24.62,-0.197,-0.918,-0.222,0.5,0.1,-0.3,3.90
78330,DESCENT,58.96,58.66,-6.38,-0.10,93655.1,24.62,-0.228,-0.945,-0.187,0.3,-0.3,-0.3,3.90
78340,DESCENT,58.72,58.60,-6.38,-0.26,93657.9,24.62,-0.191,-0.937,-0.183,0.2,-0.3,-0.3,3.90
78350,DESCENT,58.59,58.54,-6.38,-0.11,93659.3,24.62,-0.228,-0.944,-0.183,0.1,-0.2,-0.5,3.90
78360,DESCENT,58.28,58.47,-6.39,-0.07,93662.9,24.62,-0.214,-0.947,-0.204,-0.0,-0.6,0.0,3.90
78370,DESCENT,58.73,58.42,-6.37,0.00,93657.8,24.62,-0.263,-0.942,-0.208,0.2,-0.4,0.0,3.90
78380,DESCENT,58.63,58.36,-6.36,-0.26,93658.9,24.62,-0.247,-0.928,-0.162,0.0,-0.2,0.1,3.90
78390,DESCENT,58.31,58.30,-6.37,-0.25,93662.5,24.62,-0.202,-0.930,-0.209,0.1,-0.4,0.3,3.90
78400,DESCENT,58.32,58.24,-6.37,-0.09,93662.3,24.62,-0.248,-0.943,-0.176,-0.3,-0.4,-0.0,3.90
78410,DESCENT,58.09,58.17,-6.37,0.06,93665.0,24.62,-0.241,-0.952,-0.219,0.2,-0.0,-0.8,3.90
78420,DESCENT,58.17,58.11,-6.37,-0.47,93664.0,24.62,-0.219,-0.908,-0.183,0.1,-0.2,-0.6,3.90
78430,DESCENT,58.10,58.05,-6.37,-0.56,93664.8,24.62,-0.211,-0.901,-0.180,-0.2,-0.8,-0.1,3.90
78440,DESCENT,58.37,57.99,-6.36,0.06,93661.8,24.62,-0.232,-0.959,-0.203,0.9,0.0,-0.2,3.90
78450,DESCENT,58.31,57.94,-6.34,-0.32,93662.5,24.62,-0.229,-0.916,-0.210,-0.1,-0.6,-0.4,3.90
78460,DESCENT,57.97,57.88,-6.34,-0.36,93666.3,24.62,-0.215,-0.920,-0.189,0.3,-0.6,-0.7,3.90
78470,DESCENT,58.17,57.83,-6.33,-0.07,93664.0,24.62,-0.278,-0.933,-0.197,-0.4,-0.2,-0.5,3.90
78480,DESCENT,57.91,57.77,-6.33,-0.22,93667.0,24.62,-0.211,-0.935,-0.194,-0.1,0.3,-0.1,3.90
78490,DESCENT,57.71,57.70,-6.33,0.11,93669.3,24.62,-0.199,-0.975,-0.182,0.5,-0.5,-0.3,3.90
78500,DESCENT,57.64,57.64,-6.33,-0.36,93670.0,24.63,-0.225,-0.921,-0.170,-0.1,-0.8,-0.6,3.90
78510,DESCENT,57.46,57.57,-6.34,-0.60,93672.1,24.63,-0.249,-0.888,-0.175,0.1,0.2,-0.2,3.90
78520,DESCENT,57.69,57.52,-6.33,-0.04,93669.5,24.63,-0.249,-0.945,-0.198,0.1,-0.4,-0.2,3.90
78530,DESCENT,57.78,57.46,-6.32,-0.11,93668.4,24.63,-0.245,-0.943,-0.169,0.2,0.0,-0.1,3.90
78540,DESCENT,57.19,57.39,-6.33,-0.25,93675.1,24.63,-0.225,-0.925,-0.207,0.5,0.1,-0.5,3.90
78550,DESCENT,57.10,57.32,-6.35,-0.51,93676.2,24.63,-0.232,-0.904,-0.166,0.2,-0.6,0.3,3.90
78560,DESCENT,57.43,57.26,-6.34,-0.45,93672.4,24.63,-0.241,-0.905,-0.181,0.3,-0.3,-0.5,3.90
78570,DESCENT,57.35,57.20,-6.34,-0.11,93673.2,24.63,-0.209,-0.943,-0.217,0.2,0.1,-0.1,3.90
78580,DESCENT,57.13,57.14,-6.34,-0.22,93675.8,24.63,-0.207,-0.938,-0.179,0.2,0.1,-0.1,3.90
78590,DESCENT,57.39,57.09,-6.33,-0.55,93672.8,24.63,-0.206,-0.906,-0.168,-0.1,-0.1,-0.4,3.90
78600,DESCENT,56.99,57.02,-6.34,-0.22,93677.3,24.63,-0.252,-0.929,-0.172,-0.1,-0.2,-0.2,3.90
78610,DESCENT,56.97,56.96,-6.34,-0.09,93677.6,24.63,-0.211,-0.953,-0.169,0.7,0.2,-0.6,3.90
78620,DESCENT,57.02,56.90,-6.34,-0.42,93677.0,24.63,-0.197,-0.918,-0.186,0.4,-0.2,-0.1,3.90
78630,DESCENT,57.08,56.84,-6.33,-0.31,93676.3,24.63,-0.200,-0.929,-0.183,-0.2,-0.4,-0.6,3.90
78640,DESCENT,57.15,56.79,-6.32,-0.07,93675.6,24.63,-0.238,-0.942,-0.202,0.3,-0.4,0.3,3.90
78650,DESCENT,56.89,56.73,-6.31,-0.32,93678.5,24.63,-0.228,-0.929,-0.142,-0.1,0.1,-0.3,3.90
78660,DESCENT,56.91,56.67,-6.31,-0.00,93678.3,24.63,-0.191,-0.951,-0.243,0.1,0.1,-0.5,3.90
78670,DESCENT,56.61,56.61,-6.31,-0.24,93681.7,24.63,-0.218,-0.935,-0.176,-0.2,-0.4,-0.4,3.90
78680,DESCENT,56.25,56.54,-6.32,-0.42,93685.7,24.63,-0.192,-0.916,-0.198,0.1,-0.2,-0.4,3.90
78690,DESCENT,56.29,56.47,-6.33,-0.13,93685.2,24.63,-0.221,-0.943,-0.191,0.1,-0.9,0.0,3.90
78700,DESCENT,56.68,56.42,-6.32,-0.33,93680.9,24.63,-0.242,-0.914,-0.197,-0.1,-0.2,0.3,3.90
78710,DESCENT,56.57,56.36,-6.32,-0.15,93682.1,24.63,-0.228,-0.934,-0.213,-0.1,-0.1,-0.1,3.90
78720,DESCENT,56.27,56.29,-6.32,-0.15,93685.5,24.63,-0.224,-0.946,-0.152,0.6,-0.2,-0.2,3.90
78730,DESCENT,56.45,56.24,-6.31,0.06,93683.4,24.63,-0.233,-0.959,-0.197,0.1,0.0,-0.5,3.90
78740,DESCENT,56.47,56.18,-6.30,-0.36,93683.2,24.63,-0.241,-0.916,-0.171,-0.6,-0.1,-0.3,3.90
78750,DESCENT,56.33,56.13,-6.30,-0.31,93684.8,24.64,-0.244,-0.914,-0.205,0.2,-0.2,-0.2,3.90
78760,DESCENT,56.35,56.07,-6.29,-0.27,93684.6,24.64,-0.213,-0.924,-0.215,-0.3,0.2,-0.4,3.90
78770,DESCENT,55.96,56.01,-6.29,-0.24,93689.0,24.64,-0.212,-0.933,-0.187,0.1,-0.3,-0.6,3.90
78780,DESCENT,55.90,55.94,-6.30,-0.15,93689.7,24.64,-0.247,-0.938,-0.172,0.5,-0.3,-0.4,3.90
78790,DESCENT,56.00,55.88,-6.29,0.12,93688.5,24.64,-0.263,-0.959,-0.190,0.5,0.2,-0.6,3.90
78800,DESCENT,55.74,55.82,-6.29,-0.02,93691.5,24.64,-0.236,-0.947,-0.212,-0.1,-0.5,0.0,3.90
78810,DESCENT,56.20,55.77,-6.28,-0.13,93686.2,24.64,-0.213,-0.940,-0.210,0.2,-0.3,-0.5,3.90
78820,DESCENT,55.99,55.71,-6.27,-0.26,93688.6,24.64,-0.219,-0.934,-0.169,-0.1,-0.2,0.0,3.90
78830,DESCENT,55.41,55.64,-6.28,-0.44,93695.1,24.64,-0.207,-0.906,-0.218,0.2,-0.2,-0.3,3.90
78840,DESCENT,55.44,55.58,-6.29,-0.17,93694.8,24.64,-0.218,-0.936,-0.206,0.2,-0.4,-0.3,3.90
78850,DESCENT,55.79,55.52,-6.28,-0.19,93690.9,24.64,-0.236,-0.934,-0.187,0.0,-0.6,-0.2,3.90
78860,DESCENT,55.35,55.46,-6.29,-0.15,93695.8,24.64,-0.230,-0.937,-0.198,0.1,-0.0,-0.9,3.90
78870,DESCENT,55.40,55.39,-6.29,-0.32,93695.3,24.64,-0.215,-0.925,-0.182,0.4,-0.3,0.2,3.90
78880,DESCENT,55.43,55.33,-6.29,-0.03,93695.0,24.64,-0.178,-0.953,-0.234,0.0,0.1,-0.2,3.90
78890,DESCENT,55.60,55.28,-6.27,0.37,93693.0,24.64,-0.210,-0.996,-0.203,0.3,-0.3,0.2,3.90
78900,DESCENT,55.06,55.21,-6.28,-0.43,93699.2,24.64,-0.178,-0.921,-0.182,-0.1,-0.3,-0.7,3.90
78910,DESCENT,55.23,55.15,-6.28,0.09,93697.2,24.64,-0.225,-0.960,-0.220,-0.2,-0.1,-0.1,3.90
78920,DESCENT,54.82,55.08,-6.29,-0.62,93701.8,24.64,-0.207,-0.894,-0.182,0.3,-0.5,-0.9,3.90
78930,DESCENT,55.21,55.02,-6.29,-0.48,93697.4,24.64,-0.242,-0.904,-0.171,-0.1,-0.1,0.2,3.90
78940,DESCENT,54.99,54.96,-6.29,-0.77,93699.9,24.64,-0.200,-0.882,-0.174,-0.1,0.1,-0.1,3.90
78950,DESCENT,54.82,54.90,-6.30,-0.28,93701.8,24.64,-0.207,-0.937,-0.154,-0.1,-0.4,-0.2,3.90
78960,DESCENT,54.91,54.84,-6.30,-0.60,93700.8,24.64,-0.224,-0.890,-0.196,0.3,-0.3,-0.5,3.90
78970,DESCENT,54.84,54.77,-6.30,-0.09,93701.6,24.64,-0.251,-0.939,-0.192,-0.2,0.3,-0.3,3.90
78980,DESCENT,55.03,54.72,-6.29,-0.08,93699.4,24.64,-0.206,-0.951,-0.194,0.2,-0.4,-0.6,3.90
78990,DESCENT,54.76,54.66,-6.29,-0.37,93702.5,24.64,-0.212,-0.910,-0.231,-0.2,-0.2,-0.4,3.90
79000,DESCENT,54.47,54.59,-6.30,-0.23,93705.8,24.65,-0.217,-0.941,-0.147,0.1,-0.6,0.4,3.90
79010,DESCENT,54.56,54.53,-6.30,0.08,93704.8,24.65,-0.232,-0.963,-0.190,0.3,-0.4,0.3,3.90
79020,DESCENT,54.24,54.46,-6.30,-0.08,93708.3,24.65,-0.236,-0.941,-0.209,0.2,-0.5,0.0,3.90
79030,DESCENT,54.34,54.40,-6.31,-0.30,93707.2,24.65,-0.204,-0.930,-0.182,0.1,-0.7,0.1,3.90
79040,DESCENT,54.27,54.33,-6.31,-0.11,93708.0,24.65,-0.219,-0.949,-0.171,-0.1,0.1,-0.3,3.90
79050,DESCENT,54.67,54.28,-6.30,-0.31,93703.5,24.65,-0.223,-0.924,-0.185,-0.0,-0.1,-0.6,3.90
79060,DESCENT,54.32,54.22,-6.30,-0.37,93707.5,24.65,-0.203,-0.919,-0.201,0.1,-0.6,-0.1,3.90
79070,DESCENT,54.22,54.16,-6.30,-0.16,93708.7,24.65,-0.212,-0.950,-0.143,0.2,-0.3,-0.3,3.90
79080,DESCENT,54.05,54.10,-6.30,-0.27,93710.5,24.65,-0.201,-0.930,-0.200,0.1,0.7,-0.4,3.90
79090,DESCENT,54.06,54.03,-6.30,-0.01,93710.4,24.65,-0.234,-0.947,-0.218,-0.1,-0.3,0.1,3.90
79100,DESCENT,54.19,53.98,-6.30,-0.31,93708.9,24.65,-0.259,-0.911,-0.198,-0.2,-0.4,-0.4,3.90
79110,DESCENT,53.65,53.91,-6.31,0.04,93715.0,24.65,-0.223,-0.956,-0.212,0.4,-0.4,-0.6,3.90
79120,DESCENT,53.81,53.84,-6.31,0.08,93713.2,24.65,-0.230,-0.967,-0.166,0.4,0.2,-0.1,3.90
79130,DESCENT,53.68,53.78,-6.31,-0.37,93714.7,24.65,-0.231,-0.916,-0.184,-0.3,-0.1,-0.5,3.90
79140,DESCENT,54.04,53.72,-6.30,0.01,93710.6,24.65,-0.237,-0.953,-0.195,0.3,-0.2,-0.2,3.90
79150,DESCENT,53.40,53.65,-6.31,-0.06,93717.8,24.65,-0.225,-0.952,-0.172,0.3,-0.5,-0.4,3.90
79160,DESCENT,53.58,53.59,-6.32,-0.30,93715.8,24.65,-0.226,-0.919,-0.211,0.0,-1.6,0.1,3.90
79170,DESCENT,53.37,53.52,-6.33,-0.31,93718.2,24.65,-0.200,-0.927,-0.196,-0.1,-0.8,-0.3,3.90
79180,DESCENT,53.61,53.46,-6.32,-0.40,93715.5,24.65,-0.256,-0.904,-0.194,0.1,0.1,-0.2,3.90
79190,DESCENT,53.34,53.40,-6.33,-0.48,93718.6,24.65,-0.234,-0.910,-0.149,0.3,-0.0,-0.2,3.90
79200,DESCENT,53.30,53.33,-6.33,0.02,93718.9,24.65,-0.227,-0.957,-0.196,-0.3,-0.4,0.2,3.90
79210,DESCENT,53.03,53.26,-6.34,-0.39,93722.0,24.65,-0.241,-0.909,-0.189,0.3,-0.3,-0.3,3.90
79220,DESCENT,53.00,53.19,-6.36,-0.33,93722.3,24.65,-0.200,-0.926,-0.194,0.0,-0.3,0.0,3.90
79230,DESCENT,53.30,53.14,-6.35,-0.39,93719.0,24.65,-0.211,-0.921,-0.169,0.1,0.1,-0.3,3.90
79240,DESCENT,52.90,53.07,-6.36,-0.21,93723.5,24.65,-0.217,-0.930,-0.212,0.3,-0.4,-0.2,3.90
79250,DESCENT,52.93,53.00,-6.37,-0.24,93723.1,24.66,-0.240,-0.930,-0.169,0.3,-0.6,-0.2,3.90
79260,DESCENT,52.85,52.94,-6.37,0.05,93724.0,24.66,-0.239,-0.952,-0.216,-0.4,-0.0,-0.3,3.90
79270,DESCENT,52.93,52.87,-6.37,-0.27,93723.1,24.66,-0.254,-0.920,-0.182,-0.5,-0.7,-0.4,3.90
79280,DESCENT,52.69,52.81,-6.38,-0.43,93725.8,24.66,-0.201,-0.913,-0.200,-0.7,-0.5,-0.3,3.90
79290,DESCENT,52.81,52.74,-6.38,0.02,93724.4,24.66,-0.243,-0.947,-0.223,0.2,0.3,0.1,3.90
79300,DESCENT,52.56,52.68,-6.39,-0.62,93727.3,24.66,-0.180,-0.899,-0.192,0.3,-0.2,-0.4,3.90
79310,DESCENT,52.55,52.61,-6.39,-0.34,93727.5,24.66,-0.213,-0.928,-0.160,-0.3,-0.3,-0.2,3.90
79320,DESCENT,53.05,52.56,-6.38,-0.53,93721.8,24.66,-0.220,-0.900,-0.188,0.2,0.0,-0.2,3.90
79330,DESCENT,52.36,52.49,-6.39,-0.15,93729.6,24.66,-0.214,-0.947,-0.165,0.0,-0.1,-0.3,3.90
79340,DESCENT,52.24,52.42,-6.40,-0.12,93731.0,24.66,-0.239,-0.944,-0.168,0.7,-0.3,-0.3,3.90
79350,DESCENT,52.36,52.36,-6.39,0.29,93729.6,24.66,-0.226,-0.990,-0.169,0.4,-0.8,-0.5,3.90
79360,DESCENT,52.51,52.30,-6.39,-0.16,93727.8,24.66,-0.240,-0.943,-0.138,0.4,-0.4,-0.3,3.90
79370,DESCENT,52.23,52.24,-6.39,-0.21,93731.1,24.66,-0.210,-0.935,-0.197,0.4,-0.2,-0.8,3.90
79380,DESCENT,52.24,52.18,-6.39,0.05,93730.9,24.66,-0.240,-0.963,-0.162,0.1,-0.6,-0.1,3.90
79390,DESCENT,52.33,52.12,-6.38,-0.25,93729.9,24.66,-0.166,-0.946,-0.163,-0.0,-0.0,-0.2,3.90
79400,DESCENT,52.00,52.05,-6.38,-0.21,93733.7,24.66,-0.256,-0.926,-0.188,-0.3,0.1,-0.3,3.90
79410,DESCENT,51.97,51.99,-6.39,-0.43,93734.0,24.66,-0.238,-0.906,-0.192,-0.6,-0.9,-0.1,3.90
79420,DESCENT,52.09,51.93,-6.39,-0.45,93732.6,24.66,-0.229,-0.913,-0.154,0.3,0.0,-0.2,3.90
79430,DESCENT,51.92,51.87,-6.39,-0.24,93734.5,24.66,-0.228,-0.934,-0.166,-0.2,-0.4,-0.1,3.90
79440,DESCENT,51.18,51.79,-6.42,-0.68,93742.8,24.66,-0.222,-0.885,-0.184,0.2,-0.3,-0.3,3.90
79450,DESCENT,52.15,51.73,-6.40,-0.00,93731.9,24.66,-0.255,-0.948,-0.192,-0.1,-0.4,-0.8,3.90
79460,DESCENT,51.80,51.67,-6.40,-0.62,93735.8,24.66,-0.211,-0.894,-0.179,0.3,-0.0,-0.5,3.90
79470,DESCENT,51.69,51.61,-6.40,-0.33,93737.1,24.66,-0.200,-0.927,-0.185,0.1,-0.3,-0.5,3.90
79480,DESCENT,51.07,51.53,-6.42,-0.28,93744.2,24.66,-0.218,-0.927,-0.189,0.3,0.1,0.1,3.90
79490,DESCENT,51.57,51.47,-6.42,-0.20,93738.5,24.66,-0.231,-0.929,-0.209,-0.2,-0.1,0.2,3.90
79500,DESCENT,51.53,51.41,-6.42,-0.13,93738.9,24.67,-0.235,-0.939,-0.187,0.4,0.3,-0.3,3.90
79510,DESCENT,51.50,51.35,-6.42,-0.70,93739.2,24.67,-0.222,-0.886,-0.161,0.5,0.0,-0.2,3.90
79520,DESCENT,51.12,51.28,-6.43,-0.18,93743.6,24.67,-0.223,-0.939,-0.185,0.1,0.1,0.2,3.90
79530,DESCENT,51.14,51.22,-6.43,-0.21,93743.3,24.67,-0.227,-0.931,-0.200,0.4,-0.1,-0.3,3.90
79540,DESCENT,51.35,51.16,-6.43,-0.29,93741.0,24.67,-0.194,-0.932,-0.186,0.2,-1.0,-0.0,3.90
79550,DESCENT,51.13,51.09,-6.43,0.17,93743.5,24.67,-0.230,-0.974,-0.184,0.3,-0.2,-0.2,3.90
79560,DESCENT,51.25,51.04,-6.42,-0.55,93742.1,24.67,-0.181,-0.910,-0.170,0.0,0.3,-0.2,3.90
79570,DESCENT,50.80,50.97,-6.43,0.01,93747.2,24.67,-0.253,-0.949,-0.197,-0.6,-0.3,-0.5,3.90
79580,DESCENT,51.16,50.91,-6.42,-0.33,93743.1,24.67,-0.195,-0.931,-0.168,0.3,-0.7,0.2,3.90
79590,DESCENT,51.05,50.85,-6.42,-0.18,93744.3,24.67,-0.229,-0.937,-0.180,0.0,-0.2,-0.7,3.90
79600,DESCENT,50.73,50.79,-6.42,-0.31,93748.0,24.67,-0.225,-0.924,-0.182,-0.2,-0.1,-0.6,3.90
79610,DESCENT,50.68,50.72,-6.42,-0.03,93748.5,24.67,-0.257,-0.939,-0.215,0.4,-0.9,-0.4,3.90
79620,DESCENT,50.84,50.66,-6.42,-0.34,93746.8,24.67,-0.204,-0.922,-0.203,0.2,-0.1,-0.4,3.90
79630,DESCENT,50.80,50.60,-6.41,-0.16,93747.1,24.67,-0.229,-0.935,-0.205,0.2,-0.3,-1.0,3.90
79640,DESCENT,50.72,50.54,-6.41,-0.33,93748.1,24.67,-0.211,-0.924,-0.186,-0.8,-0.6,-0.5,3.90
79650,DESCENT,50.68,50.49,-6.40,-0.33,93748.5,24.67,-0.221,-0.931,-0.137,0.1,-0.2,-0.3,3.90
79660,DESCENT,50.68,50.43,-6.39,-0.17,93748.5,24.67,-0.187,-0.949,-0.175,0.2,0.2,0.0,3.90
79670,DESCENT,50.64,50.37,-6.39,-0.61,93749.0,24.67,-0.233,-0.889,-0.182,0.1,0.0,0.6,3.90
79680,DESCENT,50.49,50.31,-6.39,-0.38,93750.7,24.67,-0.215,-0.922,-0.170,0.0,0.2,-0.2,3.90
79690,DESCENT,50.45,50.26,-6.38,-0.63,93751.1,24.67,-0.209,-0.894,-0.181,-0.1,-0.3,-0.2,3.90
79700,DESCENT,50.67,50.20,-6.37,-0.36,93748.7,24.67,-0.237,-0.919,-0.171,-0.2,-0.3,-0.6,3.90
79710,DESCENT,50.18,50.14,-6.37,-0.23,93754.2,24.67,-0.219,-0.930,-0.201,0.2,-0.5,-0.4,3.90
79720,DESCENT,50.24,50.08,-6.37,-0.13,93753.5,24.67,-0.229,-0.941,-0.190,-0.3,-0.5,-0.1,3.90
79730,DESCENT,49.95,50.02,-6.37,-0.29,93756.8,24.67,-0.239,-0.925,-0.168,-0.1,0.0,-0.1,3.90
79740,DESCENT,49.94,49.95,-6.37,-0.49,93756.9,24.67,-0.226,-0.900,-0.206,-0.4,-1.1,-0.2,3.90
79750,DESCENT,49.78,49.89,-6.38,-0.57,93758.7,24.68,-0.226,-0.902,-0.147,-0.0,-0.4,-0.3,3.90
79760,DESCENT,49.83,49.82,-6.39,-0.51,93758.1,24.68,-0.220,-0.902,-0.193,0.2,-0.1,-0.0,3.90
79770,DESCENT,49.67,49.76,-6.40,-0.08,93760.0,24.68,-0.216,-0.940,-0.233,-0.4,-0.4,-0.5,3.90
79780,DESCENT,49.70,49.69,-6.40,-0.27,93759.5,24.68,-0.250,-0.921,-0.183,0.1,-0.6,0.1,3.90
79790,DESCENT,49.74,49.63,-6.40,-0.40,93759.1,24.68,-0.191,-0.921,-0.186,0.9,-0.6,-0.4,3.90
79800,DESCENT,49.56,49.57,-6.40,-0.02,93761.2,24.68,-0.200,-0.955,-0.210,-0.3,-0.2,-0.1,3.90
79810,DESCENT,49.58,49.51,-6.40,-0.29,93760.9,24.68,-0.228,-0.921,-0.204,-0.2,-0.6,-0.1,3.90
79820,DESCENT,49.34,49.44,-6.40,-0.38,93763.6,24.68,-0.211,-0.922,-0.174,0.2,-0.0,0.1,3.90
79830,DESCENT,49.16,49.37,-6.42,-0.48,93765.7,24.68,-0.213,-0.904,-0.205,0.4,-0.5,-0.4,3.90
79840,DESCENT,49.32,49.30,-6.42,-0.20,93763.9,24.68,-0.273,-0.913,-0.232,0.3,-0.6,-0.4,3.90
79850,DESCENT,48.99,49.23,-6.43,-0.46,93767.6,24.68,-0.246,-0.904,-0.174,0.1,-0.7,-1.1,3.90
79860,DESCENT,49.07,49.17,-6.44,0.02,93766.7,24.68,-0.252,-0.950,-0.201,-0.3,0.4,-0.9,3.90
79870,DESCENT,49.13,49.10,-6.44,-0.10,93766.0,24.68,-0.214,-0.949,-0.181,-0.5,-0.4,0.2,3.90
79880,DESCENT,49.27,49.04,-6.43,-0.28,93764.5,24.68,-0.246,-0.914,-0.218,0.4,-0.1,-0.3,3.90
79890,DESCENT,49.09,48.98,-6.43,-0.49,93766.5,24.68,-0.246,-0.893,-0.210,-0.5,-0.2,0.1,3.90
79900,DESCENT,49.07,48.92,-6.43,-0.34,93766.7,24.68,-0.235,-0.918,-0.186,0.1,-0.7,-0.1,3.90
79910,DESCENT,49.14,48.87,-6.42,0.03,93765.9,24.68,-0.209,-0.964,-0.184,-0.0,-0.1,-0.2,3.90
79920,DESCENT,49.00,48.81,-6.42,-0.68,93767.5,24.68,-0.192,-0.896,-0.162,-0.3,-0.0,-0.9,3.90
79930,DESCENT,48.63,48.74,-6.42,-0.40,93771.6,24.68,-0.210,-0.923,-0.159,-0.0,-0.1,-0.5,3.90
79940,DESCENT,48.73,48.68,-6.43,-0.38,93770.5,24.68,-0.229,-0.918,-0.171,0.2,-0.8,-0.5,3.90
79950,DESCENT,48.39,48.61,-6.44,-0.43,93774.4,24.68,-0.224,-0.907,-0.204,0.7,0.0,-0.0,3.90
79960,DESCENT,48.41,48.54,-6.45,-0.03,93774.1,24.68,-0.199,-0.955,-0.207,0.5,-0.4,-0.3,3.90
79970,DESCENT,48.51,48.48,-6.45,-0.63,93773.0,24.68,-0.217,-0.895,-0.161,0.3,-0.2,-0.2,3.90
79980,DESCENT,48.72,48.42,-6.44,-0.28,93770.7,24.68,-0.205,-0.926,-0.213,-0.2,-0.3,-0.4,3.90
79990,DESCENT,48.80,48.37,-6.43,-0.12,93769.7,24.68,-0.222,-0.942,-0.196,0.6,-0.2,-0.1,3.90
80000,DESCENT,48.27,48.30,-6.43,-0.44,93775.7,24.69,-0.218,-0.912,-0.176,0.1,-0.1,-0.1,3.90
80010,DESCENT,48.50,48.25,-6.42,0.12,93773.1,24.69,-0.228,-0.965,-0.203,0.1,-0.1,-0.2,3.90
80020,DESCENT,48.14,48.18,-6.42,-0.17,93777.2,24.69,-0.233,-0.932,-0.207,-0.0,-0.6,-0.6,3.90
80030,DESCENT,48.23,48.12,-6.42,0.17,93776.1,24.69,-0.206,-0.969,-0.235,0.4,-0.6,-0.6,3.90
80040,DESCENT,48.09,48.06,-6.41,0.12,93777.7,24.69,-0.230,-0.970,-0.176,0.6,0.0,-0.8,3.90
80050,DESCENT,48.47,48.01,-6.40,-0.26,93773.5,24.69,-0.205,-0.934,-0.181,-0.1,-0.2,-0.6,3.90
80060,DESCENT,47.86,47.94,-6.40,-0.14,93780.4,24.69,-0.239,-0.933,-0.210,0.3,-0.6,-0.5,3.90
80070,DESCENT,48.22,47.89,-6.39,-0.16,93776.2,24.69,-0.229,-0.945,-0.148,0.6,-0.2,-0.3,3.90
80080,DESCENT,47.89,47.82,-6.39,-0.16,93780.0,24.69,-0.223,-0.945,-0.161,-0.2,-0.3,-0.1,3.90
80090,DESCENT,47.69,47.76,-6.39,-0.12,93782.3,24.69,-0.209,-0.944,-0.203,0.1,0.0,-0.1,3.90
80100,DESCENT,47.86,47.70,-6.39,-0.10,93780.4,24.69,-0.234,-0.943,-0.190,0.3,-0.6,-0.4,3.90
80110,DESCENT,47.79,47.64,-6.38,-0.22,93781.1,24.69,-0.208,-0.936,-0.191,0.4,-0.5,-0.2,3.90
80120,DESCENT,47.69,47.58,-6.38,-0.47,93782.2,24.69,-0.219,-0.903,-0.207,0.6,0.1,-0.2,3.90
80130,DESCENT,47.68,47.52,-6.38,-0.29,93782.4,24.69,-0.216,-0.924,-0.201,0.1,-0.1,-0.4,3.90
80140,DESCENT,47.97,47.47,-6.36,-0.20,93779.1,24.69,-0.186,-0.944,-0.181,-0.1,-0.1,-0.3,3.90
80150,DESCENT,47.52,47.41,-6.36,-0.42,93784.2,24.69,-0.261,-0.900,-0.195,0.1,-0.4,-0.6,3.90
80160,DESCENT,47.12,47.34,-6.37,0.16,93788.7,24.69,-0.225,-0.971,-0.199,0.1,-0.5,-0.0,3.90
80170,DESCENT,47.08,47.27,-6.38,-0.25,93789.2,24.69,-0.221,-0.936,-0.157,0.2,-0.5,0.2,3.90
80180,DESCENT,47.44,47.21,-6.37,-0.34,93785.1,24.69,-0.199,-0.928,-0.178,-0.5,0.0,-0.1,3.90
80190,DESCENT,47.36,47.15,-6.37,-0.36,93785.9,24.69,-0.239,-0.914,-0.187,0.3,-0.3,-0.3,3.90
80200,DESCENT,46.99,47.09,-6.37,-0.31,93790.1,24.69,-0.233,-0.920,-0.196,0.7,-0.2,0.1,3.90
80210,DESCENT,46.77,47.02,-6.39,-0.12,93792.6,24.69,-0.262,-0.936,-0.176,0.2,0.1,-0.6,3.90
80220,DESCENT,46.58,46.94,-6.40,-0.35,93794.8,24.69,-0.200,-0.922,-0.197,-0.2,-0.2,-0.6,3.90
80230,DESCENT,47.12,46.89,-6.40,0.03,93788.7,24.69,-0.266,-0.944,-0.211,-0.6,-0.3,-0.3,3.90
80240,DESCENT,46.92,46.82,-6.39,-0.03,93790.9,24.70,-0.232,-0.947,-0.206,0.2,-0.7,0.1,3.90
80250,DESCENT,47.04,46.77,-6.38,-0.16,93789.6,24.70,-0.217,-0.942,-0.180,0.1,-0.2,0.1,3.90
80260,DESCENT,46.84,46.71,-6.38,-0.48,93791.9,24.70,-0.243,-0.903,-0.172,-0.2,-0.1,-0.3,3.90
80270,DESCENT,46.71,46.65,-6.38,-0.02,93793.3,24.70,-0.239,-0.960,-0.139,0.1,-0.4,0.3,3.90
80280,DESCENT,46.55,46.58,-6.38,-0.42,93795.1,24.70,-0.233,-0.905,-0.203,0.0,-0.3,-0.6,3.90
80290,DESCENT,46.59,46.52,-6.38,-0.27,93794.7,24.70,-0.255,-0.923,-0.170,-0.0,-0.4,-0.3,3.90
80300,DESCENT,46.30,46.45,-6.39,0.07,93797.9,24.70,-0.220,-0.971,-0.153,0.0,-0.7,-0.2,3.90
80310,DESCENT,46.44,46.39,-6.39,-0.30,93796.3,24.70,-0.242,-0.928,-0.140,-0.1,-0.7,0.1,3.90
80320,DESCENT,45.63,46.31,-6.42,-0.00,93805.5,24.70,-0.229,-0.957,-0.179,0.3,-0.1,-0.1,3.90
80330,DESCENT,46.57,46.25,-6.41,-0.07,93794.8,24.70,-0.249,-0.942,-0.194,0.3,-0.4,-0.2,3.90
80340,DESCENT,46.27,46.19,-6.40,-0.12,93798.3,24.70,-0.221,-0.938,-0.219,-0.3,-0.2,-0.7,3.90
80350,DESCENT,46.26,46.13,-6.40,-0.23,93798.4,24.70,-0.190,-0.941,-0.180,0.1,-0.6,-0.2,3.90
80360,DESCENT,46.12,46.07,-6.40,-0.11,93800.0,24.70,-0.222,-0.940,-0.214,-0.2,-0.3,0.2,3.90
80370,DESCENT,46.17,46.01,-6.39,-0.21,93799.4,24.70,-0.238,-0.924,-0.219,0.1,-0.0,-0.7,3.90
80380,DESCENT,46.15,45.95,-6.39,-0.13,93799.6,24.70,-0.258,-0.940,-0.153,-0.3,-0.0,-0.1,3.90
80390,DESCENT,46.22,45.89,-6.38,-0.32,93798.9,24.70,-0.255,-0.920,-0.155,0.1,-0.6,-0.1,3.90
80400,DESCENT,46.33,45.84,-6.36,-0.55,93797.6,24.70,-0.194,-0.898,-0.217,-0.0,-0.1,-0.5,3.90
80410,DESCENT,45.87,45.78,-6.36,0.04,93802.8,24.70,-0.253,-0.952,-0.197,0.1,-1.0,-0.3,3.90
80420,DESCENT,46.07,45.73,-6.35,-0.22,93800.6,24.70,-0.207,-0.938,-0.180,0.5,-0.9,-0.6,3.90
80430,DESCENT,45.65,45.67,-6.35,-0.45,93805.3,24.70,-0.206,-0.912,-0.191,0.3,-0.6,-0.2,3.90
80440,DESCENT,45.73,45.61,-6.35,-0.38,93804.4,24.70,-0.224,-0.913,-0.200,0.2,-0.8,-0.1,3.90
80450,DESCENT,45.45,45.54,-6.36,-0.09,93807.5,24.70,-0.254,-0.940,-0.188,0.2,-0.6,-0.3,3.90
80460,DESCENT,45.46,45.48,-6.36,-0.20,93807.5,24.70,-0.234,-0.937,-0.162,-0.0,-0.5,-0.6,3.90
80470,DESCENT,45.31,45.41,-6.36,-0.37,93809.1,24.70,-0.216,-0.918,-0.188,-0.3,0.2,-0.4,3.90
80480,DESCENT,45.47,45.35,-6.36,-0.30,93807.3,24.70,-0.244,-0.916,-0.201,0.4,-0.2,0.1,3.90
80490,DESCENT,45.14,45.28,-6.37,-0.00,93811.1,24.71,-0.221,-0.951,-0.216,0.4,-0.1,-0.5,3.90
80500,DESCENT,45.27,45.22,-6.37,-0.16,93809.5,24.71,-0.240,-0.938,-0.170,-0.2,-0.2,0.4,3.90
80510,DESCENT,45.10,45.15,-6.37,0.04,93811.4,24.71,-0.221,-0.959,-0.201,-0.4,0.1,-0.2,3.90
80520,DESCENT,45.11,45.09,-6.37,0.18,93811.4,24.71,-0.194,-0.980,-0.197,-0.1,-0.2,-0.2,3.90
80530,DESCENT,44.71,45.02,-6.38,-0.20,93815.9,24.71,-0.210,-0.938,-0.185,0.1,-0.3,-0.5,3.90
80540,DESCENT,45.51,44.97,-6.36,-0.34,93806.9,24.71,-0.176,-0.929,-0.194,0.2,-0.3,-0.7,3.90
80550,DESCENT,44.87,44.91,-6.37,-0.36,93814.0,24.71,-0.240,-0.912,-0.197,-0.3,-0.3,-0.2,3.90
80560,DESCENT,44.71,44.84,-6.38,-0.17,93815.9,24.71,-0.243,-0.934,-0.183,0.4,-0.2,-0.1,3.90
80570,DESCENT,45.15,44.78,-6.36,-0.15,93811.0,24.71,-0.222,-0.940,-0.189,0.3,-0.4,-0.1,3.90
80580,DESCENT,44.66,44.72,-6.37,-0.44,93816.5,24.71,-0.200,-0.919,-0.161,0.5,-0.2,-0.4,3.90
80590,DESCENT,44.97,44.66,-6.36,0.23,93812.9,24.71,-0.231,-0.975,-0.212,-0.2,0.3,-0.2,3.90
80600,DESCENT,44.90,44.61,-6.34,-0.18,93813.7,24.71,-0.225,-0.935,-0.199,0.2,-0.2,0.3,3.90
80610,DESCENT,45.09,44.56,-6.32,-0.09,93811.6,24.71,-0.261,-0.945,-0.145,-0.2,-0.4,-0.2,3.90
80620,DESCENT,44.41,44.50,-6.33,-0.06,93819.2,24.71,-0.196,-0.956,-0.186,0.1,-0.8,-0.3,3.90
80630,DESCENT,44.48,44.43,-6.33,-0.45,93818.4,24.71,-0.241,-0.907,-0.172,0.4,-0.2,-0.2,3.90
80640,DESCENT,44.64,44.38,-6.32,-0.12,93816.7,24.71,-0.175,-0.948,-0.215,0.4,-0.2,0.1,3.90
80650,DESCENT,44.35,44.32,-6.32,-0.44,93819.9,24.71,-0.210,-0.905,-0.221,-0.2,-0.7,-0.4,3.90
80660,DESCENT,44.61,44.26,-6.31,-0.34,93817.0,24.71,-0.205,-0.929,-0.168,-0.4,-0.3,-0.4,3.90
80670,DESCENT,44.50,44.21,-6.30,-0.09,93818.2,24.71,-0.216,-0.942,-0.219,0.4,-0.1,0.1,3.90
80680,DESCENT,44.20,44.15,-6.30,0.03,93821.7,24.71,-0.218,-0.964,-0.173,-0.1,-0.4,-0.7,3.90
80690,DESCENT,44.27,44.09,-6.29,-0.20,93820.9,24.71,-0.202,-0.933,-0.217,-0.3,-0.1,0.2,3.90
80700,DESCENT,44.16,44.03,-6.29,-0.22,93822.1,24.71,-0.251,-0.929,-0.175,0.8,-0.0,-0.2,3.90
80710,DESCENT,44.12,43.97,-6.28,0.19,93822.5,24.71,-0.238,-0.967,-0.218,-0.2,-0.4,0.3,3.90
80720,DESCENT,44.40,43.92,-6.27,-0.58,93819.4,24.71,-0.235,-0.899,-0.143,-0.3,-0.2,-0.2,3.90
80730,DESCENT,43.90,43.86,-6.27,-0.16,93825.1,24.71,-0.191,-0.950,-0.170,0.1,-0.1,-0.4,3.90
80740,DESCENT,44.35,43.81,-6.25,0.05,93820.0,24.72,-0.230,-0.957,-0.206,-0.4,0.1,-0.5,3.90
80750,DESCENT,43.74,43.75,-6.25,-0.12,93826.8,24.72,-0.246,-0.933,-0.207,-0.1,-0.0,0.2,3.90
80760,DESCENT,43.42,43.68,-6.26,-0.17,93830.5,24.72,-0.258,-0.924,-0.214,0.3,-0.1,-0.4,3.90
80770,DESCENT,43.93,43.63,-6.25,-0.34,93824.6,24.72,-0.216,-0.923,-0.184,-0.1,0.3,-0.0,3.90
80780,DESCENT,43.91,43.57,-6.24,-0.18,93824.9,24.72,-0.241,-0.932,-0.196,0.0,-0.1,-0.1,3.90
80790,DESCENT,43.36,43.51,-6.25,-0.16,93831.1,24.72,-0.238,-0.932,-0.204,0.3,-0.6,0.2,3.90
80800,DESCENT,43.33,43.44,-6.25,0.28,93831.4,24.72,-0.258,-0.982,-0.170,0.3,-0.2,-0.4,3.90
80810,DESCENT,43.37,43.38,-6.25,-0.09,93831.0,24.72,-0.215,-0.943,-0.217,0.3,-0.4,-0.4,3.90
80820,DESCENT,43.28,43.32,-6.25,-0.13,93832.1,24.72,-0.247,-0.941,-0.167,-0.2,-0.9,0.1,3.90
80830,DESCENT,43.16,43.25,-6.26,-0.23,93833.4,24.72,-0.198,-0.942,-0.161,0.2,-0.4,-0.2,3.90
80840,DESCENT,43.53,43.20,-6.25,-0.18,93829.2,24.72,-0.201,-0.947,-0.162,0.3,-0.8,-0.3,3.90
80850,DESCENT,43.26,43.14,-6.24,-0.14,93832.3,24.72,-0.208,-0.944,-0.194,-0.4,-0.2,-0.3,3.90
80860,DESCENT,43.25,43.08,-6.24,-0.15,93832.4,24.72,-0.226,-0.937,-0.204,0.2,0.2,-0.1,3.90
80870,DESCENT,43.18,43.02,-6.23,-0.54,93833.1,24.72,-0.218,-0.900,-0.187,0.1,-0.2,-0.4,3.90
80880,DESCENT,42.94,42.96,-6.24,-0.46,93835.8,24.72,-0.221,-0.906,-0.198,0.7,-0.1,-0.3,3.90
80890,DESCENT,42.97,42.90,-6.24,-0.28,93835.5,24.72,-0.209,-0.921,-0.229,0.3,-0.5,0.1,3.90
80900,DESCENT,43.07,42.84,-6.23,-0.01,93834.4,24.72,-0.255,-0.943,-0.210,0.3,-0.4,0.2,3.90
80910,DESCENT,42.90,42.78,-6.23,-0.36,93836.3,24.72,-0.201,-0.923,-0.187,-0.2,-0.2,-0.2,3.90
80920,DESCENT,42.70,42.72,-6.23,-0.09,93838.5,24.72,-0.260,-0.942,-0.168,0.2,-0.3,0.2,3.90
80930,DESCENT,42.68,42.66,-6.23,0.16,93838.8,24.72,-0.243,-0.965,-0.207,-0.1,-0.5,-0.3,3.90
80940,DESCENT,42.71,42.60,-6.23,0.07,93838.5,24.72,-0.254,-0.962,-0.160,0.2,-0.6,-0.7,3.90
80950,DESCENT,42.51,42.54,-6.23,-0.39,93840.7,24.72,-0.238,-0.917,-0.151,0.4,-0.5,0.1,3.90
80960,DESCENT,42.46,42.47,-6.23,-0.38,93841.3,24.72,-0.250,-0.910,-0.181,0.4,-0.2,-0.2,3.90
80970,DESCENT,42.45,42.41,-6.23,-0.17,93841.4,24.72,-0.212,-0.941,-0.190,0.6,0.1,0.1,3.90
80980,DESCENT,42.51,42.36,-6.23,-0.25,93840.7,24.72,-0.216,-0.934,-0.171,0.2,-0.8,-0.5,3.90
80990,DESCENT,42.29,42.29,-6.23,-0.40,93843.2,24.73,-0.217,-0.913,-0.196,0.3,-0.2,-0.0,3.90
81000,DESCENT,42.17,42.23,-6.24,-0.19,93844.5,24.73,-0.221,-0.927,-0.234,0.3,0.4,0.1,3.90
81010,DESCENT,42.07,42.16,-6.25,-0.49,93845.6,24.73,-0.229,-0.910,-0.146,0.0,-0.4,0.0,3.90
81020,DESCENT,41.97,42.10,-6.25,-0.16,93846.8,24.73,-0.212,-0.944,-0.179,0.5,0.2,0.3,3.90
81030,DESCENT,41.97,42.03,-6.26,-0.30,93846.9,24.73,-0.194,-0.926,-0.210,0.3,-0.5,-0.0,3.90
81040,DESCENT,41.76,41.97,-6.27,-0.19,93849.2,24.73,-0.242,-0.927,-0.207,-0.4,-0.5,-0.2,3.90
81050,DESCENT,42.00,41.91,-6.27,-0.08,93846.5,24.73,-0.218,-0.949,-0.190,0.5,-0.5,-0.4,3.90
81060,DESCENT,41.75,41.84,-6.27,-0.42,93849.3,24.73,-0.234,-0.905,-0.203,-0.1,0.3,-0.0,3.90
81070,DESCENT,41.82,41.78,-6.27,-0.04,93848.5,24.73,-0.240,-0.949,-0.187,0.0,0.3,-0.4,3.90
81080,DESCENT,42.00,41.72,-6.26,0.13,93846.5,24.73,-0.212,-0.966,-0.221,-0.4,-0.1,-0.7,3.90
81090,DESCENT,41.52,41.66,-6.27,-0.30,93851.9,24.73,-0.236,-0.915,-0.212,0.3,-0.5,-0.4,3.90
81100,DESCENT,41.78,41.60,-6.26,0.17,93848.9,24.73,-0.233,-0.975,-0.176,0.3,-0.2,-0.9,3.90
81110,DESCENT,41.69,41.54,-6.26,-0.19,93850.0,24.73,-0.214,-0.936,-0.195,-0.3,-0.5,-0.3,3.90
81120,DESCENT,41.72,41.49,-6.25,-0.24,93849.6,24.73,-0.225,-0.936,-0.158,0.1,0.1,-0.3,3.90
81130,DESCENT,41.70,41.43,-6.24,-0.48,93849.9,24.73,-0.205,-0.912,-0.176,-0.1,-0.1,-0.1,3.90
81140,DESCENT,41.13,41.36,-6.26,-0.43,93856.3,24.73,-0.219,-0.906,-0.210,-0.3,-0.2,-0.5,3.90
81150,DESCENT,41.24,41.30,-6.26,-0.49,93855.1,24.73,-0.217,-0.898,-0.218,-0.3,-0.3,-0.2,3.90
81160,DESCENT,41.07,41.23,-6.27,-0.10,93857.0,24.73,-0.212,-0.954,-0.160,-0.3,0.0,-0.7,3.90
81170,DESCENT,40.49,41.15,-6.30,-0.18,93863.5,24.73,-0.241,-0.935,-0.175,-0.2,-0.5,-0.5,3.90
81180,DESCENT,41.08,41.08,-6.30,0.02,93856.8,24.73,-0.228,-0.956,-0.195,-0.1,-0.4,-0.1,3.90
81190,DESCENT,41.56,41.04,-6.28,0.08,93851.4,24.73,-0.234,-0.961,-0.195,0.2,-0.2,-0.3,3.90
81200,DESCENT,40.93,40.97,-6.28,-0.33,93858.5,24.73,-0.213,-0.929,-0.158,0.6,-0.0,0.1,3.90
81210,DESCENT,40.75,40.91,-6.29,-0.16,93860.5,24.73,-0.244,-0.930,-0.207,0.4,-0.2,-0.2,3.90
81220,DESCENT,41.04,40.85,-6.29,-0.22,93857.3,24.73,-0.217,-0.934,-0.192,0.2,-0.5,-0.4,3.90
81230,DESCENT,40.96,40.79,-6.28,-0.24,93858.2,24.73,-0.220,-0.930,-0.198,0.3,-0.1,-0.3,3.90
81240,DESCENT,40.62,40.72,-6.29,-0.31,93862.0,24.74,-0.245,-0.922,-0.170,0.1,0.2,0.1,3.90
81250,DESCENT,40.58,40.66,-6.29,-0.37,93862.5,24.74,-0.205,-0.918,-0.202,0.4,-0.3,0.0,3.90
81260,DESCENT,40.59,40.60,-6.30,-0.24,93862.3,24.74,-0.203,-0.932,-0.202,-0.4,-0.9,0.6,3.90
81270,DESCENT,40.74,40.54,-6.29,-0.41,93860.6,24.74,-0.247,-0.911,-0.165,0.2,-0.6,-0.4,3.90
81280,DESCENT,40.86,40.49,-6.28,-0.46,93859.4,24.74,-0.242,-0.903,-0.188,0.2,-0.6,-0.1,3.90
81290,DESCENT,40.25,40.42,-6.29,-0.17,93866.3,24.74,-0.231,-0.933,-0.205,-0.2,-0.3,-0.2,3.90
81300,DESCENT,40.87,40.37,-6.27,-0.42,93859.2,24.74,-0.240,-0.907,-0.189,0.2,-0.1,-0.6,3.90
81310,DESCENT,40.30,40.31,-6.28,-0.27,93865.6,24.74,-0.279,-0.907,-0.213,0.4,-0.7,0.1,3.90
81320,DESCENT,40.55,40.25,-6.27,-0.23,93862.8,24.74,-0.252,-0.928,-0.174,0.1,0.1,-0.3,3.90
81330,DESCENT,40.05,40.19,-6.28,-0.28,93868.5,24.74,-0.212,-0.927,-0.201,0.3,-0.1,-0.1,3.90
81340,DESCENT,39.98,40.12,-6.28,-0.30,93869.3,24.74,-0.191,-0.933,-0.183,0.2,-0.2,-0.4,3.90
81350,DESCENT,40.10,40.06,-6.29,-0.20,93868.0,24.74,-0.226,-0.935,-0.186,0.2,-0.4,0.2,3.90
81360,DESCENT,39.81,39.99,-6.29,-0.18,93871.2,24.74,-0.202,-0.934,-0.224,0.5,-0.4,0.1,3.90
81370,DESCENT,39.70,39.92,-6.31,-0.54,93872.4,24.74,-0.208,-0.906,-0.170,0.1,-0.3,-0.8,3.90
81380,DESCENT,39.88,39.86,-6.31,-0.28,93870.4,24.74,-0.185,-0.930,-0.212,0.5,-0.6,-0.1,3.90
81390,DESCENT,40.09,39.80,-6.30,-0.32,93868.0,24.74,-0.215,-0.928,-0.172,-0.1,-0.1,-0.1,3.90
81400,DESCENT,39.96,39.75,-6.30,-0.27,93869.5,24.74,-0.212,-0.928,-0.200,-0.2,0.0,0.1,3.90
81410,DESCENT,39.70,39.68,-6.30,-0.49,93872.5,24.74,-0.219,-0.900,-0.209,-0.0,-0.2,-0.2,3.90
81420,DESCENT,39.72,39.62,-6.30,0.10,93872.2,24.74,-0.247,-0.957,-0.211,-0.0,-0.1,0.1,3.90
81430,DESCENT,39.68,39.56,-6.29,-0.11,93872.7,24.74,-0.241,-0.938,-0.199,0.3,-0.7,-0.8,3.90
81440,DESCENT,39.49,39.50,-6.29,-0.18,93874.8,24.74,-0.240,-0.940,-0.151,0.2,-0.5,0.0,3.90
81450,DESCENT,39.30,39.43,-6.30,-0.32,93876.9,24.74,-0.177,-0.932,-0.185,0.1,-0.7,-0.5,3.90
81460,DESCENT,39.28,39.37,-6.31,-0.16,93877.2,24.74,-0.245,-0.932,-0.200,0.2,-0.3,-0.7,3.90
81470,DESCENT,39.36,39.31,-6.31,-0.23,93876.3,24.74,-0.245,-0.919,-0.219,0.3,0.3,-0.2,3.90
81480,DESCENT,39.02,39.24,-6.32,-0.63,93880.1,24.74,-0.246,-0.879,-0.204,-0.0,-0.4,-0.2,3.90
81490,DESCENT,39.30,39.18,-6.32,-0.35,93876.9,24.75,-0.245,-0.916,-0.177,0.3,-0.2,0.2,3.90
81500,DESCENT,39.04,39.11,-6.33,-0.05,93879.9,24.75,-0.240,-0.948,-0.186,0.1,-0.2,-0.5,3.90
81510,DESCENT,38.67,39.04,-6.34,-0.22,93884.1,24.75,-0.188,-0.941,-0.183,-0.2,-0.8,-0.1,3.90
81520,DESCENT,39.12,38.98,-6.34,-0.29,93879.0,24.75,-0.236,-0.916,-0.216,-0.4,-0.5,-0.6,3.90
81530,DESCENT,39.09,38.92,-6.34,-0.17,93879.3,24.75,-0.247,-0.925,-0.223,-0.1,-0.4,-0.2,3.90
81540,DESCENT,38.82,38.86,-6.34,-0.44,93882.4,24.75,-0.230,-0.909,-0.183,-0.2,-0.1,-0.5,3.90
81550,DESCENT,38.59,38.79,-6.35,-0.30,93884.9,24.75,-0.220,-0.925,-0.192,0.2,-0.3,-0.2,3.90
81560,DESCENT,39.10,38.73,-6.34,-0.53,93879.2,24.75,-0.217,-0.900,-0.192,-0.1,-0.4,-0.4,3.90
81570,DESCENT,39.00,38.68,-6.33,-0.38,93880.4,24.75,-0.224,-0.921,-0.162,-0.0,-0.7,-0.6,3.90
81580,DESCENT,38.46,38.61,-6.34,-0.38,93886.4,24.75,-0.219,-0.914,-0.201,-0.1,-0.5,-0.2,3.90
81590,DESCENT,38.53,38.55,-6.35,-0.34,93885.6,24.75,-0.224,-0.918,-0.198,0.4,-0.6,-0.8,3.90
81600,DESCENT,38.48,38.49,-6.35,0.09,93886.2,24.75,-0.234,-0.956,-0.222,0.1,-0.2,0.5,3.90
81610,DESCENT,38.51,38.42,-6.34,-0.10,93885.9,24.75,-0.239,-0.940,-0.199,0.3,-0.6,-0.5,3.90
81620,DESCENT,38.53,38.37,-6.34,-0.42,93885.6,24.75,-0.200,-0.912,-0.212,0.6,-0.6,0.1,3.90
81630,DESCENT,38.35,38.30,-6.34,-0.34,93887.7,24.75,-0.227,-0.925,-0.156,0.0,-0.0,-0.2,3.90
81640,DESCENT,37.84,38.23,-6.36,-0.26,93893.4,24.75,-0.222,-0.932,-0.175,-0.1,-0.4,-0.2,3.90
81650,DESCENT,38.22,38.17,-6.36,-0.50,93889.1,24.75,-0.259,-0.892,-0.198,-0.6,0.2,-0.3,3.90
81660,DESCENT,37.99,38.10,-6.37,-0.56,93891.8,24.75,-0.245,-0.896,-0.163,-0.3,-0.1,-0.1,3.90
81670,DESCENT,37.91,38.03,-6.38,-0.15,93892.7,24.75,-0.237,-0.928,-0.235,0.2,-0.2,0.1,3.90
81680,DESCENT,38.04,37.97,-6.38,-0.41,93891.2,24.75,-0.227,-0.909,-0.199,-0.2,-0.6,0.1,3.90
81690,DESCENT,37.97,37.91,-6.38,-0.56,93892.0,24.75,-0.230,-0.901,-0.157,0.2,-0.3,-0.5,3.90
81700,DESCENT,37.93,37.85,-6.39,-0.49,93892.5,24.75,-0.234,-0.900,-0.192,0.0,-0.1,-0.2,3.90
81710,DESCENT,37.84,37.78,-6.38,0.19,93893.5,24.75,-0.229,-0.976,-0.187,0.4,-0.1,-0.2,3.90
81720,DESCENT,37.82,37.72,-6.38,-0.32,93893.6,24.75,-0.230,-0.911,-0.226,0.5,-0.6,0.2,3.90
81730,DESCENT,37.48,37.65,-6.39,-0.39,93897.5,24.76,-0.220,-0.922,-0.157,-0.2,0.1,-0.4,3.90
81740,DESCENT,37.72,37.59,-6.39,-0.01,93894.8,24.76,-0.237,-0.944,-0.223,0.1,0.2,-0.6,3.90
81750,DESCENT,37.51,37.53,-6.39,0.01,93897.1,24.76,-0.224,-0.957,-0.194,-0.1,-0.3,-0.4,3.90
81760,DESCENT,37.33,37.46,-6.40,-0.14,93899.3,24.76,-0.217,-0.942,-0.196,-0.2,-0.0,-0.4,3.90
81770,DESCENT,37.41,37.40,-6.40,-0.49,93898.3,24.76,-0.204,-0.911,-0.176,-0.3,-0.7,-0.2,3.90
81780,DESCENT,37.55,37.34,-6.39,0.10,93896.7,24.76,-0.232,-0.967,-0.179,0.3,-0.4,-0.2,3.90
81790,DESCENT,37.54,37.28,-6.38,-0.27,93896.8,24.76,-0.189,-0.935,-0.187,0.1,-0.3,0.1,3.90
81800,DESCENT,36.91,37.21,-6.40,-0.05,93904.0,24.76,-0.245,-0.947,-0.189,-0.1,-0.3,-0.3,3.90
81810,DESCENT,37.14,37.15,-6.40,-0.70,93901.3,24.76,-0.211,-0.887,-0.174,0.0,-0.1,0.1,3.90
81820,DESCENT,37.38,37.09,-6.39,-0.58,93898.7,24.76,-0.205,-0.895,-0.204,0.0,-0.1,-0.5,3.90
81830,DESCENT,36.89,37.02,-6.41,-0.48,93904.2,24.76,-0.196,-0.908,-0.205,-0.3,-0.3,-0.1,3.90
81840,DESCENT,37.17,36.97,-6.40,-0.26,93901.0,24.76,-0.214,-0.932,-0.187,0.2,0.3,-0.3,3.90
81850,DESCENT,36.91,36.90,-6.40,-0.19,93903.9,24.76,-0.229,-0.927,-0.221,0.4,-0.1,0.1,3.90
81860,DESCENT,36.70,36.83,-6.41,-0.14,93906.3,24.76,-0.208,-0.945,-0.187,0.1,-0.3,-0.1,3.90
81870,DESCENT,36.72,36.77,-6.41,-0.16,93906.2,24.76,-0.224,-0.943,-0.167,0.2,-0.5,-0.2,3.90
81880,DESCENT,36.63,36.70,-6.42,-0.39,93907.1,24.76,-0.204,-0.913,-0.212,0.2,0.1,0.0,3.90
81890,DESCENT,36.90,36.65,-6.41,-0.04,93904.1,24.76,-0.228,-0.951,-0.190,0.2,-0.0,-0.2,3.90
81900,DESCENT,36.69,36.58,-6.41,-0.15,93906.4,24.76,-0.228,-0.939,-0.189,0.4,-0.2,-0.6,3.90
81910,DESCENT,36.47,36.52,-6.41,-0.22,93908.9,24.76,-0.245,-0.934,-0.151,0.2,-0.9,-0.4,3.90
81920,DESCENT,36.55,36.46,-6.41,0.01,93908.0,24.76,-0.189,-0.962,-0.200,-0.2,-0.3,0.4,3.90
81930,DESCENT,36.39,36.39,-6.41,-0.16,93909.8,24.76,-0.230,-0.937,-0.187,0.2,-0.8,0.2,3.90
81940,DESCENT,36.33,36.33,-6.41,-0.26,93910.5,24.76,-0.210,-0.935,-0.172,0.1,-0.1,-0.5,3.90
81950,DESCENT,35.97,36.26,-6.42,-0.17,93914.6,24.76,-0.225,-0.936,-0.199,0.2,-0.4,-0.2,3.90
81960,DESCENT,36.30,36.20,-6.42,-0.24,93910.8,24.76,-0.222,-0.936,-0.158,-0.3,-0.2,-1.0,3.90
81970,DESCENT,35.90,36.13,-6.43,-0.18,93915.3,24.76,-0.200,-0.945,-0.175,0.4,-0.2,-0.6,3.90
81980,DESCENT,36.05,36.06,-6.44,-0.28,93913.7,24.77,-0.218,-0.921,-0.216,0.0,-0.1,0.2,3.90
81990,DESCENT,36.11,36.00,-6.43,-0.15,93913.0,24.77,-0.210,-0.941,-0.203,-0.2,-0.1,-0.2,3.90
82000,DESCENT,36.24,35.94,-6.42,-0.34,93911.5,24.77,-0.230,-0.917,-0.192,-0.1,0.0,0.1,3.90
82010,DESCENT,35.98,35.88,-6.42,0.05,93914.5,24.77,-0.224,-0.961,-0.194,0.2,-0.0,-0.1,3.90
82020,DESCENT,35.89,35.82,-6.42,-0.21,93915.5,24.77,-0.193,-0.940,-0.188,0.6,-0.3,-0.3,3.90
82030,DESCENT,35.64,35.75,-6.43,-0.30,93918.3,24.77,-0.210,-0.930,-0.174,-0.1,-0.4,-0.0,3.90
82040,DESCENT,35.47,35.68,-6.44,-0.21,93920.3,24.77,-0.222,-0.939,-0.164,-0.1,-0.3,-0.1,3.90
82050,DESCENT,35.48,35.61,-6.45,-0.12,93920.2,24.77,-0.193,-0.951,-0.189,0.5,-0.3,-0.1,3.90
82060,DESCENT,35.42,35.55,-6.45,-0.57,93920.8,24.77,-0.226,-0.896,-0.182,0.3,-0.4,-0.6,3.90
82070,DESCENT,35.44,35.48,-6.46,-0.16,93920.5,24.77,-0.205,-0.945,-0.185,0.1,-0.4,-0.0,3.90
82080,DESCENT,35.55,35.42,-6.46,-0.21,93919.3,24.77,-0.211,-0.935,-0.196,-0.1,-0.5,-0.4,3.90
82090,DESCENT,35.62,35.36,-6.45,-0.29,93918.5,24.77,-0.193,-0.933,-0.187,0.1,-0.5,0.1,3.90
82100,DESCENT,35.33,35.30,-6.45,-0.10,93921.8,24.77,-0.223,-0.940,-0.216,-0.2,0.7,-0.3,3.90
82110,DESCENT,35.43,35.24,-6.44,-0.20,93920.6,24.77,-0.199,-0.935,-0.212,0.7,0.1,-0.3,3.90
82120,DESCENT,35.13,35.17,-6.45,-0.19,93924.0,24.77,-0.214,-0.937,-0.192,0.1,-0.2,-0.0,3.90
82130,DESCENT,35.50,35.12,-6.43,-0.33,93919.9,24.77,-0.219,-0.918,-0.206,0.5,-0.4,-0.6,3.90
82140,DESCENT,35.43,35.07,-6.42,-0.65,93920.6,24.77,-0.227,-0.891,-0.158,0.6,-0.4,-0.7,3.90
82150,DESCENT,35.49,35.02,-6.41,-0.21,93920.0,24.77,-0.234,-0.935,-0.169,0.2,-0.3,0.3,3.90
82160,DESCENT,34.97,34.95,-6.41,-0.35,93925.9,24.77,-0.254,-0.914,-0.169,0.4,0.3,0.4,3.90
82170,DESCENT,34.90,34.89,-6.41,-0.53,93926.7,24.77,-0.217,-0.900,-0.190,0.2,-0.7,-0.2,3.90
82180,DESCENT,35.13,34.83,-6.40,-0.19,93924.1,24.77,-0.237,-0.931,-0.201,-0.0,0.1,-0.3,3.90
82190,DESCENT,34.70,34.77,-6.41,-0.06,93928.9,24.77,-0.232,-0.946,-0.202,-0.2,-0.5,-0.4,3.90
82200,DESCENT,34.96,34.71,-6.40,-0.35,93926.0,24.77,-0.241,-0.918,-0.168,0.4,-0.4,-0.0,3.90
82210,DESCENT,34.53,34.64,-6.41,0.20,93930.8,24.77,-0.250,-0.973,-0.182,0.2,-0.2,0.2,3.90
82220,DESCENT,34.79,34.58,-6.40,-0.09,93927.9,24.77,-0.244,-0.935,-0.222,-0.1,-0.3,-0.9,3.90
82230,DESCENT,34.76,34.53,-6.39,-0.18,93928.3,24.78,-0.237,-0.939,-0.164,0.1,-0.4,-0.8,3.90
82240,DESCENT,34.39,34.46,-6.39,0.03,93932.5,24.78,-0.228,-0.954,-0.209,0.4,-0.5,-0.4,3.90
82250,DESCENT,34.74,34.41,-6.38,-0.36,93928.5,24.78,-0.214,-0.919,-0.191,0.0,-0.4,-0.3,3.90
82260,DESCENT,34.27,34.34,-6.39,-0.40,93933.7,24.78,-0.234,-0.912,-0.181,0.3,-0.5,-0.0,3.90
82270,DESCENT,34.36,34.28,-6.39,0.08,93932.8,24.78,-0.203,-0.958,-0.244,0.1,-0.1,0.5,3.90
82280,DESCENT,34.52,34.22,-6.37,-0.35,93931.0,24.78,-0.230,-0.914,-0.202,-0.1,-0.3,0.3,3.90
82290,DESCENT,34.04,34.16,-6.38,0.07,93936.4,24.78,-0.237,-0.966,-0.162,0.2,0.2,-0.3,3.90
82300,DESCENT,34.22,34.10,-6.37,0.15,93934.3,24.78,-0.207,-0.979,-0.175,0.4,-0.1,0.5,3.90
82310,DESCENT,33.96,34.03,-6.38,-0.21,93937.2,24.78,-0.279,-0.910,-0.229,0.1,-0.3,0.1,3.90
82320,DESCENT,33.84,33.96,-6.38,-0.11,93938.6,24.78,-0.178,-0.944,-0.237,0.2,0.1,-0.1,3.90
82330,DESCENT,33.44,33.89,-6.41,-0.43,93943.2,24.78,-0.219,-0.912,-0.183,0.2,0.2,-0.1,3.90
82340,DESCENT,34.12,33.83,-6.40,-0.13,93935.5,24.78,-0.210,-0.948,-0.175,0.2,-0.4,-0.1,3.90
82350,DESCENT,33.94,33.77,-6.39,0.20,93937.5,24.78,-0.264,-0.966,-0.201,0.1,-0.4,0.0,3.90
82360,DESCENT,34.08,33.72,-6.38,-0.45,93935.9,24.78,-0.225,-0.906,-0.197,-0.5,-1.1,-0.2,3.90
82370,DESCENT,33.54,33.65,-6.38,0.23,93942.0,24.78,-0.217,-0.972,-0.239,0.3,-0.0,-0.1,3.90
82380,DESCENT,33.81,33.59,-6.37,0.09,93939.0,24.78,-0.237,-0.963,-0.186,0.7,-0.2,-0.5,3.90
82390,DESCENT,33.51,33.53,-6.37,-0.51,93942.4,24.78,-0.177,-0.905,-0.216,-0.1,-0.3,-0.1,3.90
82400,DESCENT,33.51,33.47,-6.38,-0.35,93942.4,24.78,-0.245,-0.916,-0.174,-0.0,-0.5,0.3,3.90
82410,DESCENT,33.29,33.40,-6.38,-0.23,93944.9,24.78,-0.182,-0.943,-0.176,-0.3,-0.6,-0.1,3.90
82420,DESCENT,33.39,33.34,-6.38,-0.11,93943.7,24.78,-0.214,-0.947,-0.187,-0.1,-0.1,-0.3,3.90
82430,DESCENT,33.33,33.28,-6.38,-0.33,93944.4,24.78,-0.246,-0.916,-0.183,-0.5,0.2,-0.1,3.90
82440,DESCENT,33.49,33.22,-6.37,0.04,93942.6,24.78,-0.212,-0.962,-0.197,-0.2,-0.0,-0.6,3.90
82450,DESCENT,32.89,33.15,-6.39,-0.50,93949.3,24.78,-0.226,-0.905,-0.173,-0.2,-0.3,-0.3,3.90
82460,DESCENT,32.93,33.08,-6.40,-0.32,93949.0,24.78,-0.197,-0.924,-0.210,0.5,-0.3,-0.4,3.90
82470,DESCENT,33.10,33.02,-6.40,-0.37,93947.0,24.78,-0.219,-0.918,-0.191,-0.3,-0.3,0.3,3.90
82480,DESCENT,33.19,32.96,-6.39,-0.33,93946.0,24.79,-0.191,-0.933,-0.163,-0.1,-0.3,-0.6,3.90
82490,DESCENT,33.04,32.90,-6.39,0.01,93947.6,24.79,-0.275,-0.942,-0.197,0.5,-0.1,0.2,3.90
82500,DESCENT,32.96,32.84,-6.38,-0.51,93948.6,24.79,-0.226,-0.900,-0.190,0.3,-0.4,-0.7,3.90
82510,DESCENT,32.98,32.78,-6.38,-0.68,93948.3,24.79,-0.196,-0.895,-0.168,-0.5,-0.4,-0.8,3.90
82520,DESCENT,33.27,32.73,-6.36,-0.34,93945.0,24.79,-0.256,-0.909,-0.202,0.5,-0.3,-0.4,3.90
82530,DESCENT,32.73,32.67,-6.37,-0.17,93951.2,24.79,-0.223,-0.936,-0.199,-0.1,-0.4,-0.3,3.90
82540,DESCENT,32.62,32.61,-6.37,-0.01,93952.4,24.79,-0.210,-0.951,-0.224,0.2,-0.1,-0.0,3.90
82550,DESCENT,33.10,32.56,-6.35,-0.56,93947.0,24.79,-0.246,-0.898,-0.145,0.4,-0.0,0.1,3.90
82560,DESCENT,32.39,32.49,-6.35,-0.21,93955.0,24.79,-0.208,-0.941,-0.171,-0.0,-0.2,-0.3,3.90
82570,DESCENT,32.00,32.42,-6.38,-0.40,93959.5,24.79,-0.252,-0.901,-0.211,0.5,-0.6,-0.0,3.90
82580,DESCENT,32.43,32.36,-6.37,-0.12,93954.5,24.79,-0.228,-0.947,-0.167,-0.1,-0.0,-0.2,3.90
82590,DESCENT,32.12,32.29,-6.38,-0.16,93958.1,24.79,-0.198,-0.948,-0.170,-0.1,-0.3,-0.2,3.90
82600,DESCENT,32.04,32.22,-6.39,0.17,93959.0,24.79,-0.252,-0.965,-0.205,0.3,-0.5,-0.2,3.90
82610,DESCENT,31.79,32.15,-6.41,-0.58,93961.8,24.79,-0.233,-0.892,-0.184,-0.2,-0.4,-0.5,3.90
82620,DESCENT,32.20,32.08,-6.41,-0.30,93957.2,24.79,-0.230,-0.929,-0.159,-0.1,-0.0,-0.5,3.90
82630,DESCENT,32.53,32.03,-6.39,-0.33,93953.4,24.79,-0.208,-0.927,-0.182,-0.1,-0.4,-0.4,3.90
82640,DESCENT,32.08,31.97,-6.39,-0.35,93958.5,24.79,-0.214,-0.926,-0.164,-0.2,0.0,-0.2,3.90
82650,DESCENT,31.80,31.91,-6.40,-0.29,93961.7,24.79,-0.203,-0.936,-0.156,0.4,-0.1,0.2,3.90
82660,DESCENT,32.38,31.86,-6.38,-0.37,93955.1,24.79,-0.203,-0.915,-0.220,0.3,-0.4,-0.2,3.90
82670,DESCENT,32.16,31.80,-6.36,0.07,93957.6,24.79,-0.236,-0.955,-0.215,-0.4,-0.2,0.1,3.90
82680,DESCENT,32.15,31.75,-6.35,-0.25,93957.7,24.79,-0.229,-0.925,-0.198,-0.2,0.2,-0.2,3.90
82690,DESCENT,31.54,31.68,-6.36,-0.08,93964.6,24.79,-0.227,-0.944,-0.201,-0.2,-0.3,-0.2,3.90
82700,DESCENT,31.69,31.62,-6.36,-0.57,93962.9,24.79,-0.208,-0.898,-0.195,-0.1,-0.2,-0.0,3.90
82710,DESCENT,31.54,31.56,-6.36,-0.11,93964.6,24.79,-0.221,-0.947,-0.180,-0.4,-0.7,0.0,3.90
82720,DESCENT,31.77,31.50,-6.35,-0.35,93962.1,24.79,-0.206,-0.929,-0.155,0.2,-0.1,-0.5,3.90
82730,DESCENT,31.28,31.44,-6.36,-0.30,93967.5,24.80,-0.231,-0.919,-0.203,0.4,-1.2,0.1,3.90
82740,DESCENT,31.53,31.38,-6.36,-0.41,93964.8,24.80,-0.227,-0.914,-0.172,0.5,-0.4,0.2,3.90
82750,DESCENT,31.32,31.31,-6.36,0.14,93967.1,24.80,-0.259,-0.965,-0.179,0.3,-0.3,-0.2,3.90
82760,DESCENT,30.87,31.24,-6.38,-0.40,93972.2,24.80,-0.238,-0.903,-0.215,-0.3,-0.1,0.2,3.90
82770,DESCENT,30.91,31.17,-6.39,-0.38,93971.8,24.80,-0.229,-0.915,-0.186,0.1,0.1,-0.7,3.90
82780,DESCENT,30.89,31.10,-6.40,-0.26,93971.9,24.80,-0.247,-0.921,-0.198,-0.2,-0.7,0.0,3.90
82790,DESCENT,31.32,31.04,-6.39,-0.02,93967.1,24.80,-0.234,-0.952,-0.192,0.0,-0.1,-0.3,3.90
82800,DESCENT,30.76,30.97,-6.40,-0.43,93973.5,24.80,-0.253,-0.900,-0.200,-0.0,-0.1,-0.6,3.90
82810,DESCENT,30.59,30.90,-6.42,0.16,93975.3,24.80,-0.234,-0.974,-0.176,0.5,-0.4,0.1,3.90
82820,DESCENT,30.88,30.84,-6.41,0.13,93972.0,24.80,-0.253,-0.957,-0.213,-0.1,0.3,-0.4,3.90
82830,DESCENT,30.44,30.76,-6.43,0.02,93977.0,24.80,-0.220,-0.963,-0.166,0.6,-0.0,0.3,3.90
82840,DESCENT,31.02,30.71,-6.41,-0.06,93970.5,24.80,-0.248,-0.935,-0.228,-0.2,-0.4,0.2,3.90
82850,DESCENT,30.89,30.65,-6.40,-0.13,93971.9,24.80,-0.249,-0.937,-0.182,0.6,-0.4,-0.5,3.90
82860,DESCENT,30.32,30.58,-6.42,-0.23,93978.4,24.80,-0.194,-0.939,-0.184,0.6,-0.1,0.1,3.90
82870,DESCENT,30.67,30.52,-6.41,-0.31,93974.4,24.80,-0.227,-0.925,-0.174,0.2,-0.5,0.1,3.90
82880,DESCENT,30.56,30.46,-6.41,-0.32,93975.7,24.80,-0.279,-0.907,-0.185,0.4,0.1,-0.4,3.90
82890,DESCENT,30.02,30.38,-6.43,-0.14,93981.8,24.80,-0.244,-0.934,-0.201,-0.2,-0.8,-0.4,3.90
82900,DESCENT,29.98,30.31,-6.44,-0.03,93982.2,24.80,-0.194,-0.959,-0.194,0.4,-0.3,0.2,3.90
82910,DESCENT,30.77,30.26,-6.42,-0.36,93973.3,24.80,-0.223,-0.919,-0.183,0.4,-0.5,-0.2,3.90
82920,DESCENT,30.60,30.21,-6.41,-0.25,93975.2,24.80,-0.213,-0.934,-0.177,0.2,-0.1,-0.3,3.90
82930,DESCENT,30.27,30.15,-6.41,-0.22,93979.0,24.80,-0.233,-0.936,-0.158,-0.3,0.3,0.5,3.90
82940,DESCENT,29.68,30.07,-6.43,-0.53,93985.6,24.80,-0.209,-0.900,-0.203,-0.3,-0.3,-0.2,3.90
82950,DESCENT,29.98,30.01,-6.44,-0.51,93982.2,24.80,-0.208,-0.903,-0.200,0.2,-0.5,-0.3,3.90
82960,DESCENT,30.14,29.95,-6.43,-0.12,93980.5,24.80,-0.231,-0.944,-0.181,0.8,-0.4,-0.5,3.90
82970,DESCENT,30.26,29.89,-6.42,-0.35,93979.1,24.80,-0.244,-0.924,-0.126,0.2,-0.1,-0.3,3.90
82980,DESCENT,30.00,29.83,-6.41,-0.19,93982.0,24.81,-0.225,-0.939,-0.170,0.0,-0.0,0.1,3.90
82990,DESCENT,29.77,29.77,-6.42,-0.31,93984.6,24.81,-0.206,-0.930,-0.176,-0.1,0.1,-0.2,3.90
83000,DESCENT,29.85,29.71,-6.41,-0.19,93983.8,24.81,-0.232,-0.932,-0.198,0.1,-0.3,-0.1,3.90
83010,DESCENT,29.93,29.65,-6.40,-0.34,93982.9,24.81,-0.225,-0.917,-0.203,0.4,-0.8,-0.2,3.90
83020,DESCENT,29.55,29.59,-6.41,-0.34,93987.2,24.81,-0.213,-0.928,-0.160,-0.0,-0.6,-0.7,3.90
83030,DESCENT,29.49,29.52,-6.41,-0.07,93987.8,24.81,-0.274,-0.938,-0.180,-0.2,-0.3,-0.4,3.90
83040,DESCENT,29.50,29.46,-6.41,-0.26,93987.6,24.81,-0.229,-0.913,-0.245,0.1,-0.5,-0.3,3.90
83050,DESCENT,29.43,29.40,-6.42,-0.59,93988.5,24.81,-0.161,-0.906,-0.190,-0.4,-0.6,-0.3,3.90
83060,DESCENT,29.56,29.34,-6.41,-0.17,93986.9,24.81,-0.246,-0.925,-0.225,0.0,-0.2,-0.1,3.90
83070,DESCENT,29.78,29.29,-6.39,0.02,93984.5,24.81,-0.240,-0.960,-0.156,0.1,-0.5,0.4,3.90
83080,DESCENT,29.00,29.22,-6.40,-0.19,93993.3,24.81,-0.261,-0.927,-0.189,0.1,-0.3,-0.4,3.90
83090,DESCENT,29.31,29.16,-6.40,-0.25,93989.9,24.81,-0.234,-0.920,-0.220,-0.2,-0.1,0.1,3.90
83100,DESCENT,29.12,29.10,-6.40,-0.24,93992.0,24.81,-0.219,-0.928,-0.208,-0.1,-0.8,0.1,3.90
83110,DESCENT,29.12,29.03,-6.39,0.16,93992.0,24.81,-0.223,-0.969,-0.212,-0.8,-0.1,0.3,3.90
83120,DESCENT,29.14,28.98,-6.39,-0.06,93991.7,24.81,-0.209,-0.951,-0.199,0.1,0.4,-0.2,3.90
83130,DESCENT,29.01,28.91,-6.38,-0.25,93993.2,24.81,-0.244,-0.925,-0.189,-0.1,-0.1,-0.2,3.90
83140,DESCENT,29.04,28.86,-6.38,0.03,93992.9,24.81,-0.237,-0.950,-0.220,0.3,0.1,-0.1,3.90
83150,DESCENT,28.89,28.79,-6.38,-0.15,93994.5,24.81,-0.245,-0.941,-0.157,-0.3,-0.3,0.3,3.90
83160,DESCENT,28.59,28.73,-6.38,-0.30,93998.0,24.81,-0.184,-0.929,-0.206,0.1,0.1,0.5,3.90
83170,DESCENT,28.40,28.66,-6.40,-0.69,94000.1,24.81,-0.212,-0.885,-0.191,0.3,-0.3,-0.6,3.90
83180,DESCENT,28.70,28.59,-6.40,0.03,93996.8,24.81,-0.199,-0.962,-0.204,-0.1,-0.3,-0.3,3.90
83190,DESCENT,28.68,28.54,-6.39,-0.24,93996.9,24.81,-0.240,-0.929,-0.175,0.6,-0.5,-0.4,3.90
83200,DESCENT,28.35,28.47,-6.40,-0.16,94000.7,24.81,-0.266,-0.924,-0.213,0.3,-0.9,-0.6,3.90
83210,DESCENT,28.34,28.40,-6.40,-0.17,94000.8,24.81,-0.242,-0.930,-0.206,0.5,-0.4,-0.5,3.90
83220,DESCENT,28.35,28.34,-6.40,-0.09,94000.7,24.81,-0.223,-0.937,-0.235,0.5,-0.5,0.0,3.90
83230,DESCENT,28.04,28.27,-6.42,-0.18,94004.2,24.82,-0.197,-0.944,-0.184,0.3,-0.4,0.0,3.90
83240,DESCENT,28.30,28.21,-6.41,-0.42,94001.2,24.82,-0.216,-0.910,-0.204,0.2,-0.2,-0.3,3.90
83250,DESCENT,28.07,28.14,-6.42,-0.53,94003.8,24.82,-0.226,-0.891,-0.223,-0.1,-0.2,-0.5,3.90
83260,DESCENT,28.13,28.08,-6.42,-0.23,94003.2,24.82,-0.200,-0.932,-0.210,0.9,-0.3,-0.1,3.90
83270,DESCENT,28.43,28.02,-6.41,-0.15,93999.7,24.82,-0.233,-0.939,-0.182,-0.2,0.1,-0.4,3.90
83280,DESCENT,27.78,27.96,-6.42,-0.25,94007.1,24.82,-0.241,-0.923,-0.197,0.1,-0.9,-0.5,3.90
83290,DESCENT,28.02,27.89,-6.41,0.03,94004.5,24.82,-0.243,-0.952,-0.206,-0.2,-0.2,-0.5,3.90
83300,DESCENT,27.95,27.83,-6.41,-0.09,94005.2,24.82,-0.207,-0.953,-0.174,-0.3,-0.5,-0.4,3.90
83310,DESCENT,27.75,27.77,-6.41,-0.32,94007.5,24.82,-0.197,-0.924,-0.207,-0.1,-0.2,-0.1,3.90
83320,DESCENT,27.74,27.71,-6.41,-0.19,94007.5,24.82,-0.227,-0.939,-0.168,-0.3,-0.6,-0.2,3.90
83330,DESCENT,27.73,27.64,-6.41,-0.34,94007.7,24.82,-0.250,-0.913,-0.189,-0.1,-0.1,-0.6,3.90
83340,DESCENT,27.57,27.58,-6.42,-0.41,94009.5,24.82,-0.242,-0.908,-0.188,0.4,-0.4,-0.2,3.90
83350,DESCENT,27.70,27.52,-6.41,-0.02,94008.0,24.82,-0.270,-0.941,-0.195,0.2,-0.1,-0.2,3.90
83360,DESCENT,27.58,27.46,-6.41,-0.30,94009.4,24.82,-0.240,-0.915,-0.211,-0.0,-0.0,-0.2,3.90
83370,DESCENT,27.97,27.41,-6.39,-0.35,94005.0,24.82,-0.227,-0.920,-0.176,0.1,0.2,-0.0,3.90
83380,DESCENT,27.87,27.36,-6.37,-0.09,94006.1,24.82,-0.250,-0.939,-0.195,-0.2,-0.4,-0.3,3.90
83390,DESCENT,27.66,27.31,-6.36,-0.25,94008.5,24.82,-0.241,-0.931,-0.154,0.2,-0.6,-0.0,3.90
83400,DESCENT,27.00,27.24,-6.37,-0.14,94015.9,24.82,-0.194,-0.944,-0.208,0.2,-0.3,0.2,3.90
83410,DESCENT,27.83,27.19,-6.35,-0.44,94006.5,24.82,-0.217,-0.911,-0.186,0.0,0.1,-0.4,3.90
83420,DESCENT,26.96,27.13,-6.36,-0.25,94016.4,24.82,-0.218,-0.931,-0.185,0.3,-0.2,0.3,3.90
83430,DESCENT,27.67,27.08,-6.33,-0.12,94008.4,24.82,-0.232,-0.940,-0.197,0.3,0.1,-0.5,3.90
83440,DESCENT,27.29,27.02,-6.32,-0.23,94012.7,24.82,-0.221,-0.937,-0.162,-0.3,-0.2,-0.5,3.90
83450,DESCENT,26.90,26.96,-6.33,-0.41,94017.1,24.82,-0.229,-0.915,-0.169,-0.0,-0.6,-0.4,3.90
83460,DESCENT,26.56,26.89,-6.34,0.13,94020.9,24.82,-0.248,-0.960,-0.211,0.3,-0.4,-0.6,3.90
83470,DESCENT,26.77,26.82,-6.35,-0.01,94018.6,24.82,-0.229,-0.955,-0.179,0.1,0.2,0.2,3.90
83480,DESCENT,26.68,26.76,-6.35,-0.01,94019.5,24.83,-0.219,-0.955,-0.195,-0.6,0.4,-0.3,3.90
83490,DESCENT,26.74,26.69,-6.35,-0.41,94018.9,24.83,-0.205,-0.919,-0.179,-0.1,-0.4,-0.8,3.90
83500,DESCENT,26.34,26.62,-6.36,-0.16,94023.5,24.83,-0.197,-0.946,-0.186,0.6,-0.1,-0.1,3.90
83510,DESCENT,26.47,26.56,-6.37,-0.23,94022.0,24.83,-0.233,-0.936,-0.153,0.3,-0.6,-0.2,3.90
83520,DESCENT,26.63,26.50,-6.37,-0.67,94020.1,24.83,-0.238,-0.883,-0.178,-0.0,-0.3,-0.0,3.90
83530,DESCENT,26.64,26.44,-6.36,-0.18,94020.0,24.83,-0.206,-0.933,-0.225,0.3,-0.3,0.1,3.90
83540,DESCENT,26.59,26.38,-6.36,0.02,94020.6,24.83,-0.240,-0.959,-0.164,0.3,-0.3,-0.2,3.90
83550,DESCENT,26.54,26.32,-6.35,-0.21,94021.2,24.83,-0.230,-0.928,-0.207,-0.0,-0.5,-0.2,3.90
83560,DESCENT,26.64,26.27,-6.34,-0.49,94020.1,24.83,-0.235,-0.899,-0.199,0.5,-0.2,0.3,3.90
83570,DESCENT,26.62,26.22,-6.32,-0.10,94020.2,24.83,-0.209,-0.949,-0.191,0.5,-0.0,-1.0,3.90
83580,DESCENT,26.49,26.16,-6.31,-0.23,94021.7,24.83,-0.196,-0.934,-0.208,-0.6,-0.0,-0.9,3.90
83590,DESCENT,26.34,26.11,-6.31,-0.56,94023.4,24.83,-0.197,-0.893,-0.226,-0.5,-0.1,-0.3,3.90
83600,DESCENT,25.96,26.04,-6.31,-0.32,94027.7,24.83,-0.196,-0.930,-0.185,0.3,-0.2,-0.3,3.90
83610,DESCENT,25.89,25.98,-6.32,-0.05,94028.5,24.83,-0.232,-0.950,-0.185,-1.1,-0.5,-0.6,3.90
83620,DESCENT,26.18,25.92,-6.31,0.08,94025.2,24.83,-0.246,-0.955,-0.208,0.4,-0.5,-0.2,3.90
83630,DESCENT,25.78,25.86,-6.31,-0.15,94029.8,24.83,-0.212,-0.942,-0.194,-0.1,-0.5,0.0,3.90
83640,DESCENT,26.02,25.80,-6.30,-0.27,94027.1,24.83,-0.243,-0.929,-0.153,0.6,-0.3,-0.1,3.90
83650,DESCENT,25.75,25.74,-6.31,-0.35,94030.1,24.83,-0.216,-0.924,-0.169,-0.1,0.3,0.1,3.90
83660,DESCENT,25.42,25.67,-6.32,0.07,94033.8,24.83,-0.219,-0.970,-0.166,0.6,-0.4,-0.2,3.90
83670,DESCENT,25.85,25.61,-6.31,-0.22,94028.9,24.83,-0.230,-0.934,-0.170,0.0,-0.5,0.3,3.90
83680,DESCENT,25.47,25.54,-6.31,-0.22,94033.2,24.83,-0.208,-0.936,-0.191,0.1,-0.2,0.4,3.90
83690,DESCENT,25.58,25.48,-6.31,0.10,94032.0,24.83,-0.230,-0.963,-0.205,0.1,-0.1,-0.5,3.90
83700,DESCENT,25.96,25.44,-6.29,0.04,94027.7,24.83,-0.222,-0.959,-0.200,-0.2,0.0,0.0,3.90
83710,DESCENT,25.35,25.37,-6.29,-0.33,94034.6,24.83,-0.213,-0.917,-0.219,0.1,-0.5,0.1,3.90
83720,DESCENT,25.27,25.31,-6.30,-0.72,94035.5,24.84,-0.222,-0.885,-0.161,0.4,-0.4,-0.1,3.90
83730,DESCENT,25.52,25.25,-6.29,-0.27,94032.7,24.84,-0.245,-0.922,-0.194,0.2,-0.3,-0.4,3.90
83740,DESCENT,25.23,25.19,-6.29,0.00,94035.9,24.84,-0.239,-0.952,-0.191,-0.1,-0.1,-0.5,3.90
83750,DESCENT,25.61,25.14,-6.27,0.25,94031.7,24.84,-0.241,-0.977,-0.199,0.3,-0.3,-0.5,3.90
83760,DESCENT,24.86,25.07,-6.28,-0.10,94040.2,24.84,-0.214,-0.951,-0.167,0.2,-0.7,-0.5,3.90
83770,DESCENT,25.06,25.01,-6.28,-0.27,94037.9,24.84,-0.164,-0.937,-0.202,0.2,-0.6,-0.2,3.90
83780,DESCENT,24.81,24.95,-6.29,-0.31,94040.7,24.84,-0.226,-0.921,-0.195,0.6,-0.2,-0.2,3.90
83790,DESCENT,24.76,24.88,-6.29,-0.01,94041.3,24.84,-0.215,-0.959,-0.178,0.1,0.1,0.5,3.90
83800,DESCENT,24.79,24.82,-6.30,-0.18,94040.9,24.84,-0.212,-0.936,-0.209,-0.4,-0.4,-0.8,3.90
83810,DESCENT,24.68,24.75,-6.30,-0.27,94042.1,24.84,-0.226,-0.932,-0.160,-0.4,-0.2,-0.1,3.90
83820,DESCENT,24.93,24.69,-6.29,-0.12,94039.4,24.84,-0.217,-0.940,-0.213,0.2,-0.4,0.1,3.90
83830,DESCENT,24.15,24.62,-6.31,-0.09,94048.2,24.84,-0.242,-0.935,-0.220,-0.1,-0.5,-0.4,3.90
83840,DESCENT,24.42,24.55,-6.32,0.02,94045.2,24.84,-0.228,-0.954,-0.204,-0.0,-0.3,0.0,3.90
83850,DESCENT,24.70,24.49,-6.31,-0.66,94042.0,24.84,-0.208,-0.891,-0.178,0.2,-0.2,-0.3,3.90
83860,DESCENT,24.68,24.44,-6.31,-0.32,94042.1,24.84,-0.192,-0.927,-0.199,0.6,0.1,-0.2,3.90
83870,DESCENT,24.27,24.37,-6.32,-0.03,94046.9,24.84,-0.213,-0.953,-0.200,0.3,-0.3,-0.1,3.90
83880,DESCENT,24.34,24.31,-6.31,0.05,94046.0,24.84,-0.262,-0.953,-0.180,-0.4,-0.2,0.3,3.90
83890,DESCENT,24.42,24.25,-6.31,-0.30,94045.1,24.84,-0.246,-0.917,-0.197,0.0,0.2,-0.6,3.90
83900,DESCENT,24.37,24.19,-6.30,-0.08,94045.7,24.84,-0.251,-0.943,-0.181,0.1,-0.2,-0.2,3.90
83910,DESCENT,24.30,24.13,-6.30,-0.07,94046.5,24.84,-0.236,-0.938,-0.222,0.1,-0.3,-0.9,3.90
83920,DESCENT,24.53,24.08,-6.28,0.11,94043.9,24.84,-0.269,-0.959,-0.176,-0.5,0.2,-0.1,3.90
83930,DESCENT,24.15,24.03,-6.27,-0.20,94048.2,24.84,-0.222,-0.938,-0.175,-0.8,-0.2,-0.1,3.90
83940,DESCENT,24.05,23.96,-6.27,-0.02,94049.3,24.84,-0.208,-0.951,-0.221,0.2,-0.4,-0.2,3.90
83950,DESCENT,24.31,23.91,-6.26,-0.10,94046.4,24.84,-0.243,-0.945,-0.162,0.0,-0.3,0.0,3.90
83960,DESCENT,23.54,23.84,-6.27,-0.27,94055.1,24.84,-0.176,-0.938,-0.186,0.2,-0.3,-0.4,3.90
83970,DESCENT,23.39,23.77,-6.29,-0.07,94056.8,24.85,-0.248,-0.941,-0.199,-0.5,0.1,-0.8,3.90
83980,DESCENT,23.74,23.71,-6.29,0.00,94052.8,24.85,-0.262,-0.948,-0.184,-0.1,-0.4,-0.4,3.90
83990,DESCENT,23.70,23.65,-6.29,-0.59,94053.2,24.85,-0.196,-0.902,-0.173,0.4,-0.4,-0.3,3.90
84000,DESCENT,23.78,23.59,-6.28,0.01,94052.3,24.85,-0.201,-0.963,-0.187,0.4,-0.7,-0.3,3.90
84010,DESCENT,23.79,23.53,-6.27,-0.16,94052.3,24.85,-0.231,-0.943,-0.158,0.3,-0.1,-0.1,3.90
84020,DESCENT,23.30,23.47,-6.28,-0.20,94057.8,24.85,-0.237,-0.930,-0.194,-0.1,-0.7,-0.1,3.90
84030,DESCENT,23.43,23.40,-6.28,-0.37,94056.3,24.85,-0.219,-0.923,-0.159,0.1,-0.1,-0.1,3.90
84040,DESCENT,23.51,23.35,-6.28,-0.15,94055.4,24.85,-0.248,-0.934,-0.192,0.7,0.0,-0.4,3.90
84050,DESCENT,23.49,23.29,-6.27,-0.03,94055.6,24.85,-0.218,-0.951,-0.205,-0.1,0.0,-0.4,3.90
84060,DESCENT,23.56,23.24,-6.26,-0.09,94054.9,24.85,-0.248,-0.945,-0.166,0.1,0.1,-0.4,3.90
84070,DESCENT,23.36,23.18,-6.25,-0.04,94057.1,24.85,-0.219,-0.953,-0.191,0.3,-0.1,-0.6,3.90
84080,DESCENT,23.08,23.11,-6.25,-0.05,94060.3,24.85,-0.237,-0.938,-0.231,-0.0,-0.1,0.2,3.90
84090,DESCENT,23.18,23.06,-6.25,-0.08,94059.1,24.85,-0.233,-0.939,-0.218,0.1,-0.4,-0.1,3.90
84100,DESCENT,22.94,22.99,-6.25,0.13,94061.8,24.85,-0.198,-0.970,-0.214,0.2,-0.2,-0.3,3.90
84110,DESCENT,22.99,22.93,-6.25,-0.09,94061.3,24.85,-0.216,-0.945,-0.207,0.6,-0.2,-0.1,3.90
84120,DESCENT,22.97,22.87,-6.25,-0.71,94061.5,24.85,-0.244,-0.876,-0.179,0.1,0.1,0.1,3.90
84130,DESCENT,22.95,22.81,-6.24,-0.05,94061.7,24.85,-0.247,-0.935,-0.235,-0.1,-0.4,0.0,3.90
84140,DESCENT,23.06,22.76,-6.23,-0.39,94060.5,24.85,-0.243,-0.905,-0.208,0.0,-0.4,0.3,3.90
84150,DESCENT,22.86,22.70,-6.23,-0.22,94062.8,24.85,-0.223,-0.933,-0.186,-0.1,-0.2,-0.5,3.90
84160,DESCENT,22.13,22.63,-6.25,0.06,94071.0,24.85,-0.209,-0.969,-0.178,0.3,-0.4,0.2,3.90
84170,DESCENT,22.58,22.56,-6.25,-0.22,94065.9,24.85,-0.198,-0.941,-0.175,0.1,-0.2,0.1,3.90
84180,DESCENT,22.43,22.50,-6.26,-0.14,94067.7,24.85,-0.248,-0.929,-0.220,0.1,-0.7,0.2,3.90
84190,DESCENT,22.54,22.44,-6.26,-0.62,94066.4,24.85,-0.237,-0.889,-0.174,-0.0,-0.8,-0.2,3.90
84200,DESCENT,22.41,22.38,-6.26,-0.08,94067.9,24.85,-0.245,-0.944,-0.181,0.8,-0.1,-0.8,3.90
84210,DESCENT,22.01,22.31,-6.27,0.07,94072.4,24.85,-0.213,-0.967,-0.184,0.2,-0.1,-0.1,3.90
84220,DESCENT,21.96,22.24,-6.28,-0.32,94073.0,24.86,-0.236,-0.924,-0.162,-0.1,-0.5,-0.2,3.90
84230,DESCENT,22.21,22.17,-6.28,-0.23,94070.1,24.86,-0.209,-0.931,-0.206,-0.0,0.0,-0.6,3.90
84240,DESCENT,22.25,22.11,-6.28,-0.01,94069.7,24.86,-0.214,-0.955,-0.202,-0.1,-0.6,-0.6,3.90
84250,DESCENT,21.97,22.05,-6.29,-0.36,94072.8,24.86,-0.243,-0.914,-0.181,0.5,0.0,-0.3,3.90
84260,DESCENT,22.18,21.99,-6.28,-0.31,94070.5,24.86,-0.241,-0.920,-0.185,0.3,-0.1,0.0,3.90
84270,DESCENT,21.77,21.92,-6.29,-0.03,94075.1,24.86,-0.271,-0.943,-0.177,-0.1,0.1,-0.3,3.90
84280,DESCENT,21.82,21.86,-6.29,0.05,94074.5,24.86,-0.252,-0.952,-0.203,0.3,-0.2,-0.2,3.90
84290,DESCENT,21.80,21.80,-6.29,-0.18,94074.7,24.86,-0.242,-0.929,-0.202,-0.4,-0.2,-0.1,3.90
84300,DESCENT,22.12,21.75,-6.28,0.12,94071.1,24.86,-0.253,-0.961,-0.192,0.2,-0.1,-0.3,3.90
84310,DESCENT,21.63,21.68,-6.28,-0.07,94076.6,24.86,-0.217,-0.942,-0.227,-0.4,-0.4,-0.5,3.90
84320,DESCENT,21.90,21.63,-6.27,0.02,94073.7,24.86,-0.252,-0.943,-0.225,0.2,-0.4,0.2,3.90
84330,DESCENT,21.56,21.56,-6.27,-0.16,94077.5,24.86,-0.211,-0.944,-0.181,-0.2,-0.1,0.3,3.90
84340,DESCENT,21.53,21.50,-6.27,0.05,94077.7,24.86,-0.256,-0.954,-0.183,0.3,-0.1,0.2,3.90
84350,DESCENT,21.55,21.44,-6.26,0.36,94077.5,24.86,-0.240,-0.993,-0.180,0.1,0.0,-0.1,3.90
84360,DESCENT,21.37,21.38,-6.26,-0.19,94079.6,24.86,-0.238,-0.935,-0.170,-0.0,0.0,-0.4,3.90
84370,DESCENT,20.98,21.31,-6.27,0.06,94084.0,24.86,-0.223,-0.964,-0.183,0.4,-0.4,-0.1,3.90
84380,DESCENT,20.92,21.24,-6.29,0.09,94084.8,24.86,-0.242,-0.962,-0.184,0.6,0.1,-0.4,3.90
84390,DESCENT,21.35,21.18,-6.28,0.12,94079.8,24.86,-0.228,-0.966,-0.195,0.3,-0.5,-0.1,3.90
84400,DESCENT,21.52,21.13,-6.26,-0.43,94077.9,24.86,-0.220,-0.906,-0.211,-0.3,-0.2,0.1,3.90
84410,DESCENT,21.31,21.07,-6.26,-0.11,94080.3,24.86,-0.229,-0.939,-0.211,0.3,0.1,0.1,3.90
84420,DESCENT,21.27,21.02,-6.25,-0.37,94080.8,24.86,-0.208,-0.919,-0.198,-0.1,-0.0,-0.3,3.90
84430,DESCENT,20.94,20.95,-6.25,-0.18,94084.5,24.86,-0.230,-0.932,-0.210,0.0,-0.5,-0.3,3.90
84440,DESCENT,20.90,20.89,-6.26,-0.76,94084.9,24.86,-0.175,-0.888,-0.170,0.3,-0.2,-0.2,3.90
84450,DESCENT,20.54,20.82,-6.27,-0.10,94089.0,24.86,-0.242,-0.942,-0.185,0.7,-0.1,-0.2,3.90
84460,DESCENT,20.94,20.76,-6.27,-0.36,94084.5,24.86,-0.218,-0.922,-0.177,0.1,-0.5,-0.4,3.90
84470,DESCENT,20.95,20.71,-6.26,-0.03,94084.4,24.87,-0.224,-0.955,-0.183,-0.1,0.0,0.2,3.90
84480,DESCENT,20.84,20.65,-6.25,-0.58,94085.6,24.87,-0.203,-0.900,-0.179,0.1,-0.1,0.1,3.90
84490,DESCENT,20.88,20.60,-6.25,-0.25,94085.1,24.87,-0.260,-0.920,-0.190,0.2,-0.2,-0.4,3.90
84500,DESCENT,20.72,20.54,-6.24,-0.05,94087.0,24.87,-0.239,-0.946,-0.193,0.2,-0.3,-0.0,3.90
84510,DESCENT,20.62,20.48,-6.24,-0.23,94088.1,24.87,-0.257,-0.917,-0.215,0.5,0.1,0.0,3.90
84520,DESCENT,20.40,20.42,-6.24,-0.09,94090.6,24.87,-0.248,-0.942,-0.181,-0.1,0.4,-0.2,3.90
84530,DESCENT,20.20,20.35,-6.25,-0.24,94092.8,24.87,-0.216,-0.939,-0.155,0.2,-0.6,-0.2,3.90
84540,DESCENT,20.76,20.30,-6.23,-0.06,94086.5,24.87,-0.227,-0.949,-0.190,0.6,-0.2,-0.2,3.90
84550,DESCENT,20.61,20.25,-6.21,-0.07,94088.2,24.87,-0.243,-0.945,-0.181,0.4,-0.3,0.2,3.90
84560,DESCENT,20.49,20.20,-6.20,-0.42,94089.6,24.87,-0.196,-0.922,-0.165,-0.2,-0.0,0.4,3.90
84570,DESCENT,20.27,20.14,-6.20,-0.03,94092.0,24.87,-0.231,-0.948,-0.204,0.5,-0.2,-0.4,3.90
84580,DESCENT,20.12,20.08,-6.20,-0.13,94093.8,24.87,-0.212,-0.943,-0.195,0.4,-0.4,-0.6,3.90
84590,DESCENT,20.29,20.02,-6.19,-0.38,94091.9,24.87,-0.218,-0.915,-0.197,0.2,-0.4,0.2,3.90
84600,DESCENT,20.16,19.97,-6.19,-0.05,94093.4,24.87,-0.239,-0.947,-0.193,-0.3,-0.2,-0.1,3.90
84610,DESCENT,19.90,19.90,-6.19,-0.09,94096.3,24.87,-0.185,-0.959,-0.167,-0.5,-0.3,0.5,3.90
84620,DESCENT,19.69,19.84,-6.20,-0.42,94098.7,24.87,-0.222,-0.916,-0.164,0.1,-0.1,-0.1,3.90
84630,DESCENT,19.89,19.78,-6.19,-0.11,94096.3,24.87,-0.207,-0.956,-0.146,0.4,-0.3,-0.2,3.90
84640,DESCENT,19.88,19.72,-6.19,-0.07,94096.5,24.87,-0.275,-0.931,-0.208,0.4,-1.1,-0.2,3.90
84650,DESCENT,20.09,19.67,-6.17,-0.09,94094.1,24.87,-0.251,-0.941,-0.185,-0.5,-0.3,-0.6,3.90
84660,DESCENT,19.72,19.61,-6.17,-0.44,94098.2,24.87,-0.223,-0.913,-0.168,0.3,-0.1,-0.5,3.90
84670,DESCENT,19.46,19.55,-6.18,-0.00,94101.2,24.87,-0.217,-0.958,-0.186,-0.0,-0.3,-0.3,3.90
84680,DESCENT,19.48,19.49,-6.18,-0.22,94101.0,24.87,-0.282,-0.923,-0.158,0.5,-0.3,0.0,3.90
84690,DESCENT,18.99,19.41,-6.20,-0.27,94106.5,24.87,-0.237,-0.926,-0.183,-0.0,-0.2,-0.6,3.90
84700,DESCENT,19.26,19.35,-6.20,-0.27,94103.5,24.87,-0.227,-0.927,-0.186,0.6,-0.2,-0.5,3.90
84710,DESCENT,19.18,19.28,-6.21,-0.09,94104.4,24.87,-0.261,-0.934,-0.203,0.2,-0.2,-0.9,3.90
84720,DESCENT,18.97,19.21,-6.22,0.16,94106.8,24.88,-0.235,-0.966,-0.213,0.5,-0.2,-0.4,3.90
84730,DESCENT,19.44,19.16,-6.21,0.15,94101.5,24.88,-0.201,-0.971,-0.213,0.5,-0.4,-0.2,3.90
84740,DESCENT,18.87,19.09,-6.22,-0.40,94107.9,24.88,-0.216,-0.916,-0.184,-0.4,0.0,-0.5,3.90
84750,DESCENT,18.74,19.02,-6.23,-0.05,94109.4,24.88,-0.252,-0.948,-0.169,0.2,-0.3,0.3,3.90
84760,DESCENT,19.02,18.96,-6.23,-0.15,94106.2,24.88,-0.213,-0.945,-0.175,0.4,-0.9,-0.2,3.90
84770,DESCENT,19.09,18.90,-6.22,0.17,94105.5,24.88,-0.240,-0.971,-0.184,0.6,-0.6,-0.4,3.90
84780,DESCENT,18.88,18.84,-6.22,-0.34,94107.8,24.88,-0.227,-0.927,-0.147,0.5,-0.1,-0.9,3.90
84790,DESCENT,18.70,18.78,-6.23,-0.69,94109.8,24.88,-0.200,-0.890,-0.177,0.5,-0.5,-0.0,3.90
84800,DESCENT,18.88,18.72,-6.23,-0.64,94107.8,24.88,-0.206,-0.897,-0.162,-0.2,-0.3,-0.3,3.90
84810,DESCENT,18.89,18.66,-6.22,0.16,94107.7,24.88,-0.247,-0.967,-0.197,0.1,0.0,0.1,3.90
84820,DESCENT,18.83,18.61,-6.21,-0.02,94108.4,24.88,-0.271,-0.938,-0.207,0.1,-0.2,-0.1,3.90
84830,DESCENT,18.55,18.55,-6.21,-0.27,94111.6,24.88,-0.263,-0.915,-0.197,-0.1,0.1,-0.2,3.90
84840,DESCENT,18.59,18.49,-6.21,-0.33,94111.0,24.88,-0.205,-0.927,-0.181,-0.1,0.1,-0.5,3.90
84850,DESCENT,18.28,18.42,-6.22,-0.03,94114.6,24.88,-0.236,-0.947,-0.204,-0.1,-0.2,0.1,3.90
84860,DESCENT,18.02,18.35,-6.23,0.06,94117.5,24.88,-0.229,-0.960,-0.196,0.1,0.2,-0.1,3.90
84870,DESCENT,18.69,18.30,-6.22,-0.18,94109.9,24.88,-0.240,-0.937,-0.169,0.2,-0.1,-0.2,3.90
84880,DESCENT,18.06,18.23,-6.23,-0.23,94117.0,24.88,-0.248,-0.923,-0.199,0.3,-0.4,-0.0,3.90
84890,DESCENT,18.81,18.19,-6.20,0.07,94108.6,24.88,-0.228,-0.965,-0.175,-0.3,-0.1,-0.4,3.90
84900,DESCENT,18.28,18.13,-6.20,-0.18,94114.5,24.88,-0.152,-0.950,-0.194,0.6,0.1,-0.2,3.90
84910,DESCENT,18.46,18.08,-6.18,-0.28,94112.5,24.88,-0.216,-0.926,-0.198,-0.0,-0.3,-0.1,3.90
84920,DESCENT,18.06,18.02,-6.18,-0.23,94117.1,24.88,-0.242,-0.919,-0.224,0.1,0.2,-0.2,3.90
84930,DESCENT,18.16,17.96,-6.18,-0.11,94116.0,24.88,-0.247,-0.943,-0.169,0.5,-0.8,-0.2,3.90
84940,DESCENT,18.03,17.90,-6.17,-0.32,94117.4,24.88,-0.223,-0.921,-0.191,0.4,-0.6,-0.4,3.90
84950,DESCENT,17.44,17.83,-6.19,-0.24,94124.0,24.88,-0.188,-0.940,-0.179,-0.0,-0.2,-0.4,3.90
84960,DESCENT,17.29,17.76,-6.21,-0.16,94125.8,24.88,-0.254,-0.928,-0.202,0.3,-0.2,0.1,3.90
84970,DESCENT,17.72,17.69,-6.21,-0.17,94120.9,24.89,-0.202,-0.942,-0.196,0.3,0.2,-1.0,3.90
84980,DESCENT,17.72,17.63,-6.21,-0.05,94121.0,24.89,-0.218,-0.952,-0.189,0.1,0.1,-0.5,3.90
84990,DESCENT,17.71,17.58,-6.21,-0.06,94121.0,24.89,-0.233,-0.949,-0.182,0.1,-0.5,-0.2,3.90
85000,DESCENT,17.19,17.50,-6.22,0.19,94127.0,24.89,-0.248,-0.966,-0.210,0.2,-0.4,-0.1,3.90
85010,DESCENT,17.73,17.45,-6.21,-0.42,94120.8,24.89,-0.229,-0.908,-0.197,-0.1,0.4,-0.4,3.90
85020,DESCENT,17.32,17.39,-6.21,0.06,94125.4,24.89,-0.213,-0.965,-0.192,0.2,0.1,-0.7,3.90
85030,DESCENT,17.30,17.32,-6.22,-0.14,94125.7,24.89,-0.237,-0.932,-0.213,0.0,-0.1,-0.3,3.90
85040,DESCENT,17.40,17.27,-6.21,-0.78,94124.5,24.89,-0.201,-0.875,-0.198,-0.6,-0.5,-0.3,3.90
85050,DESCENT,16.97,17.20,-6.23,-0.32,94129.4,24.89,-0.220,-0.925,-0.181,-0.0,-0.2,-0.4,3.90
85060,DESCENT,16.86,17.13,-6.24,-0.17,94130.6,24.89,-0.244,-0.935,-0.176,-0.2,-0.3,0.1,3.90
85070,DESCENT,17.26,17.07,-6.23,0.16,94126.1,24.89,-0.246,-0.962,-0.220,-0.1,-0.5,0.2,3.90
85080,DESCENT,16.88,17.00,-6.24,-0.27,94130.4,24.89,-0.206,-0.925,-0.220,-0.4,-0.2,-0.2,3.90
85090,DESCENT,16.96,16.94,-6.24,0.02,94129.6,24.89,-0.246,-0.954,-0.187,0.3,0.2,-0.2,3.90
85100,DESCENT,17.39,16.89,-6.22,-0.19,94124.7,24.89,-0.194,-0.944,-0.182,-0.4,-0.3,0.3,3.90
85110,DESCENT,16.92,16.83,-6.22,-0.25,94129.9,24.89,-0.227,-0.932,-0.174,0.0,-0.4,0.5,3.90
85120,DESCENT,16.59,16.77,-6.23,-0.31,94133.7,24.89,-0.248,-0.914,-0.201,-0.3,-0.4,-0.2,3.90
85130,DESCENT,16.42,16.70,-6.24,-0.29,94135.7,24.89,-0.208,-0.936,-0.155,0.7,-0.5,0.1,3.90
85140,DESCENT,16.25,16.62,-6.26,-0.15,94137.6,24.89,-0.217,-0.943,-0.182,0.2,-0.1,-0.0,3.90
85150,DESCENT,16.41,16.56,-6.27,-0.37,94135.8,24.89,-0.189,-0.925,-0.184,0.1,-0.2,-0.2,3.90
85160,DESCENT,16.45,16.49,-6.27,0.22,94135.3,24.89,-0.205,-0.979,-0.219,0.5,-0.1,-0.7,3.90
85170,DESCENT,16.45,16.43,-6.27,-0.28,94135.3,24.89,-0.256,-0.914,-0.206,0.6,-0.4,-0.3,3.90
85180,DESCENT,16.41,16.37,-6.27,-0.41,94135.8,24.89,-0.258,-0.900,-0.201,-0.2,0.1,-0.1,3.90
85190,DESCENT,16.13,16.30,-6.28,-0.06,94138.9,24.89,-0.226,-0.955,-0.162,0.2,-0.1,0.8,3.90
85200,DESCENT,16.13,16.24,-6.29,-0.41,94138.9,24.89,-0.220,-0.905,-0.226,-0.2,-0.2,-0.2,3.90
85210,DESCENT,16.39,16.18,-6.28,0.08,94135.9,24.89,-0.176,-0.976,-0.182,-0.1,-0.0,0.2,3.90
85220,DESCENT,15.93,16.11,-6.29,-0.62,94141.1,24.90,-0.241,-0.884,-0.192,0.1,-0.2,0.0,3.90
85230,DESCENT,16.08,16.05,-6.30,-0.49,94139.5,24.90,-0.215,-0.896,-0.233,0.7,-0.8,-0.3,3.90
85240,DESCENT,16.28,15.99,-6.29,-0.17,94137.2,24.90,-0.199,-0.946,-0.181,0.9,0.2,-0.0,3.90
85250,DESCENT,16.05,15.93,-6.28,0.16,94139.9,24.90,-0.231,-0.966,-0.216,-0.0,-0.3,-0.3,3.90
85260,DESCENT,15.64,15.86,-6.29,-0.17,94144.5,24.90,-0.254,-0.925,-0.210,0.3,-1.1,-0.4,3.90
85270,DESCENT,15.66,15.80,-6.30,-0.12,94144.3,24.90,-0.235,-0.937,-0.204,0.2,-0.5,-0.2,3.90
85280,DESCENT,16.12,15.75,-6.29,-0.18,94139.0,24.90,-0.184,-0.950,-0.167,-0.3,-0.1,-0.8,3.90
85290,DESCENT,15.67,15.68,-6.29,-0.13,94144.1,24.90,-0.226,-0.944,-0.179,0.1,0.1,-1.1,3.90
85300,DESCENT,15.45,15.61,-6.30,-0.64,94146.6,24.90,-0.253,-0.880,-0.184,0.6,0.1,-0.2,3.90
85310,DESCENT,15.69,15.56,-6.30,-0.23,94143.9,24.90,-0.198,-0.931,-0.219,-0.4,-0.1,0.0,3.90
85320,DESCENT,15.38,15.49,-6.31,-0.46,94147.5,24.90,-0.244,-0.905,-0.171,-0.0,-0.4,-0.8,3.90
85330,DESCENT,15.35,15.42,-6.31,0.12,94147.7,24.90,-0.243,-0.968,-0.173,-0.4,-0.1,-0.9,3.90
85340,DESCENT,15.24,15.36,-6.32,-0.51,94149.0,24.90,-0.201,-0.911,-0.164,0.1,-0.2,0.1,3.90
85350,DESCENT,15.37,15.30,-6.32,-0.17,94147.5,24.90,-0.245,-0.930,-0.204,0.2,-0.3,-0.0,3.90
85360,DESCENT,15.50,15.24,-6.31,-0.29,94146.1,24.90,-0.215,-0.930,-0.177,-0.1,0.4,-0.4,3.90
85370,DESCENT,15.39,15.18,-6.30,-0.09,94147.3,24.90,-0.249,-0.933,-0.224,0.6,-0.7,0.1,3.90
85380,DESCENT,14.76,15.11,-6.32,-0.38,94154.4,24.90,-0.254,-0.902,-0.214,0.2,-0.4,0.1,3.90
85390,DESCENT,15.27,15.05,-6.31,-0.10,94148.7,24.90,-0.248,-0.942,-0.181,0.2,0.1,0.1,3.90
85400,DESCENT,15.30,15.00,-6.30,-0.12,94148.3,24.90,-0.238,-0.939,-0.191,-0.2,0.1,-0.2,3.90
85410,DESCENT,14.93,14.94,-6.31,-0.43,94152.5,24.90,-0.194,-0.919,-0.180,0.5,-0.3,-0.1,3.90
85420,DESCENT,14.82,14.87,-6.31,-0.48,94153.7,24.90,-0.233,-0.900,-0.202,-0.1,-0.7,0.2,3.90
85430,DESCENT,14.33,14.79,-6.33,-0.03,94159.3,24.90,-0.233,-0.945,-0.214,0.1,-0.4,-0.2,3.90
85440,DESCENT,14.44,14.72,-6.35,-0.17,94158.0,24.90,-0.220,-0.940,-0.183,-0.1,-0.3,0.1,3.90
85450,DESCENT,14.80,14.66,-6.34,-0.33,94154.0,24.90,-0.222,-0.921,-0.191,0.2,-0.2,-0.4,3.90
85460,DESCENT,14.68,14.60,-6.34,-0.32,94155.3,24.90,-0.217,-0.924,-0.186,-0.3,-0.6,-0.3,3.90
85470,DESCENT,14.63,14.54,-6.34,-0.19,94155.9,24.91,-0.261,-0.926,-0.191,-0.1,0.3,-0.7,3.90
85480,DESCENT,14.37,14.48,-6.35,-0.16,94158.9,24.91,-0.205,-0.944,-0.186,0.1,-0.2,-0.4,3.90
85490,DESCENT,14.56,14.42,-6.35,-0.61,94156.7,24.91,-0.221,-0.897,-0.161,0.1,-0.7,-0.1,3.90
85500,DESCENT,14.58,14.36,-6.34,-0.19,94156.5,24.91,-0.235,-0.935,-0.182,0.1,-0.8,-0.2,3.90
85510,DESCENT,14.18,14.29,-6.35,0.04,94161.0,24.91,-0.225,-0.953,-0.222,0.1,-0.4,-0.4,3.90
85520,DESCENT,14.54,14.24,-6.33,-0.11,94156.9,24.91,-0.242,-0.935,-0.211,-0.1,-1.0,-0.0,3.90
85530,DESCENT,14.36,14.18,-6.33,-0.28,94159.0,24.91,-0.200,-0.932,-0.186,0.1,0.4,-0.1,3.90
85540,DESCENT,14.12,14.12,-6.33,0.01,94161.7,24.91,-0.222,-0.956,-0.197,0.1,0.1,0.5,3.90
85550,DESCENT,14.28,14.06,-6.32,-0.37,94159.8,24.91,-0.250,-0.911,-0.181,0.2,-0.1,-0.1,3.90
85560,DESCENT,13.89,13.99,-6.33,-0.31,94164.2,24.91,-0.193,-0.928,-0.201,0.2,0.7,-0.0,3.90
85570,DESCENT,14.14,13.94,-6.32,-0.25,94161.4,24.91,-0.189,-0.947,-0.128,0.3,-0.3,-0.3,3.90
85580,DESCENT,13.76,13.87,-6.33,-0.18,94165.7,24.91,-0.234,-0.935,-0.183,-0.2,-0.1,-0.1,3.90
85590,DESCENT,14.01,13.81,-6.33,-0.32,94162.9,24.91,-0.232,-0.924,-0.166,0.2,-0.4,-0.3,3.90
85600,DESCENT,13.46,13.74,-6.34,-0.12,94169.1,24.91,-0.233,-0.944,-0.172,0.7,-0.4,-0.2,3.90
85610,DESCENT,13.44,13.67,-6.35,-0.25,94169.4,24.91,-0.258,-0.924,-0.174,0.4,-0.4,-0.8,3.90
85620,DESCENT,13.07,13.59,-6.37,-0.22,94173.6,24.91,-0.227,-0.933,-0.180,0.3,-0.4,0.2,3.90
85630,DESCENT,13.41,13.52,-6.38,-0.42,94169.7,24.91,-0.228,-0.914,-0.167,0.1,-0.2,0.3,3.90
85640,DESCENT,13.21,13.45,-6.40,-0.45,94172.0,24.91,-0.210,-0.914,-0.174,-0.0,-0.3,-0.7,3.90
85650,DESCENT,13.50,13.39,-6.40,-0.18,94168.7,24.91,-0.246,-0.932,-0.183,-0.1,-0.5,0.5,3.90
85660,DESCENT,13.02,13.32,-6.41,-0.96,94174.2,24.91,-0.198,-0.857,-0.197,0.0,-0.2,-0.5,3.90
85670,DESCENT,12.93,13.25,-6.43,-0.10,94175.2,24.91,-0.255,-0.940,-0.181,0.3,0.1,-0.0,3.90
85680,DESCENT,13.08,13.18,-6.44,0.25,94173.5,24.91,-0.246,-0.975,-0.205,-0.2,-0.2,-0.1,3.90
85690,DESCENT,13.32,13.12,-6.43,-0.74,94170.7,24.91,-0.200,-0.892,-0.127,-0.2,-0.3,0.2,3.90
85700,DESCENT,13.25,13.06,-6.43,-0.43,94171.6,24.91,-0.217,-0.904,-0.222,0.2,-0.3,-0.5,3.90
85710,DESCENT,12.84,12.99,-6.44,-0.25,94176.2,24.92,-0.182,-0.940,-0.185,0.2,-0.4,0.1,3.90
85720,DESCENT,13.21,12.94,-6.43,-0.31,94171.9,24.92,-0.239,-0.919,-0.187,0.3,-0.2,-0.4,3.90
85730,DESCENT,13.21,12.88,-6.42,-0.03,94172.0,24.92,-0.221,-0.950,-0.209,-0.1,-0.2,-0.1,3.90
85740,DESCENT,12.94,12.82,-6.41,-0.01,94175.0,24.92,-0.234,-0.950,-0.200,0.1,0.4,0.2,3.90
85750,DESCENT,13.45,12.78,-6.39,-0.37,94169.3,24.92,-0.195,-0.924,-0.184,0.2,-0.3,-0.4,3.90
85760,DESCENT,12.94,12.72,-6.38,-0.65,94175.0,24.92,-0.202,-0.895,-0.171,0.3,-0.0,-0.3,3.90
85770,DESCENT,12.80,12.66,-6.38,-0.49,94176.6,24.92,-0.236,-0.894,-0.222,0.2,-0.7,0.2,3.90
85780,DESCENT,12.45,12.59,-6.39,0.03,94180.5,24.92,-0.233,-0.959,-0.182,0.2,-0.3,0.3,3.90
85790,DESCENT,12.40,12.52,-6.40,-0.50,94181.1,24.92,-0.200,-0.906,-0.196,0.0,-0.3,-0.1,3.90
85800,DESCENT,12.54,12.46,-6.40,-0.37,94179.5,24.92,-0.174,-0.931,-0.176,-0.4,-0.2,-0.2,3.90
85810,DESCENT,12.87,12.41,-6.38,-0.06,94175.9,24.92,-0.240,-0.947,-0.180,-0.1,-0.4,-0.5,3.90
85820,DESCENT,12.41,12.35,-6.38,0.01,94181.1,24.92,-0.253,-0.945,-0.212,0.2,-0.3,-0.5,3.90
85830,DESCENT,12.40,12.29,-6.38,-0.19,94181.1,24.92,-0.209,-0.933,-0.220,0.2,-0.7,-0.7,3.90
85840,DESCENT,12.19,12.22,-6.38,-0.19,94183.5,24.92,-0.195,-0.940,-0.200,0.2,-0.4,-0.0,3.90
85850,DESCENT,12.03,12.16,-6.39,-0.24,94185.4,24.92,-0.226,-0.928,-0.197,0.9,-0.3,-0.7,3.90
85860,DESCENT,12.29,12.10,-6.38,-0.15,94182.3,24.92,-0.213,-0.943,-0.185,0.3,-0.0,-0.2,3.90
85870,DESCENT,12.40,12.04,-6.37,-0.28,94181.1,24.92,-0.219,-0.925,-0.201,0.6,0.1,-0.0,3.90
85880,DESCENT,11.90,11.98,-6.38,-0.27,94186.9,24.92,-0.161,-0.945,-0.165,-0.0,-0.4,-0.1,3.90
85890,DESCENT,12.07,11.92,-6.37,-0.24,94184.9,24.92,-0.253,-0.920,-0.200,0.5,-0.3,-0.2,3.90
85900,DESCENT,12.01,11.86,-6.37,-0.08,94185.6,24.92,-0.203,-0.954,-0.183,0.4,-0.1,-0.6,3.90
85910,DESCENT,11.48,11.79,-6.38,0.02,94191.6,24.92,-0.235,-0.961,-0.155,-0.5,-0.2,-0.2,3.90
85920,DESCENT,11.99,11.73,-6.37,-0.27,94185.8,24.92,-0.262,-0.925,-0.145,-0.1,-0.2,0.1,3.90
85930,DESCENT,11.99,11.68,-6.36,-0.22,94185.8,24.92,-0.202,-0.940,-0.180,0.0,-0.2,-0.2,3.90
85940,DESCENT,11.85,11.62,-6.35,-0.39,94187.3,24.92,-0.206,-0.921,-0.173,-0.2,-0.4,-0.1,3.90
85950,DESCENT,11.48,11.55,-6.36,-0.61,94191.6,24.92,-0.230,-0.892,-0.174,-0.5,0.0,-0.2,3.90
85960,DESCENT,11.63,11.49,-6.36,-0.17,94189.9,24.93,-0.242,-0.928,-0.216,-0.5,-0.8,-0.6,3.90
85970,DESCENT,11.17,11.42,-6.37,-0.18,94195.1,24.93,-0.225,-0.942,-0.165,0.2,-0.5,-0.2,3.90
85980,DESCENT,11.27,11.36,-6.38,-0.20,94193.9,24.93,-0.188,-0.937,-0.213,0.1,-0.1,-0.3,3.90
85990,DESCENT,11.20,11.29,-6.39,-0.65,94194.7,24.93,-0.241,-0.882,-0.185,0.1,0.0,-0.0,3.90
86000,DESCENT,11.26,11.23,-6.39,-0.10,94194.0,24.93,-0.232,-0.942,-0.199,0.3,-0.3,-0.2,3.90
86010,DESCENT,11.06,11.16,-6.39,-0.14,94196.3,24.93,-0.202,-0.943,-0.208,0.1,-0.7,-0.6,3.90
86020,DESCENT,11.18,11.10,-6.39,-0.19,94195.0,24.93,-0.218,-0.937,-0.186,-0.0,-0.6,-0.4,3.90
86030,DESCENT,10.96,11.03,-6.39,0.19,94197.5,24.93,-0.237,-0.971,-0.201,0.2,-0.6,-0.0,3.90
86040,DESCENT,11.00,10.97,-6.39,0.02,94197.0,24.93,-0.216,-0.952,-0.224,-0.1,-0.7,-0.2,3.90
86050,DESCENT,10.92,10.91,-6.39,-0.13,94197.9,24.93,-0.239,-0.941,-0.177,0.0,-0.4,-0.1,3.90
86060,DESCENT,10.60,10.84,-6.40,-0.27,94201.6,24.93,-0.218,-0.922,-0.215,0.2,-0.6,-0.4,3.90
86070,DESCENT,10.81,10.77,-6.41,-0.31,94199.2,24.93,-0.229,-0.919,-0.201,0.9,-0.1,-0.2,3.90
86080,DESCENT,10.80,10.71,-6.40,-0.11,94199.2,24.93,-0.264,-0.941,-0.154,0.2,-0.8,-0.2,3.90
86090,DESCENT,10.85,10.65,-6.40,-0.15,94198.7,24.93,-0.219,-0.942,-0.187,0.2,0.3,-0.1,3.90
86100,DESCENT,10.50,10.59,-6.40,0.08,94202.7,24.93,-0.216,-0.956,-0.236,0.4,-0.2,-0.4,3.90
86110,DESCENT,10.63,10.52,-6.40,0.11,94201.2,24.93,-0.207,-0.970,-0.199,0.1,-0.5,-0.2,3.90
86120,DESCENT,10.36,10.46,-6.40,-0.12,94204.2,24.93,-0.274,-0.935,-0.163,0.2,-0.1,-0.1,3.90
86130,DESCENT,10.51,10.40,-6.40,-0.04,94202.6,24.93,-0.210,-0.950,-0.213,0.4,-0.2,-0.4,3.90
86140,DESCENT,10.03,10.32,-6.41,-0.09,94208.0,24.93,-0.208,-0.948,-0.198,0.3,-0.3,-0.4,3.90
86150,DESCENT,10.24,10.26,-6.41,-0.32,94205.5,24.93,-0.234,-0.918,-0.191,-0.2,-0.4,0.0,3.90
86160,DESCENT,10.31,10.20,-6.41,-0.06,94204.8,24.93,-0.235,-0.952,-0.161,0.3,-0.3,-0.0,3.90
86170,DESCENT,10.29,10.14,-6.41,-0.57,94205.1,24.93,-0.203,-0.902,-0.178,-0.2,-0.1,0.1,3.90
86180,DESCENT,10.24,10.08,-6.40,-0.34,94205.6,24.93,-0.219,-0.927,-0.162,0.4,-0.5,-0.5,3.90
86190,DESCENT,10.58,10.03,-6.39,-0.31,94201.8,24.93,-0.229,-0.924,-0.177,0.3,-0.3,-0.5,3.90
86200,DESCENT,10.30,9.98,-6.38,-0.29,94205.0,24.93,-0.228,-0.920,-0.206,-0.1,-0.5,-0.6,3.90
86210,DESCENT,9.83,9.91,-6.38,-0.24,94210.3,24.94,-0.250,-0.921,-0.200,-0.2,0.1,-0.2,3.90
86220,DESCENT,9.81,9.85,-6.38,0.02,94210.5,24.94,-0.273,-0.945,-0.191,-0.1,0.2,-0.4,3.90
86230,DESCENT,10.02,9.79,-6.37,-0.16,94208.0,24.94,-0.255,-0.927,-0.208,0.3,-0.0,-0.4,3.90
86240,DESCENT,9.66,9.72,-6.38,-0.30,94212.1,24.94,-0.230,-0.920,-0.201,0.0,-0.0,0.1,3.90
86250,DESCENT,9.74,9.66,-6.38,0.15,94211.2,24.94,-0.267,-0.955,-0.219,-0.1,-0.5,-0.6,3.90
86260,DESCENT,10.14,9.61,-6.36,-0.31,94206.7,24.94,-0.245,-0.920,-0.173,0.3,-0.1,0.0,3.90
86270,DESCENT,9.65,9.55,-6.35,-0.21,94212.3,24.94,-0.230,-0.934,-0.179,0.2,-0.1,-0.4,3.90
86280,DESCENT,9.27,9.48,-6.37,-0.14,94216.6,24.94,-0.240,-0.942,-0.161,0.1,-0.4,0.1,3.90
86290,DESCENT,9.79,9.43,-6.35,-0.04,94210.7,24.94,-0.212,-0.954,-0.191,0.6,-0.6,-0.2,3.90
86300,DESCENT,9.47,9.37,-6.35,-0.25,94214.3,24.94,-0.237,-0.923,-0.207,-0.2,-0.7,0.3,3.90
86310,DESCENT,9.64,9.32,-6.34,-0.15,94212.4,24.94,-0.222,-0.938,-0.202,-0.3,0.2,-0.3,3.90
86320,DESCENT,9.28,9.25,-6.34,-0.02,94216.5,24.94,-0.252,-0.947,-0.191,-0.2,0.2,-0.1,3.90
86330,DESCENT,9.34,9.19,-6.33,-0.25,94215.8,24.94,-0.216,-0.934,-0.172,-0.1,-0.4,-0.3,3.90
86340,DESCENT,9.58,9.14,-6.32,-0.07,94213.0,24.94,-0.225,-0.941,-0.222,0.3,-0.7,-0.4,3.90
86350,DESCENT,9.22,9.08,-6.31,-0.24,94217.2,24.94,-0.245,-0.926,-0.187,0.1,-0.4,0.2,3.90
86360,DESCENT,8.76,9.01,-6.32,0.05,94222.4,24.94,-0.190,-0.963,-0.219,0.0,0.2,-0.3,3.90
86370,DESCENT,9.14,8.95,-6.32,-0.31,94218.0,24.94,-0.184,-0.935,-0.171,0.2,-0.6,0.1,3.90
86380,DESCENT,9.08,8.90,-6.31,-0.16,94218.7,24.94,-0.231,-0.934,-0.206,0.1,-0.5,-0.4,3.90
86390,DESCENT,8.70,8.83,-6.32,0.02,94223.0,24.94,-0.220,-0.955,-0.209,-0.2,-0.5,-0.2,3.90
86400,DESCENT,8.65,8.76,-6.32,-0.27,94223.6,24.94,-0.222,-0.930,-0.172,0.3,-0.3,0.1,3.90
86410,DESCENT,8.84,8.70,-6.32,-0.04,94221.5,24.94,-0.244,-0.948,-0.183,-0.6,-0.1,-0.3,3.90
86420,DESCENT,8.78,8.65,-6.31,-0.01,94222.2,24.94,-0.246,-0.949,-0.194,0.2,0.2,0.3,3.90
86430,DESCENT,8.04,8.57,-6.34,-0.15,94230.5,24.94,-0.225,-0.945,-0.162,-0.2,-0.1,-0.5,3.90
86440,DESCENT,8.16,8.49,-6.35,-0.30,94229.1,24.94,-0.213,-0.924,-0.201,0.4,-0.2,0.1,3.90
86450,DESCENT,8.38,8.43,-6.36,-0.32,94226.6,24.94,-0.241,-0.916,-0.194,0.2,-0.4,-0.2,3.90
86460,DESCENT,8.72,8.38,-6.35,-0.24,94222.9,24.95,-0.223,-0.933,-0.178,0.4,-0.2,0.3,3.90
86470,DESCENT,8.36,8.31,-6.35,-0.33,94226.9,24.95,-0.211,-0.930,-0.156,-0.1,-1.0,0.1,3.90
86480,DESCENT,8.24,8.25,-6.35,0.12,94228.3,24.95,-0.231,-0.957,-0.234,0.2,-0.5,0.1,3.90
86490,DESCENT,7.75,8.17,-6.37,-0.24,94233.8,24.95,-0.212,-0.930,-0.203,-0.2,-0.3,0.3,3.90
86500,DESCENT,7.99,8.11,-6.37,-0.28,94231.1,24.95,-0.237,-0.924,-0.183,-0.2,0.1,-0.0,3.90
86510,DESCENT,7.88,8.04,-6.39,-0.55,94232.3,24.95,-0.199,-0.905,-0.176,0.3,-0.3,-0.4,3.90
86520,DESCENT,7.87,7.97,-6.39,-0.32,94232.4,24.95,-0.216,-0.923,-0.192,-0.1,-0.5,-0.2,3.90
86530,DESCENT,8.21,7.92,-6.38,-0.26,94228.6,24.95,-0.239,-0.930,-0.162,-0.6,-0.7,-0.0,3.90
86540,DESCENT,8.21,7.86,-6.37,-0.26,94228.6,24.95,-0.208,-0.936,-0.170,0.4,0.2,0.0,3.90
86550,DESCENT,8.09,7.81,-6.36,-0.40,94230.0,24.95,-0.231,-0.912,-0.186,-0.2,0.0,-0.3,3.90
86560,DESCENT,7.62,7.74,-6.37,-0.18,94235.3,24.95,-0.212,-0.941,-0.184,0.2,-0.4,-0.1,3.90
86570,DESCENT,8.05,7.69,-6.36,-0.07,94230.4,24.95,-0.275,-0.937,-0.181,0.2,-0.5,-0.3,3.90
86580,DESCENT,7.80,7.63,-6.35,-0.04,94233.2,24.95,-0.248,-0.946,-0.189,-0.2,-0.2,-0.4,3.90
86590,DESCENT,7.81,7.57,-6.34,-0.26,94233.1,24.95,-0.242,-0.914,-0.229,0.2,-0.4,0.2,3.90
86600,DESCENT,7.76,7.51,-6.34,-0.29,94233.7,24.95,-0.248,-0.923,-0.168,0.8,0.2,-0.6,3.90
86610,DESCENT,7.22,7.44,-6.35,-0.11,94239.8,24.95,-0.223,-0.940,-0.212,0.2,-0.3,-0.8,3.90
86620,DESCENT,7.67,7.39,-6.34,-0.17,94234.7,24.95,-0.232,-0.932,-0.207,0.2,-0.0,-0.3,3.90
86630,DESCENT,7.22,7.32,-6.34,-0.24,94239.8,24.95,-0.240,-0.932,-0.159,0.0,0.3,-0.8,3.90
86640,DESCENT,6.94,7.25,-6.36,-0.09,94242.9,24.95,-0.213,-0.940,-0.233,-0.1,-0.5,-0.7,3.90
86650,DESCENT,7.21,7.19,-6.36,-0.19,94239.9,24.95,-0.222,-0.940,-0.169,0.3,-0.3,-0.1,3.90
86660,DESCENT,7.13,7.12,-6.36,-0.19,94240.8,24.95,-0.230,-0.935,-0.187,0.3,-0.3,0.1,3.90
86670,DESCENT,7.22,7.07,-6.35,-0.05,94239.8,24.95,-0.242,-0.947,-0.184,0.3,-0.3,-0.3,3.90
86680,DESCENT,6.82,7.00,-6.36,0.01,94244.4,24.95,-0.215,-0.952,-0.224,0.7,-0.4,-0.2,3.90
86690,DESCENT,7.42,6.95,-6.34,-0.27,94237.6,24.95,-0.215,-0.932,-0.176,0.3,-0.6,0.1,3.90
86700,DESCENT,6.87,6.88,-6.35,-0.07,94243.8,24.95,-0.241,-0.938,-0.218,0.4,-0.0,-0.1,3.90
86710,DESCENT,6.83,6.82,-6.35,-0.01,94244.2,24.96,-0.225,-0.945,-0.233,0.2,-0.3,-0.1,3.90
86720,DESCENT,6.61,6.75,-6.35,0.01,94246.7,24.96,-0.224,-0.960,-0.176,0.2,-0.3,-0.2,3.90
86730,DESCENT,6.46,6.68,-6.36,-0.26,94248.4,24.96,-0.225,-0.927,-0.194,-0.1,-0.1,-0.2,3.90
86740,DESCENT,6.74,6.62,-6.36,-0.26,94245.3,24.96,-0.197,-0.933,-0.197,0.3,-1.0,-0.1,3.90
86750,DESCENT,7.01,6.57,-6.34,-0.04,94242.1,24.96,-0.229,-0.952,-0.181,0.4,0.2,-0.3,3.90
86760,DESCENT,6.71,6.51,-6.34,-0.18,94245.5,24.96,-0.256,-0.933,-0.166,-0.0,-0.6,0.3,3.90
86770,DESCENT,6.32,6.45,-6.35,-0.58,94250.0,24.96,-0.221,-0.891,-0.206,-0.0,-0.7,0.1,3.90
86780,DESCENT,6.56,6.39,-6.34,-0.44,94247.3,24.96,-0.212,-0.906,-0.216,0.1,-0.4,-0.5,3.90
86790,DESCENT,6.37,6.33,-6.34,-0.26,94249.4,24.96,-0.200,-0.937,-0.174,0.0,0.2,0.2,3.90
86800,DESCENT,6.29,6.26,-6.35,-0.20,94250.4,24.96,-0.239,-0.931,-0.188,-0.4,0.2,-0.4,3.90
86810,DESCENT,6.06,6.20,-6.36,-0.64,94253.0,24.96,-0.204,-0.896,-0.166,-0.3,-0.4,-0.3,3.90
86820,DESCENT,6.25,6.14,-6.36,-0.25,94250.8,24.96,-0.214,-0.937,-0.168,0.5,-0.3,-0.0,3.90
86830,DESCENT,5.98,6.07,-6.36,-0.25,94253.8,24.96,-0.227,-0.930,-0.182,-0.3,-0.1,-0.6,3.90
86840,DESCENT,6.16,6.01,-6.36,-0.13,94251.8,24.96,-0.180,-0.952,-0.188,0.2,-0.3,-0.1,3.90
86850,DESCENT,6.09,5.95,-6.35,-0.08,94252.7,24.96,-0.227,-0.949,-0.178,0.2,-0.4,-0.6,3.90
86860,DESCENT,6.40,5.90,-6.33,0.13,94249.1,24.96,-0.249,-0.968,-0.169,0.3,0.1,-0.6,3.90
86870,DESCENT,5.96,5.84,-6.33,0.05,94254.1,24.96,-0.243,-0.958,-0.183,-0.1,-0.4,-0.4,3.90
86880,DESCENT,6.40,5.80,-6.30,-0.12,94249.1,24.96,-0.223,-0.947,-0.168,-0.2,0.0,-0.1,3.90
86890,DESCENT,5.42,5.72,-6.32,-0.35,94260.2,24.96,-0.206,-0.926,-0.175,0.3,-0.5,-0.4,3.90
86900,DESCENT,5.49,5.66,-6.33,-0.40,94259.4,24.96,-0.197,-0.917,-0.200,-0.3,-0.1,-0.4,3.90
86910,DESCENT,5.49,5.59,-6.33,-0.12,94259.4,24.96,-0.233,-0.939,-0.200,-0.1,0.0,0.2,3.90
86920,DESCENT,5.72,5.53,-6.33,-0.39,94256.9,24.96,-0.227,-0.915,-0.179,-0.0,-0.2,-0.1,3.90
86930,DESCENT,5.59,5.47,-6.33,-0.16,94258.3,24.96,-0.209,-0.940,-0.205,0.5,-0.9,-0.9,3.90
86940,DESCENT,5.21,5.40,-6.34,-0.24,94262.5,24.96,-0.266,-0.920,-0.182,-0.2,0.1,-0.3,3.90
86950,DESCENT,5.32,5.34,-6.34,0.02,94261.4,24.96,-0.230,-0.954,-0.205,0.6,-0.3,-0.0,3.90
86960,DESCENT,5.13,5.27,-6.35,-0.29,94263.5,24.97,-0.233,-0.921,-0.200,0.1,-0.4,-0.3,3.90
86970,DESCENT,5.12,5.21,-6.35,-0.44,94263.6,24.97,-0.242,-0.908,-0.170,0.0,-1.0,-0.1,3.90
86980,DESCENT,5.24,5.14,-6.35,-0.15,94262.2,24.97,-0.242,-0.938,-0.174,0.2,-0.2,-0.4,3.90
86990,DESCENT,5.25,5.09,-6.35,-0.01,94262.1,24.97,-0.241,-0.951,-0.188,0.2,-0.1,-0.9,3.90
87000,DESCENT,4.96,5.02,-6.35,-0.15,94265.4,24.97,-0.229,-0.938,-0.194,-0.2,-0.6,-0.2,3.90
87010,DESCENT,5.07,4.96,-6.35,-0.34,94264.2,24.97,-0.217,-0.928,-0.155,-0.4,0.6,-0.3,3.90
87020,DESCENT,4.79,4.89,-6.35,-0.32,94267.3,24.97,-0.248,-0.915,-0.193,0.3,0.1,-0.0,3.90
87030,DESCENT,4.78,4.83,-6.36,-0.23,94267.5,24.97,-0.206,-0.935,-0.193,-0.1,-0.6,-0.9,3.90
87040,DESCENT,5.01,4.77,-6.35,-0.36,94264.9,24.97,-0.223,-0.922,-0.170,0.2,-0.2,-0.1,3.90
87050,DESCENT,4.65,4.71,-6.36,-0.43,94268.9,24.97,-0.237,-0.906,-0.193,-0.3,-0.2,0.0,3.90
87060,DESCENT,4.49,4.64,-6.37,-0.19,94270.7,24.97,-0.238,-0.930,-0.202,0.5,-0.3,-0.0,3.90
87070,DESCENT,4.38,4.57,-6.38,-0.50,94272.0,24.97,-0.211,-0.909,-0.173,0.0,0.0,-0.7,3.90
87080,DESCENT,4.56,4.51,-6.38,-0.49,94269.9,24.97,-0.219,-0.908,-0.174,0.4,-0.2,-0.1,3.90
87090,DESCENT,4.55,4.45,-6.38,-0.11,94270.0,24.97,-0.229,-0.942,-0.193,-0.5,0.2,-0.1,3.90
87100,DESCENT,4.39,4.38,-6.38,-0.21,94271.8,24.97,-0.234,-0.933,-0.180,-0.3,-0.1,-0.4,3.90
87110,DESCENT,4.24,4.32,-6.39,-0.26,94273.6,24.97,-0.176,-0.938,-0.194,0.5,-0.4,0.1,3.90
87120,DESCENT,4.28,4.25,-6.39,-0.42,94273.1,24.97,-0.175,-0.918,-0.209,0.4,-0.2,0.1,3.90
87130,DESCENT,4.20,4.19,-6.39,-0.12,94274.0,24.97,-0.215,-0.948,-0.173,0.1,0.1,0.0,3.90
87140,DESCENT,4.10,4.13,-6.39,-0.03,94275.1,24.97,-0.219,-0.953,-0.195,-0.2,-0.2,-0.2,3.90
87150,DESCENT,4.39,4.07,-6.38,-0.50,94271.9,24.97,-0.199,-0.909,-0.184,0.1,-0.1,-0.1,3.90
87160,DESCENT,3.94,4.01,-6.39,-0.22,94277.0,24.97,-0.222,-0.936,-0.174,-0.1,-0.0,-0.3,3.90
87170,DESCENT,3.81,3.94,-6.40,-0.15,94278.4,24.97,-0.213,-0.942,-0.191,0.0,-0.6,-0.3,3.90
87180,DESCENT,4.34,3.89,-6.38,-0.57,94272.5,24.97,-0.225,-0.894,-0.192,0.3,-0.5,0.1,3.90
87190,DESCENT,3.77,3.82,-6.39,-0.30,94278.9,24.97,-0.248,-0.919,-0.183,-0.2,-0.2,-0.1,3.90
87200,DESCENT,3.78,3.76,-6.39,-0.04,94278.8,24.97,-0.230,-0.950,-0.192,0.2,-0.3,-0.3,3.90
87210,DESCENT,3.50,3.69,-6.40,-0.43,94281.9,24.98,-0.192,-0.919,-0.179,-0.0,-0.3,-0.1,3.90
87220,DESCENT,4.10,3.64,-6.39,-0.64,94275.2,24.98,-0.210,-0.889,-0.194,0.2,0.0,0.1,3.90
87230,DESCENT,3.79,3.58,-6.38,-0.27,94278.6,24.98,-0.231,-0.923,-0.206,0.2,-0.1,-0.6,3.90
87240,DESCENT,3.34,3.51,-6.39,-0.16,94283.8,24.98,-0.244,-0.938,-0.171,0.2,-0.2,-0.4,3.90
87250,DESCENT,3.46,3.45,-6.39,-0.38,94282.5,24.98,-0.228,-0.916,-0.178,0.1,-0.2,-0.1,3.90
87260,DESCENT,3.65,3.39,-6.38,0.21,94280.3,24.98,-0.219,-0.974,-0.220,0.1,0.0,-0.0,3.90
87270,DESCENT,3.39,3.33,-6.38,-0.22,94283.2,24.98,-0.215,-0.933,-0.193,-0.3,-0.4,-0.5,3.90
87280,DESCENT,3.52,3.27,-6.37,-0.43,94281.8,24.98,-0.248,-0.901,-0.200,-0.2,-0.6,-0.4,3.90
87290,DESCENT,3.41,3.21,-6.37,-0.34,94282.9,24.98,-0.228,-0.919,-0.191,0.0,-0.5,0.0,3.90
87300,DESCENT,3.00,3.15,-6.38,-0.50,94287.6,24.98,-0.211,-0.914,-0.144,0.4,-0.5,-0.3,3.90
87310,DESCENT,2.66,3.07,-6.40,-0.06,94291.5,24.98,-0.221,-0.946,-0.213,0.7,-0.1,-0.7,3.90
87320,DESCENT,3.37,3.02,-6.39,-0.26,94283.4,24.98,-0.230,-0.921,-0.215,-0.6,0.3,0.1,3.90
87330,DESCENT,3.28,2.96,-6.37,0.06,94284.4,24.98,-0.230,-0.954,-0.220,0.2,0.1,-0.3,3.90
87340,DESCENT,2.96,2.90,-6.37,-0.54,94288.1,24.98,-0.234,-0.895,-0.186,0.2,-0.3,0.0,3.90
87350,DESCENT,2.70,2.83,-6.38,-0.06,94291.0,24.98,-0.219,-0.943,-0.229,0.3,-0.3,-0.1,3.90
87360,DESCENT,2.86,2.77,-6.38,-0.42,94289.2,24.98,-0.201,-0.913,-0.205,0.1,-0.1,-0.3,3.90
87370,DESCENT,2.59,2.70,-6.39,-0.28,94292.2,24.98,-0.230,-0.930,-0.164,-0.1,-0.4,-0.3,3.90
87380,DESCENT,2.84,2.65,-6.39,-0.45,94289.5,24.98,-0.217,-0.917,-0.152,-0.0,-0.3,-0.0,3.90
87390,DESCENT,2.89,2.59,-6.38,-0.13,94288.9,24.98,-0.206,-0.948,-0.187,-0.1,0.2,0.2,3.90
87400,DESCENT,2.79,2.53,-6.37,-0.17,94290.1,24.98,-0.280,-0.923,-0.189,0.3,-0.0,0.2,3.90
87410,DESCENT,2.48,2.47,-6.37,-0.71,94293.6,24.98,-0.194,-0.890,-0.175,0.1,-0.1,-0.5,3.90
87420,DESCENT,2.50,2.41,-6.37,-0.07,94293.3,24.98,-0.213,-0.948,-0.206,0.1,-0.2,-0.6,3.90
87430,DESCENT,2.47,2.35,-6.37,-0.07,94293.7,24.98,-0.245,-0.951,-0.146,0.2,-0.6,-0.5,3.90
87440,DESCENT,2.64,2.30,-6.35,-0.20,94291.7,24.98,-0.229,-0.933,-0.188,-0.1,-0.4,0.3,3.90
87450,DESCENT,2.28,2.23,-6.35,-0.10,94295.8,24.98,-0.235,-0.940,-0.204,0.3,0.3,-0.2,3.90
87460,DESCENT,2.30,2.17,-6.35,-0.14,94295.6,24.99,-0.247,-0.930,-0.212,0.9,0.1,-0.6,3.90
87470,DESCENT,2.19,2.11,-6.35,-0.08,94296.8,24.99,-0.195,-0.960,-0.152,-0.2,-0.1,0.2,3.90
87480,DESCENT,2.10,2.05,-6.35,-0.23,94297.8,24.99,-0.261,-0.926,-0.166,0.3,-0.3,-0.5,3.90
87490,DESCENT,1.97,1.99,-6.35,-0.36,94299.3,24.99,-0.250,-0.912,-0.182,0.4,-0.8,0.1,3.90
87500,DESCENT,1.98,1.92,-6.35,-0.12,94299.2,24.99,-0.204,-0.940,-0.227,0.0,-0.3,-0.4,3.90
87510,DESCENT,2.47,1.88,-6.33,-0.12,94293.6,24.99,-0.215,-0.947,-0.181,0.0,-0.4,-0.2,3.90
87520,DESCENT,2.07,1.82,-6.32,-0.51,94298.1,24.99,-0.236,-0.900,-0.180,0.0,-0.2,-0.4,3.90
87530,DESCENT,1.70,1.76,-6.33,-0.19,94302.4,24.99,-0.262,-0.924,-0.203,0.0,-0.6,-0.3,3.90
87540,DESCENT,1.61,1.69,-6.33,-0.56,94303.4,24.99,-0.233,-0.893,-0.191,0.2,-0.4,-0.0,3.90
87550,DESCENT,1.51,1.62,-6.34,-0.18,94304.5,24.99,-0.251,-0.936,-0.156,-0.1,-0.1,-0.3,3.90
87560,DESCENT,1.22,1.55,-6.36,0.00,94307.8,24.99,-0.214,-0.957,-0.199,-0.1,-0.3,-0.2,3.90
87570,DESCENT,1.48,1.49,-6.36,-0.44,94304.9,24.99,-0.232,-0.909,-0.174,0.5,-0.3,-0.3,3.90
87580,DESCENT,1.02,1.41,-6.38,-0.12,94310.0,24.99,-0.258,-0.933,-0.194,-0.1,0.0,0.2,3.90
87590,DESCENT,1.59,1.36,-6.37,-0.41,94303.6,24.99,-0.210,-0.920,-0.168,0.2,0.0,0.2,3.90
87600,DESCENT,1.50,1.30,-6.37,-0.28,94304.6,24.99,-0.200,-0.937,-0.166,-0.1,-0.3,-0.1,3.90
87610,DESCENT,1.16,1.23,-6.37,-0.27,94308.5,24.99,-0.231,-0.924,-0.195,-0.1,-0.3,-0.7,3.90
87620,DESCENT,1.41,1.18,-6.36,-0.11,94305.6,24.99,-0.237,-0.942,-0.184,0.4,-0.6,-0.4,3.90
87630,DESCENT,1.59,1.13,-6.35,-0.33,94303.6,24.99,-0.241,-0.919,-0.178,0.6,-0.3,-0.2,3.90
87640,DESCENT,1.42,1.07,-6.34,-0.38,94305.5,24.99,-0.240,-0.910,-0.199,-0.0,-0.5,-0.2,3.90
87650,DESCENT,0.99,1.01,-6.34,-0.32,94310.4,24.99,-0.191,-0.930,-0.188,0.2,-0.5,-0.3,3.90
87660,DESCENT,1.05,0.95,-6.34,-0.37,94309.7,24.99,-0.188,-0.922,-0.202,0.3,-0.6,-0.4,3.90
87670,DESCENT,0.84,0.88,-6.34,-0.02,94312.1,24.99,-0.190,-0.962,-0.187,-0.1,-0.7,-0.8,3.90
87680,DESCENT,1.16,0.83,-6.33,-0.13,94308.4,24.99,-0.235,-0.939,-0.192,0.3,-0.9,-0.1,3.90
87690,DESCENT,1.09,0.77,-6.32,-0.08,94309.3,24.99,-0.244,-0.943,-0.186,0.2,0.5,-0.2,3.90
87700,DESCENT,0.80,0.71,-6.32,-0.08,94312.5,24.99,-0.217,-0.949,-0.189,-0.4,-0.1,0.1,3.90
87710,DESCENT,1.14,0.66,-6.30,0.15,94308.7,25.00,-0.205,-0.980,-0.168,0.0,-0.9,0.3,3.90
87720,DESCENT,0.37,0.60,-6.31,-0.53,94317.5,25.00,-0.220,-0.905,-0.165,0.4,-0.2,-0.2,3.90
87730,DESCENT,0.46,0.53,-6.31,0.19,94316.5,25.00,-0.209,-0.975,-0.213,0.4,0.3,-0.7,3.90
87740,DESCENT,0.80,0.48,-6.30,-0.03,94312.5,25.00,-0.194,-0.954,-0.214,0.2,-0.5,-0.7,3.90
87750,DESCENT,-0.03,0.40,-6.32,-0.11,94322.0,25.00,-0.220,-0.950,-0.165,0.6,-0.8,0.3,3.90
87760,DESCENT,0.03,0.33,-6.33,-0.15,94321.3,25.00,-0.225,-0.945,-0.161,0.1,-0.2,-0.3,3.90
87770,DESCENT,0.42,0.27,-6.33,-0.44,94316.9,25.00,-0.211,-0.906,-0.217,0.1,-0.2,-0.2,3.90
87780,DESCENT,0.35,0.21,-6.33,-0.59,94317.7,25.00,-0.182,-0.899,-0.205,0.9,-0.5,0.4,3.90
87790,DESCENT,0.48,0.16,-6.32,-0.03,94316.2,25.00,-0.255,-0.941,-0.213,-0.5,-0.2,0.2,3.90
87800,DESCENT,0.18,0.10,-6.31,-0.17,94319.6,25.00,-0.223,-0.939,-0.184,0.3,-0.3,-0.5,3.90
87810,DESCENT,0.16,0.04,-6.31,0.26,94319.8,25.00,-0.247,-0.983,-0.167,-0.5,-1.0,-0.2,3.90
87820,DESCENT,-0.31,-0.03,-6.32,-0.06,94325.2,25.00,-0.232,-0.948,-0.188,-0.1,-0.6,0.2,3.90
87830,DESCENT,-0.39,-0.11,-6.33,0.39,94326.1,25.00,0.034,1.034,0.111,-0.1,-0.4,-0.2,3.90
87840,DESCENT,-0.16,-0.17,-6.33,0.21,94323.4,25.00,0.072,1.013,0.109,0.3,-0.4,-0.2,3.90
87850,DESCENT,0.06,-0.22,-6.31,0.01,94320.9,25.00,0.004,0.993,0.123,-0.3,-0.7,-0.3,3.90
87860,DESCENT,0.08,-0.28,-6.30,0.09,94320.7,25.00,0.013,1.004,0.097,-0.2,-0.5,0.0,3.90
87870,DESCENT,-0.06,-0.33,-6.28,0.31,94322.3,25.00,-0.013,1.025,0.112,0.9,-0.2,-0.3,3.90
87880,DESCENT,0.06,-0.38,-6.26,0.04,94321.0,25.00,0.007,1.001,0.071,0.4,0.0,-0.4,3.90
87890,DESCENT,-0.23,-0.44,-6.25,0.19,94324.2,25.00,0.027,1.014,0.097,-0.1,-0.7,-0.5,3.90
87900,DESCENT,-0.01,-0.49,-6.23,-0.12,94321.7,25.00,0.031,0.982,0.103,-0.1,0.1,-0.3,3.90
87910,DESCENT,0.21,-0.53,-6.20,-0.09,94319.2,25.00,0.034,0.981,0.137,-0.0,-0.3,-0.1,3.90
87920,DESCENT,0.40,-0.56,-6.16,0.26,94317.1,25.00,0.005,1.022,0.102,0.8,-0.2,-0.0,3.90
87930,DESCENT,-0.54,-0.62,-6.16,-0.03,94327.7,25.00,0.034,0.990,0.112,0.6,-0.2,-0.3,3.90
87940,DESCENT,0.35,-0.65,-6.12,0.20,94317.6,25.00,0.059,1.015,0.092,0.3,-0.2,-0.8,3.90
87950,DESCENT,0.25,-0.69,-6.07,0.51,94318.8,25.00,0.026,1.045,0.116,0.5,-0.2,-0.6,3.90
87960,DESCENT,-0.24,-0.73,-6.05,0.05,94324.4,25.00,-0.019,0.997,0.119,-0.1,0.0,0.3,3.90
87970,DESCENT,0.08,-0.77,-6.01,0.30,94320.7,25.00,0.047,1.023,0.114,-0.3,-0.4,-0.1,3.90
87980,DESCENT,-0.07,-0.81,-5.98,0.04,94322.5,25.00,0.028,0.996,0.119,0.5,-0.1,0.1,3.90
87990,DESCENT,0.12,-0.84,-5.94,0.24,94320.3,25.00,0.016,1.020,0.093,-0.2,-0.1,-0.2,3.90
88000,DESCENT,-0.17,-0.88,-5.91,0.47,94323.5,25.00,0.005,1.037,0.153,0.8,0.3,-0.6,3.90
88010,DESCENT,-0.23,-0.92,-5.88,-0.22,94324.2,25.00,0.019,0.973,0.083,-0.1,0.2,-0.4,3.90
88020,DESCENT,-0.35,-0.96,-5.85,0.12,94325.6,25.00,0.022,1.001,0.149,-0.3,-0.1,-0.1,3.90
88030,DESCENT,-0.17,-0.99,-5.82,0.01,94323.5,25.00,0.032,0.993,0.122,0.2,-0.5,-0.5,3.90
88040,DESCENT,-0.25,-1.03,-5.79,0.32,94324.5,25.00,0.030,1.029,0.081,-0.4,0.1,-0.3,3.90
88050,DESCENT,-0.11,-1.06,-5.74,0.25,94322.8,25.00,0.026,1.015,0.140,-0.1,-0.1,-0.9,3.90
88060,DESCENT,0.04,-1.09,-5.69,0.53,94321.1,25.00,0.030,1.047,0.122,0.2,-0.1,-0.0,3.90
88070,DESCENT,0.11,-1.11,-5.64,0.02,94320.4,25.00,0.002,0.998,0.085,-0.2,-0.1,-0.4,3.90
88080,DESCENT,-0.11,-1.13,-5.60,0.28,94322.8,25.00,0.007,1.023,0.103,0.7,-0.1,-0.7,3.90
88090,DESCENT,-0.46,-1.17,-5.56,0.28,94326.9,25.00,0.015,1.023,0.106,-0.3,-0.3,-0.4,3.90
88100,DESCENT,-0.50,-1.20,-5.53,0.27,94327.3,25.00,0.049,1.020,0.113,-0.1,-0.5,-0.6,3.90
88110,DESCENT,-0.23,-1.23,-5.49,0.36,94324.2,25.00,0.039,1.030,0.116,0.1,-0.7,-0.4,3.90
88120,DESCENT,0.13,-1.25,-5.43,0.46,94320.2,25.00,0.030,1.038,0.130,0.7,-0.6,-0.3,3.90
88130,DESCENT,0.11,-1.26,-5.37,0.07,94320.4,25.00,0.040,1.000,0.108,0.2,-0.3,-0.2,3.90
88140,DESCENT,-0.39,-1.29,-5.33,0.18,94326.1,25.00,0.011,1.013,0.105,0.0,-0.2,0.3,3.90
88150,DESCENT,-0.37,-1.31,-5.29,-0.12,94325.8,25.00,0.011,0.982,0.104,0.7,-1.0,-0.4,3.90
88160,DESCENT,-0.38,-1.34,-5.25,0.13,94325.9,25.00,0.020,1.002,0.152,-0.2,-0.6,-0.8,3.90
88170,DESCENT,-0.13,-1.36,-5.20,0.35,94323.1,25.00,0.011,1.033,0.083,0.1,-0.3,0.1,3.90
88180,DESCENT,-0.18,-1.37,-5.15,0.12,94323.7,25.00,0.031,1.008,0.088,-0.3,-0.1,-0.3,3.90
88190,DESCENT,0.13,-1.38,-5.08,0.24,94320.1,25.00,0.058,1.018,0.104,0.0,0.0,-0.3,3.90
88200,DESCENT,-0.02,-1.39,-5.02,0.15,94321.9,25.00,-0.011,1.009,0.115,-0.2,-0.5,-0.5,3.90
88210,DESCENT,0.33,-1.39,-4.95,0.32,94317.9,25.00,0.017,1.023,0.142,-0.1,-0.4,0.0,3.90
88220,DESCENT,0.17,-1.40,-4.88,0.33,94319.7,25.00,0.011,1.024,0.142,0.2,-0.6,-0.1,3.90
88230,DESCENT,0.04,-1.40,-4.82,0.31,94321.1,25.00,0.041,1.028,0.065,0.3,-0.1,-0.3,3.90
88240,DESCENT,-0.25,-1.42,-4.77,0.21,94324.4,25.00,0.035,1.011,0.137,0.3,-0.2,-0.0,3.90
88250,DESCENT,0.33,-1.42,-4.69,-0.12,94317.9,25.00,0.008,0.983,0.094,-0.1,-0.2,-0.1,3.90
88260,DESCENT,-0.27,-1.43,-4.65,-0.12,94324.6,25.00,0.027,0.980,0.126,0.6,-0.4,-0.3,3.90
88270,DESCENT,-0.10,-1.44,-4.59,0.01,94322.7,25.00,0.040,0.998,0.069,0.3,-0.1,-0.6,3.90
88280,DESCENT,-0.16,-1.44,-4.54,0.23,94323.5,25.00,-0.003,1.018,0.108,-0.2,-0.3,0.2,3.90
88290,DESCENT,0.14,-1.44,-4.47,-0.08,94320.1,25.00,0.066,0.984,0.103,-0.1,-0.4,-0.2,3.90
88300,DESCENT,0.24,-1.44,-4.40,-0.02,94319.0,25.00,0.068,0.988,0.121,0.4,-0.5,-0.3,3.90
88310,DESCENT,-0.10,-1.45,-4.35,0.20,94322.8,25.00,0.025,1.017,0.082,0.3,-0.1,-0.1,3.90
88320,DESCENT,0.16,-1.44,-4.28,0.28,94319.8,25.00,0.005,1.022,0.118,0.3,0.1,-0.1,3.90
88330,DESCENT,0.37,-1.43,-4.20,0.03,94317.4,25.00,-0.000,0.995,0.125,0.4,0.1,-0.3,3.90
88340,DESCENT,0.35,-1.42,-4.13,0.35,94317.6,25.00,0.051,1.028,0.124,0.4,-0.0,-0.4,3.90
88350,DESCENT,-0.55,-1.44,-4.09,0.18,94327.8,25.00,0.018,1.011,0.123,0.3,-0.4,0.2,3.90
88360,DESCENT,0.39,-1.43,-4.01,-0.18,94317.2,25.00,0.011,0.976,0.101,0.3,0.1,-0.4,3.90
88370,DESCENT,-0.09,-1.43,-3.96,0.31,94322.6,25.00,0.022,1.026,0.110,0.3,-0.6,-0.6,3.90
88380,DESCENT,-0.07,-1.43,-3.90,0.15,94322.4,25.00,0.019,1.008,0.120,-0.2,-0.6,-0.2,3.90
88390,DESCENT,0.05,-1.43,-3.84,-0.08,94321.0,25.00,0.018,0.986,0.099,-0.4,-0.2,-0.4,3.90
88400,DESCENT,-0.39,-1.43,-3.79,0.10,94326.0,25.00,0.048,1.001,0.129,-0.1,0.0,-0.5,3.90
88410,DESCENT,-0.14,-1.43,-3.74,-0.21,94323.2,25.00,0.019,0.971,0.116,-0.2,-0.1,0.1,3.90
88420,DESCENT,0.08,-1.43,-3.68,0.15,94320.7,25.00,0.021,1.008,0.124,0.4,-0.3,-0.0,3.90
88430,DESCENT,0.07,-1.42,-3.62,-0.00,94320.9,25.00,0.018,0.992,0.120,0.0,-0.3,0.0,3.90
88440,DESCENT,0.10,-1.41,-3.55,0.17,94320.5,25.00,0.030,1.009,0.125,0.3,-0.2,-0.1,3.90
88450,DESCENT,-0.43,-1.42,-3.51,0.05,94326.5,25.00,0.038,0.996,0.121,0.4,-0.1,-0.3,3.90
88460,DESCENT,0.28,-1.41,-3.44,0.19,94318.5,25.00,0.022,1.018,0.052,0.2,-0.3,-0.3,3.90
88470,DESCENT,0.16,-1.40,-3.37,-0.07,94319.9,25.00,0.065,0.984,0.111,-0.1,-0.4,-0.3,3.90
88480,DESCENT,0.06,-1.39,-3.31,0.33,94320.9,25.00,0.030,1.028,0.107,0.0,-0.2,-0.0,3.90
88490,DESCENT,-0.08,-1.38,-3.26,-0.00,94322.6,25.00,0.037,0.994,0.099,-0.6,0.6,-0.3,3.90
88500,DESCENT,-0.09,-1.38,-3.21,-0.12,94322.6,25.00,0.001,0.982,0.113,0.6,-0.9,-0.5,3.90
88510,DESCENT,-0.10,-1.37,-3.15,-0.01,94322.8,25.00,0.005,0.993,0.112,-0.4,-0.0,-0.1,3.90
88520,DESCENT,0.07,-1.36,-3.09,-0.04,94320.8,25.00,0.042,0.986,0.131,0.2,-0.4,-0.4,3.90
88530,DESCENT,0.14,-1.35,-3.03,0.17,94320.0,25.00,0.031,1.012,0.103,-0.3,-0.2,-0.3,3.90
88540,DESCENT,-0.14,-1.35,-2.98,0.19,94323.2,25.00,0.015,1.016,0.089,0.1,-0.0,-0.2,3.90
88550,DESCENT,-0.11,-1.34,-2.93,0.18,94322.8,25.00,0.026,1.011,0.121,-0.1,-0.3,-0.6,3.90
88560,DESCENT,0.29,-1.32,-2.86,0.17,94318.3,25.00,0.033,1.007,0.140,-0.4,-0.5,-0.2,3.90
88570,DESCENT,-0.09,-1.32,-2.81,0.20,94322.6,25.00,0.041,1.009,0.143,0.1,-0.2,-0.3,3.90
88580,DESCENT,0.21,-1.30,-2.74,0.14,94319.2,25.00,-0.004,1.005,0.133,-0.0,0.5,-0.5,3.90
88590,DESCENT,-0.11,-1.29,-2.69,0.42,94322.9,25.00,0.009,1.036,0.121,0.3,-0.7,0.3,3.90
88600,DESCENT,0.06,-1.28,-2.63,0.20,94320.9,25.00,0.047,1.013,0.110,-0.2,-0.2,0.3,3.90
88610,DESCENT,0.17,-1.27,-2.57,0.33,94319.7,25.00,0.026,1.027,0.115,-0.5,0.2,-0.8,3.90
88620,DESCENT,0.25,-1.25,-2.51,0.14,94318.8,25.00,0.041,1.010,0.090,0.1,-0.5,-0.5,3.90
88630,DESCENT,-0.17,-1.24,-2.46,0.45,94323.6,25.00,0.005,1.040,0.112,-0.1,-0.2,-0.3,3.90
88640,DESCENT,-0.03,-1.23,-2.41,0.07,94322.0,25.00,0.017,0.997,0.138,-0.3,-0.3,-0.3,3.90
88650,DESCENT,0.05,-1.22,-2.35,0.34,94321.0,25.00,0.018,1.025,0.145,-0.1,-0.0,-0.3,3.90
88660,DESCENT,-0.12,-1.21,-2.30,0.52,94323.0,25.00,0.040,1.048,0.092,-0.1,-0.3,-0.8,3.90
88670,DESCENT,0.17,-1.20,-2.24,0.26,94319.6,25.00,0.020,1.023,0.086,0.2,-0.4,-0.0,3.90
88680,DESCENT,-0.20,-1.19,-2.20,0.03,94323.9,25.00,0.035,0.998,0.094,0.5,-0.2,-0.4,3.90
88690,DESCENT,-0.33,-1.19,-2.16,0.18,94325.4,25.00,-0.019,1.010,0.133,-0.2,-0.3,0.0,3.90
88700,DESCENT,0.15,-1.17,-2.11,-0.04,94319.9,25.00,0.051,0.988,0.112,-0.1,-0.2,-0.0,3.90
88710,DESCENT,-0.40,-1.17,-2.08,0.19,94326.2,25.00,0.035,1.014,0.102,0.3,-0.0,0.0,3.90
88720,DESCENT,0.07,-1.15,-2.02,0.01,94320.8,25.00,0.018,0.994,0.114,0.3,-0.1,-0.3,3.90
88730,DESCENT,0.03,-1.14,-1.98,0.10,94321.3,25.00,0.031,1.005,0.099,0.7,-0.1,-0.5,3.90
88740,DESCENT,0.06,-1.13,-1.93,-0.12,94321.0,25.00,-0.012,0.979,0.126,-0.2,-0.0,-0.5,3.90
88750,DESCENT,-0.10,-1.12,-1.88,0.42,94322.7,25.00,0.016,1.038,0.106,-0.2,0.1,0.2,3.90
88760,DESCENT,0.06,-1.10,-1.83,0.46,94321.0,25.00,0.049,1.037,0.140,-0.1,-0.2,-0.5,3.90
88770,DESCENT,0.40,-1.08,-1.77,0.20,94317.0,25.00,0.056,1.015,0.086,-0.2,0.1,0.2,3.90
88780,DESCENT,0.24,-1.06,-1.71,0.06,94318.9,25.00,0.010,1.003,0.073,-0.0,-0.3,-0.4,3.90
88790,DESCENT,-0.11,-1.05,-1.67,0.53,94322.9,25.00,-0.019,1.051,0.079,0.5,0.3,-0.5,3.90
88800,DESCENT,0.09,-1.03,-1.62,0.11,94320.6,25.00,0.040,1.001,0.132,0.0,-0.8,0.1,3.90
88810,DESCENT,-0.04,-1.02,-1.58,0.31,94322.1,25.00,0.007,1.025,0.124,0.0,-0.6,0.3,3.90
88820,DESCENT,0.06,-1.00,-1.53,0.40,94321.0,25.00,0.009,1.035,0.115,0.3,-0.4,-0.5,3.90
88830,DESCENT,-0.25,-1.00,-1.50,0.26,94324.4,25.00,-0.002,1.018,0.125,-0.0,-0.5,-0.4,3.90
88840,DESCENT,0.03,-0.98,-1.45,0.14,94321.3,25.00,0.022,1.008,0.115,0.7,-0.6,-0.1,3.90
88850,DESCENT,-0.03,-0.97,-1.41,0.17,94322.0,25.00,0.025,1.013,0.093,0.2,-0.1,-0.3,3.90
88860,DESCENT,-0.26,-0.96,-1.38,0.41,94324.6,25.00,0.032,1.033,0.134,-0.2,-0.2,-0.7,3.90
88870,DESCENT,0.06,-0.95,-1.34,0.01,94321.0,25.00,0.006,0.998,0.062,-0.1,-0.3,0.1,3.90
88880,DESCENT,-0.44,-0.95,-1.31,0.22,94326.7,25.00,0.070,1.011,0.136,0.1,-0.2,-0.1,3.90
88890,DESCENT,-0.15,-0.94,-1.28,0.21,94323.3,25.00,0.040,1.016,0.096,0.2,0.1,-0.4,3.90
88900,DESCENT,-0.12,-0.93,-1.24,0.20,94323.0,25.00,0.023,1.016,0.095,0.1,-0.6,-0.2,3.90
88910,DESCENT,0.15,-0.91,-1.20,0.16,94319.9,25.00,-0.002,1.009,0.122,0.0,-0.2,-0.5,3.90
88920,DESCENT,0.17,-0.89,-1.15,0.45,94319.7,25.00,0.030,1.038,0.126,0.2,0.2,-0.1,3.90
88930,DESCENT,-0.08,-0.88,-1.12,0.21,94322.6,25.00,0.021,1.017,0.089,-0.0,-0.1,0.2,3.90
88940,DESCENT,0.35,-0.86,-1.07,-0.23,94317.7,25.00,0.004,0.969,0.113,0.2,-0.3,0.1,3.90
88950,DESCENT,0.49,-0.83,-1.01,0.16,94316.1,25.00,0.015,1.007,0.140,0.6,-0.7,-0.3,3.90
88960,DESCENT,-0.25,-0.82,-0.99,-0.00,94324.5,25.00,0.024,0.990,0.135,0.2,-0.5,-0.6,3.90
88970,DESCENT,0.42,-0.80,-0.94,-0.18,94316.8,25.00,0.015,0.972,0.137,-0.1,-0.3,-0.1,3.90
88980,DESCENT,0.16,-0.78,-0.90,-0.22,94319.8,25.00,0.051,0.972,0.092,0.1,-0.5,-0.1,3.90
88990,DESCENT,-0.38,-0.78,-0.88,0.55,94326.0,25.00,0.008,1.048,0.130,-0.4,-0.3,-0.6,3.90
89000,DESCENT,0.22,-0.76,-0.84,0.28,94319.1,25.00,0.034,1.024,0.087,0.4,-0.2,-0.4,3.90
89010,DESCENT,0.00,-0.74,-0.81,-0.21,94321.6,25.00,0.012,0.974,0.093,-0.1,-0.6,-0.2,3.90
89020,DESCENT,0.13,-0.73,-0.77,0.04,94320.2,25.00,0.025,0.998,0.111,0.1,-0.2,-0.3,3.90
89030,DESCENT,0.18,-0.71,-0.73,0.42,94319.5,25.00,0.027,1.038,0.094,-0.2,-0.1,-0.2,3.90
89040,DESCENT,0.12,-0.69,-0.70,-0.08,94320.3,25.00,0.019,0.984,0.117,-0.2,-0.1,0.1,3.90
89050,DESCENT,0.04,-0.68,-0.67,0.20,94321.1,25.00,0.053,1.014,0.101,-0.2,0.1,-0.3,3.90
89060,DESCENT,0.18,-0.66,-0.63,0.01,94319.6,25.00,-0.000,0.994,0.117,0.8,-0.4,0.0,3.90
89070,DESCENT,0.06,-0.65,-0.60,-0.13,94321.0,25.00,0.022,0.979,0.125,-0.1,-0.3,0.1,3.90
89080,DESCENT,0.17,-0.63,-0.57,0.04,94319.7,25.00,-0.013,0.999,0.107,-0.2,0.2,-0.2,3.90
89090,DESCENT,0.01,-0.62,-0.55,0.03,94321.5,25.00,0.005,0.997,0.105,-0.2,0.0,-0.1,3.90
89100,DESCENT,-0.07,-0.61,-0.52,-0.09,94322.4,25.00,0.061,0.985,0.091,-0.1,0.0,-0.6,3.90
89110,DESCENT,-0.10,-0.60,-0.50,0.03,94322.7,25.00,0.025,0.997,0.110,0.2,-0.1,-0.6,3.90
89120,DESCENT,0.40,-0.57,-0.46,0.28,94317.1,25.00,0.055,1.013,0.167,0.2,-0.4,0.1,3.90
89130,DESCENT,0.31,-0.55,-0.42,-0.00,94318.1,25.00,0.032,0.992,0.114,0.1,-0.4,-0.4,3.90
89140,DESCENT,-0.29,-0.55,-0.41,-0.25,94324.9,25.00,0.040,0.964,0.136,0.4,-0.4,-0.2,3.90
89150,DESCENT,-0.06,-0.54,-0.40,-0.27,94322.4,25.00,0.043,0.964,0.118,-0.2,-0.3,0.2,3.90
89160,DESCENT,0.17,-0.52,-0.37,0.24,94319.7,25.00,0.003,1.019,0.111,-0.2,-0.1,0.1,3.90
89170,DESCENT,0.06,-0.51,-0.34,0.09,94321.0,25.00,0.060,0.999,0.130,0.4,-0.2,0.3,3.90
89180,DESCENT,-0.24,-0.51,-0.33,-0.14,94324.4,25.00,0.050,0.979,0.094,0.2,0.1,0.5,3.90
89190,DESCENT,0.16,-0.49,-0.31,-0.04,94319.8,25.00,-0.012,0.993,0.068,0.5,-0.4,-0.7,3.90
89200,DESCENT,0.30,-0.47,-0.27,0.12,94318.2,25.00,-0.007,1.005,0.116,-0.3,-0.1,-0.3,3.90
89210,DESCENT,0.07,-0.46,-0.25,0.03,94320.8,25.00,0.017,0.997,0.111,0.4,-0.9,-0.4,3.90
89220,DESCENT,-0.19,-0.46,-0.24,0.15,94323.8,25.00,-0.005,1.011,0.091,0.4,-0.7,0.3,3.90
89230,DESCENT,0.07,-0.44,-0.22,0.05,94320.9,25.00,0.026,1.000,0.101,0.1,-0.1,-0.2,3.90
89240,DESCENT,-0.14,-0.44,-0.21,-0.02,94323.2,25.00,0.011,0.994,0.087,0.1,0.0,0.1,3.90
89250,DESCENT,0.14,-0.42,-0.18,0.01,94320.0,25.00,0.001,0.996,0.097,-0.3,-0.5,-0.6,3.90
89260,DESCENT,0.21,-0.41,-0.16,0.36,94319.3,25.00,0.009,1.029,0.133,0.2,-0.3,-0.3,3.90
89270,DESCENT,0.31,-0.39,-0.12,0.28,94318.1,25.00,0.030,1.024,0.089,0.2,-0.6,-0.0,3.90
89280,DESCENT,0.08,-0.38,-0.10,-0.02,94320.8,25.00,0.018,0.993,0.097,0.5,-0.1,-0.6,3.90
89290,DESCENT,0.18,-0.36,-0.08,-0.06,94319.6,25.00,0.035,0.989,0.086,0.2,-0.3,-0.2,3.90
89300,DESCENT,0.01,-0.35,-0.07,0.14,94321.5,25.00,0.022,1.005,0.129,-0.1,-0.0,0.3,3.90
89310,DESCENT,-0.02,-0.34,-0.05,0.17,94321.9,25.00,0.024,1.012,0.104,-0.3,-1.0,-0.3,3.90
89320,DESCENT,-0.21,-0.34,-0.04,0.33,94324.0,25.00,0.052,1.026,0.111,-0.1,-0.8,-0.3,3.90
89330,DESCENT,-0.20,-0.34,-0.03,0.37,94323.8,25.00,-0.016,1.036,0.063,0.2,-0.1,-0.7,3.90
89340,DESCENT,0.12,-0.32,-0.01,0.25,94320.2,25.00,0.029,1.018,0.111,-0.2,-0.1,0.1,3.90
89350,DESCENT,-0.15,-0.32,-0.01,-0.52,94323.3,25.00,0.050,0.939,0.106,-0.0,-0.4,0.4,3.90
89360,DESCENT,0.01,-0.31,0.00,0.15,94321.5,25.00,0.031,1.013,0.071,0.5,0.0,0.3,3.90
89370,DESCENT,0.51,-0.29,0.04,-0.08,94315.9,25.00,0.038,0.982,0.134,0.5,-0.2,-0.4,3.90
89380,DESCENT,-0.10,-0.28,0.05,0.42,94322.8,25.00,-0.007,1.038,0.110,0.1,-0.5,0.2,3.90
89390,DESCENT,0.23,-0.27,0.07,-0.11,94319.0,25.00,0.041,0.982,0.107,-0.5,-0.3,0.2,3.90
89400,DESCENT,-0.10,-0.26,0.07,-0.01,94322.8,25.00,0.013,0.993,0.110,0.2,-0.4,-0.5,3.90
89410,DESCENT,-0.01,-0.25,0.08,0.04,94321.7,25.00,0.037,0.993,0.141,0.4,-0.3,-0.3,3.90
89420,DESCENT,-0.10,-0.25,0.09,-0.04,94322.7,25.00,0.018,0.991,0.093,-0.3,-0.8,-0.6,3.90
89430,DESCENT,0.08,-0.24,0.10,0.00,94320.7,25.00,0.048,0.992,0.125,-0.5,0.1,-0.8,3.90
89440,DESCENT,-0.09,-0.23,0.11,0.35,94322.6,25.00,0.023,1.028,0.122,0.2,-0.3,-0.5,3.90
89450,DESCENT,0.10,-0.22,0.13,-0.10,94320.5,25.00,-0.016,0.981,0.123,0.2,-0.3,-0.1,3.90
89460,DESCENT,0.09,-0.21,0.14,0.28,94320.6,25.00,0.009,1.022,0.117,0.1,-0.2,-0.2,3.90
89470,DESCENT,0.03,-0.20,0.15,0.22,94321.3,25.00,0.019,1.017,0.099,0.3,-0.3,-0.4,3.90
89480,DESCENT,-0.08,-0.20,0.16,0.08,94322.6,25.00,0.012,1.001,0.115,0.4,-0.5,0.2,3.90
89490,DESCENT,0.13,-0.19,0.17,0.23,94320.1,25.00,0.040,1.017,0.108,0.0,-0.8,0.2,3.90
89500,DESCENT,-0.08,-0.18,0.18,0.10,94322.6,25.00,0.030,1.000,0.137,0.1,-0.4,0.1,3.90
89510,DESCENT,0.43,-0.16,0.20,0.24,94316.8,25.00,0.051,1.016,0.130,0.2,-0.3,-0.2,3.90
89520,DESCENT,-0.24,-0.16,0.20,0.14,94324.3,25.00,0.013,1.010,0.094,0.1,-0.2,-0.4,3.90
89530,DESCENT,-0.16,-0.16,0.21,0.31,94323.4,25.00,0.011,1.026,0.106,-0.0,-0.5,-0.2,3.90
89540,DESCENT,-0.06,-0.16,0.21,0.27,94322.3,25.00,0.026,1.018,0.136,0.1,0.2,0.3,3.90
89550,DESCENT,-0.17,-0.16,0.21,0.33,94323.5,25.00,0.001,1.028,0.113,0.0,-0.5,0.2,3.90
89560,DESCENT,-0.05,-0.15,0.22,-0.18,94322.2,25.00,0.015,0.973,0.127,0.4,-0.2,-0.3,3.90
89570,DESCENT,0.11,-0.14,0.23,0.58,94320.3,25.00,0.037,1.053,0.116,0.4,-0.4,-0.1,3.90
89580,DESCENT,0.08,-0.13,0.25,0.29,94320.7,25.00,0.008,1.020,0.136,-0.4,-0.2,-0.4,3.90
89590,DESCENT,-0.22,-0.13,0.24,0.13,94324.1,25.00,-0.003,1.008,0.100,-0.3,0.2,-0.3,3.90
89600,DESCENT,0.02,-0.13,0.25,0.48,94321.4,25.00,0.036,1.044,0.090,0.5,-0.6,-0.2,3.90
89610,DESCENT,-0.02,-0.12,0.26,0.04,94321.9,25.00,0.024,0.999,0.094,0.4,0.0,-0.6,3.90
89620,DESCENT,0.12,-0.11,0.27,0.29,94320.3,25.00,0.010,1.022,0.123,0.0,-0.3,-1.0,3.90
89630,DESCENT,0.18,-0.10,0.28,0.11,94319.6,25.00,0.030,0.999,0.148,0.2,0.2,-0.5,3.90
89640,DESCENT,0.06,-0.09,0.29,-0.02,94321.0,25.00,0.023,0.989,0.130,-0.1,-0.1,-0.6,3.90
89650,DESCENT,0.23,-0.08,0.30,0.15,94319.0,25.00,0.047,1.010,0.096,0.5,-0.5,-0.4,3.90
89660,DESCENT,-0.05,-0.08,0.31,0.22,94322.2,25.00,0.034,1.015,0.115,0.4,-0.2,-0.6,3.90
89670,DESCENT,-0.19,-0.08,0.31,0.48,94323.8,25.00,0.030,1.039,0.146,0.1,-0.4,0.2,3.90
89680,DESCENT,0.11,-0.07,0.32,0.16,94320.4,25.00,0.060,1.006,0.127,0.3,-0.2,-0.8,3.90
89690,DESCENT,-0.17,-0.07,0.32,0.38,94323.6,25.00,0.014,1.030,0.135,-0.0,-0.8,-0.6,3.90
89700,DESCENT,-0.13,-0.07,0.32,0.09,94323.1,25.00,0.019,1.002,0.111,0.2,0.2,-0.4,3.90
89710,DESCENT,-0.18,-0.07,0.31,0.01,94323.7,25.00,0.018,0.995,0.110,-0.2,-0.6,0.0,3.90
89720,DESCENT,0.21,-0.06,0.32,0.08,94319.2,25.00,0.032,1.002,0.108,-0.2,-0.3,0.2,3.90
89730,DESCENT,0.12,-0.05,0.33,0.40,94320.3,25.00,0.008,1.035,0.112,-0.3,-0.6,0.2,3.90
89740,DESCENT,0.02,-0.04,0.34,0.02,94321.4,25.00,0.033,0.996,0.100,-0.1,-0.3,0.0,3.90
89750,DESCENT,0.33,-0.03,0.35,-0.00,94318.0,25.00,0.017,0.992,0.123,0.4,-0.8,-0.5,3.90
89760,DESCENT,0.08,-0.02,0.36,0.09,94320.7,25.00,0.051,1.000,0.122,0.7,-0.3,-0.2,3.90
89770,DESCENT,-0.25,-0.03,0.35,0.05,94324.5,25.00,0.014,0.998,0.120,-0.1,-0.2,-0.1,3.90
89780,DESCENT,0.49,-0.01,0.37,0.38,94316.1,25.00,0.029,1.030,0.131,-0.0,-0.4,0.2,3.90
89790,DESCENT,-0.09,-0.01,0.37,0.26,94322.6,25.00,0.060,1.020,0.101,0.4,-0.2,-0.1,3.90
89800,DESCENT,-0.35,-0.01,0.36,-0.13,94325.6,25.00,0.027,0.980,0.102,-0.1,-0.7,-0.3,3.90
89810,DESCENT,0.42,0.00,0.38,0.35,94316.9,25.00,0.033,1.033,0.070,-0.3,-0.0,-0.2,3.90
89820,DESCENT,0.19,0.01,0.38,0.05,94319.4,25.00,0.034,1.000,0.098,-0.4,-0.4,-0.1,3.90
89830,DESCENT,0.24,0.02,0.39,-0.15,94318.9,25.00,0.034,0.976,0.129,0.2,-0.3,-0.1,3.90
89840,DESCENT,-0.26,0.02,0.38,-0.45,94324.5,25.00,0.037,0.946,0.117,0.4,-0.3,-0.4,3.90
89850,DESCENT,0.01,0.02,0.38,0.03,94321.5,25.00,0.034,0.998,0.095,-0.1,-0.0,-0.4,3.90
89860,DESCENT,0.13,0.03,0.38,0.04,94320.1,25.00,0.010,0.997,0.118,-0.0,-0.2,-0.3,3.90
89870,DESCENT,-0.12,0.03,0.38,0.06,94323.0,25.00,-0.004,1.001,0.097,0.1,-0.2,-0.4,3.90
89880,DESCENT,0.25,0.04,0.39,0.14,94318.8,25.00,0.040,1.008,0.108,0.2,-0.1,-0.2,3.90
89890,DESCENT,-0.15,0.04,0.38,-0.03,94323.3,25.00,-0.007,0.995,0.065,0.3,-0.3,-0.2,3.90
89900,DESCENT,-0.30,0.03,0.36,0.12,94325.1,25.00,-0.002,1.007,0.106,-0.2,-0.2,-0.1,3.90
89910,DESCENT,-0.02,0.03,0.36,-0.04,94321.8,25.00,0.006,0.994,0.058,0.1,0.1,-0.2,3.90
89920,DESCENT,0.28,0.04,0.37,0.02,94318.4,25.00,0.012,0.995,0.119,-0.2,-0.6,-0.4,3.90
89930,DESCENT,-0.35,0.03,0.36,-0.07,94325.6,25.00,0.017,0.984,0.128,0.3,-0.2,0.3,3.90
89940,DESCENT,-0.08,0.04,0.35,-0.16,94322.5,25.00,0.018,0.978,0.108,0.2,-0.3,-0.9,3.90
89950,DESCENT,0.45,0.05,0.37,0.18,94316.5,25.00,0.044,1.011,0.112,-0.1,-0.4,-0.5,3.90
89960,DESCENT,-0.08,0.05,0.36,-0.48,94322.5,25.00,0.006,0.945,0.105,0.3,-0.2,-0.3,3.90
89970,DESCENT,0.27,0.06,0.37,0.05,94318.5,25.00,0.011,0.997,0.128,0.1,-0.1,-0.1,3.90
89980,DESCENT,-0.10,0.06,0.36,0.09,94322.7,25.00,0.067,1.002,0.103,0.6,-0.6,0.1,3.90
89990,DESCENT,0.08,0.06,0.36,0.13,94320.7,25.00,0.038,1.009,0.090,0.1,0.2,-0.5,3.90
90000,DESCENT,0.16,0.07,0.37,0.30,94319.8,25.00,0.018,1.025,0.113,-0.3,-0.1,-0.6,3.90
90010,DESCENT,0.34,0.08,0.38,0.25,94317.8,25.00,0.054,1.017,0.119,-0.1,-0.0,-0.4,3.90
90020,DESCENT,-0.10,0.08,0.38,0.13,94322.7,25.00,-0.003,1.009,0.100,0.1,-0.6,-0.5,3.90
90030,DESCENT,0.20,0.09,0.38,0.18,94319.3,25.00,0.025,1.010,0.124,0.3,-0.1,-0.6,3.90
90040,DESCENT,0.04,0.09,0.38,0.15,94321.1,25.00,0.028,1.009,0.106,-0.4,-0.3,-0.5,3.90
90050,DESCENT,0.38,0.10,0.40,0.12,94317.4,25.00,0.001,1.005,0.122,0.1,0.1,-0.2,3.90
90060,DESCENT,-0.43,0.09,0.38,0.06,94326.5,25.00,0.041,0.998,0.122,0.1,-0.5,-0.2,3.90
90070,DESCENT,-0.15,0.09,0.37,0.04,94323.3,25.00,0.033,1.000,0.084,0.6,0.4,-0.2,3.90
90080,DESCENT,-0.07,0.09,0.36,-0.02,94322.4,25.00,0.022,0.994,0.090,-0.1,0.1,0.2,3.90
90090,DESCENT,0.31,0.10,0.37,0.17,94318.1,25.00,-0.002,1.014,0.094,-0.2,0.2,-0.0,3.90
90100,DESCENT,0.24,0.10,0.38,-0.09,94318.9,25.00,0.026,0.984,0.112,0.1,-0.2,-0.3,3.90
90110,DESCENT,0.03,0.11,0.37,-0.05,94321.3,25.00,0.050,0.988,0.103,-0.1,-0.3,-0.4,3.90
90120,DESCENT,-0.39,0.10,0.35,0.12,94326.0,25.00,0.047,1.005,0.113,0.9,-0.6,-0.8,3.90
90130,DESCENT,-0.07,0.09,0.35,0.12,94322.4,25.00,0.002,1.003,0.139,-0.5,-0.2,0.2,3.90
90140,DESCENT,-0.19,0.09,0.34,0.26,94323.8,25.00,0.022,1.020,0.106,0.4,-0.0,-0.2,3.90
90150,DESCENT,-0.02,0.09,0.34,0.28,94321.9,25.00,0.019,1.022,0.112,-0.6,-0.6,-0.1,3.90
90160,DESCENT,-0.12,0.09,0.33,-0.08,94323.0,25.00,0.022,0.984,0.115,0.6,-0.3,-0.1,3.90
90170,DESCENT,0.40,0.10,0.34,0.49,94317.1,25.00,0.059,1.041,0.130,-0.1,-0.3,-0.3,3.90
90180,DESCENT,-0.06,0.10,0.34,0.21,94322.2,25.00,0.012,1.014,0.119,-0.3,-0.2,0.3,3.90
90190,DESCENT,-0.12,0.10,0.33,0.10,94323.0,25.00,0.030,1.004,0.101,-0.3,-0.5,-0.2,3.90
90200,DESCENT,-0.07,0.09,0.33,0.42,94322.5,25.00,0.026,1.036,0.124,0.2,0.3,-0.7,3.90
90210,DESCENT,0.02,0.09,0.33,-0.19,94321.4,25.00,0.012,0.973,0.112,-0.4,-0.1,-0.1,3.90
90220,DESCENT,-0.12,0.09,0.32,0.15,94323.0,25.00,0.029,1.009,0.112,-0.1,-0.6,-0.5,3.90
90230,DESCENT,0.32,0.10,0.33,-0.17,94318.0,25.00,0.034,0.976,0.112,0.1,-0.2,0.0,3.90
90240,DESCENT,0.09,0.10,0.33,0.05,94320.6,25.00,0.027,1.000,0.096,-0.4,-0.7,-0.6,3.90
90250,DESCENT,-0.03,0.10,0.32,0.20,94322.0,25.00,0.044,1.017,0.079,0.4,-0.0,-0.4,3.90
90260,DESCENT,0.13,0.11,0.32,0.19,94320.1,25.00,0.048,1.011,0.119,0.2,-0.2,0.4,3.90
90270,DESCENT,-0.22,0.10,0.31,0.07,94324.1,25.00,0.015,1.005,0.071,-0.4,-0.3,0.1,3.90
90280,DESCENT,0.29,0.11,0.32,-0.04,94318.4,25.00,0.019,0.990,0.113,0.1,-0.3,-0.4,3.90
90290,DESCENT,-0.10,0.11,0.31,0.28,94322.8,25.00,-0.003,1.024,0.097,0.2,0.2,-0.1,3.90
90300,DESCENT,-0.05,0.11,0.31,0.33,94322.1,25.00,0.011,1.028,0.102,-0.2,-0.2,0.0,3.90
90310,DESCENT,0.16,0.11,0.31,0.09,94319.8,25.00,0.039,1.000,0.130,-0.1,-0.3,-0.4,3.90
90320,DESCENT,0.30,0.12,0.32,0.18,94318.2,25.00,0.012,1.010,0.124,0.7,-0.1,-0.1,3.90
90330,DESCENT,0.16,0.12,0.33,0.40,94319.9,25.00,0.045,1.036,0.099,-0.6,-0.3,-0.0,3.90
90340,DESCENT,0.21,0.13,0.33,0.22,94319.2,25.00,0.064,1.017,0.071,-0.1,-0.2,-0.2,3.90
90350,DESCENT,-0.17,0.12,0.32,0.49,94323.5,25.00,-0.016,1.039,0.158,-0.3,-0.6,-0.2,3.90
90360,DESCENT,-0.61,0.11,0.30,-0.08,94328.5,25.00,0.060,0.986,0.092,-0.2,-1.0,-0.4,3.90
90370,DESCENT,0.18,0.11,0.30,0.06,94319.6,25.00,0.045,0.998,0.123,0.2,-0.6,-0.6,3.90
90380,DESCENT,0.12,0.11,0.30,-0.02,94320.3,25.00,0.005,0.993,0.106,0.1,-0.6,-0.1,3.90
90390,DESCENT,-0.44,0.10,0.28,0.14,94326.6,25.00,0.036,1.006,0.129,0.2,-0.2,-0.6,3.90
90400,DESCENT,-0.16,0.10,0.27,0.46,94323.5,25.00,0.024,1.036,0.153,-0.1,-0.1,0.4,3.90
90410,DESCENT,-0.14,0.09,0.26,0.31,94323.2,25.00,0.043,1.021,0.140,0.4,-0.1,-0.5,3.90
90420,DESCENT,0.17,0.10,0.27,0.33,94319.7,25.00,0.039,1.029,0.093,0.4,0.1,-0.3,3.90
90430,DESCENT,0.08,0.10,0.27,0.32,94320.6,25.00,0.011,1.027,0.113,0.0,-0.1,0.4,3.90
90440,DESCENT,0.12,0.10,0.28,0.34,94320.3,25.00,-0.003,1.029,0.113,0.6,-0.8,-0.7,3.90
90450,DESCENT,0.14,0.11,0.28,0.12,94320.1,25.00,0.084,1.003,0.106,0.0,-0.2,-0.2,3.90
90460,DESCENT,0.17,0.11,0.29,0.27,94319.7,25.00,0.038,1.021,0.111,-0.3,-0.4,-0.4,3.90
90470,DESCENT,0.06,0.11,0.29,0.79,94321.0,25.00,0.010,1.072,0.133,0.0,0.1,-0.4,3.90
90480,DESCENT,-0.54,0.10,0.27,0.08,94327.8,25.00,0.041,1.000,0.117,0.1,-0.4,0.2,3.90
90490,DESCENT,-0.08,0.09,0.26,0.19,94322.6,25.00,0.024,1.014,0.100,0.2,-0.5,0.0,3.90
90500,DESCENT,-0.11,0.09,0.25,-0.08,94322.8,25.00,-0.010,0.987,0.090,0.1,-0.6,0.0,3.90
90510,DESCENT,0.29,0.10,0.26,0.32,94318.3,25.00,0.008,1.024,0.136,-0.0,-0.5,-0.3,3.90
90520,DESCENT,-0.42,0.09,0.24,0.32,94326.4,25.00,0.026,1.028,0.090,-0.2,-0.4,-0.5,3.90
90530,DESCENT,-0.40,0.08,0.23,0.02,94326.1,25.00,0.032,0.995,0.111,0.2,-0.2,-0.4,3.90
90540,DESCENT,-0.08,0.07,0.22,0.11,94322.5,25.00,0.080,0.999,0.134,0.3,-0.4,-0.7,3.90
90550,DESCENT,-0.01,0.07,0.22,0.24,94321.7,25.00,0.021,1.017,0.122,0.4,-0.8,0.1,3.90
90560,DESCENT,0.10,0.08,0.22,0.27,94320.5,25.00,0.041,1.017,0.136,-0.1,0.3,-0.0,3.90
90570,DESCENT,-0.14,0.07,0.22,0.36,94323.2,25.00,0.028,1.030,0.116,0.2,0.3,-0.9,3.90
90580,DESCENT,-0.20,0.07,0.21,0.43,94323.9,25.00,0.025,1.036,0.126,0.1,-0.2,0.7,3.90
90590,DESCENT,-0.10,0.06,0.21,0.53,94322.7,25.00,0.022,1.046,0.122,0.5,-0.5,-0.2,3.90
90600,DESCENT,-0.02,0.06,0.21,-0.06,94321.8,25.00,0.010,0.986,0.117,-0.6,-0.3,-0.2,3.90
90610,DESCENT,0.25,0.07,0.22,0.45,94318.8,25.00,0.064,1.037,0.124,-0.3,-0.6,0.1,3.90
90620,DESCENT,0.26,0.08,0.23,0.19,94318.7,25.00,0.001,1.013,0.117,-0.7,-0.3,-0.1,3.90
90630,DESCENT,-0.12,0.08,0.22,0.35,94323.0,25.00,0.027,1.030,0.112,-0.0,-0.2,-0.5,3.90
90640,DESCENT,0.27,0.08,0.23,0.31,94318.5,25.00,0.021,1.018,0.168,0.3,-0.4,-0.2,3.90
90650,DESCENT,-0.06,0.08,0.23,-0.03,94322.3,25.00,-0.010,0.993,0.088,0.2,-0.1,-0.1,3.90
90660,DESCENT,0.04,0.08,0.23,0.17,94321.2,25.00,0.016,1.015,0.080,-0.2,-0.5,-0.7,3.90
90670,DESCENT,-0.15,0.08,0.22,-0.16,94323.3,25.00,0.030,0.976,0.115,0.3,-0.1,0.2,3.90
90680,DESCENT,0.25,0.09,0.22,-0.15,94318.8,25.00,0.054,0.979,0.093,0.4,-0.1,-0.9,3.90
90690,DESCENT,0.16,0.09,0.23,0.34,94319.8,25.00,-0.028,1.024,0.147,0.1,-0.0,-0.4,3.90
90700,DESCENT,-0.39,0.08,0.21,-0.09,94326.1,25.00,0.049,0.984,0.099,0.6,-0.2,-0.3,3.90
90710,DESCENT,-0.07,0.08,0.20,-0.11,94322.4,25.00,-0.003,0.986,0.073,-0.2,-0.5,-0.2,3.90
90720,DESCENT,-0.18,0.07,0.19,0.23,94323.7,25.00,-0.002,1.014,0.142,0.2,-0.4,0.3,3.90
90730,DESCENT,-0.07,0.07,0.19,0.24,94322.4,25.00,0.001,1.019,0.101,-0.1,-0.3,-0.7,3.90
90740,DESCENT,-0.33,0.06,0.18,0.36,94325.4,25.00,0.029,1.032,0.096,0.2,0.1,-0.1,3.90
90750,DESCENT,-0.67,0.04,0.15,0.46,94329.3,25.00,0.053,1.043,0.072,0.9,-0.3,-0.2,3.90
90760,DESCENT,0.34,0.05,0.17,0.11,94317.8,25.00,0.035,1.005,0.097,0.5,-0.8,-0.2,3.90
90770,DESCENT,-0.03,0.05,0.16,0.17,94322.0,25.00,0.017,1.011,0.109,0.4,-0.2,-0.1,3.90
90780,DESCENT,0.32,0.06,0.18,0.16,94318.0,25.00,0.032,1.010,0.102,0.4,-0.2,-0.5,3.90
90790,DESCENT,-0.13,0.06,0.17,0.37,94323.1,25.00,-0.002,1.030,0.135,0.2,0.0,0.1,3.90
90800,DESCENT,-0.34,0.05,0.16,-0.21,94325.5,25.00,0.054,0.971,0.095,-0.3,-0.3,-0.2,3.90
90810,DESCENT,-0.05,0.04,0.15,0.32,94322.2,25.00,0.052,1.026,0.114,0.2,-0.4,-0.6,3.90
90820,DESCENT,-0.23,0.04,0.14,-0.01,94324.2,25.00,0.041,0.989,0.132,0.0,-0.4,-0.2,3.90
90830,DESCENT,0.56,0.05,0.17,0.50,94315.3,25.00,0.038,1.046,0.094,0.2,-0.4,0.0,3.90
90840,DESCENT,-0.31,0.05,0.16,0.31,94325.1,25.00,0.003,1.021,0.147,0.3,-0.2,-0.2,3.90
90850,DESCENT,0.11,0.05,0.16,-0.09,94320.4,25.00,0.028,0.987,0.084,-0.0,0.6,-0.4,3.90
90860,DESCENT,0.17,0.05,0.17,0.46,94319.7,25.00,0.042,1.038,0.131,0.1,-0.5,-0.1,3.90
90870,DESCENT,0.16,0.06,0.17,0.13,94319.8,25.00,0.052,1.003,0.137,0.6,0.4,-0.3,3.90
90880,DESCENT,-0.15,0.05,0.17,0.56,94323.3,25.00,0.017,1.052,0.113,-0.1,-0.4,-0.4,3.90
90890,DESCENT,-0.08,0.05,0.16,-0.01,94322.5,25.00,0.017,0.991,0.118,0.2,-0.3,0.0,3.90
90900,DESCENT,0.21,0.06,0.17,0.43,94319.2,25.00,0.033,1.037,0.113,0.2,-0.4,-0.2,3.90
90910,DESCENT,-0.31,0.05,0.16,0.06,94325.2,25.00,0.012,0.999,0.111,0.5,-0.3,0.2,3.90
90920,DESCENT,-0.06,0.05,0.16,0.31,94322.3,25.00,-0.012,1.025,0.124,-0.3,0.1,-0.1,3.90
90930,DESCENT,-0.25,0.04,0.15,-0.11,94324.5,25.00,0.008,0.981,0.126,0.4,-0.4,-0.3,3.90
90940,DESCENT,0.03,0.04,0.15,0.44,94321.2,25.00,-0.033,1.038,0.121,0.4,0.4,-0.7,3.90
90950,DESCENT,-0.30,0.03,0.14,0.14,94325.0,25.00,-0.026,1.009,0.096,-0.1,-0.6,-0.5,3.90
90960,DESCENT,0.32,0.04,0.15,0.05,94318.0,25.00,0.045,0.994,0.146,-0.0,-0.1,0.1,3.90
90970,DESCENT,-0.01,0.04,0.15,0.17,94321.7,25.00,0.018,1.011,0.115,0.4,-0.7,-0.2,3.90
90980,DESCENT,-0.09,0.04,0.15,0.31,94322.6,25.00,0.046,1.026,0.095,0.2,-0.2,-0.2,3.90
90990,DESCENT,-0.10,0.04,0.14,0.18,94322.7,25.00,0.057,1.012,0.100,-0.2,-0.7,-0.1,3.90
91000,DESCENT,0.23,0.05,0.16,0.70,94319.0,25.00,0.007,1.069,0.089,0.2,-0.2,-0.5,3.90
91010,DESCENT,0.03,0.05,0.16,0.13,94321.3,25.00,0.021,1.006,0.114,0.4,0.2,0.0,3.90
91020,DESCENT,0.06,0.05,0.16,0.37,94321.0,25.00,-0.030,1.033,0.102,0.2,-0.4,-0.4,3.90
91030,DESCENT,0.27,0.06,0.17,0.33,94318.6,25.00,0.049,1.026,0.113,0.3,0.1,0.1,3.90
91040,DESCENT,-0.25,0.05,0.16,0.04,94324.5,25.00,0.063,0.993,0.129,-0.4,-0.5,-0.3,3.90
91050,DESCENT,-0.06,0.05,0.16,0.09,94322.2,25.00,0.038,1.006,0.076,0.3,-0.6,-0.6,3.90
91060,DESCENT,0.19,0.05,0.17,0.16,94319.5,25.00,0.027,1.009,0.113,0.0,-0.4,-0.4,3.90
91070,DESCENT,-0.11,0.05,0.16,-0.12,94322.8,25.00,0.025,0.982,0.105,0.2,0.2,-0.2,3.90
91080,DESCENT,0.06,0.05,0.16,0.18,94321.0,25.00,0.034,1.011,0.121,0.1,-0.2,0.1,3.90
91090,DESCENT,0.11,0.06,0.16,0.04,94320.4,25.00,0.044,0.997,0.108,0.6,-0.2,0.1,3.90
91100,DESCENT,-0.16,0.05,0.16,0.19,94323.4,25.00,0.025,1.013,0.107,0.5,-0.3,-0.6,3.90
91110,DESCENT,0.00,0.05,0.16,0.26,94321.6,25.00,0.005,1.021,0.114,0.3,-0.8,0.1,3.90
91120,DESCENT,0.02,0.05,0.16,0.23,94321.4,25.00,-0.001,1.015,0.133,0.1,-0.7,-0.3,3.90
91130,DESCENT,0.18,0.06,0.17,0.35,94319.5,25.00,-0.005,1.030,0.115,-0.4,-0.2,-0.2,3.90
91140,DESCENT,0.24,0.06,0.17,-0.13,94318.9,25.00,0.016,0.983,0.076,0.1,0.6,-0.5,3.90
91150,DESCENT,-0.44,0.05,0.15,0.12,94326.6,25.00,0.041,1.006,0.104,0.6,-0.3,-0.5,3.90
91160,DESCENT,0.11,0.05,0.16,0.37,94320.4,25.00,0.015,1.033,0.106,0.8,-0.1,-0.4,3.90
91170,DESCENT,0.00,0.05,0.16,-0.08,94321.6,25.00,0.023,0.984,0.126,-0.1,-0.6,-0.1,3.90
91180,DESCENT,-0.05,0.05,0.15,0.39,94322.1,25.00,0.034,1.033,0.112,-0.1,-0.4,-0.3,3.90
91190,DESCENT,0.59,0.07,0.18,0.31,94315.0,25.00,0.026,1.026,0.099,0.2,0.3,0.0,3.90
91200,DESCENT,-0.34,0.06,0.17,0.22,94325.4,25.00,0.010,1.016,0.112,-0.2,-0.4,0.1,3.90
91210,DESCENT,-0.06,0.06,0.16,0.15,94322.2,25.00,0.008,1.008,0.118,0.2,0.3,-0.2,3.90
91220,DESCENT,0.09,0.06,0.17,0.24,94320.6,25.00,0.015,1.017,0.119,-0.3,-0.3,-0.2,3.90
91230,DESCENT,-0.31,0.05,0.15,0.28,94325.1,25.00,0.024,1.020,0.127,0.1,-0.6,0.1,3.90
91240,DESCENT,-0.48,0.04,0.14,0.58,94327.1,25.00,0.010,1.056,0.090,0.2,-0.4,-0.7,3.90
91250,DESCENT,-0.11,0.04,0.13,0.02,94322.9,25.00,0.014,0.996,0.100,0.2,0.2,0.2,3.90
91260,DESCENT,0.20,0.04,0.14,-0.10,94319.4,25.00,0.037,0.985,0.093,0.4,0.4,0.1,3.90
91270,DESCENT,0.11,0.05,0.14,0.21,94320.3,25.00,0.011,1.015,0.118,-0.5,-0.5,-0.1,3.90
91280,DESCENT,-0.01,0.04,0.14,0.21,94321.8,25.00,0.022,1.019,0.070,0.2,-0.7,0.2,3.90
91290,DESCENT,-0.41,0.03,0.13,0.07,94326.3,25.00,0.025,1.001,0.111,0.7,-0.2,-0.2,3.90
91300,DESCENT,-0.14,0.03,0.12,0.29,94323.2,25.00,0.005,1.026,0.085,-0.1,-0.4,-0.2,3.90
91310,DESCENT,-0.05,0.03,0.12,0.02,94322.2,25.00,0.018,0.996,0.108,0.4,-0.5,-0.0,3.90
91320,DESCENT,0.04,0.03,0.12,0.24,94321.1,25.00,0.024,1.022,0.071,0.3,-0.2,0.1,3.90
91330,DESCENT,0.22,0.04,0.13,0.14,94319.1,25.00,0.035,1.007,0.117,0.1,-0.3,-0.8,3.90
91340,DESCENT,0.03,0.04,0.13,0.14,94321.2,25.00,0.050,1.006,0.115,0.5,0.3,0.2,3.90
91350,DESCENT,0.06,0.04,0.13,0.10,94320.9,25.00,0.019,1.001,0.138,0.3,-0.7,-0.2,3.90
91360,DESCENT,0.16,0.04,0.14,0.38,94319.8,25.00,0.026,1.031,0.128,0.3,-0.3,-0.0,3.90
91370,DESCENT,0.11,0.05,0.15,0.28,94320.4,25.00,0.026,1.023,0.110,-0.0,-0.6,-0.4,3.90
91380,DESCENT,-0.28,0.04,0.14,0.19,94324.8,25.00,0.064,1.010,0.126,0.3,0.5,-0.0,3.90
91390,DESCENT,0.09,0.04,0.14,0.06,94320.6,25.00,0.015,1.001,0.104,-0.0,0.1,-0.4,3.90
91400,DESCENT,0.09,0.05,0.14,0.48,94320.6,25.00,0.022,1.045,0.082,-0.1,-0.5,0.0,3.90
91410,DESCENT,0.22,0.05,0.15,0.24,94319.1,25.00,0.032,1.020,0.094,-0.2,-0.4,-0.0,3.90
91420,DESCENT,0.27,0.06,0.16,0.02,94318.5,25.00,0.026,0.994,0.124,-0.3,-0.2,0.3,3.90
91430,DESCENT,0.17,0.06,0.17,0.29,94319.7,25.00,0.016,1.028,0.061,-0.1,-1.0,-0.0,3.90
91440,DESCENT,0.12,0.07,0.17,0.20,94320.3,25.00,0.004,1.014,0.111,0.4,-0.2,-0.4,3.90
91450,DESCENT,-0.12,0.06,0.17,0.11,94323.0,25.00,0.014,1.003,0.130,0.4,-0.2,-0.1,3.90
91460,DESCENT,-0.22,0.06,0.16,0.01,94324.2,25.00,0.019,0.995,0.103,0.2,-0.0,-0.2,3.90
91470,DESCENT,0.11,0.06,0.16,0.18,94320.4,25.00,0.009,1.011,0.117,-0.9,-0.3,0.3,3.90
91480,DESCENT,-0.09,0.06,0.16,0.29,94322.6,25.00,0.012,1.020,0.141,0.2,-0.1,-0.1,3.90
91490,DESCENT,-0.11,0.05,0.15,0.23,94322.9,25.00,0.036,1.015,0.129,0.1,-0.3,0.1,3.90
91500,DESCENT,-0.22,0.05,0.14,0.01,94324.1,25.00,0.031,0.997,0.078,-0.2,0.2,0.2,3.90
91510,DESCENT,0.19,0.05,0.15,0.38,94319.5,25.00,0.007,1.035,0.091,0.3,0.5,0.1,3.90
91520,DESCENT,-0.12,0.05,0.14,-0.33,94323.0,25.00,0.007,0.962,0.087,0.3,0.2,-0.4,3.90
91530,DESCENT,0.32,0.06,0.15,0.21,94318.0,25.00,0.007,1.017,0.095,0.6,-0.6,-0.0,3.90
91540,DESCENT,0.19,0.06,0.16,-0.05,94319.4,25.00,0.037,0.983,0.142,-0.4,-0.3,-0.3,3.90
91550,DESCENT,-0.45,0.05,0.14,-0.03,94326.7,25.00,0.029,0.987,0.132,-0.2,-0.5,-0.2,3.90
91560,DESCENT,-0.10,0.05,0.13,0.38,94322.8,25.00,0.025,1.035,0.094,-0.7,-0.4,0.2,3.90
91570,DESCENT,0.20,0.05,0.14,-0.26,94319.3,25.00,0.037,0.965,0.121,0.1,0.1,-0.2,3.90
91580,DESCENT,0.00,0.05,0.14,0.20,94321.6,25.00,0.010,1.013,0.125,-0.1,-0.6,-0.3,3.90
91590,DESCENT,-0.15,0.05,0.13,0.46,94323.3,25.00,0.049,1.038,0.133,-0.1,-0.3,-0.3,3.90
91600,DESCENT,-0.12,0.05,0.13,0.14,94323.0,25.00,0.043,1.003,0.140,0.7,0.0,0.3,3.90
91610,DESCENT,-0.18,0.04,0.12,0.21,94323.7,25.00,0.010,1.017,0.099,0.3,-0.9,0.2,3.90
91620,DESCENT,-0.17,0.04,0.12,0.29,94323.5,25.00,0.060,1.020,0.124,0.1,-0.1,-0.3,3.90
91630,DESCENT,0.25,0.04,0.13,0.19,94318.8,25.00,-0.007,1.013,0.113,-0.2,-0.2,-0.3,3.90
91640,DESCENT,-0.10,0.04,0.12,-0.02,94322.7,25.00,0.044,0.986,0.146,0.3,-0.1,0.4,3.90
91650,DESCENT,0.34,0.05,0.13,0.17,94317.7,25.00,-0.008,1.011,0.120,-0.1,-0.7,-0.5,3.90
91660,DESCENT,-0.51,0.04,0.11,0.06,94327.4,25.00,-0.025,1.001,0.100,0.1,0.1,-0.4,3.90
91670,DESCENT,0.47,0.05,0.13,0.18,94316.4,25.00,0.020,1.017,0.059,0.1,0.1,-0.6,3.90
91680,DESCENT,0.26,0.06,0.14,0.36,94318.6,25.00,0.078,1.024,0.145,0.3,-0.3,-0.1,3.90
91690,DESCENT,-0.16,0.05,0.14,0.09,94323.5,25.00,0.027,0.999,0.141,0.4,0.0,-0.6,3.90
91700,DESCENT,0.34,0.06,0.15,0.29,94317.7,25.00,0.041,1.020,0.130,0.6,-0.2,-0.2,3.90
91710,DESCENT,0.21,0.07,0.16,0.10,94319.2,25.00,0.004,1.007,0.087,0.3,-0.2,-0.2,3.90
91720,DESCENT,0.39,0.08,0.17,0.28,94317.2,25.00,0.045,1.023,0.100,-0.1,-0.2,-0.1,3.90
91730,DESCENT,0.10,0.08,0.18,-0.07,94320.4,25.00,0.002,0.985,0.118,0.4,-0.5,-0.2,3.90
91740,DESCENT,0.34,0.09,0.19,0.12,94317.8,25.00,-0.010,1.005,0.122,0.1,-0.4,0.2,3.90
91750,DESCENT,0.17,0.09,0.19,0.09,94319.6,25.00,0.032,1.001,0.127,0.2,-0.8,-0.4,3.90
91760,DESCENT,0.43,0.10,0.21,0.18,94316.7,25.00,0.036,1.008,0.138,0.3,-0.3,0.1,3.90
91770,DESCENT,-0.26,0.10,0.19,0.00,94324.6,25.00,0.016,0.993,0.118,-0.3,-0.5,-0.2,3.90
91780,DESCENT,-0.10,0.09,0.19,0.49,94322.7,25.00,0.024,1.044,0.107,0.1,-0.4,-0.2,3.90
91790,DESCENT,0.42,0.10,0.20,0.23,94316.9,25.00,0.031,1.018,0.098,-0.5,-0.2,-0.3,3.90
91800,DESCENT,0.19,0.11,0.21,0.40,94319.5,25.00,0.038,1.032,0.129,0.0,-0.2,-0.4,3.90
91810,DESCENT,0.14,0.11,0.21,0.09,94320.0,25.00,0.022,1.003,0.109,-0.0,-0.1,-0.6,3.90
91820,DESCENT,-0.16,0.11,0.20,0.13,94323.4,25.00,0.008,1.008,0.112,-0.3,0.0,-0.0,3.90
91830,DESCENT,0.10,0.11,0.20,-0.05,94320.5,25.00,0.033,0.992,0.077,0.7,-0.3,-0.1,3.90
91840,DESCENT,0.12,0.11,0.21,0.83,94320.3,25.00,0.048,1.078,0.123,0.1,0.1,0.2,3.90
91850,DESCENT,0.09,0.11,0.21,0.26,94320.6,25.00,-0.005,1.023,0.086,0.0,-0.1,-0.7,3.90
91860,DESCENT,0.01,0.11,0.21,0.19,94321.5,25.00,0.044,1.013,0.105,0.5,0.1,0.2,3.90
91870,DESCENT,0.11,0.11,0.21,0.21,94320.4,25.00,0.037,1.013,0.121,-0.1,-0.2,-0.6,3.90
91880,DESCENT,0.18,0.12,0.22,0.13,94319.6,25.00,0.072,1.003,0.118,0.2,-0.4,0.0,3.90
91890,DESCENT,0.31,0.12,0.22,0.07,94318.1,25.00,-0.003,0.999,0.124,-0.2,-0.3,0.3,3.90
91900,DESCENT,-0.03,0.12,0.22,0.11,94322.0,25.00,0.044,1.005,0.094,0.3,-0.8,-0.3,3.90
91910,DESCENT,-0.06,0.12,0.21,0.18,94322.3,25.00,0.042,1.011,0.119,0.1,0.0,-0.1,3.90
91920,DESCENT,0.24,0.12,0.22,0.28,94318.9,25.00,0.018,1.025,0.084,0.3,0.4,-0.3,3.90
91930,DESCENT,-0.13,0.12,0.21,0.13,94323.1,25.00,0.006,1.004,0.137,0.2,-0.6,-0.7,3.90
91940,DESCENT,0.48,0.13,0.23,0.21,94316.2,25.00,0.006,1.016,0.109,0.1,-0.5,0.5,3.90
91950,DESCENT,0.21,0.14,0.23,0.36,94319.3,25.00,-0.010,1.031,0.105,0.0,-0.2,-0.1,3.90
91960,DESCENT,-0.19,0.13,0.22,0.11,94323.8,25.00,-0.010,1.006,0.100,0.3,-0.0,-0.3,3.90
91970,DESCENT,0.06,0.13,0.22,-0.11,94321.0,25.00,0.060,0.982,0.102,0.2,0.1,0.1,3.90
91980,DESCENT,-0.30,0.12,0.20,0.19,94325.0,25.00,0.060,1.010,0.132,0.8,0.1,0.0,3.90
91990,DESCENT,0.22,0.12,0.21,0.23,94319.1,25.00,0.028,1.016,0.119,0.2,-0.1,-0.0,3.90
92000,DESCENT,0.01,0.12,0.21,0.23,94321.5,25.00,0.015,1.019,0.090,-0.2,-0.5,-0.6,3.90
92010,DESCENT,-0.45,0.11,0.19,0.00,94326.7,25.00,-0.013,0.992,0.128,0.1,-0.5,0.1,3.90
92020,DESCENT,0.39,0.12,0.20,-0.03,94317.2,25.00,0.007,0.992,0.103,-0.0,-0.2,0.5,3.90
92030,DESCENT,-0.14,0.11,0.19,0.12,94323.2,25.00,0.046,0.998,0.164,0.0,0.3,-0.1,3.90
92040,DESCENT,0.15,0.12,0.19,0.24,94319.9,25.00,0.045,1.011,0.161,-0.0,-0.4,-0.3,3.90
92050,DESCENT,-0.22,0.11,0.18,-0.11,94324.2,25.00,-0.001,0.981,0.123,-0.4,-0.2,0.1,3.90
92060,DESCENT,0.43,0.12,0.19,-0.04,94316.8,25.00,0.050,0.993,0.068,0.3,-0.5,-0.3,3.90
92070,DESCENT,-0.36,0.11,0.17,0.38,94325.7,25.00,0.058,1.033,0.092,-0.2,-0.2,-0.2,3.90
92080,DESCENT,0.07,0.11,0.17,-0.01,94320.8,25.00,-0.005,0.992,0.114,0.2,-0.2,-0.3,3.90
92090,DESCENT,-0.09,0.10,0.16,-0.15,94322.6,25.00,0.051,0.975,0.134,0.2,-0.1,-0.1,3.90
92100,DESCENT,-0.22,0.10,0.15,-0.02,94324.1,25.00,0.048,0.990,0.123,0.1,-0.2,0.1,3.90
92110,DESCENT,0.11,0.10,0.15,0.01,94320.4,25.00,0.038,0.996,0.091,0.2,0.2,0.1,3.90
92120,DESCENT,0.03,0.10,0.15,0.05,94321.3,25.00,0.000,0.998,0.122,0.2,-0.2,-0.0,3.90
92130,DESCENT,-0.03,0.10,0.14,0.00,94322.0,25.00,0.029,0.996,0.092,0.6,-0.7,0.2,3.90
92140,DESCENT,0.21,0.10,0.15,-0.00,94319.2,25.00,-0.002,0.992,0.130,-0.1,-0.2,-0.2,3.90
92150,DESCENT,0.16,0.10,0.15,0.36,94319.8,25.00,0.028,1.030,0.117,0.4,-0.3,-0.4,3.90
92160,DESCENT,0.41,0.11,0.17,0.27,94316.9,25.00,0.017,1.019,0.129,0.3,-0.0,-0.3,3.90
92170,DESCENT,-0.34,0.10,0.15,0.16,94325.4,25.00,0.004,1.005,0.149,-0.5,-0.3,-0.3,3.90
92180,DESCENT,0.20,0.11,0.15,0.03,94319.4,25.00,0.005,0.996,0.112,-0.2,0.0,-0.2,3.90
92190,DESCENT,-0.27,0.10,0.14,0.61,94324.7,25.00,0.016,1.059,0.087,-0.1,0.2,-0.3,3.90
92200,DESCENT,0.03,0.10,0.14,-0.10,94321.3,25.00,0.019,0.982,0.117,-0.0,-0.4,-0.0,3.90
92210,DESCENT,-0.15,0.09,0.13,-0.13,94323.4,25.00,0.015,0.981,0.102,0.0,-0.3,0.1,3.90
92220,DESCENT,-0.09,0.09,0.12,0.20,94322.6,25.00,0.039,1.015,0.099,0.6,-1.0,-0.1,3.90
92230,DESCENT,-0.10,0.08,0.12,0.08,94322.8,25.00,0.032,0.998,0.142,-0.6,-0.3,-0.1,3.90
92240,DESCENT,0.07,0.08,0.12,0.36,94320.8,25.00,0.003,1.030,0.119,-0.2,-0.0,-0.2,3.90
92250,DESCENT,0.03,0.08,0.12,0.14,94321.2,25.00,0.003,1.007,0.113,-0.0,-0.0,-0.3,3.90
92260,DESCENT,0.12,0.09,0.12,-0.36,94320.2,25.00,0.037,0.956,0.106,-0.1,0.5,-0.3,3.90
92270,DESCENT,0.04,0.09,0.12,0.30,94321.2,25.00,0.043,1.022,0.134,0.3,-0.1,-0.3,3.90
92280,DESCENT,-0.04,0.08,0.12,0.16,94322.1,25.00,0.037,1.008,0.129,0.1,-0.1,-0.2,3.90
92290,DESCENT,-0.01,0.08,0.11,0.23,94321.8,25.00,0.037,1.014,0.135,-0.0,-0.6,-0.6,3.90
92300,DESCENT,-0.07,0.08,0.11,0.12,94322.4,25.00,0.017,1.006,0.110,-0.0,-0.6,-0.4,3.90
92310,DESCENT,-0.02,0.08,0.11,0.06,94321.8,25.00,0.032,1.002,0.086,0.3,-0.1,-0.1,3.90
92320,DESCENT,0.14,0.08,0.11,0.20,94320.1,25.00,0.000,1.012,0.135,0.2,0.2,-0.8,3.90
92330,DESCENT,-0.58,0.06,0.08,-0.12,94328.1,25.00,0.039,0.981,0.106,-0.4,0.3,-0.2,3.90
92340,DESCENT,-0.15,0.06,0.07,-0.04,94323.4,25.00,0.025,0.991,0.101,-0.2,-0.2,-0.3,3.90
92350,DESCENT,-0.20,0.05,0.06,0.23,94323.8,25.00,0.065,1.016,0.112,0.0,-0.7,-0.2,3.90
92360,DESCENT,-0.41,0.04,0.05,0.27,94326.3,25.00,0.029,1.025,0.079,0.1,-0.6,-0.8,3.90
92370,DESCENT,-0.12,0.03,0.04,0.08,94323.0,25.00,0.035,0.998,0.136,0.3,-0.6,-0.2,3.90
92380,DESCENT,0.21,0.04,0.05,0.04,94319.3,25.00,-0.018,0.996,0.128,0.1,-0.3,-0.6,3.90
92390,DESCENT,-0.13,0.04,0.04,0.07,94323.1,25.00,0.017,1.000,0.122,0.4,-0.0,-0.1,3.90
92400,DESCENT,0.35,0.04,0.06,0.02,94317.7,25.00,0.049,0.996,0.096,-0.3,-0.5,-0.2,3.90
92410,DESCENT,0.13,0.05,0.06,0.26,94320.1,25.00,0.030,1.020,0.118,-0.3,-0.3,-0.3,3.90
92420,DESCENT,0.22,0.05,0.07,0.27,94319.1,25.00,0.040,1.019,0.124,-0.3,-0.1,-0.3,3.90
92430,DESCENT,0.30,0.06,0.08,0.13,94318.2,25.00,0.009,1.007,0.111,0.0,0.1,-0.1,3.90
92440,DESCENT,0.35,0.07,0.10,0.22,94317.7,25.00,0.025,1.012,0.150,0.5,-0.3,-0.5,3.90
92450,DESCENT,0.29,0.08,0.11,-0.09,94318.3,25.00,0.003,0.982,0.130,0.2,-0.2,-0.4,3.90
92460,DESCENT,-0.14,0.07,0.10,0.30,94323.2,25.00,0.032,1.024,0.118,-0.2,0.0,-0.1,3.90
92470,DESCENT,0.05,0.07,0.10,0.34,94321.1,25.00,0.038,1.027,0.122,-0.2,-0.3,-0.1,3.90
92480,DESCENT,0.35,0.08,0.11,-0.03,94317.7,25.00,0.051,0.986,0.139,0.1,-0.5,-0.6,3.90
92490,DESCENT,0.02,0.08,0.11,0.34,94321.4,25.00,-0.004,1.026,0.136,0.1,-0.1,-0.1,3.90
92500,DESCENT,0.02,0.08,0.11,-0.16,94321.4,25.00,0.003,0.976,0.123,0.1,-0.9,0.1,3.90
92510,DESCENT,0.29,0.09,0.12,0.05,94318.3,25.00,0.014,0.999,0.110,0.2,-0.6,-0.1,3.90
92520,DESCENT,0.06,0.09,0.12,0.09,94320.9,25.00,0.064,1.003,0.095,0.3,-0.1,-0.6,3.90
92530,DESCENT,0.23,0.09,0.13,0.21,94319.0,25.00,0.056,1.014,0.112,-0.2,0.0,-0.4,3.90
92540,DESCENT,0.52,0.11,0.15,0.35,94315.8,25.00,0.022,1.028,0.126,-0.5,-0.7,-0.5,3.90
92550,DESCENT,0.21,0.11,0.15,-0.02,94319.2,25.00,0.036,0.991,0.105,-0.2,-0.2,-0.7,3.90
92560,DESCENT,-0.17,0.10,0.14,-0.12,94323.5,25.00,0.042,0.980,0.118,0.7,-0.4,-0.2,3.90
92570,DESCENT,0.11,0.11,0.14,0.29,94320.3,25.00,0.025,1.023,0.112,-0.0,-0.0,0.2,3.90
92580,DESCENT,0.21,0.11,0.15,0.07,94319.2,25.00,0.038,1.002,0.098,0.2,-0.8,-0.4,3.90
92590,DESCENT,-0.27,0.10,0.13,-0.12,94324.6,25.00,0.012,0.982,0.109,-0.2,-0.3,0.7,3.90
92600,DESCENT,0.02,0.10,0.13,0.29,94321.4,25.00,0.024,1.022,0.125,0.1,-0.1,-0.1,3.90
92610,DESCENT,-0.35,0.09,0.12,0.54,94325.6,25.00,0.016,1.051,0.100,0.4,-0.9,-0.5,3.90
92620,DESCENT,0.03,0.09,0.12,0.24,94321.3,25.00,0.034,1.017,0.121,-0.4,-0.3,-0.1,3.90
92630,DESCENT,0.36,0.10,0.13,0.13,94317.6,25.00,0.050,1.003,0.131,0.1,-0.2,0.5,3.90
92640,DESCENT,-0.15,0.09,0.12,-0.00,94323.4,25.00,0.044,0.991,0.122,0.7,0.3,-0.2,3.90
92650,DESCENT,0.24,0.10,0.13,0.13,94318.9,25.00,0.036,1.005,0.126,-0.0,-0.4,-0.3,3.90
92660,DESCENT,-0.16,0.09,0.12,-0.05,94323.5,25.00,0.005,0.988,0.111,0.1,-0.3,-0.3,3.90
92670,DESCENT,0.15,0.09,0.12,-0.02,94319.9,25.00,0.026,0.990,0.121,-0.0,-1.1,0.2,3.90
92680,DESCENT,0.26,0.10,0.13,0.52,94318.7,25.00,0.015,1.045,0.131,-0.4,-0.2,-0.2,3.90
92690,DESCENT,-0.29,0.09,0.12,0.25,94324.9,25.00,-0.006,1.020,0.097,0.0,-0.6,-0.3,3.90
92700,DESCENT,0.27,0.10,0.13,0.16,94318.5,25.00,0.013,1.002,0.169,-0.0,-0.6,-0.4,3.90
92710,DESCENT,-0.10,0.09,0.12,0.05,94322.8,25.00,0.032,1.001,0.087,0.4,-0.6,-0.6,3.90
92720,DESCENT,0.03,0.09,0.12,-0.18,94321.2,25.00,0.041,0.974,0.115,0.3,0.4,0.0,3.90
92730,LANDED,0.02,0.09,0.11,0.21,94321.4,25.00,0.037,1.015,0.112,0.3,0.0,0.3,3.90
92740,LANDED,-0.22,0.08,0.10,0.37,94324.1,25.00,0.016,1.034,0.081,0.3,-0.0,-0.1,3.90
92750,LANDED,0.12,0.08,0.11,-0.15,94320.2,25.00,0.026,0.977,0.116,0.2,-0.1,0.0,3.90
92760,LANDED,-0.19,0.08,0.09,0.13,94323.8,25.00,0.039,1.007,0.113,0.4,-0.4,-0.5,3.90
92770,LANDED,-0.09,0.07,0.09,0.23,94322.7,25.00,0.027,1.017,0.112,0.6,-1.0,-0.5,3.90
92780,LANDED,0.18,0.08,0.10,0.14,94319.5,25.00,0.015,1.010,0.089,-0.6,-0.4,-0.4,3.90
92790,LANDED,-0.24,0.07,0.09,0.40,94324.4,25.00,0.023,1.028,0.168,0.2,0.1,0.2,3.90
92800,LANDED,0.21,0.07,0.09,0.01,94319.2,25.00,0.042,0.997,0.079,0.1,-0.2,0.0,3.90
92810,LANDED,-0.48,0.06,0.07,-0.02,94327.1,25.00,0.032,0.994,0.082,0.3,-0.4,-0.3,3.90
92820,LANDED,0.11,0.06,0.07,0.05,94320.3,25.00,-0.008,0.999,0.108,0.1,0.1,-0.0,3.90
92830,LANDED,0.12,0.06,0.07,-0.16,94320.3,25.00,0.013,0.972,0.147,-0.0,-0.4,-0.3,3.90
92840,LANDED,0.14,0.07,0.08,0.07,94320.0,25.00,0.015,0.999,0.123,-0.2,-0.8,-0.3,3.90
92850,LANDED,-0.01,0.07,0.08,0.07,94321.7,25.00,0.006,0.998,0.135,0.1,-0.1,-0.4,3.90
92860,LANDED,-0.35,0.05,0.06,0.11,94325.6,25.00,0.022,1.005,0.112,0.8,-0.2,-0.2,3.90
92870,LANDED,-0.22,0.05,0.05,-0.08,94324.1,25.00,0.012,0.986,0.106,0.1,0.3,-0.3,3.90
92880,LANDED,-0.33,0.04,0.03,0.25,94325.4,25.00,0.024,1.022,0.088,-0.1,0.1,0.3,3.90
92890,LANDED,0.17,0.04,0.04,-0.07,94319.7,25.00,-0.021,0.987,0.103,-0.1,-0.5,-0.1,3.90
92900,LANDED,0.49,0.05,0.06,0.40,94316.1,25.00,0.039,1.034,0.117,0.5,-0.7,-0.1,3.90
92910,LANDED,0.36,0.06,0.07,0.19,94317.6,25.00,0.019,1.013,0.112,0.2,-0.8,0.2,3.90
92920,LANDED,-0.14,0.06,0.07,0.24,94323.2,25.00,0.032,1.018,0.110,0.2,-0.2,0.2,3.90
92930,LANDED,-0.05,0.06,0.07,0.14,94322.1,25.00,0.053,1.007,0.108,-0.1,0.2,-0.2,3.90
92940,LANDED,0.22,0.06,0.07,0.01,94319.1,25.00,0.021,0.993,0.127,0.4,-0.3,-0.0,3.90
92950,LANDED,0.01,0.06,0.07,0.34,94321.5,25.00,0.024,1.028,0.113,0.4,0.0,-0.1,3.90
92960,LANDED,-0.29,0.05,0.06,0.59,94324.9,25.00,0.026,1.055,0.105,0.1,-0.5,-0.4,3.90
92970,LANDED,0.16,0.06,0.07,0.27,94319.8,25.00,0.020,1.016,0.150,0.1,-0.2,-0.5,3.90
92980,LANDED,0.04,0.06,0.07,0.17,94321.1,25.00,0.002,1.011,0.106,0.3,-0.4,0.0,3.90
92990,LANDED,0.08,0.06,0.08,0.28,94320.7,25.00,0.047,1.023,0.098,0.2,-0.2,-0.0,3.90
93000,LANDED,-0.28,0.05,0.07,0.56,94324.8,25.00,0.066,1.050,0.099,0.2,-0.5,-0.2,3.90
93010,LANDED,0.18,0.05,0.08,0.11,94319.6,25.00,0.023,1.009,0.056,0.5,-0.2,0.2,3.90
93020,LANDED,-0.22,0.05,0.07,0.29,94324.1,25.00,0.052,1.021,0.126,0.2,0.3,0.3,3.90
93030,LANDED,0.33,0.05,0.08,0.36,94317.9,25.00,0.029,1.033,0.094,0.5,-0.1,-0.0,3.90
93040,LANDED,-0.22,0.05,0.07,-0.13,94324.1,25.00,0.016,0.983,0.084,0.1,0.1,0.0,3.90
93050,LANDED,0.11,0.05,0.08,0.37,94320.3,25.00,0.037,1.027,0.152,0.4,-0.3,-0.2,3.90
93060,LANDED,0.08,0.05,0.08,0.14,94320.7,25.00,0.032,1.008,0.115,0.4,0.1,0.0,3.90
93070,LANDED,-0.23,0.04,0.07,0.13,94324.2,25.00,0.026,1.006,0.124,-0.1,-0.7,-0.1,3.90
93080,LANDED,-0.07,0.04,0.07,0.24,94322.5,25.00,-0.009,1.019,0.104,0.3,-0.2,-0.3,3.90
93090,LANDED,-0.17,0.04,0.06,0.08,94323.5,25.00,0.001,1.000,0.122,0.6,-0.5,-0.4,3.90
93100,LANDED,0.17,0.04,0.07,0.27,94319.6,25.00,-0.002,1.018,0.135,0.2,0.0,0.1,3.90
93110,LANDED,-0.18,0.04,0.06,-0.00,94323.6,25.00,0.002,0.990,0.133,-0.6,-0.6,-0.7,3.90
93120,LANDED,-0.17,0.03,0.05,0.08,94323.6,25.00,0.017,1.004,0.080,0.6,0.3,-0.1,3.90
93130,LANDED,-0.12,0.03,0.05,0.26,94323.0,25.00,0.008,1.020,0.122,-0.1,-0.2,-0.0,3.90
93140,LANDED,0.21,0.03,0.06,0.21,94319.2,25.00,0.010,1.015,0.106,0.2,-0.9,-0.1,3.90
93150,LANDED,0.10,0.04,0.06,0.17,94320.5,25.00,0.012,1.012,0.101,0.4,0.3,-0.2,3.90
93160,LANDED,-0.33,0.03,0.05,0.26,94325.4,25.00,0.076,1.019,0.102,0.4,-0.4,-0.5,3.90
93170,LANDED,0.06,0.03,0.05,0.01,94320.9,25.00,0.023,0.994,0.109,-0.1,-0.3,-0.6,3.90
93180,LANDED,-0.13,0.02,0.05,0.51,94323.1,25.00,0.059,1.045,0.107,0.0,0.1,-0.7,3.90
93190,LANDED,0.23,0.03,0.06,0.35,94319.0,25.00,0.016,1.028,0.120,0.4,0.2,-0.3,3.90
93200,LANDED,-0.19,0.02,0.05,-0.02,94323.8,25.00,0.007,0.989,0.132,-0.0,-0.8,0.2,3.90
93210,LANDED,0.32,0.03,0.07,0.16,94318.0,25.00,0.045,1.009,0.114,-0.2,-0.4,-0.6,3.90
93220,LANDED,-0.33,0.02,0.05,-0.47,94325.4,25.00,0.008,0.950,0.066,-0.6,-0.5,0.3,3.90
93230,LANDED,-0.05,0.02,0.05,0.36,94322.2,25.00,-0.004,1.032,0.106,-0.1,-0.1,-0.6,3.90
93240,LANDED,0.02,0.02,0.05,0.16,94321.4,25.00,0.004,1.006,0.144,-0.4,-0.2,-0.7,3.90
93250,LANDED,-0.12,0.02,0.05,0.13,94323.0,25.00,-0.002,1.006,0.127,-0.4,-0.3,-0.0,3.90
93260,LANDED,-0.06,0.02,0.05,0.51,94322.2,25.00,0.028,1.045,0.115,0.4,-0.6,0.4,3.90
93270,LANDED,-0.28,0.01,0.04,-0.17,94324.8,25.00,0.005,0.977,0.101,0.1,0.2,0.2,3.90
93280,LANDED,0.10,0.01,0.04,0.43,94320.5,25.00,0.027,1.040,0.092,0.4,-0.5,-0.5,3.90
93290,LANDED,-0.20,0.01,0.03,0.17,94323.9,25.00,0.009,1.012,0.098,-0.5,-0.5,0.6,3.90
93300,LANDED,0.16,0.01,0.04,-0.08,94319.8,25.00,0.034,0.989,0.059,0.3,-0.7,-0.2,3.90
93310,LANDED,0.11,0.01,0.05,0.11,94320.4,25.00,0.010,1.006,0.103,-0.7,-0.0,-0.3,3.90
93320,LANDED,-0.07,0.01,0.04,0.17,94322.4,25.00,0.073,1.008,0.113,0.1,-0.2,-0.1,3.90
93330,LANDED,-0.24,0.01,0.04,0.49,94324.4,25.00,0.037,1.042,0.127,-0.1,-0.6,-0.0,3.90
93340,LANDED,0.30,0.01,0.05,0.31,94318.2,25.00,0.028,1.028,0.077,0.1,-0.5,-0.3,3.90
93350,LANDED,0.00,0.01,0.05,0.17,94321.6,25.00,0.006,1.012,0.101,-0.1,-0.9,-0.2,3.90
93360,LANDED,-0.10,0.01,0.05,0.04,94322.8,25.00,0.033,0.994,0.137,0.1,-0.5,-0.6,3.90
93370,LANDED,-0.20,0.01,0.04,-0.12,94323.9,25.00,0.026,0.982,0.100,-0.5,-0.0,-0.3,3.90
93380,LANDED,-0.13,0.00,0.04,0.25,94323.1,25.00,0.040,1.019,0.107,-0.0,-0.2,-0.3,3.90
93390,LANDED,-0.08,0.00,0.04,0.17,94322.5,25.00,0.045,1.014,0.067,-0.4,-0.4,-0.0,3.90
93400,LANDED,0.36,0.01,0.05,0.17,94317.5,25.00,0.041,1.011,0.102,0.0,0.1,0.1,3.90
93410,LANDED,-0.11,0.01,0.05,0.07,94322.9,25.00,0.021,1.005,0.068,0.2,-0.0,-0.1,3.90
93420,LANDED,-0.16,0.00,0.04,0.17,94323.4,25.00,0.033,1.009,0.128,-0.0,-0.5,-0.5,3.90
93430,LANDED,-0.01,0.00,0.04,0.18,94321.7,25.00,0.027,1.011,0.117,-0.4,-0.1,-0.4,3.90
93440,LANDED,-0.03,0.00,0.04,0.19,94322.0,25.00,0.007,1.008,0.145,0.2,-0.7,-0.2,3.90
93450,LANDED,-0.10,0.00,0.04,0.27,94322.8,25.00,0.019,1.023,0.088,-0.2,0.2,-0.2,3.90
93460,LANDED,-0.04,-0.00,0.04,0.09,94322.0,25.00,0.026,1.005,0.090,-0.2,0.2,-0.5,3.90
93470,LANDED,0.49,0.01,0.06,0.17,94316.1,25.00,0.036,1.011,0.106,-0.3,-0.6,0.1,3.90
93480,LANDED,0.00,0.01,0.06,0.08,94321.6,25.00,0.032,1.004,0.089,-0.2,-0.8,0.3,3.90
93490,LANDED,-0.09,0.01,0.06,0.22,94322.6,25.00,0.072,1.009,0.149,-0.2,0.1,-0.4,3.90
93500,LANDED,-0.12,0.01,0.06,0.08,94323.0,25.00,0.056,0.998,0.130,0.6,-0.3,0.1,3.90
93510,LANDED,0.11,0.01,0.06,0.12,94320.4,25.00,0.003,1.008,0.094,0.3,-0.5,-0.3,3.90
93520,LANDED,-0.15,0.01,0.06,0.21,94323.4,25.00,0.037,1.016,0.101,0.1,-0.8,-0.0,3.90
93530,LANDED,0.07,0.01,0.06,0.42,94320.8,25.00,-0.001,1.033,0.140,0.1,-0.7,-0.1,3.90
93540,LANDED,-0.05,0.01,0.06,-0.07,94322.2,25.00,0.039,0.983,0.131,0.3,-0.2,-0.2,3.90
93550,LANDED,0.11,0.01,0.07,0.06,94320.4,25.00,0.008,1.000,0.113,-0.2,-0.5,-0.0,3.90
93560,LANDED,0.01,0.01,0.07,0.44,94321.6,25.00,0.008,1.035,0.148,0.5,-0.1,-0.5,3.90
93570,LANDED,-0.11,0.01,0.07,0.27,94322.9,25.00,0.064,1.020,0.098,0.0,-0.1,0.0,3.90
93580,LANDED,-0.01,0.01,0.07,0.16,94321.7,25.00,0.008,1.010,0.105,0.1,0.2,-0.3,3.90
93590,LANDED,-0.09,0.01,0.06,-0.22,94322.6,25.00,0.025,0.970,0.116,0.2,-0.5,-0.4,3.90
93600,LANDED,-0.21,0.00,0.06,0.29,94324.1,25.00,0.076,1.020,0.128,0.3,-0.4,0.2,3.90
93610,LANDED,-0.08,0.00,0.05,0.23,94322.6,25.00,0.020,1.013,0.147,0.2,-0.3,0.2,3.90
93620,LANDED,0.33,0.01,0.07,0.27,94317.9,25.00,0.004,1.022,0.106,0.5,-0.4,0.2,3.90
93630,LANDED,-0.35,0.00,0.06,0.18,94325.6,25.00,0.003,1.010,0.129,-0.1,-0.2,-0.2,3.90
93640,LANDED,-0.25,-0.01,0.05,0.26,94324.5,25.00,0.037,1.018,0.135,-0.2,-0.4,-0.2,3.90
93650,LANDED,-0.42,-0.02,0.03,-0.12,94326.4,25.00,-0.003,0.981,0.117,-0.2,-0.2,-0.0,3.90
93660,LANDED,-0.58,-0.03,0.01,-0.10,94328.2,25.00,0.021,0.982,0.117,-0.1,-0.3,-0.3,3.90
93670,LANDED,0.17,-0.03,0.02,0.15,94319.7,25.00,0.034,1.013,0.067,-0.2,-0.2,-0.4,3.90
93680,LANDED,-0.10,-0.03,0.02,0.21,94322.8,25.00,0.048,1.016,0.092,-0.2,-0.2,-0.4,3.90
93690,LANDED,0.20,-0.02,0.03,-0.03,94319.4,25.00,0.009,0.991,0.100,0.1,-0.1,-0.4,3.90
93700,LANDED,-0.03,-0.02,0.03,-0.12,94321.9,25.00,0.051,0.981,0.102,0.2,0.0,-0.5,3.90
93710,LANDED,-0.21,-0.03,0.02,0.26,94324.0,25.00,0.064,1.020,0.096,0.1,-0.5,-0.3,3.90
93720,LANDED,-0.13,-0.03,0.02,0.11,94323.1,25.00,0.021,1.010,0.044,0.3,-0.2,-0.4,3.90
93730,LANDED,0.03,-0.03,0.02,0.19,94321.3,25.00,-0.010,1.008,0.153,-0.0,-0.2,-0.3,3.90
93740,LANDED,0.39,-0.02,0.04,-0.06,94317.2,25.00,0.014,0.986,0.121,-0.6,-0.1,-0.2,3.90
93750,LANDED,0.15,-0.01,0.05,0.26,94320.0,25.00,0.034,1.023,0.086,0.3,-0.2,-0.1,3.90
93760,LANDED,0.13,-0.01,0.05,0.03,94320.1,25.00,0.028,0.993,0.140,0.1,-0.3,-0.2,3.90
93770,LANDED,-0.39,-0.02,0.04,0.10,94326.0,25.00,0.031,1.001,0.132,0.1,0.0,-0.1,3.90
93780,LANDED,-0.35,-0.03,0.02,-0.07,94325.6,25.00,0.016,0.984,0.131,-0.1,-0.4,-0.3,3.90
93790,LANDED,0.04,-0.02,0.03,0.16,94321.2,25.00,0.059,1.011,0.087,-0.0,-0.9,0.1,3.90
93800,LANDED,-0.09,-0.03,0.03,0.32,94322.6,25.00,0.018,1.025,0.127,-0.0,-0.3,0.5,3.90
93810,LANDED,-0.46,-0.04,0.01,0.32,94326.9,25.00,0.002,1.024,0.133,-0.1,-0.7,-0.3,3.90
93820,LANDED,-0.04,-0.04,0.01,0.03,94322.1,25.00,0.038,0.994,0.125,0.3,0.2,-0.4,3.90
93830,LANDED,0.21,-0.03,0.03,0.17,94319.3,25.00,0.007,1.012,0.106,0.0,-0.7,-0.1,3.90
93840,LANDED,-0.24,-0.04,0.02,0.25,94324.4,25.00,0.022,1.022,0.084,0.1,-0.4,0.2,3.90
93850,LANDED,0.13,-0.03,0.03,-0.04,94320.2,25.00,0.018,0.990,0.102,-0.4,-0.7,-0.3,3.90
93860,LANDED,0.07,-0.03,0.03,0.07,94320.9,25.00,0.042,1.000,0.107,0.0,0.1,-0.0,3.90
93870,LANDED,0.46,-0.01,0.05,0.10,94316.4,25.00,-0.004,1.003,0.121,-0.1,-0.5,-0.4,3.90
93880,LANDED,0.08,-0.01,0.06,0.06,94320.6,25.00,0.032,1.002,0.089,-0.4,0.4,-0.2,3.90
93890,LANDED,-0.27,-0.02,0.05,0.05,94324.6,25.00,0.028,1.001,0.094,0.4,-0.5,-0.3,3.90
93900,LANDED,-0.33,-0.03,0.03,-0.02,94325.4,25.00,0.016,0.989,0.131,0.2,-0.9,-0.7,3.90
93910,LANDED,0.08,-0.02,0.04,0.46,94320.7,25.00,0.032,1.037,0.149,0.7,-0.5,-0.8,3.90
93920,LANDED,0.08,-0.02,0.05,0.20,94320.7,25.00,-0.019,1.014,0.114,0.1,-0.4,-0.2,3.90
93930,LANDED,-0.09,-0.02,0.05,-0.08,94322.7,25.00,0.028,0.984,0.124,0.4,-0.5,-0.1,3.90
93940,LANDED,-0.27,-0.03,0.03,0.02,94324.7,25.00,0.023,0.996,0.103,0.3,-1.0,-0.1,3.90
93950,LANDED,-0.14,-0.03,0.03,-0.03,94323.2,25.00,0.033,0.991,0.100,-0.1,-0.2,0.0,3.90
93960,LANDED,0.32,-0.02,0.05,0.31,94318.0,25.00,0.017,1.027,0.100,-0.3,-0.2,0.0,3.90
93970,LANDED,0.07,-0.02,0.05,-0.22,94320.8,25.00,0.046,0.970,0.105,0.8,-0.4,-0.7,3.90
93980,LANDED,-0.07,-0.02,0.05,-0.29,94322.4,25.00,0.023,0.964,0.113,0.2,0.3,-0.6,3.90
93990,LANDED,0.13,-0.01,0.05,0.37,94320.1,25.00,0.018,1.032,0.117,0.5,-0.2,0.1,3.90
94000,LANDED,0.01,-0.01,0.05,0.01,94321.5,25.00,0.019,0.993,0.125,-0.0,0.1,-0.7,3.90
94010,LANDED,0.21,-0.01,0.06,0.21,94319.2,25.00,0.004,1.020,0.067,0.0,-0.6,0.1,3.90
94020,LANDED,-0.03,-0.01,0.07,0.23,94321.9,25.00,0.041,1.013,0.136,0.0,-0.4,-0.7,3.90
94030,LANDED,0.21,0.00,0.08,0.29,94319.3,25.00,0.039,1.024,0.103,0.3,-0.6,-0.3,3.90
94040,LANDED,-0.10,-0.00,0.07,-0.02,94322.8,25.00,0.004,0.991,0.117,-0.3,-0.0,0.3,3.90
94050,LANDED,-0.02,-0.00,0.08,0.42,94321.8,25.00,0.051,1.037,0.095,-0.1,-0.4,-0.3,3.90
94060,LANDED,-0.19,-0.01,0.07,0.03,94323.8,25.00,0.019,0.997,0.110,-0.3,-0.5,-0.4,3.90
94070,LANDED,0.11,-0.00,0.08,0.23,94320.4,25.00,0.033,1.015,0.132,0.2,0.0,-0.1,3.90
94080,LANDED,0.29,0.01,0.09,0.29,94318.4,25.00,0.006,1.022,0.127,0.4,0.2,-0.3,3.90
94090,LANDED,0.21,0.01,0.10,0.18,94319.3,25.00,0.041,1.010,0.122,0.6,-0.0,-0.4,3.90
94100,LANDED,-0.02,0.01,0.10,0.48,94321.9,25.00,0.043,1.043,0.098,-0.5,-0.3,-0.1,3.90
94110,LANDED,0.20,0.02,0.11,0.36,94319.4,25.00,0.022,1.027,0.137,0.1,-0.6,-0.5,3.90
94120,LANDED,0.25,0.03,0.13,0.50,94318.8,25.00,0.063,1.043,0.114,-0.3,-0.6,-0.3,3.90
94130,LANDED,0.43,0.04,0.15,0.16,94316.8,25.00,0.027,1.012,0.095,0.5,0.5,-0.3,3.90
94140,LANDED,-0.03,0.04,0.15,0.38,94321.9,25.00,0.036,1.033,0.106,0.2,-0.1,0.3,3.90
94150,LANDED,0.16,0.04,0.15,-0.13,94319.8,25.00,0.018,0.980,0.109,0.3,-0.7,-0.3,3.90
94160,LANDED,-0.37,0.03,0.13,-0.11,94325.8,25.00,0.043,0.984,0.082,0.1,-0.7,-0.1,3.90
94170,LANDED,-0.11,0.03,0.13,-0.25,94322.9,25.00,0.018,0.969,0.096,-0.1,-0.3,-0.1,3.90
94180,LANDED,-0.01,0.03,0.12,-0.27,94321.7,25.00,-0.008,0.970,0.072,-0.3,-0.6,-0.2,3.90
94190,LANDED,-0.42,0.02,0.10,0.30,94326.4,25.00,0.028,1.027,0.080,0.3,0.1,-0.2,3.90
94200,LANDED,-0.61,0.00,0.08,0.53,94328.5,25.00,0.008,1.043,0.157,0.2,-0.2,-0.4,3.90
94210,LANDED,-0.27,-0.00,0.07,-0.25,94324.7,25.00,0.003,0.970,0.093,-0.4,-0.4,-1.0,3.90
94220,LANDED,0.52,0.01,0.09,0.02,94315.8,25.00,0.050,0.991,0.141,0.1,-0.2,-0.3,3.90
94230,LANDED,0.07,0.01,0.10,0.31,94320.9,25.00,0.019,1.025,0.116,0.4,0.2,-0.4,3.90
94240,LANDED,-0.05,0.01,0.10,0.06,94322.2,25.00,-0.005,0.997,0.135,0.3,0.1,0.0,3.90
94250,LANDED,-0.21,0.01,0.09,0.16,94324.0,25.00,0.045,1.012,0.083,0.0,-0.4,-0.1,3.90
94260,LANDED,0.21,0.01,0.10,0.21,94319.2,25.00,0.049,1.011,0.138,0.2,0.0,-0.1,3.90
94270,LANDED,0.15,0.02,0.10,0.19,94320.0,25.00,-0.011,1.006,0.167,-0.0,0.0,-0.3,3.90
94280,LANDED,0.22,0.03,0.11,-0.01,94319.2,25.00,0.042,0.993,0.091,0.6,-0.3,-0.4,3.90
94290,LANDED,0.04,0.03,0.12,0.29,94321.2,25.00,0.024,1.023,0.112,0.1,0.0,-0.3,3.90
94300,LANDED,-0.02,0.03,0.11,-0.06,94321.8,25.00,0.037,0.981,0.156,0.4,0.1,0.2,3.90
94310,LANDED,0.15,0.03,0.12,-0.22,94319.9,25.00,-0.009,0.969,0.127,-0.3,-0.8,0.4,3.90
94320,LANDED,0.09,0.03,0.12,-0.14,94320.6,25.00,0.026,0.982,0.086,0.0,-0.7,-0.7,3.90
94330,LANDED,-0.18,0.03,0.11,0.14,94323.7,25.00,0.046,1.004,0.134,0.2,-0.5,-0.0,3.90
94340,LANDED,0.24,0.04,0.12,0.11,94318.9,25.00,0.008,0.999,0.153,0.2,-0.2,-0.2,3.90
94350,LANDED,-0.30,0.03,0.11,0.16,94325.0,25.00,0.043,1.012,0.083,0.2,-0.1,-0.0,3.90
94360,LANDED,-0.13,0.02,0.10,0.33,94323.1,25.00,0.009,1.029,0.096,-0.0,-0.8,-0.2,3.90
94370,LANDED,-0.08,0.02,0.10,-0.03,94322.5,25.00,0.028,0.992,0.083,-0.0,-0.1,-0.2,3.90
94380,LANDED,0.14,0.03,0.11,0.20,94320.1,25.00,0.023,1.016,0.098,0.2,0.0,-0.6,3.90
94390,LANDED,0.08,0.03,0.11,-0.15,94320.8,25.00,0.005,0.982,0.072,-0.1,0.1,-0.3,3.90
94400,LANDED,0.09,0.03,0.11,0.03,94320.6,25.00,0.007,0.999,0.094,-0.2,-0.8,-0.2,3.90
94410,LANDED,-0.07,0.03,0.11,0.44,94322.5,25.00,0.096,1.032,0.139,0.5,-0.2,0.6,3.90
94420,LANDED,-0.05,0.03,0.11,0.09,94322.2,25.00,0.028,1.001,0.120,-0.0,-0.6,-0.3,3.90
94430,LANDED,0.22,0.04,0.12,0.22,94319.1,25.00,0.018,1.018,0.095,0.6,-0.3,-0.9,3.90
94440,LANDED,-0.21,0.03,0.11,0.01,94324.0,25.00,0.027,0.990,0.146,0.3,-0.4,-0.4,3.90
94450,LANDED,0.28,0.04,0.12,-0.14,94318.4,25.00,0.029,0.979,0.103,-0.1,-0.3,-0.2,3.90
94460,LANDED,-0.06,0.04,0.11,-0.10,94322.3,25.00,0.036,0.986,0.086,-0.0,-0.1,-0.5,3.90
94470,LANDED,-0.26,0.03,0.10,-0.10,94324.6,25.00,0.025,0.983,0.114,0.1,-0.3,-0.2,3.90
94480,LANDED,0.12,0.03,0.10,0.22,94320.2,25.00,0.028,1.018,0.103,0.2,-0.3,-0.4,3.90
94490,LANDED,-0.04,0.03,0.10,0.24,94322.0,25.00,0.023,1.018,0.116,0.2,-0.7,0.5,3.90
94500,LANDED,0.22,0.04,0.11,0.30,94319.1,25.00,0.013,1.027,0.077,0.6,0.0,-0.2,3.90
94510,LANDED,-0.00,0.04,0.11,0.33,94321.6,25.00,0.013,1.030,0.088,0.0,-0.0,0.1,3.90
94520,LANDED,-0.12,0.03,0.11,0.44,94323.0,25.00,0.071,1.039,0.092,-0.1,0.2,-0.2,3.90
94530,LANDED,0.01,0.03,0.11,0.17,94321.5,25.00,0.016,1.008,0.130,-0.0,-0.3,-0.4,3.90
94540,LANDED,-0.15,0.03,0.11,0.68,94323.3,25.00,0.035,1.058,0.150,0.3,-0.2,0.1,3.90
94550,LANDED,0.21,0.04,0.12,-0.11,94319.2,25.00,-0.000,0.981,0.113,-0.3,0.7,0.2,3.90
94560,LANDED,0.25,0.04,0.13,0.27,94318.8,25.00,0.032,1.024,0.081,0.6,-0.1,-0.3,3.90
94570,LANDED,-0.22,0.04,0.12,0.32,94324.1,25.00,0.062,1.028,0.082,0.2,-0.1,-0.2,3.90
94580,LANDED,0.10,0.04,0.13,0.22,94320.5,25.00,0.041,1.011,0.143,0.1,-0.1,-0.3,3.90
94590,LANDED,-0.02,0.04,0.13,0.01,94321.9,25.00,0.003,0.993,0.123,-0.4,-0.2,-0.3,3.90
94600,LANDED,0.27,0.05,0.14,-0.08,94318.5,25.00,0.017,0.986,0.108,0.4,-0.1,-0.6,3.90
94610,LANDED,0.08,0.05,0.14,0.11,94320.7,25.00,0.021,1.002,0.135,0.5,0.0,0.2,3.90
94620,LANDED,-0.13,0.05,0.13,0.34,94323.1,25.00,0.060,1.028,0.100,-0.0,-0.1,-0.6,3.90
94630,LANDED,0.27,0.05,0.14,0.37,94318.5,25.00,0.025,1.028,0.136,0.1,-0.6,-0.2,3.90
94640,LANDED,0.13,0.06,0.15,0.26,94320.1,25.00,0.008,1.021,0.101,-0.1,-0.0,-0.6,3.90
94650,LANDED,-0.04,0.06,0.15,0.17,94322.1,25.00,0.027,1.010,0.121,0.1,-0.7,0.1,3.90
94660,LANDED,-0.07,0.05,0.15,0.20,94322.4,25.00,0.007,1.014,0.117,-0.0,-0.1,-1.0,3.90
94670,LANDED,0.08,0.06,0.15,0.07,94320.7,25.00,0.003,1.000,0.118,-0.1,0.1,-0.0,3.90
94680,LANDED,-0.12,0.05,0.14,0.24,94323.0,25.00,0.005,1.021,0.086,0.1,-1.0,-0.5,3.90
94690,LANDED,-0.10,0.05,0.14,0.10,94322.7,25.00,0.023,1.002,0.119,0.2,-0.4,0.1,3.90
94700,LANDED,-0.22,0.04,0.13,0.31,94324.1,25.00,0.023,1.024,0.125,0.3,-0.1,-0.5,3.90
94710,LANDED,-0.02,0.04,0.13,0.11,94321.8,25.00,0.030,1.003,0.124,-0.0,-0.9,0.2,3.90
94720,LANDED,0.20,0.05,0.14,0.08,94319.4,25.00,0.005,1.001,0.113,-0.2,-0.3,-0.2,3.90
94730,LANDED,-0.33,0.04,0.12,0.35,94325.4,25.00,-0.008,1.031,0.093,0.8,0.1,-0.1,3.90
94740,LANDED,0.11,0.04,0.13,0.29,94320.4,25.00,-0.000,1.024,0.107,0.1,-0.7,-0.3,3.90
94750,LANDED,0.07,0.04,0.13,-0.00,94320.9,25.00,-0.005,0.994,0.101,0.2,-0.5,-0.5,3.90
94760,LANDED,0.14,0.05,0.13,0.02,94320.1,25.00,0.026,0.995,0.111,0.0,0.0,-0.4,3.90
94770,LANDED,-0.09,0.05,0.13,0.15,94322.6,25.00,0.043,1.010,0.105,0.3,-0.0,-0.1,3.90
94780,LANDED,-0.27,0.04,0.12,0.35,94324.7,25.00,0.041,1.032,0.083,-0.1,0.1,-0.3,3.90
94790,LANDED,0.40,0.05,0.14,0.21,94317.0,25.00,0.034,1.016,0.095,0.3,-0.1,0.1,3.90
94800,LANDED,-0.48,0.04,0.12,0.19,94327.1,25.00,0.020,1.015,0.094,-0.0,-0.1,-0.3,3.90
94810,LANDED,-0.32,0.03,0.10,0.29,94325.2,25.00,0.018,1.024,0.110,-0.0,-0.1,-0.4,3.90
94820,LANDED,-0.06,0.03,0.10,-0.06,94322.2,25.00,0.035,0.988,0.101,0.5,0.4,-0.1,3.90
94830,LANDED,-0.30,0.02,0.09,0.33,94325.1,25.00,0.014,1.026,0.127,-0.4,-0.2,-0.1,3.90
94840,LANDED,0.12,0.02,0.10,0.37,94320.2,25.00,0.062,1.028,0.130,-0.3,-0.4,0.2,3.90
94850,LANDED,-0.24,0.02,0.09,-0.05,94324.4,25.00,0.052,0.987,0.105,-0.2,-0.8,0.0,3.90
94860,LANDED,0.52,0.03,0.11,0.68,94315.7,25.00,0.054,1.066,0.078,0.3,0.3,-0.2,3.90
94870,LANDED,-0.10,0.03,0.11,0.19,94322.8,25.00,0.032,1.015,0.083,0.5,-0.4,0.6,3.90
94880,LANDED,0.11,0.03,0.12,0.40,94320.4,25.00,0.044,1.030,0.145,-0.1,-0.4,-0.2,3.90
94890,LANDED,0.24,0.04,0.13,0.17,94318.9,25.00,0.019,1.005,0.150,0.0,-0.1,-0.0,3.90
94900,LANDED,-0.12,0.04,0.13,0.30,94322.9,25.00,0.023,1.021,0.140,0.3,0.4,-0.1,3.90
94910,LANDED,-0.47,0.02,0.11,0.48,94326.9,25.00,0.028,1.040,0.136,0.4,0.1,0.1,3.90
94920,LANDED,-0.16,0.02,0.11,0.40,94323.5,25.00,0.007,1.034,0.115,0.2,-0.2,-0.2,3.90
94930,LANDED,-0.31,0.01,0.10,0.10,94325.2,25.00,0.015,1.005,0.098,0.1,-0.0,-0.2,3.90
94940,LANDED,-0.03,0.01,0.09,0.11,94322.0,25.00,-0.007,1.008,0.085,-0.1,-0.3,-0.4,3.90
94950,LANDED,-0.08,0.01,0.09,0.32,94322.6,25.00,0.008,1.025,0.127,-0.4,-0.1,0.3,3.90
94960,LANDED,0.13,0.01,0.10,0.24,94320.1,25.00,0.015,1.022,0.077,-0.1,-0.6,0.3,3.90
94970,LANDED,0.06,0.01,0.10,-0.00,94320.9,25.00,0.017,0.992,0.118,0.4,-0.6,-0.1,3.90
94980,LANDED,-0.14,0.01,0.10,0.41,94323.2,25.00,0.054,1.034,0.119,0.3,-0.2,0.2,3.90
94990,LANDED,-0.09,0.01,0.10,0.00,94322.7,25.00,0.003,0.993,0.113,0.6,-0.6,0.2,3.90
95000,LANDED,-0.32,0.00,0.08,0.11,94325.3,25.00,0.022,1.003,0.121,-0.1,-0.2,0.1,3.90
95010,LANDED,0.35,0.01,0.10,-0.03,94317.6,25.00,0.032,0.991,0.097,0.3,-0.4,-0.2,3.90
95020,LANDED,0.00,0.01,0.10,0.04,94321.6,25.00,0.005,0.997,0.113,0.2,0.1,-0.4,3.90
95030,LANDED,-0.01,0.01,0.10,0.40,94321.7,25.00,0.046,1.036,0.094,0.2,-0.6,0.2,3.90
95040,LANDED,0.21,0.02,0.11,0.23,94319.2,25.00,0.041,1.016,0.117,-0.1,-0.0,-0.9,3.90
95050,LANDED,-0.09,0.02,0.11,0.28,94322.7,25.00,0.019,1.021,0.125,-0.5,-0.4,-0.5,3.90
95060,LANDED,0.33,0.03,0.12,-0.02,94317.9,25.00,0.007,0.992,0.102,0.1,0.2,-1.1,3.90
95070,LANDED,-0.03,0.03,0.12,0.07,94322.0,25.00,0.045,0.996,0.143,0.5,-1.1,-0.1,3.90
95080,LANDED,0.04,0.03,0.12,0.11,94321.1,25.00,-0.004,1.006,0.106,-0.2,-0.7,-0.0,3.90
95090,LANDED,-0.15,0.02,0.12,0.24,94323.3,25.00,0.022,1.016,0.126,-0.0,-0.3,-0.1,3.90
95100,LANDED,-0.37,0.01,0.10,0.19,94325.8,25.00,0.051,1.013,0.092,0.2,-0.5,-0.5,3.90
95110,LANDED,-0.34,0.01,0.09,-0.30,94325.5,25.00,0.015,0.964,0.090,0.4,0.2,0.0,3.90
95120,LANDED,0.38,0.02,0.10,0.46,94317.3,25.00,0.038,1.041,0.112,0.1,0.1,0.1,3.90
95130,LANDED,-0.44,0.01,0.09,0.10,94326.6,25.00,0.029,1.003,0.120,0.4,-0.2,-0.5,3.90
95140,LANDED,0.23,0.01,0.10,-0.09,94319.0,25.00,0.028,0.987,0.079,0.3,-1.0,-0.7,3.90
95150,LANDED,-0.08,0.01,0.09,0.21,94322.5,25.00,0.028,1.017,0.094,0.4,-0.2,-0.3,3.90
95160,LANDED,0.21,0.02,0.11,0.61,94319.2,25.00,0.004,1.056,0.113,0.4,-0.4,-0.1,3.90
95170,LANDED,0.11,0.02,0.11,0.01,94320.4,25.00,-0.009,0.992,0.128,0.1,-0.2,-0.4,3.90
95180,LANDED,-0.30,0.01,0.10,0.24,94325.1,25.00,0.043,1.018,0.109,-0.0,-0.8,-0.6,3.90
95190,LANDED,0.04,0.02,0.10,0.01,94321.2,25.00,0.043,0.990,0.140,0.1,-0.4,-0.4,3.90
95200,LANDED,0.02,0.02,0.10,-0.16,94321.4,25.00,-0.024,0.978,0.102,0.1,-0.5,-0.4,3.90
95210,LANDED,0.08,0.02,0.11,0.37,94320.7,25.00,0.043,1.034,0.093,0.1,-0.5,-0.2,3.90
95220,LANDED,-0.12,0.02,0.10,0.17,94323.0,25.00,-0.029,1.013,0.088,-0.4,-0.2,-0.2,3.90
95230,LANDED,-0.42,0.00,0.09,0.08,94326.4,25.00,0.047,1.001,0.111,0.2,-0.6,-0.4,3.90
95240,LANDED,-0.08,0.00,0.09,0.53,94322.5,25.00,0.033,1.049,0.102,0.1,-0.0,-0.2,3.90
95250,LANDED,-0.42,-0.01,0.07,0.07,94326.4,25.00,0.023,1.000,0.115,0.1,-0.1,0.1,3.90
95260,LANDED,-0.20,-0.01,0.07,-0.16,94323.9,25.00,0.028,0.977,0.102,0.3,-0.3,0.3,3.90
95270,LANDED,-0.07,-0.01,0.06,0.24,94322.5,25.00,0.033,1.020,0.094,0.3,-0.2,-0.1,3.90
95280,LANDED,0.18,-0.01,0.07,0.05,94319.6,25.00,0.045,0.995,0.135,0.1,-0.1,-0.2,3.90
95290,LANDED,-0.08,-0.01,0.07,0.20,94322.6,25.00,0.012,1.015,0.113,-0.0,0.1,-0.2,3.90
95300,LANDED,-0.22,-0.01,0.06,0.15,94324.2,25.00,0.074,1.009,0.089,0.2,-0.5,0.0,3.90
95310,LANDED,-0.18,-0.02,0.06,0.17,94323.6,25.00,0.032,1.013,0.090,-0.3,-0.4,-0.1,3.90
95320,LANDED,-0.48,-0.03,0.04,0.28,94327.1,25.00,0.009,1.024,0.100,0.2,-0.0,-0.4,3.90
95330,LANDED,-0.23,-0.04,0.04,-0.00,94324.2,25.00,0.018,0.992,0.118,0.4,0.1,-0.3,3.90
95340,LANDED,-0.29,-0.04,0.03,0.33,94324.9,25.00,-0.014,1.024,0.140,-0.2,-0.3,-0.1,3.90
95350,LANDED,-0.15,-0.05,0.03,0.27,94323.3,25.00,0.057,1.022,0.090,0.2,-0.2,0.4,3.90
95360,LANDED,-0.33,-0.05,0.02,0.52,94325.3,25.00,0.019,1.047,0.114,0.6,-0.8,-0.1,3.90
95370,LANDED,0.17,-0.05,0.03,0.19,94319.7,25.00,0.029,1.015,0.087,-0.1,-0.3,-0.1,3.90
95380,LANDED,0.26,-0.04,0.05,0.38,94318.7,25.00,0.007,1.027,0.156,0.1,-0.1,-0.5,3.90
95390,LANDED,0.01,-0.04,0.05,0.41,94321.5,25.00,0.026,1.034,0.123,0.0,-0.6,-0.5,3.90
95400,LANDED,-0.06,-0.04,0.05,0.07,94322.3,25.00,0.017,1.001,0.110,0.3,-0.1,-0.4,3.90
95410,LANDED,0.13,-0.03,0.06,0.45,94320.1,25.00,0.037,1.039,0.119,0.2,-0.4,-0.1,3.90
95420,LANDED,0.21,-0.02,0.08,0.20,94319.3,25.00,0.035,1.012,0.124,0.1,-0.2,-0.7,3.90
95430,LANDED,0.13,-0.02,0.08,0.34,94320.1,25.00,0.032,1.027,0.124,0.4,-0.0,0.5,3.90
95440,LANDED,0.29,-0.01,0.10,0.04,94318.3,25.00,0.048,0.996,0.119,0.2,-0.3,-0.2,3.90
95450,LANDED,0.34,0.00,0.11,0.26,94317.8,25.00,0.041,1.017,0.137,0.5,0.1,0.1,3.90
95460,LANDED,-0.11,0.00,0.11,0.19,94322.9,25.00,0.007,1.012,0.122,-0.1,-0.2,-0.5,3.90
95470,LANDED,-0.18,-0.00,0.11,0.34,94323.7,25.00,-0.024,1.027,0.120,0.2,-0.3,-0.1,3.90
95480,LANDED,0.11,0.00,0.12,0.48,94320.4,25.00,0.042,1.042,0.111,0.2,-0.2,-0.2,3.90
95490,LANDED,0.25,0.01,0.13,-0.04,94318.8,25.00,0.016,0.992,0.080,0.3,-0.3,0.2,3.90
95500,LANDED,0.21,0.02,0.13,-0.20,94319.2,25.00,0.028,0.971,0.122,-0.1,-0.6,-0.0,3.90
95510,LANDED,-0.03,0.02,0.13,-0.16,94321.9,25.00,-0.012,0.979,0.100,-0.4,-0.6,-0.4,3.90
95520,LANDED,-0.12,0.01,0.13,0.02,94323.0,25.00,0.016,0.995,0.120,-0.1,0.2,-0.1,3.90
95530,LANDED,-0.05,0.01,0.12,0.45,94322.2,25.00,0.009,1.037,0.143,-0.2,-0.4,0.3,3.90
95540,LANDED,-0.06,0.01,0.12,0.07,94322.3,25.00,0.041,1.001,0.100,0.2,-0.3,-0.3,3.90
95550,LANDED,0.04,0.01,0.13,0.08,94321.2,25.00,-0.011,1.002,0.108,-0.5,0.3,-0.6,3.90
95560,LANDED,-0.09,0.01,0.12,0.21,94322.6,25.00,0.031,1.016,0.102,-0.1,0.1,-0.3,3.90
95570,LANDED,0.39,0.02,0.14,-0.04,94317.1,25.00,0.020,0.992,0.084,0.3,-0.6,-0.1,3.90
95580,LANDED,0.18,0.03,0.15,0.30,94319.5,25.00,-0.024,1.026,0.098,0.6,-0.4,-0.2,3.90
95590,LANDED,0.07,0.03,0.15,0.37,94320.8,25.00,0.033,1.029,0.128,0.2,-0.2,-0.0,3.90
95600,LANDED,0.19,0.04,0.16,-0.14,94319.4,25.00,0.060,0.979,0.099,-0.0,-1.1,-0.4,3.90
95610,LANDED,-0.67,0.02,0.13,0.33,94329.2,25.00,0.034,1.026,0.130,0.1,-0.3,-0.7,3.90
95620,LANDED,0.28,0.03,0.15,0.28,94318.5,25.00,0.034,1.016,0.152,-0.1,-0.2,-0.4,3.90
95630,LANDED,0.53,0.04,0.17,0.04,94315.6,25.00,0.021,0.998,0.107,0.5,-0.2,0.0,3.90
95640,LANDED,-0.44,0.03,0.15,0.25,94326.6,25.00,0.004,1.019,0.120,0.6,-0.0,-0.3,3.90
95650,LANDED,0.20,0.04,0.16,0.29,94319.3,25.00,0.023,1.021,0.131,0.2,-0.6,-0.6,3.90
95660,LANDED,-0.10,0.04,0.15,-0.10,94322.7,25.00,0.009,0.983,0.108,-0.1,-0.5,0.1,3.90
95670,LANDED,0.07,0.04,0.16,0.14,94320.9,25.00,0.026,1.008,0.106,-0.0,-0.3,-0.2,3.90
95680,LANDED,0.52,0.05,0.18,0.42,94315.8,25.00,0.034,1.036,0.120,-0.2,-0.4,-0.4,3.90
95690,LANDED,0.08,0.06,0.18,0.03,94320.7,25.00,0.021,1.000,0.079,0.2,-0.4,-0.4,3.90
95700,LANDED,0.67,0.07,0.21,0.12,94314.0,25.00,0.019,1.009,0.081,-0.4,0.3,-0.1,3.90
95710,LANDED,0.25,0.08,0.21,0.32,94318.8,25.00,0.027,1.025,0.129,0.3,-0.2,-0.6,3.90
95720,LANDED,0.29,0.09,0.23,0.12,94318.4,25.00,0.002,1.009,0.080,0.3,-0.3,-0.3,3.90
95730,LANDED,0.08,0.09,0.23,0.27,94320.8,25.00,0.019,1.019,0.128,0.3,-0.5,-1.4,3.90
95740,LANDED,-0.07,0.09,0.22,-0.13,94322.4,25.00,0.012,0.980,0.103,-0.0,-0.1,-0.3,3.90
95750,LANDED,0.04,0.09,0.22,0.28,94321.1,25.00,0.018,1.020,0.135,-0.5,-0.6,0.1,3.90
95760,LANDED,0.17,0.09,0.23,0.17,94319.7,25.00,-0.001,1.010,0.122,0.3,-0.6,-0.2,3.90
95770,LANDED,0.14,0.10,0.23,0.12,94320.0,25.00,0.001,1.004,0.127,0.1,-0.1,0.2,3.90
95780,LANDED,0.03,0.10,0.23,0.25,94321.2,25.00,0.022,1.019,0.113,0.5,-0.2,-1.0,3.90
95790,LANDED,-0.03,0.10,0.23,0.34,94321.9,25.00,0.017,1.027,0.122,-0.0,-0.6,0.2,3.90
95800,LANDED,0.10,0.10,0.23,-0.02,94320.5,25.00,0.033,0.994,0.088,0.1,-0.7,-0.5,3.90
95810,LANDED,-0.13,0.09,0.22,0.23,94323.1,25.00,0.019,1.020,0.084,0.2,-0.3,-0.3,3.90
95820,LANDED,-0.17,0.09,0.21,0.05,94323.5,25.00,0.031,0.996,0.128,-0.2,-0.1,0.3,3.90
95830,LANDED,0.28,0.10,0.22,0.50,94318.4,25.00,0.059,1.047,0.074,0.5,-0.2,-0.3,3.90
95840,LANDED,0.04,0.10,0.22,0.21,94321.1,25.00,0.061,1.015,0.101,0.0,0.4,0.1,3.90
95850,LANDED,-0.18,0.09,0.21,-0.06,94323.7,25.00,0.029,0.989,0.093,0.1,-0.1,-0.3,3.90
95860,LANDED,0.18,0.10,0.21,0.29,94319.6,25.00,0.037,1.026,0.079,0.3,-0.4,-0.2,3.90
95870,LANDED,0.11,0.10,0.22,0.05,94320.3,25.00,0.032,0.996,0.127,0.1,-0.4,-0.5,3.90
95880,LANDED,0.01,0.10,0.22,0.54,94321.6,25.00,0.049,1.050,0.096,0.1,-0.3,0.2,3.90
95890,LANDED,0.07,0.10,0.22,-0.07,94320.8,25.00,0.045,0.984,0.114,-0.1,-0.9,-0.2,3.90
95900,LANDED,-0.15,0.10,0.20,-0.40,94323.3,25.00,0.019,0.953,0.107,-0.1,-0.5,-0.4,3.90
95910,LANDED,0.21,0.10,0.21,0.45,94319.3,25.00,0.036,1.038,0.136,-0.1,0.1,-0.5,3.90
95920,LANDED,0.06,0.10,0.21,-0.24,94321.0,25.00,0.032,0.971,0.086,0.2,-0.2,-0.2,3.90
95930,LANDED,0.04,0.10,0.21,0.06,94321.1,25.00,0.013,1.001,0.101,0.5,-0.5,-0.1,3.90
95940,LANDED,0.01,0.10,0.20,0.11,94321.6,25.00,0.031,1.008,0.074,0.4,-0.5,-0.3,3.90
95950,LANDED,-0.24,0.09,0.19,0.23,94324.4,25.00,0.049,1.019,0.089,0.6,-0.1,-0.1,3.90
95960,LANDED,-0.15,0.09,0.18,0.14,94323.4,25.00,0.039,1.004,0.133,-0.1,-0.1,0.4,3.90
95970,LANDED,0.53,0.10,0.20,-0.05,94315.6,25.00,0.022,0.988,0.108,0.7,-0.6,-0.3,3.90
95980,LANDED,-0.31,0.09,0.18,0.15,94325.2,25.00,0.047,1.008,0.117,0.3,-0.2,-0.2,3.90
95990,LANDED,-0.06,0.09,0.18,0.39,94322.3,25.00,0.043,1.035,0.095,-0.1,-1.0,-0.1,3.90
96000,LANDED,0.13,0.09,0.19,0.31,94320.1,25.00,0.032,1.025,0.115,-0.1,-0.7,0.0,3.90
96010,LANDED,-0.07,0.09,0.18,0.07,94322.5,25.00,0.028,1.002,0.100,0.4,-0.4,-0.4,3.90
96020,LANDED,0.10,0.09,0.18,0.10,94320.5,25.00,-0.004,1.001,0.137,-0.1,-0.1,-0.5,3.90
96030,LANDED,0.10,0.09,0.18,0.23,94320.5,25.00,0.008,1.020,0.087,0.4,-0.3,-0.2,3.90
96040,LANDED,-0.24,0.09,0.17,0.19,94324.4,25.00,0.007,1.013,0.109,0.2,0.1,0.0,3.90
96050,LANDED,0.11,0.09,0.18,0.20,94320.4,25.00,0.015,1.018,0.071,-0.0,-0.2,0.3,3.90
96060,LANDED,0.30,0.10,0.18,0.01,94318.2,25.00,0.032,0.993,0.114,0.0,0.1,-0.3,3.90
96070,LANDED,0.03,0.10,0.18,-0.01,94321.3,25.00,0.048,0.991,0.116,0.2,-0.4,-0.4,3.90
96080,LANDED,0.16,0.10,0.19,0.05,94319.8,25.00,0.023,0.997,0.124,0.1,-0.3,-0.2,3.90
96090,LANDED,0.31,0.11,0.19,-0.08,94318.0,25.00,0.040,0.982,0.127,0.5,0.4,-0.2,3.90
96100,LANDED,0.15,0.11,0.20,0.08,94319.9,25.00,0.054,0.995,0.153,0.4,-0.3,-0.2,3.90
96110,LANDED,-0.24,0.10,0.18,0.29,94324.3,25.00,0.017,1.025,0.101,-0.0,-0.2,-0.6,3.90
96120,LANDED,-0.35,0.09,0.17,-0.07,94325.6,25.00,0.022,0.987,0.103,-0.1,0.2,-0.3,3.90
96130,LANDED,0.24,0.10,0.17,0.21,94319.0,25.00,0.025,1.014,0.123,0.3,-0.5,-0.0,3.90
96140,LANDED,0.01,0.10,0.17,0.37,94321.5,25.00,0.035,1.033,0.094,0.5,-0.1,-0.3,3.90
96150,LANDED,0.02,0.10,0.17,0.34,94321.4,25.00,0.061,1.023,0.142,0.2,-0.4,-0.4,3.90
96160,LANDED,0.42,0.11,0.19,0.27,94316.8,25.00,0.029,1.025,0.067,0.1,-0.9,-0.5,3.90
96170,LANDED,0.11,0.11,0.19,0.14,94320.3,25.00,0.023,1.012,0.065,0.1,-0.2,0.6,3.90
96180,LANDED,0.22,0.11,0.20,0.08,94319.1,25.00,0.011,1.000,0.131,0.0,0.2,-0.5,3.90
96190,LANDED,-0.24,0.11,0.18,0.06,94324.4,25.00,0.029,1.000,0.107,-0.3,-0.3,-0.0,3.90
96200,LANDED,0.30,0.11,0.19,0.44,94318.2,25.00,0.078,1.038,0.104,0.2,-0.5,-0.1,3.90
96210,LANDED,-0.29,0.10,0.18,-0.09,94324.9,25.00,0.028,0.985,0.094,0.3,-0.8,-0.0,3.90
96220,LANDED,0.07,0.11,0.18,0.27,94320.8,25.00,0.018,1.022,0.111,-0.3,-0.1,-0.2,3.90
96230,LANDED,0.08,0.11,0.18,0.20,94320.7,25.00,0.063,1.015,0.082,0.0,-0.5,-0.4,3.90
96240,LANDED,0.06,0.11,0.18,0.34,94321.0,25.00,0.003,1.030,0.103,-0.2,-0.3,-0.2,3.90
96250,LANDED,-0.76,0.08,0.15,-0.01,94330.2,25.00,0.006,0.990,0.129,0.2,-0.8,-0.3,3.90
96260,LANDED,-0.28,0.08,0.13,0.02,94324.8,25.00,0.016,0.994,0.124,0.1,-0.6,-0.3,3.90
96270,LANDED,-0.57,0.06,0.11,0.14,94328.1,25.00,0.012,1.009,0.101,-0.1,-0.6,-0.2,3.90
96280,LANDED,-0.28,0.05,0.09,0.23,94324.8,25.00,0.055,1.019,0.081,-0.2,-0.4,-0.6,3.90
96290,LANDED,-0.14,0.05,0.09,0.24,94323.2,25.00,0.015,1.016,0.130,0.0,-0.6,-0.0,3.90
96300,LANDED,0.11,0.05,0.09,0.16,94320.4,25.00,0.038,1.010,0.111,0.3,-0.3,0.0,3.90
96310,LANDED,0.12,0.05,0.10,0.08,94320.2,25.00,0.050,1.003,0.095,0.3,-0.0,-0.3,3.90
96320,LANDED,0.53,0.07,0.12,0.13,94315.6,25.00,0.034,1.008,0.096,0.3,-0.3,-0.1,3.90
96330,LANDED,-0.39,0.05,0.10,0.20,94326.0,25.00,0.012,1.018,0.082,-0.3,-0.6,-0.3,3.90
96340,LANDED,0.11,0.06,0.11,0.20,94320.4,25.00,0.026,1.012,0.126,0.3,-0.8,-0.2,3.90
96350,LANDED,0.12,0.06,0.11,0.35,94320.2,25.00,0.012,1.033,0.076,-0.3,0.2,-0.3,3.90
96360,LANDED,-0.40,0.05,0.09,0.10,94326.1,25.00,0.038,1.004,0.094,-0.5,-0.4,-0.2,3.90
96370,LANDED,0.08,0.05,0.10,0.44,94320.8,25.00,0.033,1.036,0.132,-0.1,-0.5,-0.8,3.90
96380,LANDED,-0.31,0.04,0.09,0.25,94325.2,25.00,-0.004,1.022,0.090,-0.1,-0.6,-0.4,3.90
96390,LANDED,0.21,0.05,0.10,0.04,94319.3,25.00,0.003,0.996,0.127,0.4,-0.3,-0.7,3.90
96400,LANDED,-0.06,0.04,0.09,0.02,94322.3,25.00,0.021,0.993,0.135,-0.0,0.2,-0.4,3.90
96410,LANDED,0.10,0.05,0.09,0.02,94320.5,25.00,-0.009,0.998,0.098,0.3,0.4,-0.2,3.90
96420,LANDED,0.05,0.05,0.09,-0.07,94321.1,25.00,0.014,0.980,0.156,-0.3,-0.3,-0.4,3.90
96430,LANDED,-0.09,0.04,0.09,-0.03,94322.6,25.00,0.042,0.989,0.124,0.5,-0.6,-0.2,3.90
96440,LANDED,0.04,0.04,0.09,0.01,94321.1,25.00,0.020,0.996,0.101,0.1,0.1,-0.1,3.90
96450,LANDED,-0.08,0.04,0.08,0.11,94322.5,25.00,0.005,1.004,0.127,-0.1,-0.2,-0.5,3.90
96460,LANDED,0.00,0.04,0.08,0.18,94321.6,25.00,0.022,1.012,0.110,-0.0,-0.1,-0.1,3.90
96470,LANDED,-0.18,0.04,0.07,-0.27,94323.7,25.00,0.022,0.969,0.077,0.2,-1.0,-0.6,3.90
96480,LANDED,-0.10,0.03,0.07,0.17,94322.8,25.00,0.015,1.015,0.067,0.2,-0.5,-0.3,3.90
96490,LANDED,-0.34,0.02,0.05,0.02,94325.5,25.00,0.021,0.994,0.123,0.0,-0.1,-0.3,3.90
96500,LANDED,-0.05,0.02,0.05,0.23,94322.2,25.00,0.004,1.016,0.119,0.4,-0.3,0.1,3.90
96510,LANDED,-0.03,0.02,0.05,-0.35,94322.0,25.00,0.065,0.954,0.119,0.7,-0.1,-0.6,3.90
96520,LANDED,0.10,0.02,0.05,0.29,94320.5,25.00,0.036,1.025,0.101,0.2,-0.6,-0.4,3.90
96530,LANDED,-0.14,0.02,0.05,0.11,94323.2,25.00,0.030,1.001,0.139,0.1,-0.4,-0.2,3.90
96540,LANDED,0.03,0.02,0.05,0.08,94321.3,25.00,0.011,1.003,0.101,0.2,-0.3,0.3,3.90
96550,LANDED,-0.19,0.01,0.04,-0.35,94323.8,25.00,0.055,0.956,0.111,0.3,0.2,-0.1,3.90
96560,LANDED,0.06,0.02,0.04,-0.26,94320.9,25.00,0.009,0.966,0.115,0.2,-0.5,-0.6,3.90
96570,LANDED,-0.06,0.01,0.03,0.09,94322.3,25.00,0.007,1.004,0.112,0.3,-0.3,0.2,3.90
96580,LANDED,-0.06,0.01,0.03,-0.19,94322.4,25.00,0.047,0.975,0.089,-0.2,-0.2,0.4,3.90
96590,LANDED,-0.50,-0.00,0.01,0.36,94327.2,25.00,0.007,1.032,0.102,0.1,-0.7,-0.2,3.90
96600,LANDED,-0.14,-0.01,0.01,0.03,94323.2,25.00,0.056,0.993,0.127,-0.1,-0.2,-0.2,3.90
96610,LANDED,0.26,0.00,0.02,0.18,94318.6,25.00,0.037,1.013,0.097,-0.1,-0.1,-0.3,3.90
96620,LANDED,0.30,0.01,0.03,0.51,94318.3,25.00,0.038,1.047,0.090,0.9,0.1,0.4,3.90
96630,LANDED,0.06,0.01,0.04,0.32,94321.0,25.00,0.037,1.024,0.129,0.2,-0.0,-0.4,3.90
96640,LANDED,0.11,0.02,0.04,-0.03,94320.4,25.00,0.036,0.987,0.132,0.4,-0.2,-0.7,3.90
96650,LANDED,-0.07,0.01,0.04,0.47,94322.5,25.00,0.022,1.040,0.136,-0.1,-0.6,-0.5,3.90
96660,LANDED,0.11,0.02,0.05,0.16,94320.4,25.00,0.058,1.010,0.094,-0.2,-0.3,-0.1,3.90
96670,LANDED,-0.16,0.01,0.04,0.13,94323.4,25.00,0.043,1.003,0.132,0.6,-0.4,0.3,3.90
96680,LANDED,0.28,0.02,0.06,0.32,94318.5,25.00,0.052,1.019,0.162,0.6,0.0,-0.2,3.90
96690,LANDED,-0.37,0.01,0.04,-0.00,94325.8,25.00,0.043,0.994,0.099,-0.1,-0.5,-0.2,3.90
96700,LANDED,0.14,0.01,0.05,0.39,94320.0,25.00,0.026,1.028,0.158,-0.3,0.2,0.2,3.90
96710,LANDED,0.01,0.01,0.05,0.15,94321.5,25.00,0.074,1.003,0.131,0.2,-0.2,-0.2,3.90
96720,LANDED,0.31,0.02,0.07,0.49,94318.1,25.00,0.018,1.044,0.119,0.3,-0.7,-0.8,3.90
96730,LANDED,-0.10,0.02,0.07,0.21,94322.8,25.00,0.016,1.013,0.130,0.3,-0.3,0.2,3.90
96740,LANDED,0.36,0.03,0.08,0.04,94317.5,25.00,0.037,1.000,0.086,-0.2,-1.0,-0.6,3.90
96750,LANDED,-0.01,0.03,0.08,0.04,94321.8,25.00,0.020,0.999,0.092,0.2,-0.9,-0.4,3.90
96760,LANDED,-0.38,0.02,0.06,0.13,94325.9,25.00,0.038,1.010,0.077,0.1,-0.4,-0.1,3.90
96770,LANDED,-0.07,0.02,0.06,0.23,94322.4,25.00,0.005,1.017,0.119,-0.1,0.5,0.2,3.90
96780,LANDED,-0.02,0.02,0.06,0.41,94321.8,25.00,0.001,1.032,0.145,-0.4,-0.5,-0.6,3.90
96790,LANDED,-0.40,0.01,0.05,-0.14,94326.1,25.00,0.020,0.979,0.113,-0.3,-0.8,-0.6,3.90
96800,LANDED,-0.17,0.00,0.04,0.25,94323.5,25.00,0.010,1.021,0.105,0.3,-1.0,0.1,3.90
96810,LANDED,-0.17,-0.00,0.04,0.08,94323.5,25.00,0.006,1.001,0.116,-0.3,-0.8,-0.4,3.90
96820,LANDED,0.27,0.01,0.05,-0.18,94318.5,25.00,0.045,0.973,0.119,-0.2,-0.3,-0.4,3.90
96830,LANDED,-0.47,-0.01,0.03,0.36,94327.0,25.00,0.020,1.032,0.101,0.2,-0.1,-0.1,3.90
96840,LANDED,0.04,-0.01,0.04,0.30,94321.2,25.00,0.076,1.021,0.111,0.3,0.2,0.2,3.90
96850,LANDED,0.40,0.01,0.05,-0.09,94317.1,25.00,-0.002,0.987,0.086,0.3,0.1,-0.3,3.90
96860,LANDED,-0.04,0.01,0.05,0.02,94322.1,25.00,0.036,0.999,0.081,0.6,0.2,0.1,3.90
96870,LANDED,0.17,0.01,0.06,0.32,94319.7,25.00,0.047,1.024,0.128,0.2,0.4,0.1,3.90
96880,LANDED,0.07,0.01,0.06,0.25,94320.8,25.00,0.031,1.018,0.114,0.4,-0.2,-0.4,3.90
96890,LANDED,0.16,0.02,0.07,0.08,94319.9,25.00,0.014,1.000,0.122,0.2,0.1,-0.8,3.90
96900,LANDED,-0.07,0.02,0.07,0.21,94322.4,25.00,-0.008,1.016,0.104,0.2,-0.2,0.3,3.90
96910,LANDED,0.06,0.02,0.07,0.45,94320.9,25.00,0.009,1.039,0.121,0.4,-0.1,0.4,3.90
96920,LANDED,-0.37,0.01,0.06,0.14,94325.8,25.00,0.012,1.006,0.130,-0.0,-0.4,-0.1,3.90
96930,LANDED,0.26,0.02,0.07,0.14,94318.6,25.00,-0.010,1.008,0.106,0.3,-0.2,-1.0,3.90
96940,LANDED,-0.01,0.02,0.07,0.22,94321.8,25.00,0.007,1.017,0.102,-0.1,-0.5,-0.4,3.90
96950,LANDED,0.33,0.02,0.09,-0.24,94317.9,25.00,0.014,0.970,0.100,-0.4,0.0,-0.0,3.90
96960,LANDED,-0.32,0.02,0.07,0.04,94325.2,25.00,0.008,0.996,0.128,-0.2,-0.4,-0.2,3.90
96970,LANDED,0.12,0.02,0.08,0.36,94320.3,25.00,0.021,1.027,0.141,-0.1,-0.9,-0.7,3.90
96980,LANDED,-0.12,0.02,0.08,0.33,94323.0,25.00,0.032,1.029,0.096,-0.0,-0.2,0.3,3.90
96990,LANDED,-0.02,0.02,0.08,0.18,94321.8,25.00,0.056,1.010,0.112,-0.6,0.1,0.1,3.90
97000,LANDED,0.31,0.03,0.09,0.43,94318.1,25.00,0.012,1.035,0.133,0.6,-0.6,-1.3,3.90
97010,LANDED,0.10,0.03,0.10,0.01,94320.5,25.00,0.034,0.994,0.111,0.3,-0.6,0.1,3.90
97020,LANDED,0.19,0.03,0.10,0.08,94319.5,25.00,0.020,1.005,0.078,-0.5,-0.1,-0.5,3.90
97030,LANDED,0.01,0.03,0.10,0.19,94321.5,25.00,0.023,1.012,0.116,0.5,-0.8,-0.4,3.90
97040,LANDED,-0.15,0.03,0.10,0.30,94323.3,25.00,0.025,1.022,0.135,-0.2,-0.2,-0.3,3.90
97050,LANDED,0.05,0.03,0.10,0.53,94321.0,25.00,0.038,1.045,0.130,-0.1,0.4,-0.4,3.90
97060,LANDED,-0.27,0.02,0.10,0.32,94324.7,25.00,0.040,1.026,0.109,0.1,-0.1,0.2,3.90
97070,LANDED,0.01,0.02,0.10,0.01,94321.6,25.00,0.060,0.994,0.094,-0.1,-0.4,0.0,3.90
97080,LANDED,0.09,0.03,0.10,0.07,94320.6,25.00,0.018,1.004,0.083,-0.1,0.5,-0.3,3.90
97090,LANDED,-0.32,0.02,0.09,0.41,94325.2,25.00,0.018,1.035,0.125,0.2,0.3,-0.6,3.90
97100,LANDED,0.07,0.02,0.09,0.31,94320.9,25.00,0.014,1.025,0.113,0.2,-0.1,-0.6,3.90
97110,LANDED,0.27,0.03,0.11,0.08,94318.6,25.00,0.034,1.001,0.118,0.1,-0.2,0.2,3.90
97120,LANDED,0.04,0.03,0.11,0.14,94321.2,25.00,-0.003,1.010,0.099,0.2,-0.7,-0.3,3.90
97130,LANDED,0.05,0.03,0.11,0.12,94321.1,25.00,0.022,1.008,0.088,-0.0,0.0,-0.3,3.90
97140,LANDED,0.17,0.04,0.12,0.16,94319.6,25.00,0.061,1.008,0.113,-0.0,-0.2,0.2,3.90
97150,LANDED,0.29,0.04,0.13,0.12,94318.3,25.00,0.035,1.006,0.110,0.4,-0.2,-0.1,3.90
97160,LANDED,-0.12,0.04,0.12,0.32,94323.0,25.00,0.016,1.023,0.140,-0.2,-0.5,-0.4,3.90
97170,LANDED,0.50,0.06,0.14,0.26,94315.9,25.00,-0.011,1.022,0.097,0.1,-0.4,-0.3,3.90
97180,LANDED,-0.16,0.05,0.14,-0.10,94323.5,25.00,0.030,0.983,0.110,-0.1,-0.6,-0.6,3.90
97190,LANDED,-0.34,0.04,0.12,0.18,94325.5,25.00,0.014,1.012,0.115,0.2,-0.2,-0.4,3.90
97200,LANDED,0.06,0.04,0.12,0.06,94320.9,25.00,0.023,1.001,0.100,0.5,-0.3,-0.4,3.90
97210,LANDED,-0.06,0.04,0.12,0.15,94322.3,25.00,0.018,1.006,0.140,0.0,-0.3,-0.6,3.90
97220,LANDED,0.25,0.05,0.13,0.04,94318.8,25.00,0.035,0.998,0.100,-0.2,-0.1,-0.0,3.90
97230,LANDED,0.12,0.05,0.13,0.11,94320.2,25.00,0.038,1.003,0.117,-0.1,-1.2,-0.1,3.90
97240,LANDED,-0.25,0.04,0.12,0.23,94324.5,25.00,0.003,1.019,0.100,-0.2,0.1,0.0,3.90
97250,LANDED,-0.15,0.04,0.12,0.47,94323.3,25.00,0.001,1.043,0.103,0.5,-0.4,-0.7,3.90
97260,LANDED,-0.01,0.04,0.12,0.12,94321.7,25.00,0.009,1.003,0.133,-0.1,-0.9,0.6,3.90
97270,LANDED,0.13,0.04,0.12,0.15,94320.1,25.00,0.014,1.007,0.129,0.1,-0.1,0.4,3.90
97280,LANDED,0.08,0.05,0.13,-0.02,94320.6,25.00,0.058,0.992,0.091,0.2,-0.6,-0.3,3.90
97290,LANDED,-0.07,0.04,0.12,-0.16,94322.4,25.00,0.057,0.978,0.086,-0.0,-0.3,-0.7,3.90
97300,LANDED,0.01,0.04,0.12,0.02,94321.5,25.00,0.038,0.997,0.102,0.5,-0.7,-0.9,3.90
97310,LANDED,0.41,0.06,0.13,0.24,94317.0,25.00,0.056,1.017,0.114,0.1,-0.1,-0.5,3.90
97320,LANDED,-0.18,0.05,0.13,0.50,94323.7,25.00,0.009,1.043,0.132,0.3,-0.6,-0.1,3.90
97330,LANDED,-0.02,0.05,0.13,0.03,94321.8,25.00,-0.014,0.998,0.093,0.2,-0.4,-0.1,3.90
97340,LANDED,-0.06,0.05,0.12,0.18,94322.3,25.00,0.040,1.013,0.096,0.2,0.2,-0.4,3.90
97350,LANDED,0.01,0.05,0.12,0.13,94321.5,25.00,0.057,1.005,0.113,0.2,-0.3,-0.2,3.90
97360,LANDED,0.06,0.05,0.13,0.47,94320.9,25.00,0.005,1.036,0.159,-0.6,0.1,-0.2,3.90
97370,LANDED,-0.05,0.05,0.13,0.18,94322.2,25.00,0.043,1.010,0.122,-0.1,-0.3,0.1,3.90
97380,LANDED,-0.40,0.04,0.11,0.23,94326.1,25.00,0.021,1.016,0.122,-0.2,-0.3,-0.6,3.90
97390,LANDED,-0.07,0.03,0.11,-0.10,94322.4,25.00,0.041,0.985,0.084,-0.6,-0.1,-0.3,3.90
97400,LANDED,-0.24,0.03,0.10,0.35,94324.4,25.00,0.036,1.027,0.130,0.1,-0.6,-0.1,3.90
97410,LANDED,-0.09,0.03,0.10,0.35,94322.6,25.00,0.025,1.029,0.121,0.4,-0.2,-0.5,3.90
97420,LANDED,0.22,0.03,0.11,0.20,94319.1,25.00,0.017,1.010,0.147,-0.4,0.0,-0.4,3.90
97430,LANDED,0.21,0.04,0.12,0.19,94319.3,25.00,-0.006,1.011,0.131,0.3,-0.1,-0.5,3.90
97440,LANDED,0.40,0.05,0.13,0.32,94317.1,25.00,0.044,1.026,0.108,0.5,0.0,-0.1,3.90
97450,LANDED,-0.07,0.05,0.13,0.06,94322.4,25.00,0.030,1.003,0.072,0.3,-0.3,0.1,3.90
97460,LANDED,-0.34,0.04,0.12,0.50,94325.4,25.00,0.002,1.043,0.129,-0.1,-0.2,-0.3,3.90
97470,LANDED,0.36,0.05,0.13,0.35,94317.6,25.00,0.019,1.030,0.107,0.1,-0.7,-0.2,3.90
97480,LANDED,-0.14,0.04,0.13,0.01,94323.2,25.00,0.023,0.990,0.144,-0.0,-0.5,-0.4,3.90
97490,LANDED,0.12,0.05,0.13,0.51,94320.2,25.00,-0.002,1.046,0.116,0.3,0.0,0.1,3.90
97500,LANDED,0.24,0.05,0.15,0.12,94318.9,25.00,0.021,1.008,0.083,0.4,0.2,-0.1,3.90
97510,LANDED,-0.42,0.04,0.13,0.20,94326.4,25.00,0.028,1.013,0.115,0.1,-0.2,-0.6,3.90
97520,LANDED,-0.15,0.04,0.12,0.05,94323.3,25.00,0.026,1.001,0.093,0.3,-0.5,0.1,3.90
97530,LANDED,-0.14,0.03,0.12,0.45,94323.2,25.00,0.054,1.039,0.115,0.0,-0.2,-0.4,3.90
97540,LANDED,-0.21,0.03,0.11,0.26,94324.0,25.00,0.030,1.020,0.103,0.4,-0.4,-0.3,3.90
97550,LANDED,-0.14,0.03,0.11,0.17,94323.2,25.00,0.020,1.014,0.077,-0.1,-0.2,-0.2,3.90
97560,LANDED,-0.28,0.02,0.09,-0.07,94324.8,25.00,0.025,0.988,0.094,0.1,-0.6,0.3,3.90
97570,LANDED,0.04,0.02,0.10,0.39,94321.2,25.00,0.024,1.033,0.120,-0.1,-0.2,-0.2,3.90
97580,LANDED,-0.16,0.02,0.09,0.18,94323.4,25.00,0.045,1.010,0.128,0.6,-0.3,-0.1,3.90
97590,LANDED,0.77,0.04,0.12,-0.01,94312.9,25.00,0.034,0.994,0.099,0.4,0.2,0.1,3.90
97600,LANDED,-0.04,0.04,0.12,0.04,94322.1,25.00,0.035,0.999,0.102,-0.7,-0.5,-0.4,3.90
97610,LANDED,0.29,0.04,0.13,0.27,94318.3,25.00,-0.007,1.021,0.115,0.2,-0.3,-0.2,3.90
97620,LANDED,-0.12,0.04,0.13,0.01,94323.0,25.00,0.019,0.997,0.085,-0.1,0.2,-0.9,3.90
97630,LANDED,0.09,0.04,0.13,0.14,94320.6,25.00,0.058,1.006,0.115,0.2,-0.8,0.2,3.90
97640,LANDED,-0.06,0.04,0.13,0.52,94322.3,25.00,0.029,1.048,0.111,0.5,0.2,-0.2,3.90
97650,LANDED,0.22,0.05,0.14,0.47,94319.1,25.00,0.032,1.036,0.157,-0.2,-0.5,0.3,3.90
97660,LANDED,-0.12,0.05,0.14,-0.22,94323.0,25.00,0.006,0.972,0.102,0.2,-0.9,-0.0,3.90
97670,LANDED,0.23,0.05,0.14,0.11,94319.0,25.00,0.011,1.002,0.140,0.1,-0.2,-0.3,3.90
97680,LANDED,-0.06,0.05,0.14,0.28,94322.3,25.00,0.041,1.024,0.091,0.3,-0.4,-0.5,3.90
97690,LANDED,-0.06,0.05,0.14,-0.22,94322.3,25.00,0.022,0.969,0.123,-0.4,-0.2,-0.6,3.90
97700,LANDED,0.01,0.05,0.13,0.28,94321.5,25.00,0.028,1.023,0.110,0.8,0.0,-0.2,3.90
97710,LANDED,0.29,0.06,0.15,0.07,94318.3,25.00,0.052,0.999,0.109,0.8,-0.0,-0.3,3.90
97720,LANDED,-0.15,0.05,0.14,-0.09,94323.3,25.00,0.023,0.981,0.135,-0.1,0.4,0.1,3.90
97730,LANDED,-0.30,0.04,0.12,0.13,94325.0,25.00,0.064,1.005,0.110,0.2,0.1,-0.2,3.90
97740,LANDED,0.04,0.04,0.12,0.11,94321.2,25.00,0.046,1.005,0.108,0.6,0.3,-0.1,3.90
97750,LANDED,0.23,0.05,0.13,0.06,94319.0,25.00,0.036,1.003,0.073,0.2,-0.5,-0.2,3.90
97760,LANDED,0.02,0.05,0.13,-0.01,94321.4,25.00,-0.003,0.993,0.113,-0.2,-0.2,-0.2,3.90
97770,LANDED,0.06,0.05,0.13,-0.05,94320.9,25.00,0.035,0.989,0.096,-0.4,0.0,0.0,3.90
97780,LANDED,0.18,0.06,0.14,0.10,94319.6,25.00,0.046,1.006,0.088,0.1,-1.0,-0.5,3.90
97790,LANDED,0.11,0.06,0.14,-0.07,94320.4,25.00,0.004,0.986,0.117,-0.1,0.1,-0.6,3.90
97800,LANDED,0.03,0.06,0.14,0.18,94321.2,25.00,0.056,1.012,0.107,0.3,0.1,-0.2,3.90
97810,LANDED,0.15,0.07,0.14,0.32,94319.9,25.00,0.049,1.022,0.140,-0.6,-0.2,-0.1,3.90
97820,LANDED,-0.02,0.06,0.14,0.23,94321.8,25.00,0.025,1.013,0.138,-0.8,-0.7,-0.4,3.90
97830,LANDED,0.06,0.07,0.15,0.46,94321.0,25.00,0.016,1.042,0.094,0.2,-0.7,0.0,3.90
97840,LANDED,0.02,0.07,0.15,-0.12,94321.4,25.00,0.023,0.981,0.108,0.0,-0.2,0.3,3.90
97850,LANDED,-0.03,0.06,0.14,0.11,94322.0,25.00,-0.010,1.006,0.106,-0.2,0.0,-0.8,3.90
97860,LANDED,0.28,0.07,0.15,0.04,94318.5,25.00,0.001,0.999,0.094,-0.4,-0.2,-0.0,3.90
97870,LANDED,-0.21,0.07,0.14,0.24,94324.0,25.00,-0.001,1.021,0.087,0.1,-0.3,-0.3,3.90
97880,LANDED,-0.36,0.05,0.13,0.03,94325.7,25.00,0.006,0.996,0.116,-0.0,-0.3,-0.2,3.90
97890,LANDED,0.08,0.06,0.13,0.17,94320.8,25.00,0.024,1.011,0.110,0.0,-0.6,-0.4,3.90
97900,LANDED,-0.12,0.05,0.12,0.23,94323.0,25.00,0.025,1.016,0.121,0.0,-0.3,-0.2,3.90
97910,LANDED,0.66,0.07,0.15,0.46,94314.2,25.00,0.032,1.043,0.075,0.2,-0.6,-0.1,3.90
97920,LANDED,-0.13,0.07,0.15,0.22,94323.1,25.00,0.058,1.012,0.132,-0.0,-0.2,-0.2,3.90
97930,LANDED,-0.02,0.07,0.14,0.14,94321.8,25.00,0.055,1.008,0.100,0.1,-0.5,0.1,3.90
97940,LANDED,0.06,0.07,0.15,0.25,94321.0,25.00,0.018,1.018,0.122,-0.1,0.3,-0.4,3.90
97950,LANDED,0.08,0.07,0.15,0.25,94320.7,25.00,0.040,1.018,0.120,-0.1,0.1,-0.3,3.90
97960,LANDED,-0.13,0.06,0.14,0.28,94323.1,25.00,0.066,1.022,0.096,0.4,-0.2,-0.5,3.90
97970,LANDED,0.22,0.07,0.15,0.11,94319.1,25.00,0.006,1.005,0.109,0.6,-0.8,-0.5,3.90
97980,LANDED,0.33,0.08,0.16,0.50,94317.9,25.00,-0.013,1.045,0.111,0.8,-0.6,-0.3,3.90
97990,LANDED,0.01,0.08,0.17,0.53,94321.5,25.00,0.008,1.043,0.156,0.1,0.3,0.1,3.90
98000,LANDED,0.02,0.08,0.17,0.41,94321.4,25.00,0.012,1.036,0.114,-0.6,-0.5,-0.1,3.90
98010,LANDED,-0.10,0.08,0.17,0.17,94322.7,25.00,0.036,1.013,0.077,0.0,-0.2,-0.2,3.90
98020,LANDED,0.12,0.08,0.17,0.25,94320.2,25.00,0.049,1.011,0.164,0.2,-0.4,-0.3,3.90
98030,LANDED,-0.33,0.07,0.16,0.32,94325.3,25.00,0.036,1.026,0.109,0.6,-0.2,-0.1,3.90
98040,LANDED,0.22,0.07,0.16,0.23,94319.1,25.00,0.010,1.018,0.105,-0.1,0.4,-0.6,3.90
98050,LANDED,0.24,0.08,0.17,-0.02,94318.9,25.00,0.031,0.991,0.110,0.4,0.0,-0.3,3.90
98060,LANDED,-0.39,0.07,0.15,0.25,94326.0,25.00,-0.004,1.021,0.097,0.3,0.1,-0.6,3.90
98070,LANDED,-0.30,0.06,0.14,0.38,94325.0,25.00,0.013,1.033,0.106,0.1,-0.1,-0.1,3.90
98080,LANDED,0.13,0.06,0.15,0.39,94320.1,25.00,-0.008,1.035,0.095,0.2,-0.1,-0.3,3.90
98090,LANDED,0.02,0.06,0.15,0.29,94321.4,25.00,0.017,1.021,0.128,0.3,-0.4,-0.7,3.90
98100,LANDED,-0.08,0.06,0.15,-0.03,94322.6,25.00,0.028,0.992,0.086,-0.3,-0.1,-0.4,3.90
98110,LANDED,-0.01,0.06,0.14,0.02,94321.7,25.00,0.011,0.997,0.097,0.2,-0.3,-0.0,3.90
98120,LANDED,-0.39,0.05,0.13,0.44,94326.0,25.00,0.037,1.037,0.127,0.3,-0.4,-1.0,3.90
98130,LANDED,0.18,0.05,0.13,-0.27,94319.5,25.00,0.010,0.967,0.097,0.2,-0.1,0.1,3.90
98140,LANDED,0.03,0.06,0.13,0.51,94321.3,25.00,0.017,1.042,0.145,0.2,-0.7,-0.1,3.90
98150,LANDED,-0.17,0.05,0.13,-0.06,94323.5,25.00,0.026,0.983,0.144,0.4,-0.2,-0.1,3.90
98160,LANDED,-0.09,0.05,0.12,-0.20,94322.6,25.00,0.016,0.975,0.086,0.3,0.2,0.1,3.90
98170,LANDED,-0.28,0.04,0.11,0.28,94324.8,25.00,-0.007,1.023,0.115,0.4,0.2,-0.1,3.90
98180,LANDED,0.22,0.05,0.12,0.49,94319.1,25.00,0.021,1.044,0.109,0.3,-0.2,-0.5,3.90
98190,LANDED,0.45,0.06,0.14,0.12,94316.6,25.00,0.018,1.005,0.122,-0.2,0.0,0.1,3.90
98200,LANDED,-0.26,0.05,0.13,0.11,94324.6,25.00,0.002,1.002,0.134,-0.0,-0.4,0.1,3.90
98210,LANDED,-0.01,0.05,0.12,-0.30,94321.7,25.00,0.012,0.965,0.090,0.1,-0.6,0.1,3.90
98220,LANDED,-0.09,0.05,0.11,-0.12,94322.6,25.00,0.025,0.977,0.144,-0.0,0.1,-0.1,3.90
98230,LANDED,0.07,0.05,0.11,0.06,94320.9,25.00,0.028,0.999,0.115,-0.1,0.2,0.1,3.90
98240,LANDED,0.38,0.06,0.13,0.69,94317.4,25.00,0.025,1.061,0.143,0.1,-0.6,-0.1,3.90
98250,LANDED,0.20,0.06,0.14,0.03,94319.4,25.00,0.011,0.997,0.111,0.0,-0.2,0.1,3.90
98260,LANDED,-0.08,0.06,0.14,0.11,94322.6,25.00,0.035,1.003,0.119,0.4,-0.4,-0.2,3.90
98270,LANDED,0.02,0.06,0.13,-0.11,94321.4,25.00,0.026,0.981,0.119,0.1,-0.7,0.1,3.90
98280,LANDED,-0.24,0.05,0.12,0.18,94324.4,25.00,0.030,1.012,0.112,0.5,-0.5,-0.6,3.90
98290,LANDED,-0.20,0.05,0.11,-0.16,94323.8,25.00,0.016,0.979,0.082,0.6,-0.2,-0.8,3.90
98300,LANDED,0.05,0.05,0.11,0.15,94321.0,25.00,0.066,1.008,0.106,0.1,-0.3,-0.4,3.90
98310,LANDED,0.02,0.05,0.11,0.13,94321.4,25.00,0.020,1.008,0.093,-0.1,-0.3,-0.4,3.90
98320,LANDED,0.52,0.06,0.13,0.49,94315.7,25.00,0.040,1.048,0.071,0.3,-0.7,-0.3,3.90
98330,LANDED,0.14,0.07,0.14,0.01,94320.0,25.00,0.032,0.991,0.135,0.3,-0.3,-0.4,3.90
98340,LANDED,0.10,0.07,0.14,-0.05,94320.5,25.00,0.020,0.993,0.070,-0.5,-0.2,-0.9,3.90
98350,LANDED,-0.22,0.06,0.13,0.48,94324.2,25.00,0.031,1.045,0.092,0.2,-0.3,-0.5,3.90
98360,LANDED,0.05,0.06,0.13,-0.23,94321.0,25.00,0.040,0.970,0.093,0.3,-0.5,-0.2,3.90
98370,LANDED,-0.43,0.05,0.11,0.18,94326.5,25.00,0.010,1.016,0.073,-0.1,-0.4,-0.6,3.90
98380,LANDED,0.05,0.05,0.11,0.20,94321.0,25.00,0.042,1.013,0.112,0.2,-0.3,-0.1,3.90
98390,LANDED,-0.13,0.05,0.11,-0.07,94323.1,25.00,0.013,0.981,0.148,-0.1,-0.9,0.2,3.90
98400,LANDED,-0.05,0.05,0.10,0.23,94322.2,25.00,0.016,1.015,0.126,0.1,-0.1,0.2,3.90
98410,LANDED,0.22,0.05,0.11,0.25,94319.2,25.00,0.022,1.019,0.113,-0.2,-0.2,-0.1,3.90
98420,LANDED,0.09,0.06,0.12,0.21,94320.6,25.00,0.019,1.015,0.113,-0.3,-0.8,-0.1,3.90
98430,LANDED,0.01,0.06,0.12,0.49,94321.5,25.00,0.039,1.047,0.079,0.1,0.1,-0.1,3.90
98440,LANDED,0.26,0.06,0.13,0.26,94318.7,25.00,0.029,1.017,0.133,0.0,-0.1,-0.2,3.90
98450,LANDED,0.16,0.07,0.14,0.19,94319.8,25.00,0.052,1.013,0.102,0.0,-0.4,0.2,3.90
98460,LANDED,0.12,0.07,0.14,0.32,94320.3,25.00,-0.019,1.029,0.081,0.3,-0.2,0.1,3.90
98470,LANDED,0.12,0.07,0.14,-0.03,94320.3,25.00,-0.013,0.991,0.105,0.6,-0.5,-0.2,3.90
98480,LANDED,0.03,0.07,0.14,0.34,94321.3,25.00,0.020,1.030,0.102,0.2,-0.1,0.2,3.90
98490,LANDED,0.17,0.08,0.15,0.03,94319.7,25.00,0.037,0.996,0.106,0.4,0.1,0.2,3.90
98500,LANDED,-0.29,0.07,0.13,-0.13,94324.9,25.00,0.046,0.979,0.106,-0.6,-0.7,-0.0,3.90
98510,LANDED,0.14,0.07,0.14,0.12,94320.0,25.00,0.033,1.009,0.080,0.1,-0.0,0.1,3.90
98520,LANDED,-0.20,0.06,0.13,0.03,94323.9,25.00,0.018,1.000,0.072,0.2,-0.3,-0.4,3.90
98530,LANDED,-0.06,0.06,0.12,0.37,94322.2,25.00,0.027,1.034,0.083,0.1,-0.2,-0.6,3.90
98540,LANDED,0.40,0.07,0.14,0.16,94317.1,25.00,0.036,1.009,0.111,0.5,-0.1,-0.3,3.90
98550,LANDED,0.34,0.08,0.15,0.22,94317.7,25.00,0.044,1.015,0.116,-0.1,-0.8,-0.3,3.90
98560,LANDED,-0.57,0.06,0.13,0.47,94328.0,25.00,0.013,1.041,0.124,0.1,-0.2,-0.5,3.90
98570,LANDED,0.26,0.07,0.14,-0.01,94318.7,25.00,0.027,0.994,0.098,-0.2,-0.3,-0.5,3.90
98580,LANDED,0.12,0.07,0.14,0.37,94320.2,25.00,0.049,1.032,0.102,0.6,0.1,-0.4,3.90
98590,LANDED,-0.06,0.07,0.14,0.10,94322.3,25.00,-0.002,1.005,0.092,0.3,-0.2,0.0,3.90
98600,LANDED,0.04,0.07,0.14,0.17,94321.2,25.00,0.042,1.013,0.089,-0.1,-0.3,-0.2,3.90
98610,LANDED,-0.17,0.07,0.13,-0.17,94323.5,25.00,0.036,0.974,0.120,0.0,-0.2,-0.3,3.90
98620,LANDED,0.23,0.07,0.14,0.36,94319.0,25.00,0.087,1.029,0.104,0.0,0.1,-0.3,3.90
98630,LANDED,0.28,0.08,0.15,0.36,94318.4,25.00,0.016,1.030,0.122,-0.0,-0.7,-0.1,3.90
98640,LANDED,-0.04,0.08,0.15,0.07,94322.0,25.00,0.074,1.000,0.090,-0.3,-0.2,-0.3,3.90
98650,LANDED,-0.14,0.07,0.14,0.27,94323.2,25.00,0.018,1.021,0.117,-0.0,-0.4,-0.3,3.90
98660,LANDED,0.13,0.08,0.14,0.03,94320.1,25.00,0.033,0.995,0.120,0.1,0.1,-0.7,3.90
98670,LANDED,0.10,0.08,0.15,0.05,94320.5,25.00,0.012,0.997,0.122,0.4,-0.4,-0.4,3.90
98680,LANDED,0.20,0.08,0.15,-0.15,94319.4,25.00,0.021,0.980,0.084,0.1,0.5,-0.7,3.90
98690,LANDED,0.31,0.09,0.16,-0.04,94318.0,25.00,0.028,0.992,0.081,0.3,-0.6,-0.1,3.90
98700,LANDED,0.06,0.09,0.16,0.31,94321.0,25.00,0.007,1.024,0.129,-0.3,-0.6,-0.1,3.90
98710,LANDED,-0.05,0.09,0.15,0.08,94322.2,25.00,0.008,0.998,0.138,0.2,0.2,-0.2,3.90
98720,LANDED,0.16,0.09,0.16,0.10,94319.8,25.00,0.038,1.001,0.135,0.2,-0.2,-0.4,3.90
98730,LANDED,0.18,0.10,0.16,0.16,94319.6,25.00,0.016,1.008,0.126,-0.0,-0.5,-0.2,3.90
98740,LANDED,0.12,0.10,0.16,0.16,94320.3,25.00,0.006,1.008,0.126,0.8,-1.2,-0.1,3.90
98750,LANDED,0.35,0.11,0.18,0.16,94317.6,25.00,0.027,1.008,0.128,0.6,-0.1,0.1,3.90
98760,LANDED,0.21,0.11,0.18,0.20,94319.2,25.00,0.019,1.015,0.100,-0.5,-0.3,-0.4,3.90
98770,LANDED,-0.26,0.10,0.17,0.34,94324.6,25.00,0.065,1.025,0.123,0.0,0.1,-0.7,3.90
98780,LANDED,-0.49,0.09,0.15,0.12,94327.1,25.00,0.051,1.006,0.100,0.1,-0.3,-0.4,3.90
98790,LANDED,-0.32,0.08,0.13,0.39,94325.2,25.00,-0.001,1.032,0.131,0.0,-0.0,-0.6,3.90
98800,LANDED,-0.22,0.07,0.12,0.09,94324.1,25.00,-0.004,1.002,0.119,0.2,-0.0,-0.1,3.90
98810,LANDED,0.19,0.08,0.13,0.47,94319.5,25.00,0.022,1.040,0.127,0.0,-0.1,-0.1,3.90
98820,LANDED,0.50,0.09,0.15,0.34,94315.9,25.00,0.046,1.028,0.113,0.2,-0.3,-0.4,3.90
98830,LANDED,-0.52,0.07,0.13,0.19,94327.5,25.00,0.045,1.013,0.108,0.3,-0.1,-0.4,3.90
98840,LANDED,0.20,0.08,0.14,0.02,94319.4,25.00,0.031,0.992,0.139,-0.3,-0.1,-0.5,3.90
98850,LANDED,0.24,0.08,0.15,0.39,94318.9,25.00,0.028,1.032,0.128,0.1,-0.1,-0.8,3.90
98860,LANDED,-0.08,0.08,0.14,-0.39,94322.5,25.00,-0.017,0.953,0.114,-0.2,0.0,0.1,3.90
98870,LANDED,0.07,0.08,0.14,0.16,94320.8,25.00,0.031,1.013,0.093,0.2,0.2,-0.2,3.90
98880,LANDED,-0.24,0.07,0.13,0.26,94324.3,25.00,0.043,1.019,0.123,0.6,-0.7,-0.4,3.90
98890,LANDED,0.30,0.08,0.14,0.20,94318.2,25.00,0.027,1.013,0.111,0.1,0.2,-0.1,3.90
98900,LANDED,-0.06,0.08,0.14,0.33,94322.2,25.00,0.015,1.026,0.130,-0.4,-0.6,-0.2,3.90
98910,LANDED,0.04,0.08,0.14,0.15,94321.2,25.00,0.034,1.013,0.060,0.0,0.2,-0.2,3.90
98920,LANDED,0.11,0.08,0.14,0.53,94320.4,25.00,0.015,1.049,0.101,0.0,-0.7,-0.3,3.90
98930,LANDED,-0.40,0.07,0.12,-0.08,94326.1,25.00,0.029,0.987,0.086,-0.1,-0.5,-0.2,3.90
98940,LANDED,-0.47,0.06,0.10,0.15,94326.9,25.00,0.007,1.010,0.104,0.2,-0.1,-0.2,3.90
98950,LANDED,-0.10,0.05,0.10,-0.20,94322.8,25.00,-0.025,0.970,0.133,-0.4,-0.4,0.5,3.90
98960,LANDED,-0.24,0.05,0.08,0.14,94324.4,25.00,0.004,1.007,0.126,0.1,-0.3,-0.4,3.90
98970,LANDED,0.09,0.05,0.09,0.27,94320.6,25.00,0.017,1.022,0.113,0.4,0.0,-0.4,3.90
98980,LANDED,0.08,0.05,0.09,-0.15,94320.7,25.00,0.013,0.977,0.117,0.6,-0.4,-0.5,3.90
98990,LANDED,0.11,0.05,0.09,0.01,94320.4,25.00,0.017,0.993,0.126,-0.3,-0.4,-0.1,3.90
99000,LANDED,0.20,0.06,0.10,0.11,94319.4,25.00,0.002,1.006,0.103,0.2,0.2,-0.3,3.90
99010,LANDED,0.10,0.06,0.10,-0.43,94320.5,25.00,0.013,0.952,0.078,0.6,-0.5,-0.3,3.90
99020,LANDED,0.22,0.06,0.10,0.04,94319.1,25.00,-0.008,0.998,0.111,0.2,-0.1,-0.8,3.90
99030,LANDED,-0.30,0.06,0.09,0.17,94325.0,25.00,0.024,1.007,0.148,0.2,-0.0,-0.4,3.90
99040,LANDED,0.10,0.06,0.09,0.16,94320.5,25.00,-0.000,1.008,0.134,-0.3,-0.3,0.3,3.90
99050,LANDED,-0.26,0.05,0.08,0.27,94324.6,25.00,0.070,1.017,0.133,-0.0,-0.1,0.0,3.90
99060,LANDED,0.20,0.05,0.09,0.30,94319.3,25.00,0.018,1.020,0.144,-0.2,-0.5,-0.2,3.90
99070,LANDED,-0.11,0.05,0.08,-0.01,94322.9,25.00,0.045,0.992,0.104,0.3,-0.1,0.3,3.90
99080,LANDED,0.06,0.05,0.09,0.32,94321.0,25.00,0.051,1.020,0.154,0.3,-0.2,-0.1,3.90
99090,LANDED,-0.24,0.04,0.08,0.40,94324.3,25.00,0.088,1.032,0.108,-0.3,-0.5,-0.4,3.90
99100,LANDED,-0.07,0.04,0.08,0.40,94322.5,25.00,-0.007,1.034,0.118,0.4,-0.2,-0.1,3.90
99110,LANDED,0.08,0.04,0.08,0.11,94320.7,25.00,0.033,1.000,0.144,-0.2,-0.2,-0.0,3.90
99120,LANDED,-0.09,0.04,0.08,0.33,94322.6,25.00,0.020,1.025,0.131,-0.2,0.1,-0.5,3.90
99130,LANDED,-0.28,0.03,0.07,0.21,94324.8,25.00,0.029,1.011,0.142,0.2,-0.2,-0.0,3.90
99140,LANDED,0.19,0.04,0.08,0.08,94319.4,25.00,-0.002,1.002,0.110,0.6,-0.2,-0.5,3.90
99150,LANDED,-0.17,0.03,0.07,-0.11,94323.5,25.00,-0.005,0.984,0.097,0.1,-0.1,-0.1,3.90
99160,LANDED,-0.18,0.03,0.06,-0.05,94323.7,25.00,0.028,0.990,0.096,0.1,0.4,-0.0,3.90
99170,LANDED,-0.16,0.02,0.05,0.11,94323.4,25.00,0.050,1.003,0.120,-0.2,-0.6,0.3,3.90
99180,LANDED,0.06,0.02,0.05,0.22,94321.0,25.00,0.025,1.015,0.124,-0.0,-0.4,0.1,3.90
99190,LANDED,-0.15,0.02,0.05,0.26,94323.3,25.00,0.001,1.018,0.133,-0.2,-0.3,-0.3,3.90
99200,LANDED,-0.22,0.01,0.04,0.13,94324.2,25.00,0.004,1.007,0.112,-0.1,-0.0,0.0,3.90
99210,LANDED,0.04,0.01,0.05,0.41,94321.2,25.00,0.032,1.033,0.132,-0.1,-0.4,-0.3,3.90
99220,LANDED,-0.11,0.01,0.04,0.19,94322.9,25.00,0.001,1.017,0.074,0.1,-0.5,-0.5,3.90
99230,LANDED,-0.40,0.00,0.03,0.32,94326.2,25.00,0.022,1.023,0.140,0.6,-0.0,-0.2,3.90
99240,LANDED,-0.07,-0.00,0.03,0.19,94322.5,25.00,-0.008,1.015,0.089,-0.3,-0.2,-0.5,3.90
99250,LANDED,0.11,0.00,0.03,-0.08,94320.3,25.00,-0.020,0.985,0.110,-0.1,-0.3,-0.3,3.90
99260,LANDED,-0.08,0.00,0.03,0.05,94322.5,25.00,0.011,1.000,0.102,-0.3,-0.4,-0.3,3.90
99270,LANDED,0.40,0.01,0.05,0.33,94317.0,25.00,0.038,1.030,0.081,-0.3,-0.6,-0.1,3.90
99280,LANDED,0.39,0.02,0.07,-0.11,94317.2,25.00,0.024,0.980,0.127,-0.2,-0.1,-0.1,3.90
99290,LANDED,-0.16,0.02,0.06,0.47,94323.5,25.00,0.043,1.042,0.106,-0.1,-0.1,0.3,3.90
99300,LANDED,-0.26,0.01,0.05,-0.06,94324.5,25.00,0.052,0.986,0.112,0.5,-0.8,-0.1,3.90
99310,LANDED,0.25,0.02,0.06,0.32,94318.8,25.00,0.013,1.021,0.152,0.3,-0.1,-0.3,3.90
99320,LANDED,-0.18,0.01,0.06,0.25,94323.7,25.00,0.025,1.013,0.150,-0.5,-0.9,-0.0,3.90
99330,LANDED,-0.16,0.01,0.05,0.51,94323.5,25.00,-0.005,1.049,0.088,0.2,0.1,0.0,3.90
99340,LANDED,-0.22,0.00,0.05,0.36,94324.1,25.00,0.039,1.029,0.116,-0.1,-0.0,-0.1,3.90
99350,LANDED,0.02,0.00,0.05,-0.13,94321.4,25.00,0.053,0.981,0.086,0.2,-0.7,-0.7,3.90
99360,LANDED,0.06,0.01,0.05,0.13,94321.0,25.00,0.043,1.010,0.074,0.4,-0.3,0.2,3.90
99370,LANDED,0.06,0.01,0.05,-0.09,94321.0,25.00,0.020,0.986,0.087,0.8,0.0,-0.1,3.90
99380,LANDED,-0.26,0.00,0.04,0.28,94324.6,25.00,0.016,1.022,0.120,0.4,-0.2,-0.3,3.90
99390,LANDED,-0.04,0.00,0.04,0.12,94322.1,25.00,0.033,1.006,0.100,-0.2,0.2,-0.1,3.90
99400,LANDED,-0.22,-0.01,0.04,0.26,94324.1,25.00,0.013,1.023,0.094,0.2,-0.7,-0.3,3.90
99410,LANDED,0.06,-0.00,0.04,0.37,94321.0,25.00,0.038,1.033,0.087,0.0,-0.4,-0.2,3.90
99420,LANDED,-0.47,-0.02,0.03,0.29,94326.9,25.00,0.008,1.023,0.118,0.3,-0.5,-0.3,3.90
99430,LANDED,0.22,-0.01,0.04,0.31,94319.1,25.00,0.019,1.027,0.097,0.5,-0.5,-0.1,3.90
99440,LANDED,-0.05,-0.01,0.04,0.33,94322.1,25.00,-0.013,1.028,0.107,0.3,-0.6,0.3,3.90
99450,LANDED,-0.40,-0.02,0.03,0.13,94326.2,25.00,-0.009,1.009,0.087,-0.2,-0.5,-0.8,3.90
99460,LANDED,-0.09,-0.02,0.03,-0.23,94322.6,25.00,0.019,0.970,0.108,-0.3,0.3,-0.2,3.90
99470,LANDED,-0.39,-0.03,0.01,0.07,94326.0,25.00,0.025,1.000,0.119,0.1,-0.4,0.1,3.90
99480,LANDED,-0.22,-0.04,0.00,0.18,94324.1,25.00,0.009,1.015,0.090,0.1,-0.2,-0.4,3.90
99490,LANDED,-0.05,-0.04,0.00,0.01,94322.1,25.00,0.015,0.992,0.134,-0.0,0.3,-0.6,3.90
99500,LANDED,0.07,-0.03,0.01,0.05,94320.8,25.00,0.002,0.998,0.115,0.5,-0.3,-0.3,3.90
99510,LANDED,-0.28,-0.04,0.00,0.22,94324.8,25.00,0.033,1.012,0.140,-0.1,-0.1,-0.7,3.90
99520,LANDED,-0.02,-0.04,0.01,0.52,94321.8,25.00,0.029,1.048,0.099,0.2,-0.1,0.1,3.90
99530,LANDED,-0.06,-0.04,0.01,0.17,94322.3,25.00,0.040,1.011,0.105,-0.3,-0.9,-0.5,3.90
99540,LANDED,-0.52,-0.05,-0.01,-0.22,94327.5,25.00,0.042,0.967,0.131,0.6,0.0,-0.4,3.90
99550,LANDED,0.32,-0.04,0.00,0.19,94318.0,25.00,0.005,1.013,0.115,-0.2,-0.3,-0.5,3.90
99560,LANDED,-0.21,-0.05,-0.00,0.07,94324.0,25.00,0.035,1.001,0.108,0.0,-0.4,-0.1,3.90
99570,LANDED,0.07,-0.04,0.00,0.25,94320.8,25.00,0.045,1.018,0.112,-0.2,-0.1,-0.1,3.90
99580,LANDED,-0.19,-0.05,0.00,0.20,94323.8,25.00,0.036,1.013,0.118,0.5,0.2,0.0,3.90
99590,LANDED,0.26,-0.04,0.02,0.44,94318.7,25.00,0.034,1.037,0.131,-0.1,-0.6,0.0,3.90
99600,LANDED,-0.02,-0.04,0.02,0.19,94321.9,25.00,0.041,1.003,0.175,-0.0,-0.4,-0.0,3.90
99610,LANDED,0.11,-0.04,0.03,0.01,94320.3,25.00,0.062,0.993,0.101,0.2,-0.5,-0.7,3.90
99620,LANDED,0.09,-0.03,0.03,0.27,94320.6,25.00,0.059,1.017,0.134,0.6,-0.4,-0.6,3.90
99630,LANDED,-0.03,-0.03,0.04,0.27,94322.0,25.00,0.020,1.022,0.104,0.2,-0.5,-0.8,3.90
99640,LANDED,0.25,-0.02,0.05,-0.10,94318.8,25.00,0.014,0.984,0.104,-0.2,0.1,-0.2,3.90
99650,LANDED,-0.26,-0.03,0.04,0.13,94324.6,25.00,0.041,1.008,0.100,0.1,-0.2,-0.3,3.90
99660,LANDED,-0.24,-0.03,0.03,0.25,94324.3,25.00,0.021,1.012,0.169,0.2,0.2,-0.2,3.90
99670,LANDED,0.01,-0.03,0.04,0.22,94321.5,25.00,0.051,1.016,0.102,0.2,-0.4,-0.4,3.90
99680,LANDED,-0.16,-0.04,0.03,-0.08,94323.4,25.00,0.053,0.982,0.132,-0.3,-0.4,-0.6,3.90
99690,LANDED,0.03,-0.03,0.03,-0.02,94321.2,25.00,0.038,0.995,0.072,-0.4,-0.4,-0.5,3.90
99700,LANDED,-0.07,-0.03,0.03,-0.05,94322.4,25.00,0.008,0.988,0.122,0.0,0.0,0.1,3.90
99710,LANDED,-0.15,-0.04,0.03,-0.04,94323.3,25.00,0.034,0.991,0.093,-0.3,-0.6,0.1,3.90
99720,LANDED,-0.06,-0.04,0.03,0.23,94322.2,25.00,0.042,1.018,0.101,0.1,-0.9,0.5,3.90
99730,LANDED,0.09,-0.03,0.03,0.05,94320.6,25.00,0.051,0.998,0.105,-0.2,-0.1,0.3,3.90
99740,LANDED,-0.10,-0.03,0.03,0.17,94322.7,25.00,0.017,1.013,0.100,0.3,-0.4,-0.3,3.90
99750,LANDED,0.01,-0.03,0.04,0.28,94321.5,25.00,0.017,1.024,0.094,-0.2,-0.4,-0.0,3.90
99760,LANDED,0.40,-0.02,0.05,-0.33,94317.1,25.00,-0.017,0.959,0.116,-0.4,-0.5,-0.6,3.90
99770,LANDED,0.27,-0.01,0.06,-0.29,94318.6,25.00,0.026,0.965,0.091,0.0,-0.8,-0.1,3.90
99780,LANDED,0.04,-0.01,0.06,0.28,94321.1,25.00,0.026,1.018,0.146,0.4,0.5,0.0,3.90
99790,LANDED,0.09,-0.01,0.07,0.34,94320.6,25.00,0.045,1.030,0.093,-0.2,-0.3,0.2,3.90
99800,LANDED,-0.18,-0.01,0.07,-0.08,94323.7,25.00,0.030,0.982,0.132,0.2,-0.2,0.0,3.90
99810,LANDED,-0.34,-0.02,0.05,0.04,94325.4,25.00,0.026,0.997,0.123,0.3,-0.3,-0.4,3.90
99820,LANDED,-0.25,-0.03,0.04,-0.01,94324.5,25.00,0.013,0.990,0.125,-0.0,-0.1,0.0,3.90
99830,LANDED,0.02,-0.02,0.05,0.33,94321.4,25.00,0.014,1.029,0.101,0.1,-0.2,-0.4,3.90
99840,LANDED,0.22,-0.02,0.06,-0.21,94319.1,25.00,0.033,0.972,0.102,0.1,0.1,-0.2,3.90
99850,LANDED,-0.31,-0.02,0.04,-0.14,94325.1,25.00,0.015,0.982,0.086,-0.2,-0.2,0.2,3.90
99860,LANDED,-0.19,-0.03,0.04,0.07,94323.8,25.00,0.025,1.001,0.105,-0.1,-0.4,-0.2,3.90
99870,LANDED,-0.32,-0.04,0.03,0.28,94325.3,25.00,0.001,1.018,0.150,0.3,-0.4,-0.0,3.90
99880,LANDED,0.23,-0.03,0.04,0.05,94319.0,25.00,0.036,0.995,0.132,0.4,-0.4,-0.3,3.90
99890,LANDED,0.36,-0.02,0.06,0.07,94317.5,25.00,0.065,0.998,0.117,-0.1,-0.1,-0.6,3.90
99900,LANDED,-0.48,-0.03,0.04,0.30,94327.1,25.00,0.009,1.024,0.116,0.3,-0.2,-0.6,3.90
99910,LANDED,0.03,-0.03,0.04,0.18,94321.3,25.00,-0.010,1.013,0.108,0.3,-0.5,-0.3,3.90
99920,LANDED,-0.05,-0.03,0.05,0.38,94322.2,25.00,0.049,1.033,0.103,-0.4,-0.3,-0.2,3.90
99930,LANDED,-0.23,-0.03,0.04,-0.02,94324.2,25.00,0.006,0.994,0.091,0.2,0.1,-0.1,3.90
99940,LANDED,-0.26,-0.04,0.03,0.01,94324.5,25.00,0.012,0.995,0.105,0.2,-1.0,-0.2,3.90
99950,LANDED,-0.15,-0.04,0.03,0.27,94323.3,25.00,0.033,1.022,0.107,0.0,-0.0,-0.6,3.90
99960,LANDED,-0.45,-0.05,0.01,0.28,94326.8,25.00,0.005,1.023,0.112,0.2,-0.9,-0.2,3.90
99970,LANDED,-0.04,-0.05,0.02,0.11,94322.1,25.00,0.054,1.002,0.122,0.4,0.4,-0.1,3.90
99980,LANDED,0.07,-0.05,0.02,0.26,94320.9,25.00,0.007,1.016,0.147,-0.4,-0.4,-0.1,3.90
99990,LANDED,0.21,-0.04,0.03,0.23,94319.3,25.00,0.008,1.014,0.144,0.1,-0.0,-0.4,3.90
100000,LANDED,0.41,-0.03,0.05,0.10,94317.0,25.00,0.020,1.002,0.128,0.3,-0.5,-0.0,3.90
100010,LANDED,-0.25,-0.03,0.05,-0.09,94324.4,25.00,-0.034,0.982,0.128,-0.1,0.1,-0.2,3.90
100020,LANDED,0.09,-0.03,0.05,0.27,94320.6,25.00,0.022,1.024,0.088,-0.1,-0.3,0.3,3.90
100030,LANDED,-0.17,-0.03,0.05,0.16,94323.5,25.00,0.025,1.009,0.122,0.5,-0.3,-0.6,3.90
100040,LANDED,0.06,-0.03,0.06,0.49,94321.0,25.00,0.018,1.043,0.131,0.1,-0.5,0.0,3.90
100050,LANDED,-0.37,-0.04,0.04,-0.07,94325.8,25.00,-0.003,0.984,0.129,0.3,-0.2,-0.4,3.90
100060,LANDED,0.10,-0.04,0.05,0.16,94320.5,25.00,0.012,1.010,0.109,0.3,-0.5,-0.3,3.90
100070,LANDED,-0.13,-0.04,0.05,-0.04,94323.0,25.00,0.045,0.983,0.156,-0.3,-0.8,-0.4,3.90
100080,LANDED,-0.18,-0.04,0.04,-0.11,94323.7,25.00,0.015,0.982,0.114,0.7,0.2,-0.2,3.90
100090,LANDED,-0.08,-0.04,0.04,0.30,94322.5,25.00,0.049,1.020,0.139,0.2,-0.2,-0.2,3.90
100100,LANDED,0.50,-0.03,0.06,0.03,94315.9,25.00,0.015,0.996,0.120,-0.3,-0.1,-0.4,3.90
100110,LANDED,-0.01,-0.02,0.06,0.10,94321.8,25.00,0.056,1.005,0.090,0.2,-0.7,-0.2,3.90
100120,LANDED,0.22,-0.02,0.07,-0.12,94319.1,25.00,0.049,0.979,0.117,0.1,-0.3,-0.5,3.90
100130,LANDED,-0.18,-0.02,0.07,-0.09,94323.6,25.00,0.019,0.988,0.083,-0.2,-0.4,-0.4,3.90
100140,LANDED,0.32,-0.01,0.08,0.16,94318.0,25.00,-0.001,1.014,0.075,0.0,-0.3,-0.1,3.90
100150,LANDED,-0.31,-0.02,0.07,0.53,94325.1,25.00,0.022,1.045,0.139,-0.0,-0.4,-0.4,3.90
100160,LANDED,-0.03,-0.02,0.08,0.34,94322.0,25.00,0.024,1.025,0.139,0.2,-0.6,0.1,3.90
100170,LANDED,-0.06,-0.02,0.08,0.10,94322.3,25.00,-0.007,1.003,0.122,0.4,0.5,-0.5,3.90
100180,LANDED,-0.31,-0.03,0.07,0.31,94325.2,25.00,-0.008,1.025,0.112,0.2,0.0,-0.3,3.90
100190,LANDED,-0.06,-0.03,0.07,0.22,94322.3,25.00,0.039,1.013,0.133,-0.3,-0.1,-0.1,3.90
100200,LANDED,-0.00,-0.03,0.07,0.43,94321.7,25.00,0.038,1.039,0.099,0.5,0.0,0.1,3.90
100210,LANDED,0.17,-0.02,0.08,0.10,94319.7,25.00,0.025,0.999,0.141,-0.2,-0.4,0.1,3.90
100220,LANDED,-0.04,-0.02,0.08,-0.05,94322.1,25.00,0.020,0.986,0.132,0.3,-0.0,0.0,3.90
100230,LANDED,0.21,-0.01,0.09,0.04,94319.2,25.00,0.011,1.000,0.086,0.2,-0.2,-0.2,3.90
100240,LANDED,-0.47,-0.02,0.07,0.45,94327.0,25.00,0.040,1.035,0.147,0.8,-0.0,0.1,3.90
100250,LANDED,-0.00,-0.02,0.08,-0.05,94321.6,25.00,0.042,0.988,0.101,-0.5,-0.5,-0.6,3.90
100260,LANDED,0.28,-0.01,0.09,0.19,94318.5,25.00,0.012,1.015,0.093,0.4,-0.6,-0.5,3.90
100270,LANDED,0.10,-0.01,0.10,0.38,94320.5,25.00,0.034,1.033,0.102,0.1,-0.7,-0.7,3.90
100280,LANDED,0.11,-0.00,0.10,0.09,94320.4,25.00,0.022,1.007,0.053,-0.1,-0.2,-0.8,3.90
100290,LANDED,-0.24,-0.01,0.10,0.02,94324.3,25.00,0.044,0.996,0.097,0.5,-0.4,-0.1,3.90
100300,LANDED,0.06,-0.01,0.10,0.16,94321.0,25.00,0.013,1.013,0.090,0.3,-0.8,-0.5,3.90
100310,LANDED,-0.01,-0.01,0.10,-0.06,94321.8,25.00,0.035,0.987,0.104,-0.0,-0.3,-0.2,3.90
100320,LANDED,0.22,0.00,0.11,-0.02,94319.1,25.00,-0.018,0.991,0.114,0.5,-0.1,0.2,3.90
100330,LANDED,0.20,0.01,0.12,0.36,94319.3,25.00,0.012,1.033,0.089,-0.5,-0.8,-0.1,3.90
100340,LANDED,0.11,0.01,0.13,0.45,94320.3,25.00,0.065,1.033,0.153,0.5,-0.4,-0.3,3.90
100350,LANDED,0.04,0.01,0.13,0.16,94321.2,25.00,0.024,1.008,0.123,0.6,-0.2,-0.1,3.90
100360,LANDED,-0.06,0.01,0.13,0.10,94322.3,25.00,0.015,1.005,0.101,-0.1,-0.0,0.0,3.90
100370,LANDED,-0.03,0.01,0.13,0.09,94322.0,25.00,0.011,1.007,0.074,0.4,-0.1,0.1,3.90
100380,LANDED,0.23,0.02,0.14,-0.23,94319.0,25.00,0.040,0.969,0.113,-0.1,-0.2,-0.3,3.90
100390,LANDED,-0.12,0.02,0.13,-0.06,94322.9,25.00,0.023,0.988,0.102,0.4,-0.3,-0.1,3.90
100400,LANDED,0.15,0.02,0.13,0.23,94320.0,25.00,0.050,1.017,0.110,-0.2,-0.2,-0.6,3.90
100410,LANDED,-0.13,0.02,0.13,0.02,94323.1,25.00,0.053,0.993,0.125,-0.4,-0.3,0.0,3.90
100420,LANDED,0.26,0.03,0.14,0.05,94318.7,25.00,0.052,0.992,0.152,0.1,-0.2,0.1,3.90
100430,LANDED,-0.38,0.02,0.12,-0.01,94325.9,25.00,0.032,0.993,0.107,0.2,-0.4,0.6,3.90
100440,LANDED,-0.31,0.01,0.11,0.39,94325.2,25.00,-0.011,1.037,0.084,0.0,-0.2,-0.1,3.90
100450,LANDED,-0.01,0.01,0.11,0.08,94321.7,25.00,0.011,1.004,0.080,0.2,-0.3,-0.4,3.90
100460,LANDED,-0.10,0.01,0.11,0.28,94322.7,25.00,0.013,1.023,0.107,0.5,-0.4,-0.3,3.90
100470,LANDED,-0.21,0.00,0.11,0.44,94324.0,25.00,0.018,1.038,0.120,-0.3,-0.3,-0.2,3.90
100480,LANDED,0.20,0.01,0.12,0.40,94319.3,25.00,0.042,1.031,0.141,0.1,-0.6,-0.2,3.90
100490,LANDED,-0.07,0.01,0.12,0.15,94322.4,25.00,0.055,1.008,0.109,-0.0,-0.4,-0.2,3.90
100500,LANDED,-0.15,0.01,0.11,0.30,94323.4,25.00,0.025,1.024,0.112,-0.1,0.1,-0.2,3.90
100510,LANDED,0.01,0.01,0.12,0.10,94321.5,25.00,0.024,1.007,0.083,-0.1,-0.4,0.4,3.90
100520,LANDED,-0.08,0.00,0.11,0.08,94322.6,25.00,0.044,0.999,0.126,0.1,-0.9,-0.6,3.90
100530,LANDED,0.54,0.02,0.14,0.17,94315.5,25.00,0.033,1.011,0.104,-0.3,-0.0,-0.9,3.90
100540,LANDED,0.45,0.03,0.16,0.43,94316.5,25.00,-0.010,1.036,0.125,0.1,-0.6,0.0,3.90
100550,LANDED,-0.33,0.03,0.14,0.38,94325.4,25.00,0.040,1.030,0.125,-0.3,-0.7,0.1,3.90
100560,LANDED,-0.12,0.02,0.14,0.30,94323.0,25.00,-0.020,1.026,0.096,-0.2,-0.2,-0.1,3.90
100570,LANDED,0.01,0.02,0.14,0.01,94321.5,25.00,0.053,0.993,0.118,-0.3,-0.5,-0.2,3.90
100580,LANDED,0.25,0.03,0.15,0.04,94318.8,25.00,0.013,0.999,0.097,0.5,-0.2,-0.1,3.90
100590,LANDED,0.25,0.04,0.16,0.13,94318.8,25.00,0.030,1.007,0.111,-0.1,0.1,-0.4,3.90
100600,LANDED,0.14,0.04,0.17,0.31,94320.0,25.00,0.014,1.026,0.101,-0.8,-0.1,-0.2,3.90
100610,LANDED,0.31,0.05,0.18,0.49,94318.1,25.00,0.015,1.045,0.099,0.2,-0.9,-0.2,3.90
100620,LANDED,-0.13,0.05,0.18,0.18,94323.1,25.00,0.028,1.010,0.127,-0.1,-0.2,-0.6,3.90
100630,LANDED,0.35,0.06,0.19,0.02,94317.6,25.00,0.021,0.995,0.109,0.4,-0.6,-0.7,3.90
100640,LANDED,0.08,0.06,0.19,0.16,94320.7,25.00,0.013,1.013,0.082,-0.2,-0.2,0.1,3.90
100650,LANDED,0.42,0.07,0.21,-0.09,94316.9,25.00,0.027,0.986,0.099,0.4,0.0,-0.1,3.90
100660,LANDED,0.29,0.08,0.22,0.06,94318.3,25.00,0.033,0.994,0.150,0.2,-0.2,0.2,3.90
100670,LANDED,0.06,0.08,0.22,0.41,94321.0,25.00,0.051,1.033,0.132,0.1,-0.2,-0.9,3.90
100680,LANDED,-0.14,0.08,0.21,0.27,94323.2,25.00,0.013,1.018,0.141,-0.2,0.3,0.0,3.90
100690,LANDED,-0.34,0.07,0.20,0.11,94325.5,25.00,0.037,1.004,0.109,-0.3,-0.3,0.1,3.90
100700,LANDED,-0.04,0.07,0.19,0.36,94322.1,25.00,0.005,1.029,0.129,-0.1,-0.0,-0.4,3.90
100710,LANDED,-0.06,0.07,0.19,0.31,94322.3,25.00,0.019,1.024,0.126,0.4,-0.5,0.1,3.90
100720,LANDED,0.41,0.08,0.21,0.06,94317.0,25.00,0.066,0.999,0.092,0.1,-0.8,-0.3,3.90
100730,LANDED,0.27,0.09,0.22,0.16,94318.5,25.00,0.014,1.013,0.082,-0.4,-0.2,-0.6,3.90
100740,LANDED,-0.13,0.08,0.21,0.61,94323.1,25.00,0.016,1.052,0.151,-0.4,-0.5,-0.0,3.90
100750,LANDED,0.04,0.08,0.21,0.26,94321.2,25.00,0.015,1.012,0.169,-0.2,-0.5,-0.3,3.90
100760,LANDED,0.02,0.08,0.21,-0.05,94321.4,25.00,0.052,0.987,0.113,0.5,-0.1,-0.5,3.90
100770,LANDED,0.18,0.09,0.22,0.11,94319.6,25.00,0.045,1.001,0.140,-0.1,-0.5,-0.2,3.90
100780,LANDED,0.13,0.09,0.22,0.32,94320.2,25.00,0.024,1.027,0.107,-0.1,-0.3,0.3,3.90
100790,LANDED,0.11,0.09,0.22,0.16,94320.4,25.00,0.036,1.009,0.108,0.3,0.1,-0.3,3.90
100800,LANDED,-0.29,0.09,0.21,0.02,94324.9,25.00,0.026,0.997,0.101,0.5,-0.2,-0.3,3.90
100810,LANDED,0.01,0.09,0.21,0.43,94321.5,25.00,0.021,1.039,0.103,0.1,-0.4,-0.5,3.90
100820,LANDED,-0.02,0.08,0.21,0.40,94321.9,25.00,-0.013,1.035,0.111,0.2,0.2,0.2,3.90
100830,LANDED,0.15,0.09,0.22,0.56,94319.9,25.00,0.013,1.050,0.121,0.0,-0.1,-0.2,3.90
100840,LANDED,0.05,0.09,0.22,0.08,94321.1,25.00,0.023,1.001,0.114,-0.0,-0.3,-0.1,3.90
100850,LANDED,-0.04,0.09,0.21,0.18,94322.1,25.00,0.006,1.014,0.098,0.3,-0.7,0.0,3.90
100860,LANDED,0.28,0.10,0.22,0.22,94318.4,25.00,0.064,1.013,0.121,0.2,0.0,-0.4,3.90
100870,LANDED,-0.32,0.09,0.21,-0.09,94325.3,25.00,-0.013,0.984,0.112,0.2,-0.5,-0.1,3.90
100880,LANDED,0.30,0.09,0.22,0.17,94318.3,25.00,0.013,1.005,0.160,0.3,-0.5,-0.6,3.90
100890,LANDED,0.16,0.10,0.22,0.37,94319.8,25.00,0.022,1.030,0.131,-0.1,-0.3,-0.6,3.90
100900,LANDED,-0.03,0.10,0.22,-0.12,94322.0,25.00,0.027,0.974,0.154,0.2,-0.2,-0.1,3.90
100910,LANDED,-0.12,0.09,0.21,0.33,94323.0,25.00,0.019,1.026,0.128,-0.0,0.0,-0.1,3.90
100920,LANDED,-0.15,0.09,0.20,0.15,94323.4,25.00,-0.009,1.009,0.111,-0.3,-0.0,-0.2,3.90
100930,LANDED,0.06,0.09,0.20,-0.24,94320.9,25.00,0.033,0.968,0.112,-0.1,-0.3,-0.4,3.90
100940,LANDED,0.11,0.09,0.20,-0.08,94320.4,25.00,0.031,0.986,0.109,0.2,-0.2,-0.3,3.90
100950,LANDED,-0.21,0.08,0.19,0.21,94324.0,25.00,0.047,1.013,0.120,-0.0,-0.2,-0.1,3.90
100960,LANDED,-0.24,0.08,0.18,0.12,94324.3,25.00,0.047,1.006,0.097,0.0,-0.6,-0.6,3.90
100970,LANDED,-0.10,0.07,0.17,0.27,94322.8,25.00,0.013,1.017,0.142,-0.3,-0.4,-0.6,3.90
100980,LANDED,0.03,0.07,0.17,-0.04,94321.3,25.00,0.034,0.986,0.129,0.4,-0.4,-0.2,3.90
100990,LANDED,-0.04,0.07,0.17,0.30,94322.0,25.00,0.034,1.024,0.114,-0.0,-0.2,-0.0,3.90
101000,LANDED,0.09,0.07,0.17,-0.21,94320.6,25.00,0.025,0.974,0.082,0.5,-0.0,-0.2,3.90
101010,LANDED,-0.01,0.07,0.17,0.58,94321.7,25.00,0.020,1.056,0.091,0.1,-0.2,-0.3,3.90
101020,LANDED,-0.07,0.07,0.16,-0.01,94322.5,25.00,0.021,0.993,0.106,0.0,-0.2,0.1,3.90
101030,LANDED,0.02,0.07,0.16,0.15,94321.4,25.00,0.018,1.013,0.074,-0.4,-0.2,-0.5,3.90
101040,LANDED,-0.13,0.07,0.15,-0.20,94323.1,25.00,0.021,0.972,0.116,0.2,-0.2,0.5,3.90
101050,LANDED,-0.08,0.07,0.15,0.14,94322.5,25.00,0.016,1.008,0.119,-0.2,-0.6,-0.3,3.90
101060,LANDED,0.22,0.07,0.15,0.18,94319.2,25.00,0.047,1.010,0.120,-0.0,-0.2,-1.0,3.90
101070,LANDED,0.18,0.08,0.16,0.19,94319.6,25.00,0.024,1.015,0.098,0.2,-0.4,-0.5,3.90
101080,LANDED,0.15,0.08,0.17,0.32,94319.9,25.00,0.017,1.026,0.111,0.0,-0.1,-0.2,3.90
101090,LANDED,-0.07,0.08,0.16,0.22,94322.4,25.00,-0.012,1.009,0.165,0.3,-0.4,-0.0,3.90
101100,LANDED,0.03,0.08,0.16,0.23,94321.3,25.00,-0.013,1.020,0.090,0.2,0.2,-0.3,3.90
101110,LANDED,-0.02,0.08,0.16,0.31,94321.8,25.00,0.009,1.023,0.133,-0.0,-0.2,-0.1,3.90
101120,LANDED,-0.35,0.07,0.15,0.00,94325.6,25.00,0.007,0.993,0.115,-0.1,-0.6,0.0,3.90
101130,LANDED,0.01,0.06,0.15,0.40,94321.6,25.00,0.008,1.035,0.110,0.1,-0.4,-0.1,3.90
101140,LANDED,-0.12,0.06,0.14,0.09,94322.9,25.00,0.015,1.004,0.103,0.2,-1.0,-0.0,3.90
101150,LANDED,0.11,0.06,0.14,0.09,94320.3,25.00,0.032,1.005,0.084,0.4,-0.4,-0.2,3.90
101160,LANDED,0.08,0.07,0.15,0.26,94320.7,25.00,0.033,1.016,0.138,0.2,-0.1,-0.1,3.90
101170,LANDED,-0.06,0.06,0.14,0.33,94322.4,25.00,0.028,1.028,0.106,-0.2,-0.2,-0.2,3.90
101180,LANDED,-0.15,0.06,0.14,0.18,94323.3,25.00,0.025,1.009,0.137,-0.0,-0.8,-0.4,3.90
101190,LANDED,0.04,0.06,0.14,-0.32,94321.2,25.00,0.018,0.962,0.093,0.7,-0.6,-0.4,3.90
101200,LANDED,0.08,0.06,0.13,-0.25,94320.7,25.00,0.011,0.972,0.075,0.2,-0.2,-0.1,3.90
101210,LANDED,-0.07,0.06,0.13,0.22,94322.5,25.00,0.026,1.010,0.160,0.0,0.2,-0.2,3.90
101220,LANDED,0.04,0.06,0.13,0.47,94321.1,25.00,0.020,1.043,0.101,0.5,-0.2,0.0,3.90
101230,LANDED,-0.18,0.05,0.12,-0.06,94323.6,25.00,0.026,0.987,0.108,-0.1,0.1,-0.2,3.90
101240,LANDED,-0.14,0.05,0.12,0.50,94323.2,25.00,0.028,1.048,0.088,-0.1,-0.3,-0.1,3.90
101250,LANDED,-0.29,0.04,0.11,-0.23,94324.9,25.00,-0.015,0.965,0.144,-0.1,-0.2,0.0,3.90
101260,LANDED,-0.13,0.04,0.10,0.04,94323.1,25.00,0.032,0.998,0.103,-0.1,-0.4,-0.1,3.90
101270,LANDED,-0.11,0.03,0.09,0.24,94322.9,25.00,0.055,1.016,0.124,0.1,0.0,0.2,3.90
101280,LANDED,0.33,0.04,0.11,0.12,94317.9,25.00,0.022,1.005,0.119,0.1,-0.2,-0.1,3.90
101290,LANDED,0.20,0.05,0.11,0.04,94319.4,25.00,-0.009,1.000,0.098,-0.7,-0.2,0.1,3.90
101300,LANDED,-0.32,0.04,0.10,0.34,94325.3,25.00,0.025,1.025,0.138,-0.2,-0.2,-0.2,3.90
101310,LANDED,-0.07,0.04,0.10,0.45,94322.4,25.00,0.019,1.041,0.104,0.0,0.3,-0.4,3.90
101320,LANDED,-0.22,0.03,0.09,0.22,94324.2,25.00,0.081,1.009,0.143,-0.1,-0.5,-0.4,3.90
101330,LANDED,0.22,0.04,0.10,0.20,94319.1,25.00,0.066,1.009,0.138,0.2,-0.2,-0.5,3.90
101340,LANDED,-0.10,0.04,0.10,0.26,94322.8,25.00,0.060,1.017,0.123,0.6,-0.6,-0.6,3.90
101350,LANDED,-0.09,0.03,0.09,-0.13,94322.7,25.00,0.045,0.978,0.118,-0.2,-0.2,-0.4,3.90
101360,LANDED,0.01,0.03,0.09,0.14,94321.5,25.00,0.010,1.008,0.115,0.1,-0.1,0.4,3.90
101370,LANDED,0.24,0.04,0.10,0.21,94318.9,25.00,0.023,1.016,0.099,0.2,-0.2,-0.6,3.90
101380,LANDED,-0.15,0.04,0.10,0.18,94323.3,25.00,0.014,1.011,0.121,0.1,-0.1,0.1,3.90
101390,LANDED,-0.28,0.03,0.09,0.06,94324.8,25.00,0.037,1.000,0.108,0.3,-0.3,-0.1,3.90
101400,LANDED,0.03,0.03,0.09,0.05,94321.3,25.00,0.045,0.997,0.125,0.3,-0.5,-0.1,3.90
101410,LANDED,0.33,0.04,0.10,0.20,94317.9,25.00,-0.011,1.011,0.139,0.4,0.5,-0.2,3.90
101420,LANDED,0.41,0.05,0.12,0.22,94317.0,25.00,0.008,1.018,0.089,0.2,-0.3,-0.5,3.90
101430,LANDED,-0.10,0.05,0.11,-0.08,94322.8,25.00,0.030,0.985,0.109,-0.2,-0.8,0.0,3.90
101440,LANDED,-0.19,0.04,0.10,0.09,94323.7,25.00,0.019,1.005,0.094,-0.1,0.1,-0.0,3.90
101450,LANDED,-0.56,0.02,0.08,0.21,94328.0,25.00,0.033,1.017,0.090,0.2,0.2,-0.1,3.90
101460,LANDED,0.17,0.03,0.09,0.18,94319.7,25.00,0.016,1.014,0.090,0.1,-0.1,0.2,3.90
101470,LANDED,0.01,0.03,0.09,0.34,94321.5,25.00,0.029,1.030,0.101,-0.1,-0.4,-0.6,3.90
101480,LANDED,0.11,0.03,0.09,0.04,94320.4,25.00,-0.009,1.002,0.063,-0.1,-0.2,-0.6,3.90
101490,LANDED,0.05,0.03,0.09,-0.09,94321.1,25.00,0.017,0.987,0.079,0.5,0.2,-0.1,3.90
101500,LANDED,-0.06,0.03,0.09,0.29,94322.3,25.00,0.005,1.021,0.132,-0.4,-0.5,0.3,3.90
101510,LANDED,-0.11,0.03,0.09,0.23,94322.8,25.00,0.045,1.015,0.119,0.2,-0.4,-0.1,3.90
101520,LANDED,-0.19,0.02,0.08,0.30,94323.8,25.00,-0.002,1.021,0.137,0.5,-0.6,0.2,3.90
101530,LANDED,-0.02,0.02,0.08,0.43,94321.8,25.00,0.027,1.037,0.117,0.2,-0.8,-0.2,3.90
101540,LANDED,0.02,0.02,0.09,0.00,94321.4,25.00,0.005,0.995,0.095,0.4,-0.1,0.0,3.90
101550,LANDED,-0.09,0.02,0.08,0.29,94322.6,25.00,0.075,1.018,0.131,0.2,0.4,0.0,3.90
101560,LANDED,-0.01,0.02,0.08,0.04,94321.8,25.00,0.022,0.998,0.106,0.4,0.1,0.3,3.90
101570,LANDED,-0.32,0.01,0.07,0.29,94325.2,25.00,0.023,1.025,0.093,0.1,-0.3,0.1,3.90
101580,LANDED,-0.54,-0.00,0.05,0.11,94327.8,25.00,0.009,1.003,0.125,0.4,-0.5,0.4,3.90
101590,LANDED,0.02,-0.00,0.05,0.27,94321.4,25.00,-0.010,1.019,0.132,0.2,0.1,-0.2,3.90
101600,LANDED,0.13,0.00,0.06,0.27,94320.2,25.00,0.026,1.020,0.124,-0.2,-0.1,-0.3,3.90
101610,LANDED,-0.10,0.00,0.06,0.22,94322.7,25.00,0.065,1.015,0.107,-0.2,-0.4,0.1,3.90
101620,LANDED,-0.22,-0.00,0.05,-0.12,94324.1,25.00,0.002,0.983,0.087,0.2,-0.2,-0.4,3.90
101630,LANDED,0.10,-0.00,0.06,0.18,94320.5,25.00,-0.006,1.010,0.137,-0.3,-0.5,-0.4,3.90
101640,LANDED,-0.11,-0.00,0.05,0.08,94322.9,25.00,0.056,1.003,0.074,0.0,-0.4,-0.1,3.90
101650,LANDED,-0.08,-0.01,0.05,0.15,94322.6,25.00,0.009,1.014,0.063,0.7,0.0,-0.4,3.90
101660,LANDED,0.41,0.01,0.07,0.19,94317.0,25.00,0.025,1.011,0.130,0.3,0.3,-0.6,3.90
101670,LANDED,-0.06,0.01,0.07,0.05,94322.3,25.00,0.016,1.001,0.091,0.3,-0.8,-0.0,3.90
101680,LANDED,-0.04,0.00,0.07,0.18,94322.1,25.00,0.003,1.011,0.124,0.1,-0.3,-0.4,3.90
101690,LANDED,0.04,0.01,0.07,0.48,94321.1,25.00,0.011,1.043,0.120,0.2,-0.5,-0.3,3.90
101700,LANDED,-0.04,0.01,0.07,0.51,94322.1,25.00,0.033,1.047,0.097,-0.0,-0.2,-0.5,3.90
101710,LANDED,-0.12,0.00,0.07,0.14,94323.0,25.00,0.021,1.006,0.127,0.3,-0.2,-0.6,3.90
101720,LANDED,-0.15,-0.00,0.07,0.22,94323.3,25.00,0.044,1.017,0.101,-0.2,-0.6,-0.1,3.90
101730,LANDED,0.39,0.01,0.09,0.47,94317.2,25.00,0.058,1.044,0.075,0.1,-0.3,-0.6,3.90
101740,LANDED,-0.02,0.01,0.09,0.67,94321.8,25.00,0.028,1.064,0.093,-0.1,0.0,-0.2,3.90
101750,LANDED,-0.12,0.01,0.09,-0.15,94323.0,25.00,0.032,0.975,0.122,0.2,-0.6,-0.7,3.90
101760,LANDED,-0.20,0.00,0.08,0.58,94323.9,25.00,0.036,1.052,0.123,0.3,-0.3,-0.1,3.90
101770,LANDED,-0.10,0.00,0.08,-0.16,94322.7,25.00,0.021,0.975,0.117,-0.4,-0.5,-0.1,3.90
101780,LANDED,-0.09,-0.00,0.08,0.06,94322.6,25.00,0.021,0.999,0.113,0.2,-0.3,0.0,3.90
101790,LANDED,0.06,0.00,0.08,0.20,94320.9,25.00,0.026,1.013,0.120,-0.2,-0.1,-0.3,3.90
101800,LANDED,0.18,0.01,0.09,0.22,94319.6,25.00,0.044,1.014,0.127,0.5,0.1,-0.1,3.90
101810,LANDED,0.07,0.01,0.09,0.10,94320.9,25.00,0.021,1.004,0.110,-0.6,0.0,0.0,3.90
101820,LANDED,-0.35,0.00,0.08,0.41,94325.6,25.00,0.044,1.035,0.118,0.1,-0.5,-0.6,3.90
101830,LANDED,-0.50,-0.01,0.06,-0.09,94327.3,25.00,0.049,0.984,0.101,0.2,-0.7,-0.5,3.90
101840,LANDED,0.22,-0.00,0.07,0.18,94319.1,25.00,0.025,1.015,0.085,-0.2,-0.2,0.3,3.90
101850,LANDED,-0.29,-0.01,0.06,-0.13,94324.9,25.00,0.007,0.982,0.092,-0.0,-0.4,0.0,3.90
101860,LANDED,0.13,-0.01,0.07,-0.19,94320.1,25.00,0.030,0.970,0.147,0.1,-0.3,0.4,3.90
101870,LANDED,0.23,0.00,0.08,0.17,94319.0,25.00,0.029,1.011,0.116,-0.4,-0.1,0.2,3.90
101880,LANDED,-0.06,-0.00,0.07,0.07,94322.4,25.00,-0.009,1.001,0.105,-0.4,-0.1,-0.5,3.90
101890,LANDED,-0.15,-0.00,0.07,0.00,94323.3,25.00,0.037,0.994,0.099,-0.1,-0.5,-0.0,3.90
101900,LANDED,0.39,0.01,0.08,-0.08,94317.2,25.00,0.007,0.986,0.108,0.4,-0.5,-0.8,3.90
101910,LANDED,0.18,0.01,0.09,-0.08,94319.6,25.00,-0.009,0.984,0.117,0.2,-0.1,0.1,3.90
101920,LANDED,-0.21,0.01,0.08,0.30,94324.0,25.00,0.009,1.023,0.132,-0.2,-0.4,-0.1,3.90
101930,LANDED,-0.80,-0.01,0.05,0.20,94330.7,25.00,0.007,1.014,0.117,0.1,-0.3,-0.4,3.90
101940,LANDED,-0.11,-0.02,0.05,0.11,94322.9,25.00,0.017,1.009,0.060,0.5,0.3,-0.3,3.90
101950,LANDED,-0.11,-0.02,0.05,0.08,94322.8,25.00,-0.009,1.001,0.119,-0.3,0.1,0.2,3.90
101960,LANDED,0.34,-0.01,0.06,0.05,94317.8,25.00,0.040,0.998,0.115,0.3,-0.1,-0.4,3.90
101970,LANDED,-0.36,-0.02,0.05,0.26,94325.7,25.00,-0.015,1.018,0.132,-0.3,-0.8,-0.1,3.90
101980,LANDED,-0.08,-0.02,0.05,0.23,94322.6,25.00,0.072,1.013,0.121,-0.2,0.0,-0.4,3.90
101990,LANDED,-0.28,-0.03,0.04,-0.29,94324.8,25.00,-0.024,0.966,0.083,0.5,-1.0,0.1,3.90
102000,LANDED,0.08,-0.02,0.04,0.52,94320.7,25.00,-0.016,1.049,0.098,-0.1,-0.2,-0.1,3.90
102010,LANDED,-0.20,-0.03,0.04,0.29,94323.9,25.00,0.006,1.024,0.105,0.5,-0.4,-0.5,3.90
102020,LANDED,-0.30,-0.03,0.03,-0.19,94325.0,25.00,0.046,0.974,0.095,0.4,-0.1,-0.5,3.90
102030,LANDED,-0.34,-0.04,0.02,0.10,94325.5,25.00,0.025,1.005,0.106,-0.2,-0.6,-0.1,3.90
102040,LANDED,-0.23,-0.05,0.01,-0.31,94324.2,25.00,0.018,0.964,0.086,0.0,-0.3,0.1,3.90
102050,LANDED,0.24,-0.04,0.02,0.42,94318.9,25.00,0.038,1.036,0.122,0.1,0.2,0.0,3.90
102060,LANDED,0.06,-0.04,0.03,0.24,94320.9,25.00,-0.012,1.016,0.130,0.1,-0.4,-0.6,3.90
102070,LANDED,0.27,-0.03,0.04,0.25,94318.5,25.00,0.032,1.019,0.111,-0.0,-0.7,0.1,3.90
102080,LANDED,0.36,-0.02,0.06,0.21,94317.5,25.00,0.039,1.016,0.098,0.6,-0.1,-0.3,3.90
102090,LANDED,-0.17,-0.02,0.06,0.29,94323.5,25.00,0.030,1.019,0.138,0.0,-0.5,0.3,3.90
102100,LANDED,-0.11,-0.02,0.06,-0.03,94322.9,25.00,-0.011,0.992,0.094,-0.0,-0.3,0.4,3.90
102110,LANDED,0.02,-0.02,0.06,0.32,94321.4,25.00,-0.005,1.028,0.104,0.2,-0.5,0.3,3.90
102120,LANDED,0.19,-0.01,0.07,0.20,94319.5,25.00,0.078,1.013,0.095,-0.6,0.2,0.0,3.90
102130,LANDED,0.37,-0.00,0.09,0.15,94317.5,25.00,0.023,1.009,0.109,0.8,-0.5,-0.0,3.90
102140,LANDED,0.00,-0.00,0.09,0.22,94321.6,25.00,0.033,1.015,0.126,-0.1,-0.6,-0.1,3.90
102150,LANDED,-0.08,-0.00,0.09,0.25,94322.5,25.00,0.012,1.018,0.124,-0.2,-0.1,-0.1,3.90
102160,LANDED,-0.03,-0.00,0.09,0.35,94322.0,25.00,0.034,1.029,0.113,0.2,0.1,-0.1,3.90
102170,LANDED,-0.03,-0.00,0.09,-0.00,94321.9,25.00,0.028,0.996,0.084,0.1,-0.0,-0.1,3.90
102180,LANDED,-0.02,-0.00,0.09,0.17,94321.9,25.00,-0.016,1.012,0.106,0.3,-0.3,-0.6,3.90
102190,LANDED,0.09,0.00,0.10,0.24,94320.6,25.00,0.041,1.020,0.090,-0.1,-0.3,-0.4,3.90
102200,LANDED,0.21,0.01,0.11,0.26,94319.2,25.00,-0.008,1.018,0.130,0.4,-0.0,-0.2,3.90
102210,LANDED,0.21,0.02,0.12,0.19,94319.2,25.00,0.014,1.013,0.113,-0.4,-0.1,0.4,3.90
102220,LANDED,-0.43,0.00,0.10,0.19,94326.4,25.00,0.068,1.010,0.124,0.3,-0.0,-0.2,3.90
102230,LANDED,-0.04,0.00,0.10,-0.05,94322.0,25.00,0.052,0.985,0.135,-0.1,-0.3,0.1,3.90
102240,LANDED,-0.33,-0.00,0.09,0.25,94325.3,25.00,0.022,1.019,0.122,0.6,-0.5,-0.3,3.90
102250,LANDED,-0.18,-0.01,0.08,0.00,94323.7,25.00,0.046,0.991,0.126,-0.5,0.1,-0.6,3.90
102260,LANDED,0.08,-0.01,0.09,-0.12,94320.7,25.00,0.026,0.984,0.086,0.0,0.1,0.1,3.90
102270,LANDED,-0.14,-0.01,0.08,0.42,94323.2,25.00,0.004,1.038,0.106,0.2,-0.5,-0.5,3.90
102280,LANDED,-0.15,-0.01,0.08,-0.11,94323.3,25.00,0.037,0.980,0.120,0.2,-0.4,-0.1,3.90
102290,LANDED,-0.35,-0.02,0.06,0.20,94325.6,25.00,0.018,1.014,0.119,0.2,0.0,-0.5,3.90
102300,LANDED,0.08,-0.02,0.07,0.13,94320.6,25.00,0.033,1.001,0.150,0.4,-0.1,-0.4,3.90
102310,LANDED,-0.01,-0.02,0.07,0.10,94321.7,25.00,0.070,1.003,0.094,-0.2,0.0,-0.3,3.90
102320,LANDED,-0.04,-0.02,0.07,0.02,94322.1,25.00,0.039,0.993,0.129,0.0,0.1,-0.1,3.90
102330,LANDED,-0.28,-0.02,0.06,0.32,94324.8,25.00,0.023,1.030,0.077,0.6,-0.1,-0.3,3.90
102340,LANDED,-0.27,-0.03,0.05,-0.13,94324.6,25.00,0.032,0.980,0.101,0.2,-0.4,0.2,3.90
102350,LANDED,-0.15,-0.03,0.05,-0.07,94323.3,25.00,0.033,0.985,0.123,-0.1,-0.3,0.4,3.90
102360,LANDED,0.13,-0.03,0.05,0.31,94320.1,25.00,-0.002,1.029,0.083,-0.1,-0.6,-0.4,3.90
102370,LANDED,0.02,-0.02,0.06,0.42,94321.3,25.00,0.049,1.033,0.129,0.2,-0.2,-0.2,3.90
102380,LANDED,-0.38,-0.03,0.05,0.26,94325.9,25.00,0.052,1.015,0.144,-0.0,0.0,-0.3,3.90
102390,LANDED,0.16,-0.03,0.06,0.50,94319.8,25.00,0.052,1.042,0.128,0.1,-0.2,-0.7,3.90
102400,LANDED,-0.22,-0.03,0.06,-0.02,94324.1,25.00,0.022,0.991,0.109,0.1,-0.4,-0.5,3.90
102410,LANDED,-0.40,-0.04,0.04,-0.21,94326.2,25.00,0.013,0.968,0.140,0.5,-0.1,-0.3,3.90
102420,LANDED,-0.03,-0.04,0.04,0.02,94322.0,25.00,0.027,0.995,0.119,0.1,-0.2,0.1,3.90
102430,LANDED,-0.03,-0.04,0.04,0.13,94321.9,25.00,0.058,1.002,0.134,0.0,-0.0,-0.1,3.90
102440,LANDED,-0.20,-0.04,0.04,0.33,94323.9,25.00,0.025,1.027,0.115,0.1,0.1,-0.4,3.90
102450,LANDED,0.06,-0.04,0.04,0.16,94321.0,25.00,0.015,1.011,0.104,0.0,-0.4,0.6,3.90
102460,LANDED,-0.10,-0.04,0.04,-0.27,94322.7,25.00,0.018,0.962,0.134,0.1,-0.1,-0.4,3.90
102470,LANDED,-0.37,-0.05,0.03,0.23,94325.8,25.00,0.032,1.018,0.106,0.2,-0.3,-0.8,3.90
102480,LANDED,-0.30,-0.06,0.02,0.27,94325.0,25.00,-0.003,1.020,0.132,-0.2,-0.4,-0.0,3.90
102490,LANDED,-0.14,-0.06,0.02,-0.17,94323.2,25.00,0.022,0.977,0.100,-0.0,-0.1,-0.4,3.90
102500,LANDED,-0.02,-0.06,0.02,-0.10,94321.9,25.00,0.021,0.987,0.074,-0.0,-0.0,-0.3,3.90
102510,LANDED,0.01,-0.06,0.02,-0.08,94321.5,25.00,0.029,0.988,0.084,-0.0,-0.5,-0.1,3.90
102520,LANDED,-0.07,-0.06,0.02,0.28,94322.4,25.00,-0.009,1.024,0.097,0.4,-0.2,-1.0,3.90
102530,LANDED,0.08,-0.05,0.03,0.10,94320.7,25.00,0.058,0.998,0.147,-0.1,0.3,-0.1,3.90
102540,LANDED,0.03,-0.05,0.03,0.02,94321.2,25.00,0.050,0.992,0.136,0.3,-0.4,0.3,3.90
102550,LANDED,-0.40,-0.06,0.02,0.14,94326.2,25.00,0.033,1.003,0.148,0.4,-0.1,-0.1,3.90
102560,LANDED,-0.18,-0.06,0.01,0.05,94323.6,25.00,-0.004,1.000,0.094,0.2,-0.4,0.4,3.90
102570,LANDED,-0.04,-0.06,0.02,0.08,94322.1,25.00,0.035,1.002,0.107,0.1,-0.3,-0.7,3.90
102580,LANDED,0.28,-0.05,0.03,0.14,94318.4,25.00,0.079,1.004,0.121,0.1,-0.1,-0.2,3.90
102590,LANDED,0.54,-0.04,0.06,0.44,94315.5,25.00,-0.013,1.038,0.122,0.6,-0.6,-0.8,3.90
102600,LANDED,-0.16,-0.04,0.06,0.31,94323.4,25.00,0.030,1.026,0.109,0.0,-0.4,-0.4,3.90
102610,LANDED,0.08,-0.03,0.06,0.09,94320.7,25.00,0.022,1.003,0.103,0.5,-1.0,-0.4,3.90
102620,LANDED,0.05,-0.03,0.07,0.32,94321.0,25.00,0.029,1.027,0.105,0.3,-0.1,-0.5,3.90
102630,LANDED,-0.31,-0.04,0.06,0.05,94325.2,25.00,0.022,0.994,0.145,-0.3,-0.2,-0.4,3.90
102640,LANDED,0.11,-0.03,0.06,-0.44,94320.4,25.00,0.028,0.949,0.101,0.3,-0.3,0.1,3.90
102650,LANDED,0.14,-0.03,0.07,0.05,94320.0,25.00,0.025,0.998,0.120,-0.1,-0.4,-0.6,3.90
102660,LANDED,0.04,-0.03,0.07,-0.21,94321.1,25.00,0.022,0.974,0.093,0.7,-0.4,-0.4,3.90
102670,LANDED,0.05,-0.02,0.07,-0.04,94321.0,25.00,0.043,0.985,0.140,0.0,-0.3,-0.4,3.90
102680,LANDED,0.01,-0.02,0.07,-0.01,94321.5,25.00,0.036,0.991,0.120,0.2,-0.3,-0.1,3.90
102690,LANDED,-0.03,-0.02,0.07,-0.05,94322.0,25.00,0.041,0.984,0.138,0.1,-0.5,-0.3,3.90
102700,LANDED,0.30,-0.01,0.09,0.32,94318.2,25.00,0.015,1.027,0.111,-0.1,0.4,-0.3,3.90
102710,LANDED,0.07,-0.01,0.09,0.13,94320.8,25.00,0.061,1.005,0.116,0.4,0.3,-0.6,3.90
102720,LANDED,0.06,-0.01,0.10,0.43,94321.0,25.00,0.025,1.038,0.111,-0.2,-0.5,-0.2,3.90
102730,LANDED,0.27,0.00,0.11,0.22,94318.5,25.00,0.027,1.014,0.124,0.2,-0.0,-0.3,3.90
102740,LANDED,-0.40,-0.01,0.10,0.13,94326.2,25.00,0.019,1.006,0.121,-0.1,-0.5,-0.6,3.90
102750,LANDED,-0.14,-0.01,0.09,-0.20,94323.2,25.00,0.043,0.973,0.107,-0.1,-0.3,-0.7,3.90
102760,LANDED,-0.07,-0.01,0.09,0.41,94322.4,25.00,-0.007,1.037,0.100,-0.0,-0.1,0.1,3.90
102770,LANDED,-0.37,-0.02,0.08,0.21,94325.8,25.00,0.022,1.012,0.136,0.3,-0.3,-0.2,3.90
102780,LANDED,0.08,-0.02,0.08,0.06,94320.7,25.00,-0.010,0.997,0.132,0.2,-0.3,-0.5,3.90
102790,LANDED,0.03,-0.01,0.09,-0.03,94321.3,25.00,0.027,0.988,0.133,0.1,-0.5,0.1,3.90
102800,LANDED,0.16,-0.01,0.09,-0.04,94319.8,25.00,0.008,0.988,0.119,0.2,-0.6,-0.3,3.90
102810,LANDED,0.29,0.00,0.10,-0.10,94318.3,25.00,-0.003,0.986,0.085,-0.6,-0.6,-0.4,3.90
102820,LANDED,-0.47,-0.01,0.09,0.26,94326.9,25.00,0.028,1.021,0.105,0.2,-0.5,0.2,3.90
