t_ms,pressure_pa,temp_c,ax_g,ay_g,az_g,gx_dps,gy_dps,gz_dps,true_alt_m,true_vel_mps,true_acc_mps2
0,94320.87,25.00,0.9911,0.0236,0.0004,0.39,-0.35,-0.31,0.000,0.000,0.000
10,94319.70,25.00,0.9847,0.0160,0.0223,-0.09,-0.22,-0.47,0.000,0.000,0.000
20,94323.78,25.00,0.9793,0.0246,0.0197,-0.21,-0.03,0.41,0.000,0.000,0.000
30,94317.58,25.00,0.9410,-0.0121,0.0283,0.13,0.06,0.01,0.000,0.000,0.000
40,94322.21,25.00,0.9813,0.0146,0.0288,-0.24,-0.39,-0.13,0.000,0.000,0.000
50,94326.18,25.00,0.9603,-0.0036,0.0002,0.39,-0.33,0.19,0.000,0.000,0.000
60,94317.00,25.00,0.9982,0.0387,-0.0169,0.14,0.10,-0.18,0.000,0.000,0.000
70,94324.18,25.00,1.0231,0.0235,0.0058,-0.14,-0.07,-0.27,0.000,0.000,0.000
80,94321.23,25.00,0.9735,0.0310,-0.0099,-0.36,-0.99,0.15,0.000,0.000,0.000
90,94321.86,25.00,1.0058,0.0178,-0.0034,0.24,-0.28,-0.58,0.000,0.000,0.000
100,94319.47,25.00,1.0109,0.0251,0.0198,0.01,-0.47,0.06,0.000,0.000,0.000
110,94321.42,25.00,0.9604,0.0153,-0.0067,0.15,0.08,-0.46,0.000,0.000,0.000
120,94325.25,25.00,0.9622,0.0211,-0.0053,0.03,-0.25,-0.34,0.000,0.000,0.000
130,94319.92,25.00,0.9620,0.0016,-0.0200,0.02,-0.14,0.07,0.000,0.000,0.000
140,94323.30,25.00,1.0247,0.0244,0.0023,0.66,-0.58,0.08,0.000,0.000,0.000
150,94319.29,25.00,0.9827,-0.0214,0.0294,0.05,-0.55,0.30,0.000,0.000,0.000
160,94323.59,25.00,0.9765,0.0031,0.0106,0.05,-0.04,0.03,0.000,0.000,0.000
170,94320.01,25.00,0.9646,0.0074,-0.0155,-0.08,-0.29,0.00,0.000,0.000,0.000
180,94324.98,25.00,0.9594,0.0290,0.0026,0.72,-0.28,-0.06,0.000,0.000,0.000
190,94319.34,25.00,0.9594,0.0220,0.0038,0.20,-0.73,-0.01,0.000,0.000,0.000
200,94319.43,25.00,1.0100,0.0122,0.0334,-0.32,-0.13,-0.47,0.000,0.000,0.000
210,94320.46,25.00,0.9761,0.0117,0.0167,0.32,-0.07,-0.23,0.000,0.000,0.000
220,94318.27,25.00,0.9595,0.0141,-0.0310,0.32,-0.33,-0.28,0.000,0.000,0.000
230,94324.05,25.00,0.9889,0.0224,-0.0086,0.19,-0.16,-0.47,0.000,0.000,0.000
240,94324.29,25.00,0.9857,-0.0214,0.0139,-0.28,0.08,0.04,0.000,0.000,0.000
250,94318.92,25.00,0.9579,0.0200,0.0067,0.55,-0.04,-0.29,0.000,0.000,0.000
260,94323.12,25.00,0.9349,0.0242,0.0288,0.04,-0.47,-0.04,0.000,0.000,0.000
270,94326.58,25.00,0.9797,-0.0044,0.0404,-0.47,-0.11,-0.38,0.000,0.000,0.000
280,94324.01,25.00,0.9586,0.0445,0.0174,-0.42,-0.85,-0.30,0.000,0.000,0.000
290,94324.91,25.00,0.9781,0.0193,0.0067,0.32,-0.15,-0.12,0.000,0.000,0.000
300,94319.22,25.00,0.9993,0.0453,-0.0146,0.78,-0.04,-0.35,0.000,0.000,0.000
310,94316.92,25.00,0.9887,0.0291,-0.0005,-0.44,0.08,-0.38,0.000,0.000,0.000
320,94320.50,25.00,1.0325,0.0606,0.0305,-0.04,-0.07,-0.89,0.000,0.000,0.000
330,94321.95,25.00,0.9604,-0.0077,-0.0202,0.25,-0.23,-0.16,0.000,0.000,0.000
340,94323.79,25.00,0.9587,-0.0067,-0.0241,-0.01,-0.03,-0.25,0.000,0.000,0.000
350,94323.28,25.00,0.9520,0.0086,-0.0039,-0.28,0.30,0.05,0.000,0.000,0.000
360,94319.77,25.00,0.9603,0.0169,-0.0174,0.23,-0.65,-0.32,0.000,0.000,0.000
370,94319.12,25.00,0.9660,-0.0086,-0.0200,-0.20,-0.47,-0.29,0.000,0.000,0.000
380,94321.85,25.00,1.0061,0.0342,0.0064,0.31,-0.47,0.23,0.000,0.000,0.000
390,94323.05,25.00,0.9485,0.0331,0.0278,-0.71,-0.49,-0.35,0.000,0.000,0.000
400,94316.86,25.00,0.9542,-0.0010,0.0216,0.18,0.53,-0.32,0.000,0.000,0.000
410,94324.56,25.00,0.9772,0.0234,-0.0118,-0.48,-0.49,0.02,0.000,0.000,0.000
420,94325.64,25.00,0.9877,0.0280,-0.0053,0.55,0.14,-0.37,0.000,0.000,0.000
430,94321.56,25.00,0.9557,0.0473,0.0196,0.07,-0.14,-0.07,0.000,0.000,0.000
440,94320.65,25.00,0.9508,-0.0077,-0.0233,0.23,0.40,-0.72,0.000,0.000,0.000
450,94322.02,25.00,0.9838,-0.0017,0.0155,-0.23,0.10,-0.38,0.000,0.000,0.000
460,94321.93,25.00,0.9893,0.0094,-0.0244,-0.06,-0.03,-0.23,0.000,0.000,0.000
470,94322.25,25.00,0.9540,0.0209,0.0260,0.11,0.31,-0.27,0.000,0.000,0.000
480,94319.08,25.00,0.9432,0.0410,0.0103,0.40,-0.12,0.28,0.000,0.000,0.000
490,94324.84,25.00,0.9680,0.0235,0.0331,-0.28,0.17,0.16,0.000,0.000,0.000
500,94324.14,25.00,0.9716,0.0240,-0.0109,0.11,-0.44,-0.18,0.000,0.000,0.000
510,94320.44,25.00,0.9813,0.0416,-0.0148,0.37,-0.86,-0.85,0.000,0.000,0.000
520,94321.38,25.00,0.9757,0.0269,-0.0215,0.08,-0.22,0.17,0.000,0.000,0.000
530,94321.42,25.00,0.9862,-0.0016,0.0077,-0.04,-0.05,-0.50,0.000,0.000,0.000
540,94319.59,25.00,0.9871,0.0538,0.0191,0.19,-0.37,0.12,0.000,0.000,0.000
550,94323.03,25.00,1.0102,0.0246,-0.0075,-0.08,-0.56,-0.58,0.000,0.000,0.000
560,94324.84,25.00,0.9917,-0.0068,0.0471,0.17,-0.55,-0.09,0.000,0.000,0.000
570,94321.51,25.00,0.9601,-0.0209,0.0122,0.18,-1.04,-0.04,0.000,0.000,0.000
580,94323.22,25.00,0.9662,0.0202,0.0058,-0.16,-0.37,0.20,0.000,0.000,0.000
590,94318.05,25.00,0.9803,0.0217,-0.0027,-0.04,-0.68,-0.46,0.000,0.000,0.000
600,94321.72,25.00,0.9821,0.0000,0.0726,-0.08,-0.22,-0.28,0.000,0.000,0.000
610,94320.68,25.00,1.0016,0.0084,0.0381,0.44,-0.58,0.10,0.000,0.000,0.000
620,94320.05,25.00,1.0303,0.0103,-0.0074,-0.48,-0.65,-0.38,0.000,0.000,0.000
630,94319.18,25.00,0.9510,0.0041,0.0073,0.53,-0.77,-0.37,0.000,0.000,0.000
640,94319.29,25.00,0.9453,-0.0073,-0.0067,0.31,-0.32,-0.37,0.000,0.000,0.000
650,94323.21,25.00,0.9812,0.0135,0.0191,-0.15,-0.07,-0.07,0.000,0.000,0.000
660,94320.65,25.00,0.9512,0.0484,0.0133,1.01,-0.46,0.05,0.000,0.000,0.000
670,94320.59,25.00,0.9807,0.0347,-0.0045,0.06,-0.21,-0.17,0.000,0.000,0.000
680,94323.17,25.00,0.9961,0.0347,0.0167,-0.01,-0.60,-0.43,0.000,0.000,0.000
690,94320.36,25.00,0.9892,0.0107,-0.0134,0.28,-0.50,-0.44,0.000,0.000,0.000
700,94321.11,25.00,0.9850,-0.0303,-0.0110,0.15,-0.37,-0.47,0.000,0.000,0.000
710,94320.33,25.00,1.0033,0.0089,0.0257,0.33,-0.40,-0.07,0.000,0.000,0.000
720,94320.55,25.00,0.9634,-0.0045,0.0289,-0.02,-0.43,-0.54,0.000,0.000,0.000
730,94326.20,25.00,0.9904,0.0153,-0.0025,-0.36,-0.17,-0.12,0.000,0.000,0.000
740,94318.16,25.00,0.9988,0.0335,-0.0078,-0.07,-0.39,-0.16,0.000,0.000,0.000
750,94321.32,25.00,0.9428,0.0475,0.0178,0.47,0.12,-0.27,0.000,0.000,0.000
760,94322.53,25.00,0.9903,0.0334,0.0082,-0.09,-0.25,-0.45,0.000,0.000,0.000
770,94320.29,25.00,0.9350,0.0197,-0.0091,-0.07,-0.28,-0.11,0.000,0.000,0.000
780,94326.40,25.00,0.9797,-0.0103,0.0141,-0.08,-0.14,-0.41,0.000,0.000,0.000
790,94319.91,25.00,0.9654,0.0054,-0.0251,-0.11,-0.27,0.15,0.000,0.000,0.000
800,94320.95,25.00,0.9682,0.0296,0.0222,0.57,-0.09,-0.21,0.000,0.000,0.000
810,94325.02,25.00,1.0062,0.0085,0.0146,-0.41,-0.37,-0.47,0.000,0.000,0.000
820,94321.14,25.00,0.9660,0.0147,0.0094,0.24,-0.19,-0.38,0.000,0.000,0.000
830,94318.46,25.00,1.0003,0.0463,0.0024,0.26,-0.72,-0.68,0.000,0.000,0.000
840,94321.00,25.00,1.0050,-0.0029,-0.0052,0.58,-0.83,-0.01,0.000,0.000,0.000
850,94322.90,25.00,0.9715,0.0218,0.0639,-0.24,-0.36,-0.28,0.000,0.000,0.000
860,94319.95,25.00,0.9487,0.0499,0.0158,-0.43,-0.47,-0.08,0.000,0.000,0.000
870,94322.69,25.00,0.9468,0.0162,0.0167,0.21,-0.14,-0.75,0.000,0.000,0.000
880,94326.30,25.00,0.9798,0.0541,0.0687,0.05,-0.63,0.05,0.000,0.000,0.000
890,94321.23,25.00,0.9666,-0.0027,0.0452,-0.04,-0.68,-0.34,0.000,0.000,0.000
900,94318.79,25.00,0.9787,0.0096,-0.0097,0.28,-0.45,0.01,0.000,0.000,0.000
910,94324.83,25.00,0.9683,0.0051,0.0154,0.36,-0.26,-0.16,0.000,0.000,0.000
920,94321.61,25.00,0.9818,0.0306,-0.0027,-0.05,-0.25,-0.41,0.000,0.000,0.000
930,94322.02,25.00,0.9863,0.0176,-0.0006,-0.14,0.26,0.06,0.000,0.000,0.000
940,94318.88,25.00,0.9588,0.0555,0.0417,0.13,0.09,-0.65,0.000,0.000,0.000
950,94321.68,25.00,0.9904,-0.0192,-0.0042,0.33,0.08,-0.38,0.000,0.000,0.000
960,94322.40,25.00,1.0076,0.0104,-0.0152,0.08,-0.38,0.18,0.000,0.000,0.000
970,94322.08,25.00,0.9595,0.0660,0.0014,0.24,-0.06,0.03,0.000,0.000,0.000
980,94322.11,25.00,0.9873,0.0166,-0.0169,0.03,-0.32,-0.26,0.000,0.000,0.000
990,94322.02,25.00,0.9631,0.0445,0.0428,-0.57,-0.26,-0.42,0.000,0.000,0.000
1000,94315.16,25.00,0.9838,0.0056,0.0039,-0.10,0.06,0.17,0.000,0.000,0.000
1010,94322.37,25.00,0.9894,0.0157,0.0142,-0.13,-0.25,-0.42,0.000,0.000,0.000
1020,94322.61,25.00,0.9921,0.0242,0.0351,0.90,-0.89,-0.20,0.000,0.000,0.000
1030,94320.26,25.00,0.9665,-0.0092,0.0125,0.02,-0.45,-0.28,0.000,0.000,0.000
1040,94320.20,25.00,0.9287,0.0395,0.0054,-0.19,-0.17,-0.41,0.000,0.000,0.000
1050,94316.24,25.00,0.9933,-0.0155,0.0071,0.13,0.14,0.15,0.000,0.000,0.000
1060,94322.09,25.00,0.9603,0.0097,0.0332,0.63,-0.10,-0.40,0.000,0.000,0.000
1070,94324.25,25.00,0.9681,0.0098,0.0059,0.27,-0.18,0.09,0.000,0.000,0.000
1080,94324.92,25.00,0.9859,-0.0286,-0.0225,0.14,-0.28,0.44,0.000,0.000,0.000
1090,94321.60,25.00,0.9725,0.0369,0.0327,0.02,-0.12,-0.55,0.000,0.000,0.000
1100,94319.32,25.00,1.0002,-0.0101,0.0299,0.30,-0.03,0.07,0.000,0.000,0.000
1110,94323.09,25.00,0.9328,-0.0021,-0.0006,0.37,-0.60,-0.42,0.000,0.000,0.000
1120,94320.77,25.00,1.0019,-0.0108,-0.0156,0.28,-0.90,-0.11,0.000,0.000,0.000
1130,94320.54,25.00,0.9440,0.0096,-0.0086,0.14,-0.15,0.24,0.000,0.000,0.000
1140,94321.65,25.00,0.9776,0.0065,0.0110,0.41,-0.84,-0.01,0.000,0.000,0.000
1150,94320.34,25.00,0.9771,0.0245,0.0285,0.17,-0.38,-0.11,0.000,0.000,0.000
1160,94321.71,25.00,0.9715,0.0221,0.0289,0.14,-0.21,-0.59,0.000,0.000,0.000
1170,94321.36,25.00,0.9384,0.0324,-0.0073,0.48,0.64,-0.33,0.000,0.000,0.000
1180,94325.00,25.00,0.9837,0.0069,-0.0054,0.26,0.16,-0.10,0.000,0.000,0.000
1190,94317.90,25.00,0.9547,0.0134,0.0386,0.18,-0.16,0.16,0.000,0.000,0.000
1200,94321.17,25.00,0.9738,0.0144,-0.0241,0.23,-0.14,0.09,0.000,0.000,0.000
1210,94318.71,25.00,0.9593,0.0367,0.0179,0.51,-0.52,-0.15,0.000,0.000,0.000
1220,94319.99,25.00,0.9818,0.0083,0.0222,0.42,-0.06,-0.75,0.000,0.000,0.000
1230,94324.03,25.00,0.9845,-0.0029,-0.0063,0.10,-0.09,-0.34,0.000,0.000,0.000
1240,94317.62,25.00,0.9812,0.0214,0.0603,-0.29,0.50,0.32,0.000,0.000,0.000
1250,94322.44,25.00,1.0088,0.0199,0.0310,-0.13,-0.24,-0.51,0.000,0.000,0.000
1260,94317.74,25.00,0.9702,0.0048,0.0229,0.48,-0.31,-0.19,0.000,0.000,0.000
1270,94322.15,25.00,0.9420,0.0234,0.0117,0.08,-0.59,-0.80,0.000,0.000,0.000
1280,94321.05,25.00,0.9819,0.0448,0.0341,0.53,-0.15,0.14,0.000,0.000,0.000
1290,94321.16,25.00,0.9882,0.0366,0.0652,0.17,-0.64,0.21,0.000,0.000,0.000
1300,94319.70,25.00,0.9744,0.0121,-0.0067,0.49,-0.08,-0.39,0.000,0.000,0.000
1310,94321.85,25.00,0.9669,0.0303,0.0039,-0.14,-0.45,-0.34,0.000,0.000,0.000
1320,94322.40,25.00,0.9572,0.0162,0.0203,0.80,-0.00,-1.10,0.000,0.000,0.000
1330,94320.40,25.00,0.9676,0.0244,0.0428,0.32,-0.95,-0.11,0.000,0.000,0.000
1340,94321.95,25.00,0.9838,0.0452,-0.0104,0.43,-0.76,-0.19,0.000,0.000,0.000
1350,94322.63,25.00,1.0213,0.0040,-0.0224,0.30,-0.46,0.26,0.000,0.000,0.000
1360,94319.91,25.00,0.9580,0.0429,0.0132,0.39,-0.69,0.29,0.000,0.000,0.000
1370,94320.21,25.00,0.9920,-0.0021,-0.0196,0.02,-0.21,0.27,0.000,0.000,0.000
1380,94322.55,25.00,0.9899,0.0312,0.0736,-0.15,0.12,-0.25,0.000,0.000,0.000
1390,94322.33,25.00,0.9647,0.0412,-0.0137,-0.30,-0.32,-0.55,0.000,0.000,0.000
1400,94323.44,25.00,0.9940,0.0029,0.0271,-0.10,-0.27,-0.20,0.000,0.000,0.000
1410,94326.37,25.00,0.9756,-0.0002,-0.0069,0.45,-0.76,-0.35,0.000,0.000,0.000
1420,94320.73,25.00,0.9266,0.0086,0.0315,0.16,-0.53,0.00,0.000,0.000,0.000
1430,94322.97,25.00,1.0161,0.0032,0.0037,0.11,-0.30,-0.18,0.000,0.000,0.000
1440,94321.41,25.00,0.9617,-0.0141,0.0002,-0.32,-0.58,-0.37,0.000,0.000,0.000
1450,94322.94,25.00,0.9925,-0.0029,0.0174,0.33,-0.28,-0.70,0.000,0.000,0.000
1460,94316.25,25.00,0.9911,0.0359,0.0166,-0.23,0.17,0.15,0.000,0.000,0.000
1470,94321.51,25.00,0.9707,-0.0216,0.0260,-0.40,-0.06,0.00,0.000,0.000,0.000
1480,94321.85,25.00,1.0067,0.0110,0.0227,0.33,-0.19,-0.34,0.000,0.000,0.000
1490,94324.69,25.00,0.9835,0.0136,0.0076,0.13,0.42,-0.18,0.000,0.000,0.000
1500,94321.02,25.00,0.9538,-0.0069,-0.0270,0.16,-0.26,-0.52,0.000,0.000,0.000
1510,94317.90,25.00,0.9685,0.0070,-0.0158,0.18,-0.23,-0.23,0.000,0.000,0.000
1520,94323.54,25.00,0.9620,0.0446,-0.0094,0.24,-0.08,-0.29,0.000,0.000,0.000
1530,94322.48,25.00,0.9493,-0.0127,0.0068,-0.13,-0.09,-0.21,0.000,0.000,0.000
1540,94323.14,25.00,0.9813,0.0214,0.0127,-0.03,-0.41,0.39,0.000,0.000,0.000
1550,94317.20,25.00,0.9712,0.0374,0.0192,0.51,-0.11,-0.60,0.000,0.000,0.000
1560,94320.77,25.00,0.9468,0.0370,0.0396,-0.05,-0.11,-0.34,0.000,0.000,0.000
1570,94317.99,25.00,0.9659,-0.0145,-0.0007,0.15,-0.06,0.17,0.000,0.000,0.000
1580,94320.74,25.00,0.9794,0.0255,0.0217,-0.77,-0.51,0.02,0.000,0.000,0.000
1590,94318.76,25.00,0.9796,0.0337,-0.0275,0.02,-0.21,-0.22,0.000,0.000,0.000
1600,94317.72,25.00,0.9815,0.0057,0.0268,0.21,-0.44,-0.17,0.000,0.000,0.000
1610,94319.80,25.00,0.9604,-0.0149,0.0054,0.32,-0.25,-0.23,0.000,0.000,0.000
1620,94319.91,25.00,0.9635,0.0312,-0.0201,0.69,-0.31,0.42,0.000,0.000,0.000
1630,94324.39,25.00,0.9654,0.0308,0.0147,0.20,-0.05,-0.40,0.000,0.000,0.000
1640,94319.87,25.00,0.9651,-0.0115,0.0040,0.13,-0.22,-0.18,0.000,0.000,0.000
1650,94320.40,25.00,0.9890,-0.0254,0.0011,-0.04,-0.03,-0.05,0.000,0.000,0.000
1660,94323.36,25.00,0.9732,0.0343,-0.0114,0.07,-0.94,0.26,0.000,0.000,0.000
1670,94325.29,25.00,0.9607,-0.0019,-0.0335,-0.41,-0.27,-0.30,0.000,0.000,0.000
1680,94317.61,25.00,0.9626,0.0017,0.0178,0.26,-0.37,-0.22,0.000,0.000,0.000
1690,94321.30,25.00,0.9309,0.0186,0.0072,0.28,-0.86,-0.02,0.000,0.000,0.000
1700,94319.72,25.00,0.9780,0.0393,-0.0209,-0.34,-0.01,-0.59,0.000,0.000,0.000
1710,94318.93,25.00,0.9848,0.0111,0.0242,0.14,-0.31,0.05,0.000,0.000,0.000
1720,94326.80,25.00,0.9708,0.0448,0.0314,0.09,-0.17,-0.53,0.000,0.000,0.000
1730,94319.79,25.00,0.9784,0.0143,0.0347,-0.34,-0.39,-0.44,0.000,0.000,0.000
1740,94320.96,25.00,0.9962,-0.0088,0.0257,-0.12,-0.40,0.05,0.000,0.000,0.000
1750,94320.64,25.00,0.9863,0.0176,0.0053,-0.05,-0.82,-0.47,0.000,0.000,0.000
1760,94321.77,25.00,0.9771,-0.0144,0.0290,0.23,-0.69,-0.56,0.000,0.000,0.000
1770,94322.64,25.00,0.9379,0.0007,0.0080,0.02,-0.31,-0.12,0.000,0.000,0.000
1780,94319.39,25.00,0.9635,0.0568,-0.0189,-0.07,-0.26,-0.43,0.000,0.000,0.000
1790,94324.46,25.00,0.9748,0.0310,-0.0431,0.42,0.05,-0.47,0.000,0.000,0.000
1800,94324.68,25.00,0.9788,0.0345,0.0457,0.09,-0.60,-0.24,0.000,0.000,0.000
1810,94318.24,25.00,0.9576,0.0008,-0.0047,0.42,-0.04,-0.50,0.000,0.000,0.000
1820,94324.29,25.00,0.9402,0.0031,0.0070,0.43,-0.07,-0.09,0.000,0.000,0.000
1830,94324.74,25.00,0.9884,0.0438,-0.0058,-0.43,-0.41,0.02,0.000,0.000,0.000
1840,94322.16,25.00,0.9920,0.0309,0.0204,0.32,-0.50,0.10,0.000,0.000,0.000
1850,94319.00,25.00,0.9720,-0.0116,0.0203,-0.39,0.14,-0.63,0.000,0.000,0.000
1860,94322.17,25.00,0.9715,-0.0008,0.0352,-0.05,0.16,-0.53,0.000,0.000,0.000
1870,94319.51,25.00,0.9343,0.0278,0.0285,0.14,-0.33,-0.50,0.000,0.000,0.000
1880,94327.41,25.00,0.9892,-0.0202,0.0040,-0.71,0.19,0.37,0.000,0.000,0.000
1890,94325.19,25.00,0.9733,0.0049,-0.0179,0.24,-0.50,-0.34,0.000,0.000,0.000
1900,94319.93,25.00,0.9682,0.0348,0.0441,0.12,-0.27,-0.56,0.000,0.000,0.000
1910,94318.46,25.00,0.9532,0.0346,0.0153,0.37,-0.15,-0.34,0.000,0.000,0.000
1920,94318.43,25.00,0.9672,-0.0117,0.0506,0.16,-0.39,0.38,0.000,0.000,0.000
1930,94320.59,25.00,0.9858,0.0137,0.0177,-0.03,-0.13,0.21,0.000,0.000,0.000
1940,94318.39,25.00,0.9299,0.0443,0.0139,0.34,-0.36,0.25,0.000,0.000,0.000
1950,94326.16,25.00,0.9511,0.0306,-0.0018,-0.41,-0.37,-0.05,0.000,0.000,0.000
1960,94318.09,25.00,0.9485,0.0418,0.0109,0.20,-0.63,-0.42,0.000,0.000,0.000
1970,94321.82,25.00,0.9780,0.0195,0.0420,0.12,-0.75,-0.50,0.000,0.000,0.000
1980,94321.31,25.00,0.9995,0.0022,0.0015,0.06,-0.51,-0.49,0.000,0.000,0.000
1990,94320.81,25.00,0.9934,0.0255,0.0033,0.18,-0.69,0.06,0.000,0.000,0.000
2000,94323.24,25.00,0.9791,-0.0175,0.0500,-0.83,-0.60,-0.52,0.000,0.000,0.000
2010,94323.12,25.00,0.9427,0.0202,0.0058,-0.03,-0.04,0.19,0.000,0.000,0.000
2020,94322.37,25.00,0.9675,-0.0306,0.0387,-0.03,-0.86,-0.20,0.000,0.000,0.000
2030,94325.03,25.00,0.9703,-0.0081,0.0547,0.25,-0.19,0.07,0.000,0.000,0.000
2040,94315.91,25.00,0.9719,0.0124,0.0551,-0.11,-0.46,-0.66,0.000,0.000,0.000
2050,94319.33,25.00,0.9693,0.0212,0.0054,0.67,-0.14,-0.04,0.000,0.000,0.000
2060,94324.89,25.00,0.9864,0.0054,-0.0218,0.17,-0.54,0.16,0.000,0.000,0.000
2070,94319.49,25.00,0.9285,0.0169,0.0313,0.00,-0.23,-0.19,0.000,0.000,0.000
2080,94325.80,25.00,0.9798,0.0152,-0.0030,-0.43,0.14,0.11,0.000,0.000,0.000
2090,94319.01,25.00,0.9860,0.0226,0.0017,-0.03,-0.06,-0.60,0.000,0.000,0.000
2100,94320.10,25.00,0.9720,0.0158,0.0051,0.13,-0.13,-0.51,0.000,0.000,0.000
2110,94321.64,25.00,0.9628,0.0466,-0.0191,-0.01,-0.08,-0.32,0.000,0.000,0.000
2120,94320.58,25.00,0.9627,0.0224,-0.0141,0.04,-0.32,-0.68,0.000,0.000,0.000
2130,94322.14,25.00,0.9643,0.0225,0.0271,0.17,-0.65,-0.13,0.000,0.000,0.000
2140,94317.42,25.00,0.9585,0.0503,0.0100,0.55,-0.34,-0.23,0.000,0.000,0.000
2150,94318.67,25.00,0.9933,0.0126,0.0228,0.21,-0.12,-0.12,0.000,0.000,0.000
2160,94321.44,25.00,0.9745,0.0029,-0.0326,0.23,0.36,0.11,0.000,0.000,0.000
2170,94327.50,25.00,0.9847,-0.0021,-0.0091,0.31,-0.16,-0.26,0.000,0.000,0.000
2180,94323.52,25.00,0.9576,0.0283,0.0055,0.14,0.10,-0.25,0.000,0.000,0.000
2190,94325.15,25.00,1.0024,0.0026,0.0585,-0.28,-0.29,0.02,0.000,0.000,0.000
2200,94315.92,25.00,0.9966,0.0412,0.0093,0.18,-0.19,-0.27,0.000,0.000,0.000
2210,94324.42,25.00,0.9683,0.0173,0.0191,0.36,0.08,-0.65,0.000,0.000,0.000
2220,94316.56,25.00,0.9730,0.0171,-0.0103,0.19,-0.07,-0.09,0.000,0.000,0.000
2230,94325.88,25.00,0.9548,0.0186,0.0507,0.30,-0.60,-0.14,0.000,0.000,0.000
2240,94324.69,25.00,1.0180,0.0316,0.0353,-0.24,-0.34,0.16,0.000,0.000,0.000
2250,94319.26,25.00,0.9744,-0.0198,0.0415,0.06,-0.09,-0.66,0.000,0.000,0.000
2260,94318.35,25.00,1.0124,0.0111,0.0004,0.25,-0.09,-0.80,0.000,0.000,0.000
2270,94319.20,25.00,0.9766,0.0181,0.0186,-0.04,-0.35,-0.14,0.000,0.000,0.000
2280,94319.93,25.00,0.9586,0.0069,0.0116,0.05,-0.41,-0.28,0.000,0.000,0.000
2290,94321.55,25.00,0.9820,0.0253,-0.0147,0.39,-0.75,-0.04,0.000,0.000,0.000
2300,94319.88,25.00,0.9872,0.0393,-0.0268,0.27,-0.18,-0.35,0.000,0.000,0.000
2310,94322.62,25.00,0.9653,0.0202,-0.0100,0.33,-0.09,0.01,0.000,0.000,0.000
2320,94319.99,25.00,1.0124,0.0576,0.0094,-0.04,-0.39,-0.00,0.000,0.000,0.000
2330,94324.24,25.00,0.9602,-0.0232,0.0203,0.08,-0.21,-0.05,0.000,0.000,0.000
2340,94318.84,25.00,0.9765,0.0116,0.0186,0.46,-0.27,-0.47,0.000,0.000,0.000
2350,94324.76,25.00,0.9894,0.0134,-0.0255,-0.18,-0.23,-0.05,0.000,0.000,0.000
2360,94320.26,25.00,0.9836,0.0045,0.0021,0.24,-0.36,-0.18,0.000,0.000,0.000
2370,94323.77,25.00,0.9975,0.0052,0.0054,-0.32,-0.67,-0.13,0.000,0.000,0.000
2380,94320.25,25.00,0.9373,0.0276,-0.0065,-0.02,-0.15,-0.10,0.000,0.000,0.000
2390,94321.40,25.00,0.9345,0.0283,-0.0016,-0.35,-0.94,0.17,0.000,0.000,0.000
2400,94321.90,25.00,0.9767,0.0291,0.0088,-0.37,-0.07,0.08,0.000,0.000,0.000
2410,94322.84,25.00,1.0054,0.0552,-0.0056,-0.05,-0.01,-0.17,0.000,0.000,0.000
2420,94322.09,25.00,0.9934,0.0319,0.0016,0.12,-0.49,-0.28,0.000,0.000,0.000
2430,94318.78,25.00,0.9353,0.0071,-0.0013,0.35,0.20,-0.21,0.000,0.000,0.000
2440,94322.76,25.00,0.9620,-0.0013,0.0050,-0.00,-0.18,-0.18,0.000,0.000,0.000
2450,94325.74,25.00,0.9706,-0.0157,0.0132,-0.11,-0.21,0.12,0.000,0.000,0.000
2460,94320.00,25.00,0.9735,0.0277,-0.0081,0.15,-0.11,0.03,0.000,0.000,0.000
2470,94324.35,25.00,0.9861,0.0253,-0.0169,-0.72,-0.56,0.21,0.000,0.000,0.000
2480,94321.92,25.00,4.9301,0.0092,0.0183,-0.47,-0.10,-0.56,0.000,0.000,0.000
2490,94324.24,25.00,4.9759,0.0796,-0.0155,0.17,-0.71,0.13,0.000,0.000,0.000
2500,94321.96,25.00,4.9938,0.0199,-0.0121,-0.10,-0.63,-0.52,0.000,0.000,0.000
2510,94322.02,25.00,4.9968,0.0350,0.0216,-0.08,-0.11,-0.46,0.000,0.000,0.000
2520,94322.18,25.00,4.9922,0.0142,0.0020,-0.04,-0.08,-0.30,0.000,0.000,0.000
2530,94318.12,25.00,4.9672,-0.0033,0.0413,0.10,-0.70,-0.13,0.000,0.000,0.000
2540,94323.46,25.00,0.9830,0.0107,0.0143,0.18,0.04,-0.10,0.000,0.000,0.000
2550,94327.32,25.00,0.9712,0.0484,0.0117,-0.42,-0.61,-0.75,0.000,0.000,0.000
2560,94317.39,25.00,0.9995,0.0048,0.0234,-0.17,-0.27,-0.52,0.000,0.000,0.000
2570,94323.83,25.00,0.9705,0.0089,0.0081,0.74,-0.13,0.04,0.000,0.000,0.000
2580,94318.58,25.00,0.9626,0.0238,-0.0256,0.49,-0.18,-0.21,0.000,0.000,0.000
2590,94321.18,25.00,0.9708,0.0079,0.0391,0.30,0.11,-0.30,0.000,0.000,0.000
2600,94319.48,25.00,1.0025,-0.0063,-0.0008,0.31,0.06,-0.60,0.000,0.000,0.000
2610,94320.99,25.00,0.9760,0.0152,-0.0058,0.29,-0.42,-0.28,0.000,0.000,0.000
2620,94316.07,25.00,0.9733,-0.0207,0.0254,0.24,-0.41,-0.16,0.000,0.000,0.000
2630,94321.94,25.00,0.9725,0.0251,0.0089,-0.05,-0.50,0.29,0.000,0.000,0.000
2640,94322.15,25.00,0.9751,0.0322,0.0036,-0.02,-0.06,0.10,0.000,0.000,0.000
2650,94323.33,25.00,0.9460,0.0190,0.0109,0.23,-0.53,-0.52,0.000,0.000,0.000
2660,94321.37,25.00,0.9578,-0.0033,0.0099,0.37,-0.22,0.12,0.000,0.000,0.000
2670,94319.19,25.00,0.9895,0.0176,-0.0061,-0.03,-0.52,-0.27,0.000,0.000,0.000
2680,94319.81,25.00,1.0003,0.0107,-0.0169,0.03,-0.15,-0.30,0.000,0.000,0.000
2690,94323.78,25.00,0.9574,0.0009,0.0434,0.09,-0.10,-0.06,0.000,0.000,0.000
2700,94323.08,25.00,0.9762,0.0140,0.0326,-0.05,-0.23,-0.01,0.000,0.000,0.000
2710,94320.68,25.00,0.9452,0.0269,0.0326,0.17,-0.76,-0.02,0.000,0.000,0.000
2720,94326.50,25.00,0.9450,-0.0355,0.0065,0.12,-0.03,0.03,0.000,0.000,0.000
2730,94321.90,25.00,0.9862,0.0245,0.0138,0.08,-0.31,-0.00,0.000,0.000,0.000
2740,94322.67,25.00,0.9672,0.0394,-0.0028,0.03,-0.22,-0.77,0.000,0.000,0.000
2750,94320.75,25.00,0.9923,0.0339,-0.0119,-0.15,-0.58,-0.28,0.000,0.000,0.000
2760,94321.52,25.00,0.9444,0.0242,0.0128,0.07,-0.46,-0.26,0.000,0.000,0.000
2770,94317.34,25.00,0.9801,0.0221,0.0094,-0.25,0.11,0.12,0.000,0.000,0.000
2780,94317.11,25.00,0.9837,0.0210,-0.0386,0.25,-0.07,0.00,0.000,0.000,0.000
2790,94322.07,25.00,0.9629,0.0080,0.0214,0.44,-0.40,-0.29,0.000,0.000,0.000
2800,94323.38,25.00,0.9337,0.0268,0.0070,-0.55,-0.04,-0.47,0.000,0.000,0.000
2810,94323.62,25.00,1.0025,-0.0062,-0.0118,0.09,-0.77,0.01,0.000,0.000,0.000
2820,94322.15,25.00,0.9948,-0.0175,0.0155,0.23,-0.78,0.06,0.000,0.000,0.000
2830,94318.35,25.00,0.9794,-0.0074,0.0271,0.60,-0.24,-0.19,0.000,0.000,0.000
2840,94324.90,25.00,0.9673,0.0195,0.0280,0.23,0.21,0.15,0.000,0.000,0.000
2850,94326.47,25.00,0.9762,0.0409,-0.0033,0.38,0.27,0.50,0.000,0.000,0.000
2860,94318.82,25.00,0.9738,0.0336,-0.0040,0.28,-0.08,-0.32,0.000,0.000,0.000
2870,94320.60,25.00,0.9594,0.0258,0.0380,0.21,0.58,-0.61,0.000,0.000,0.000
2880,94320.50,25.00,0.9906,-0.0025,0.0201,0.36,-0.18,-0.24,0.000,0.000,0.000
2890,94324.21,25.00,0.9856,0.0341,0.0240,-0.07,-0.56,-0.29,0.000,0.000,0.000
2900,94322.35,25.00,0.9737,0.0384,0.0183,0.41,-0.20,-0.39,0.000,0.000,0.000
2910,94323.97,25.00,0.9871,0.0032,0.0051,0.94,-1.23,0.15,0.000,0.000,0.000
2920,94322.02,25.00,0.9757,0.0136,0.0028,0.81,-0.37,-0.28,0.000,0.000,0.000
2930,94323.80,25.00,0.9843,0.0156,0.0069,-0.28,0.07,-0.50,0.000,0.000,0.000
2940,94315.82,25.00,0.9972,0.0337,0.0190,-0.05,0.10,-0.52,0.000,0.000,0.000
2950,94316.36,25.00,0.9795,0.0346,0.0244,0.72,-0.01,-0.27,0.000,0.000,0.000
2960,94321.27,25.00,0.9938,0.0173,0.0093,-0.42,-0.35,-0.59,0.000,0.000,0.000
2970,94322.32,25.00,0.9787,0.0326,0.0474,0.05,0.18,-0.54,0.000,0.000,0.000
2980,94322.12,25.00,0.9950,0.0573,-0.0101,0.02,-0.21,-0.23,0.000,0.000,0.000
2990,94319.36,25.00,0.9435,-0.0060,0.0102,-0.30,0.27,0.17,0.000,0.000,0.000
3000,94316.98,25.00,0.9661,0.0448,0.0407,0.43,-0.68,-0.31,0.000,0.000,0.000
3010,94324.91,25.00,0.9780,0.0093,0.0219,0.39,-0.21,-0.13,0.000,0.000,0.000
3020,94324.40,25.00,0.9647,0.0001,0.0270,-0.26,-0.11,-0.42,0.000,0.000,0.000
3030,94323.81,25.00,0.9521,0.0410,0.0174,0.01,-0.52,-0.25,0.000,0.000,0.000
3040,94319.40,25.00,0.9519,0.0397,0.0236,0.47,-0.66,-0.79,0.000,0.000,0.000
3050,94317.75,25.00,0.9888,0.0343,-0.0254,0.40,-0.39,-0.56,0.000,0.000,0.000
3060,94321.50,25.00,0.9871,0.0138,0.0080,-0.16,-0.69,-0.32,0.000,0.000,0.000
3070,94317.62,25.00,0.9876,0.0009,0.0377,-0.38,0.16,-0.47,0.000,0.000,0.000
3080,94319.44,25.00,0.9814,0.0360,0.0106,-0.01,0.34,-0.05,0.000,0.000,0.000
3090,94318.66,25.00,0.9703,0.0518,0.0180,0.34,0.35,-0.39,0.000,0.000,0.000
3100,94322.61,25.00,0.9622,0.0178,0.0222,-0.31,-0.22,-0.16,0.000,0.000,0.000
3110,94324.31,25.00,0.9637,-0.0076,0.0193,-0.24,-0.21,-0.04,0.000,0.000,0.000
3120,94319.47,25.00,0.9730,-0.0029,-0.0456,-0.35,-0.89,-0.20,0.000,0.000,0.000
3130,94318.97,25.00,0.9724,0.0167,0.0325,-0.01,-0.39,-0.06,0.000,0.000,0.000
3140,94325.69,25.00,0.9738,0.0246,0.0073,-0.12,-0.73,-0.23,0.000,0.000,0.000
3150,94320.97,25.00,0.9703,0.0575,0.0044,0.19,-0.37,0.14,0.000,0.000,0.000
3160,94320.92,25.00,1.0127,0.0125,0.0268,0.40,-0.34,0.05,0.000,0.000,0.000
3170,94321.82,25.00,0.9602,0.0044,0.0180,0.63,-0.41,-0.05,0.000,0.000,0.000
3180,94319.64,25.00,0.9806,-0.0083,-0.0045,0.09,-0.49,-0.29,0.000,0.000,0.000
3190,94324.19,25.00,0.9729,0.0035,-0.0135,-0.07,0.08,-0.23,0.000,0.000,0.000
3200,94321.30,25.00,0.9899,0.0347,0.0314,-0.02,-0.54,-0.71,0.000,0.000,0.000
3210,94319.95,25.00,0.9680,0.0325,0.0177,-0.08,0.00,-0.59,0.000,0.000,0.000
3220,94319.03,25.00,0.9519,-0.0040,0.0062,-0.16,-0.49,0.19,0.000,0.000,0.000
3230,94317.99,25.00,0.9547,0.0130,0.0201,0.24,-0.34,-0.32,0.000,0.000,0.000
3240,94320.98,25.00,0.9902,-0.0007,-0.0358,0.15,-0.62,-0.23,0.000,0.000,0.000
3250,94325.13,25.00,0.9773,0.0545,-0.0206,0.16,-0.15,0.04,0.000,0.000,0.000
3260,94319.83,25.00,0.9786,0.0202,0.0131,-0.32,-0.78,-0.05,0.000,0.000,0.000
3270,94322.53,25.00,0.9762,0.0307,0.0330,-0.25,-0.03,0.24,0.000,0.000,0.000
3280,94324.24,25.00,0.9875,0.0322,-0.0172,-0.05,0.05,0.24,0.000,0.000,0.000
3290,94322.88,25.00,0.9669,0.0157,0.0290,0.71,-0.02,-0.35,0.000,0.000,0.000
3300,94323.33,25.00,0.9850,0.0667,0.0241,0.12,-0.27,-0.56,0.000,0.000,0.000
3310,94319.15,25.00,0.9669,0.0026,0.0161,0.14,0.03,0.26,0.000,0.000,0.000
3320,94322.18,25.00,0.9726,-0.0183,0.0200,0.31,-0.48,-0.31,0.000,0.000,0.000
3330,94320.05,25.00,0.9977,0.0313,0.0367,-0.25,0.55,-0.45,0.000,0.000,0.000
3340,94319.23,25.00,0.9802,0.0077,0.0486,-0.02,-0.46,0.10,0.000,0.000,0.000
3350,94324.83,25.00,0.9595,0.0091,0.0049,0.06,0.26,0.18,0.000,0.000,0.000
3360,94324.42,25.00,1.0017,0.0189,0.0294,0.08,-0.48,0.30,0.000,0.000,0.000
3370,94317.34,25.00,0.9761,0.0069,-0.0215,-0.01,-0.24,-0.06,0.000,0.000,0.000
3380,94319.65,25.00,0.9909,0.0243,0.0278,-0.48,-0.40,-0.39,0.000,0.000,0.000
3390,94323.13,25.00,0.9608,0.0078,-0.0114,-0.26,-0.54,0.08,0.000,0.000,0.000
3400,94319.01,25.00,0.9267,0.0236,0.0022,0.26,-0.10,-0.30,0.000,0.000,0.000
3410,94320.59,25.00,0.9642,0.0175,-0.0044,0.15,0.15,-0.41,0.000,0.000,0.000
3420,94320.07,25.00,0.9625,0.0299,0.0242,0.52,-0.05,-0.17,0.000,0.000,0.000
3430,94322.79,25.00,0.9493,0.0291,0.0147,0.71,0.15,-0.46,0.000,0.000,0.000
3440,94320.25,25.00,0.9930,-0.0234,-0.0070,0.20,-0.07,-0.15,0.000,0.000,0.000
3450,94324.58,25.00,0.9701,0.0199,0.0075,-0.23,-0.25,-0.37,0.000,0.000,0.000
3460,94321.88,25.00,0.9233,0.0202,0.0006,-0.09,-0.25,-0.35,0.000,0.000,0.000
3470,94323.99,25.00,1.0005,0.0356,0.0307,0.20,-0.25,-0.59,0.000,0.000,0.000
3480,94320.76,25.00,0.9998,0.0333,0.0017,0.13,0.06,-0.25,0.000,0.000,0.000
3490,94325.73,25.00,0.9605,0.0338,0.0254,0.15,-0.17,-0.04,0.000,0.000,0.000
3500,94316.03,25.00,0.9851,0.0409,0.0195,0.44,-0.61,-0.23,0.000,0.000,0.000
3510,94322.52,25.00,0.9705,0.0418,0.0213,-0.06,-0.02,0.04,0.000,0.000,0.000
3520,94320.61,25.00,0.9882,0.0257,0.0186,-0.28,0.12,-0.01,0.000,0.000,0.000
3530,94321.63,25.00,0.9826,0.0248,0.0055,-0.08,-0.23,-0.38,0.000,0.000,0.000
3540,94320.48,25.00,0.9524,0.0125,0.0316,0.16,-0.25,-0.30,0.000,0.000,0.000
3550,94320.62,25.00,0.9457,0.0511,-0.0030,-0.35,-0.14,-0.13,0.000,0.000,0.000
3560,94320.39,25.00,0.9461,-0.0096,0.0428,0.06,-0.46,0.35,0.000,0.000,0.000
3570,94320.32,25.00,0.9571,0.0289,0.0188,0.56,-0.73,-0.12,0.000,0.000,0.000
3580,94317.44,25.00,0.9848,0.0049,0.0022,-0.13,-0.01,0.28,0.000,0.000,0.000
3590,94321.46,25.00,0.9704,0.0079,0.0219,-0.22,0.80,-0.28,0.000,0.000,0.000
3600,94325.96,25.00,0.9785,-0.0095,-0.0199,-0.03,-0.48,-0.28,0.000,0.000,0.000
3610,94318.78,25.00,1.0224,0.0604,-0.0250,0.24,0.10,-0.31,0.000,0.000,0.000
3620,94321.08,25.00,0.9972,0.0285,-0.0132,0.46,-0.41,0.35,0.000,0.000,0.000
3630,94319.23,25.00,0.9292,0.0196,0.0354,0.24,-0.22,-0.49,0.000,0.000,0.000
3640,94323.92,25.00,0.9378,0.0333,-0.0135,-0.10,-0.67,-0.49,0.000,0.000,0.000
3650,94325.32,25.00,0.9510,0.0209,-0.0056,0.39,-0.69,-0.22,0.000,0.000,0.000
3660,94323.82,25.00,1.0201,-0.0070,-0.0074,0.06,0.17,-0.53,0.000,0.000,0.000
3670,94323.60,25.00,0.9617,-0.0042,-0.0220,0.11,0.02,-0.26,0.000,0.000,0.000
3680,94316.14,25.00,0.9628,0.0361,0.0276,0.16,0.16,-0.61,0.000,0.000,0.000
3690,94318.37,25.00,1.0224,0.0301,0.0058,-0.08,-1.07,0.03,0.000,0.000,0.000
3700,94316.24,25.00,0.9341,0.0154,0.0405,-0.05,-0.17,-0.36,0.000,0.000,0.000
3710,94322.49,25.00,0.9402,0.0592,-0.0097,0.24,-0.91,0.31,0.000,0.000,0.000
3720,94322.59,25.00,1.0149,0.0031,0.0311,0.02,-0.30,0.17,0.000,0.000,0.000
3730,94319.21,25.00,0.9893,0.0563,0.0458,0.40,-0.18,-0.52,0.000,0.000,0.000
3740,94325.20,25.00,0.9606,0.0415,0.0037,0.08,-0.28,-0.04,0.000,0.000,0.000
3750,94320.44,25.00,0.9783,0.0065,0.0213,0.17,-0.14,-0.48,0.000,0.000,0.000
3760,94322.39,25.00,0.9756,0.0290,0.0116,-0.22,-0.05,-0.43,0.000,0.000,0.000
3770,94322.28,25.00,0.9324,0.0273,0.0239,-0.20,-0.10,-0.34,0.000,0.000,0.000
3780,94325.07,25.00,0.9881,-0.0084,0.0063,-0.46,-0.37,-0.06,0.000,0.000,0.000
3790,94323.66,25.00,0.9724,0.0121,0.0138,-0.10,-0.18,0.12,0.000,0.000,0.000
3800,94322.06,25.00,0.9922,0.0013,0.0007,0.19,0.34,0.09,0.000,0.000,0.000
3810,94325.95,25.00,0.9761,0.0427,-0.0232,0.25,-0.90,0.16,0.000,0.000,0.000
3820,94322.87,25.00,0.9990,0.0260,0.0012,-0.13,-0.20,0.25,0.000,0.000,0.000
3830,94323.27,25.00,0.9646,0.0065,-0.0028,0.03,-0.29,-0.35,0.000,0.000,0.000
3840,94321.71,25.00,0.9437,0.0497,0.0165,0.56,-0.17,-0.26,0.000,0.000,0.000
3850,94321.92,25.00,0.9803,0.0048,0.0040,0.68,0.03,-0.36,0.000,0.000,0.000
3860,94323.04,25.00,0.9590,0.0468,-0.0086,0.37,-0.25,-0.19,0.000,0.000,0.000
3870,94319.69,25.00,0.9708,0.0031,-0.0055,0.24,0.51,-0.30,0.000,0.000,0.000
3880,94324.26,25.00,0.9758,0.0041,0.0390,0.29,0.09,-0.16,0.000,0.000,0.000
3890,94322.11,25.00,0.9596,0.0131,0.0459,-0.59,-0.14,0.25,0.000,0.000,0.000
3900,94323.77,25.00,0.9939,0.0133,0.0349,0.45,-0.26,0.31,0.000,0.000,0.000
3910,94320.54,25.00,0.9263,0.0185,0.0099,-0.15,-0.39,-0.36,0.000,0.000,0.000
3920,94317.16,25.00,1.0011,0.0188,0.0662,0.10,-0.13,-0.65,0.000,0.000,0.000
3930,94324.32,25.00,0.9543,0.0295,0.0307,0.33,-0.50,-0.44,0.000,0.000,0.000
3940,94323.66,25.00,1.0000,0.0477,0.0115,0.07,0.29,-0.38,0.000,0.000,0.000
3950,94323.67,25.00,0.9699,-0.0101,-0.0105,0.24,-0.19,-0.05,0.000,0.000,0.000
3960,94320.86,25.00,0.9660,0.0242,0.0082,-0.38,-0.39,0.31,0.000,0.000,0.000
3970,94319.81,25.00,0.9871,0.0168,0.0265,-0.16,-0.64,-0.07,0.000,0.000,0.000
3980,94319.95,25.00,0.9751,0.0119,0.0310,0.18,-0.22,-0.50,0.000,0.000,0.000
3990,94317.77,25.00,0.9590,0.0349,0.0255,0.27,-0.38,-0.51,0.000,0.000,0.000
4000,94324.58,25.00,0.9794,0.0288,-0.0073,-0.11,-0.07,0.02,0.000,0.000,0.000
4010,94319.19,25.00,0.9814,-0.0054,0.0359,0.29,0.42,0.25,0.000,0.000,0.000
4020,94320.04,25.00,0.9796,0.0085,0.0143,0.33,-0.26,-0.19,0.000,0.000,0.000
4030,94318.34,25.00,0.9872,0.0177,0.0239,0.41,-0.25,0.00,0.000,0.000,0.000
4040,94320.17,25.00,0.9945,0.0176,-0.0004,0.03,-0.69,-0.40,0.000,0.000,0.000
4050,94320.61,25.00,0.9761,0.0162,-0.0014,0.04,-0.90,-0.18,0.000,0.000,0.000
4060,94323.06,25.00,0.9912,0.0394,0.0072,0.07,-0.41,-0.35,0.000,0.000,0.000
4070,94321.97,25.00,1.0021,-0.0159,0.0013,0.17,-0.56,-0.09,0.000,0.000,0.000
4080,94318.23,25.00,0.9684,-0.0152,0.0165,-0.15,-0.07,-0.30,0.000,0.000,0.000
4090,94319.23,25.00,0.9667,0.0199,0.0106,0.01,-0.38,-0.21,0.000,0.000,0.000
4100,94323.69,25.00,0.9636,0.0260,-0.0155,0.36,-0.16,-0.32,0.000,0.000,0.000
4110,94320.78,25.00,0.9413,0.0192,0.0059,-0.33,-0.40,-0.05,0.000,0.000,0.000
4120,94322.03,25.00,0.9803,0.0064,0.0276,0.08,-0.02,0.44,0.000,0.000,0.000
4130,94316.65,25.00,0.9651,0.0176,-0.0036,0.39,-0.37,0.28,0.000,0.000,0.000
4140,94323.50,25.00,0.9836,0.0173,0.0279,0.24,0.17,-0.08,0.000,0.000,0.000
4150,94324.21,25.00,0.9835,0.0245,-0.0194,0.10,-0.15,-0.55,0.000,0.000,0.000
4160,94318.25,25.00,0.9696,0.0238,-0.0222,0.19,0.02,-0.28,0.000,0.000,0.000
4170,94322.28,25.00,0.9848,0.0049,0.0238,0.23,-0.63,-0.05,0.000,0.000,0.000
4180,94323.85,25.00,0.9543,0.0352,0.0062,-0.30,-0.57,-0.47,0.000,0.000,0.000
4190,94323.02,25.00,0.9661,0.0102,-0.0136,0.10,-0.63,-0.41,0.000,0.000,0.000
4200,94323.19,25.00,0.9887,0.0075,0.0104,0.25,-0.26,0.15,0.000,0.000,0.000
4210,94325.00,25.00,0.9739,-0.0064,0.0084,0.50,0.07,0.15,0.000,0.000,0.000
4220,94324.45,25.00,0.9654,0.0235,0.0330,0.17,0.00,-0.50,0.000,0.000,0.000
4230,94318.67,25.00,1.0157,0.0334,0.0238,0.53,0.41,0.66,0.000,0.000,0.000
4240,94315.74,25.00,0.9836,0.0389,-0.0264,-0.43,-0.31,0.36,0.000,0.000,0.000
4250,94324.07,25.00,1.0189,0.0241,0.0332,0.56,-0.12,-0.21,0.000,0.000,0.000
4260,94322.03,25.00,0.9021,0.0247,-0.0256,-0.15,-0.05,-0.08,0.000,0.000,0.000
4270,94316.70,25.00,0.9862,0.0331,0.0155,0.30,-0.09,-0.72,0.000,0.000,0.000
4280,94321.15,25.00,0.9696,-0.0064,0.0104,-0.15,-0.29,-0.47,0.000,0.000,0.000
4290,94324.28,25.00,1.0198,0.0064,0.0121,0.11,-0.13,-0.26,0.000,0.000,0.000
4300,94316.07,25.00,0.9824,0.0151,-0.0104,0.03,-0.42,-0.14,0.000,0.000,0.000
4310,94320.83,25.00,0.9696,0.0197,0.0159,0.09,0.08,-0.14,0.000,0.000,0.000
4320,94319.70,25.00,1.0098,0.0200,0.0424,-0.23,-0.10,0.30,0.000,0.000,0.000
4330,94324.81,25.00,0.9770,0.0058,-0.0011,0.03,-0.56,-0.44,0.000,0.000,0.000
4340,94319.13,25.00,0.9551,0.0223,-0.0244,0.14,-0.06,-0.50,0.000,0.000,0.000
4350,94319.34,25.00,0.9756,0.0167,0.0300,-0.51,-0.29,0.21,0.000,0.000,0.000
4360,94321.83,25.00,1.0106,0.0613,0.0000,0.54,-0.11,-0.22,0.000,0.000,0.000
4370,94320.93,25.00,0.9708,-0.0006,0.0077,0.37,0.11,-0.33,0.000,0.000,0.000
4380,94322.97,25.00,0.9849,-0.0296,0.0254,-0.28,-0.61,0.04,0.000,0.000,0.000
4390,94325.84,25.00,0.9530,-0.0001,-0.0080,-0.07,-0.38,-0.46,0.000,0.000,0.000
4400,94317.54,25.00,1.0106,0.0075,-0.0043,0.36,-0.38,0.11,0.000,0.000,0.000
4410,94323.58,25.00,0.9948,0.0095,0.0237,-0.38,-0.68,-0.19,0.000,0.000,0.000
4420,94320.85,25.00,1.0021,0.0121,-0.0245,0.11,-0.36,-0.16,0.000,0.000,0.000
4430,94318.71,25.00,0.9596,0.0189,0.0259,0.21,-0.04,-0.65,0.000,0.000,0.000
4440,94321.10,25.00,0.9797,0.0371,0.0165,0.02,-0.30,-0.24,0.000,0.000,0.000
4450,94318.08,25.00,0.9760,0.0340,0.0256,-0.47,-0.26,-0.66,0.000,0.000,0.000
4460,94324.41,25.00,0.9863,0.0321,-0.0020,-0.49,-0.58,-0.31,0.000,0.000,0.000
4470,94317.92,25.00,0.9554,0.0530,-0.0150,0.26,-0.82,-0.13,0.000,0.000,0.000
4480,94323.77,25.00,0.9845,0.0421,0.0474,-0.32,-0.18,-0.05,0.000,0.000,0.000
4490,94322.75,25.00,1.0075,0.0237,0.0358,0.45,-0.21,-0.04,0.000,0.000,0.000
4500,94319.82,25.00,0.9823,0.0223,0.0090,-0.04,0.04,-0.23,0.000,0.000,0.000
4510,94327.46,25.00,1.0025,0.0340,0.0006,0.38,-0.21,-0.17,0.000,0.000,0.000
4520,94319.06,25.00,0.9881,0.0239,0.0032,-0.09,-0.33,-0.59,0.000,0.000,0.000
4530,94320.44,25.00,1.0043,0.0062,0.0588,-0.29,0.08,0.14,0.000,0.000,0.000
4540,94324.73,25.00,0.9882,-0.0129,0.0355,0.43,-0.23,-0.90,0.000,0.000,0.000
4550,94324.50,25.00,0.9582,0.0136,0.0373,0.51,-0.13,-0.36,0.000,0.000,0.000
4560,94326.07,25.00,0.9997,0.0160,-0.0068,0.19,-0.65,0.34,0.000,0.000,0.000
4570,94323.06,25.00,0.9693,0.0270,-0.0212,0.09,-0.44,-0.67,0.000,0.000,0.000
4580,94320.17,25.00,0.9832,-0.0101,0.0080,-0.34,-0.19,-0.73,0.000,0.000,0.000
4590,94323.52,25.00,0.9893,0.0350,0.0480,0.15,-0.22,-0.02,0.000,0.000,0.000
4600,94320.54,25.00,0.9377,-0.0064,-0.0129,0.16,-0.45,-0.32,0.000,0.000,0.000
4610,94323.11,25.00,0.9795,0.0582,0.0105,-0.19,0.12,-0.33,0.000,0.000,0.000
4620,94321.51,25.00,0.9957,0.0218,0.0256,-0.09,-0.35,-0.01,0.000,0.000,0.000
4630,94320.39,25.00,0.9681,0.0177,0.0440,0.55,-0.18,-0.17,0.000,0.000,0.000
4640,94320.04,25.00,1.0030,0.0273,0.0315,-0.31,-0.00,-0.14,0.000,0.000,0.000
4650,94323.74,25.00,0.9978,0.0197,0.0056,0.33,-0.60,0.25,0.000,0.000,0.000
4660,94322.75,25.00,0.9550,0.0456,0.0326,0.58,0.07,-0.03,0.000,0.000,0.000
4670,94321.85,25.00,0.9565,0.0353,0.0256,0.00,-0.05,-0.44,0.000,0.000,0.000
4680,94324.63,25.00,0.9810,0.0253,-0.0008,0.41,-0.18,-0.34,0.000,0.000,0.000
4690,94322.93,25.00,0.9737,0.0411,-0.0168,-0.22,0.38,-0.32,0.000,0.000,0.000
4700,94323.18,25.00,0.9696,0.0243,0.0659,-0.47,-0.07,-0.16,0.000,0.000,0.000
4710,94322.00,25.00,0.9617,0.0008,0.0406,0.27,-0.59,-0.18,0.000,0.000,0.000
4720,94318.56,25.00,1.0349,0.0273,-0.0229,0.40,-0.05,-0.09,0.000,0.000,0.000
4730,94322.34,25.00,0.9662,0.0158,-0.0275,0.51,0.37,-0.03,0.000,0.000,0.000
4740,94323.42,25.00,0.9498,0.0109,-0.0155,-0.28,-0.08,0.24,0.000,0.000,0.000
4750,94321.69,25.00,1.0268,0.0359,-0.0325,-0.01,0.15,-0.14,0.000,0.000,0.000
4760,94324.45,25.00,0.9431,0.0449,-0.0111,0.22,0.40,-0.17,0.000,0.000,0.000
4770,94321.25,25.00,0.9921,0.0025,-0.0065,0.41,-0.69,-0.56,0.000,0.000,0.000
4780,94326.23,25.00,0.9516,0.0280,0.0347,0.09,-0.57,0.06,0.000,0.000,0.000
4790,94319.46,25.00,1.0191,0.0635,-0.0082,0.28,-0.46,-0.08,0.000,0.000,0.000
4800,94321.16,25.00,0.9568,0.0292,-0.0209,0.20,-0.30,-0.43,0.000,0.000,0.000
4810,94324.05,25.00,0.9772,0.0118,0.0088,0.04,0.03,-0.28,0.000,0.000,0.000
4820,94314.49,25.00,0.9138,-0.0026,-0.0132,0.02,-0.66,-0.44,0.000,0.000,0.000
4830,94325.07,25.00,0.9493,0.0356,0.0096,0.50,0.02,-0.18,0.000,0.000,0.000
4840,94324.49,25.00,0.9809,-0.0037,0.0223,0.26,-0.28,-0.11,0.000,0.000,0.000
4850,94320.74,25.00,0.9834,0.0138,-0.0182,0.03,0.24,0.06,0.000,0.000,0.000
4860,94325.62,25.00,0.9770,0.0112,-0.0086,0.16,0.07,0.06,0.000,0.000,0.000
4870,94323.71,25.00,0.9667,0.0215,-0.0027,0.36,-0.06,-0.38,0.000,0.000,0.000
4880,94322.16,25.00,0.9314,0.0334,-0.0037,0.00,-0.06,0.02,0.000,0.000,0.000
4890,94320.14,25.00,1.0087,0.0597,0.0417,0.51,-0.23,0.23,0.000,0.000,0.000
4900,94319.63,25.00,0.9545,0.0224,0.0178,-0.15,0.29,-0.63,0.000,0.000,0.000
4910,94316.64,25.00,0.9686,0.0520,0.0275,0.22,-0.20,-0.02,0.000,0.000,0.000
4920,94322.61,25.00,0.9786,0.0165,-0.0198,0.40,-0.38,-0.08,0.000,0.000,0.000
4930,94323.02,25.00,0.9972,0.0030,0.0288,0.36,-0.28,-0.21,0.000,0.000,0.000
4940,94322.16,25.00,0.9559,0.0097,-0.0106,0.46,-0.49,-0.52,0.000,0.000,0.000
4950,94322.16,25.00,0.9871,0.0113,-0.0070,0.23,0.00,-0.69,0.000,0.000,0.000
4960,94324.03,25.00,0.9406,0.0318,0.0032,0.03,-0.04,0.24,0.000,0.000,0.000
4970,94326.98,25.00,1.0036,0.0323,-0.0148,-0.02,-0.21,-0.38,0.000,0.000,0.000
4980,94323.21,25.00,0.9713,0.0544,0.0083,-0.28,-0.41,-0.41,0.000,0.000,0.000
4990,94323.52,25.00,1.0041,0.0389,0.0325,-0.10,-0.58,-0.44,0.000,0.000,0.000
5000,94321.84,25.00,0.9693,0.0244,0.0327,0.13,0.26,-0.43,0.000,0.000,0.000
5010,94323.37,25.00,2.7510,0.0391,0.0117,719.95,-0.29,-0.46,0.000,0.047,17.414
5020,94319.02,25.00,5.5450,0.0067,0.0365,720.86,-0.36,0.07,0.002,0.344,44.645
5030,94321.48,25.00,8.2698,0.0168,0.0417,719.74,-0.30,-0.25,0.008,0.913,71.896
5040,94317.87,25.00,11.0959,0.0155,0.0235,720.12,-0.68,-0.16,0.022,1.755,99.179
5050,94322.78,25.00,13.8707,0.0296,0.0227,719.45,-0.07,-0.81,0.045,2.869,126.503
5060,94317.53,25.00,13.7000,-0.0018,-0.0050,720.42,-0.59,0.14,0.081,4.127,124.811
5070,94324.74,25.00,13.5574,-0.0046,-0.0198,720.10,0.37,-0.28,0.129,5.367,123.114
5080,94318.04,25.00,13.3531,0.0324,0.0347,720.08,-0.31,-0.06,0.189,6.591,121.413
5090,94318.71,25.00,13.1735,-0.0181,0.0132,719.90,-0.34,-0.31,0.262,7.797,119.708
5100,94315.45,25.00,13.0186,0.0387,0.0214,719.89,-0.22,-0.01,0.347,8.987,117.999
5110,94316.32,25.00,12.8468,-0.0110,0.0064,720.52,0.03,-0.25,0.443,10.159,116.286
5120,94315.67,25.00,12.7010,0.0394,-0.0031,720.18,-0.40,-0.39,0.551,11.314,114.570
5130,94311.01,25.00,12.4970,0.0622,0.0284,719.70,-0.11,-0.65,0.670,12.452,112.850
5140,94313.14,24.99,12.3283,0.0475,0.0138,720.19,-0.26,-0.26,0.801,13.573,111.126
5150,94314.90,24.99,12.1122,-0.0139,0.0465,720.77,-0.74,0.08,0.943,14.676,109.399
5160,94311.28,24.99,11.9464,-0.0011,0.0146,720.00,-0.02,-0.40,1.096,15.763,107.669
5170,94310.36,24.99,11.7653,0.0507,0.0293,720.44,-0.38,-0.27,1.259,16.831,105.935
5180,94305.21,24.99,11.6245,0.0048,-0.0042,720.03,-0.15,-0.23,1.433,17.883,104.197
5190,94303.19,24.99,11.3971,0.0057,-0.0100,720.41,-0.27,-0.00,1.618,18.917,102.457
5200,94297.85,24.99,11.2447,0.0255,-0.0097,719.90,-0.42,-0.16,1.812,19.934,100.713
5210,94299.52,24.99,11.0389,0.0246,0.0156,720.18,-0.52,-0.23,2.017,20.933,98.966
5220,94299.57,24.99,10.9118,0.0057,0.0434,719.97,-0.53,0.13,2.232,21.915,97.216
5230,94294.64,24.98,10.7559,0.0133,0.0140,720.31,-0.18,-0.33,2.457,22.879,95.463
5240,94291.18,24.98,10.5306,0.0176,0.0108,719.63,0.01,-0.39,2.691,23.826,93.707
5250,94287.81,24.98,10.3359,0.0138,0.0309,720.47,-0.16,-0.16,2.934,24.755,91.948
5260,94284.26,24.98,10.3434,0.0227,0.0083,719.80,-0.24,-0.52,3.187,25.674,91.922
5270,94287.77,24.98,10.3524,0.0067,0.0208,719.87,-0.34,0.26,3.448,26.593,91.895
5280,94282.75,24.98,10.3198,-0.0043,0.0012,720.77,-0.24,-0.13,3.719,27.512,91.868
5290,94275.08,24.97,10.3672,0.0373,-0.0231,719.84,-0.81,-0.55,3.999,28.431,91.840
5300,94271.03,24.97,10.3111,0.0052,0.0253,720.43,-0.23,0.01,4.289,29.349,91.812
5310,94266.29,24.97,10.3644,0.0639,0.0085,720.27,-0.15,-0.86,4.587,30.267,91.783
5320,94268.75,24.97,10.3415,-0.0144,0.0030,720.44,-0.09,-0.62,4.895,31.185,91.754
5330,94261.17,24.97,10.3151,0.0210,-0.0027,720.11,-0.31,-0.65,5.212,32.102,91.725
5340,94259.92,24.96,10.3309,0.0042,0.0262,720.78,-0.74,-0.14,5.538,33.019,91.694
5350,94257.20,24.96,10.3232,0.0063,0.0554,719.94,-0.30,-0.40,5.873,33.936,91.664
5360,94254.24,24.96,10.2765,-0.0001,0.0022,720.19,-0.16,0.09,6.218,34.853,91.633
5370,94246.89,24.96,10.3015,0.0166,-0.0061,719.93,-0.41,-0.12,6.571,35.769,91.601
5380,94245.17,24.95,10.2909,0.0060,0.0108,720.10,-0.34,-0.03,6.934,36.685,91.569
5390,94238.33,24.95,10.2747,0.0442,-0.0137,720.58,-0.18,-0.11,7.306,37.600,91.537
5400,94230.89,24.95,10.3117,0.0138,-0.0054,720.26,-0.04,0.15,7.687,38.515,91.504
5410,94227.09,24.95,10.2872,0.0457,0.0219,720.34,-0.42,-0.10,8.077,39.430,91.470
5420,94227.67,24.94,10.2753,0.0046,0.0166,720.51,-0.38,-0.00,8.476,40.345,91.436
5430,94218.96,24.94,10.2727,0.0308,-0.0085,720.11,-0.42,-0.05,8.885,41.259,91.402
5440,94213.20,24.94,10.2651,-0.0097,0.0078,720.48,-0.01,-0.15,9.303,42.173,91.367
5450,94211.12,24.94,10.3130,0.0162,0.0322,720.50,-0.06,-0.09,9.729,43.087,91.331
5460,94207.48,24.93,10.2836,0.0236,-0.0058,719.85,0.20,-0.24,10.165,44.000,91.295
5470,94197.29,24.93,10.3081,0.0447,0.0203,719.73,0.31,0.11,10.610,44.912,91.259
5480,94199.35,24.93,10.2728,0.0262,0.0060,720.02,-0.61,-0.44,11.064,45.825,91.222
5490,94189.81,24.93,10.2746,0.0373,0.0223,719.56,0.04,-0.65,11.528,46.737,91.185
5500,94186.90,24.92,10.2660,0.0191,0.0018,719.78,0.21,-0.93,12.000,47.649,91.147
5510,94178.05,24.92,10.2918,0.0174,0.0114,719.84,-0.60,-0.04,12.481,48.560,91.109
5520,94174.25,24.92,10.2684,0.0327,-0.0229,719.78,-0.47,-0.15,12.972,49.471,91.070
5530,94170.72,24.91,10.2372,0.0132,0.0088,720.05,0.19,-0.43,13.472,50.381,91.031
5540,94163.63,24.91,10.2077,0.0152,0.0132,720.30,-0.42,-0.38,13.981,51.291,90.991
5550,94154.37,24.91,10.2395,0.0646,-0.0231,719.58,-0.24,-0.50,14.499,52.201,90.951
5560,94154.49,24.90,10.2154,0.0502,0.0021,719.59,-0.93,-0.48,15.026,53.111,90.910
5570,94143.73,24.90,10.2483,-0.0082,0.0716,720.34,-0.32,-0.38,15.562,54.019,90.869
5580,94145.89,24.90,10.2218,0.0327,0.0406,719.81,-0.09,-0.36,16.107,54.928,90.827
5590,94136.39,24.89,10.2619,0.0287,0.0146,719.73,0.47,0.25,16.661,55.836,90.785
5600,94128.38,24.89,10.2587,0.0184,-0.0109,720.38,-0.55,-0.36,17.224,56.744,90.743
5610,94121.99,24.88,10.1930,0.0186,0.0056,719.75,-0.62,-0.27,17.797,57.651,90.700
5620,94112.79,24.88,10.2232,-0.0119,0.0132,719.72,-0.50,0.08,18.378,58.558,90.656
5630,94105.14,24.88,10.2056,0.0017,0.0113,720.35,-0.37,-0.01,18.969,59.464,90.612
5640,94096.79,24.87,10.2202,0.0158,0.0129,719.82,-0.45,-0.11,19.569,60.370,90.568
5650,94090.21,24.87,10.2217,0.0092,0.0205,719.76,-0.75,-0.01,20.177,61.275,90.523
5660,94087.90,24.86,10.2008,0.0311,0.0112,720.29,-0.22,-0.50,20.795,62.181,90.477
5670,94081.85,24.86,10.1778,0.0632,0.0085,719.82,-0.33,-0.19,21.422,63.085,90.431
5680,94072.25,24.86,10.2036,0.0062,-0.0296,719.84,-0.13,0.13,22.058,63.989,90.385
5690,94059.66,24.85,10.1898,0.0406,-0.0163,720.61,-0.49,-0.24,22.702,64.893,90.338
5700,94056.02,24.85,10.2188,0.0364,0.0146,719.99,-0.76,-0.29,23.356,65.796,90.291
5710,94048.24,24.84,10.1757,-0.0200,0.0372,720.37,0.23,-0.38,24.019,66.699,90.243
5720,94042.06,24.84,10.1486,0.0362,0.0074,720.60,-0.03,0.03,24.691,67.601,90.194
5730,94035.84,24.84,10.1387,0.0331,-0.0204,720.19,-0.08,-0.55,25.372,68.503,90.146
5740,94025.08,24.83,10.1598,0.0239,0.0178,720.11,-0.52,-0.12,26.062,69.404,90.096
5750,94025.00,24.83,10.1466,0.0504,-0.0122,719.91,0.14,0.05,26.761,70.305,90.047
5760,94014.77,24.82,10.1650,0.0060,0.0132,719.96,0.06,-0.02,27.469,71.205,89.996
5770,94005.75,24.82,10.1339,0.0131,0.0030,719.99,-0.31,0.18,28.186,72.105,89.946
5780,93994.76,24.81,10.1661,0.0223,-0.0242,719.68,-0.31,0.14,28.912,73.004,89.895
5790,93986.11,24.81,10.1075,0.0206,0.0065,720.27,-0.01,-0.12,29.647,73.903,89.843
5800,93976.06,24.80,10.1110,0.0109,0.0100,720.20,-0.40,-0.40,30.391,74.801,89.791
5810,93970.40,24.80,10.1428,0.0237,-0.0091,720.00,0.39,-0.53,31.144,75.698,89.738
5820,93959.65,24.79,10.1394,-0.0012,0.0052,720.48,0.03,-0.75,31.906,76.596,89.685
5830,93953.36,24.79,10.1092,-0.0097,0.0328,719.94,-0.27,-0.46,32.677,77.492,89.632
5840,93945.02,24.78,10.1283,0.0341,0.0598,720.29,-0.35,-0.03,33.457,78.388,89.578
5850,93935.10,24.78,10.1203,-0.0278,0.0303,720.73,0.03,-0.36,34.246,79.284,89.523
5860,93930.82,24.77,10.1174,0.0626,0.0350,720.07,-0.69,-0.11,35.043,80.179,89.469
5870,93917.92,24.77,10.0902,-0.0034,0.0332,719.95,0.24,-0.29,35.850,81.073,89.413
5880,93908.36,24.76,10.0863,0.0313,0.0275,719.54,-0.39,-0.30,36.666,81.967,89.357
5890,93896.59,24.76,10.0851,0.0455,-0.0041,720.33,-0.31,-0.35,37.490,82.860,89.301
5900,93884.87,24.75,10.0648,0.0003,0.0246,720.61,-0.04,0.07,38.324,83.753,89.244
5910,93876.99,24.75,10.0880,0.0051,-0.0031,720.23,-0.40,0.04,39.166,84.645,89.187
5920,93869.74,24.74,10.0626,0.0101,0.0190,720.23,-0.18,0.19,40.018,85.537,89.129
5930,93858.24,24.73,10.0346,-0.0045,-0.0042,719.88,-0.25,0.34,40.878,86.428,89.071
5940,93847.34,24.73,10.0393,0.0111,-0.0045,719.92,0.00,0.23,41.747,87.318,89.012
5950,93838.17,24.72,10.0486,0.0398,0.0214,720.09,-0.10,-0.18,42.625,88.208,88.953
5960,93828.24,24.72,10.0539,0.0090,0.0051,720.24,-0.55,0.05,43.512,89.098,88.894
5970,93817.99,24.71,10.0182,0.0321,0.0277,720.43,0.18,-0.45,44.408,89.986,88.834
5980,93808.90,24.71,10.0099,0.0064,0.0313,720.23,-0.14,-0.04,45.313,90.874,88.773
5990,93798.16,24.70,10.0492,0.0012,0.0272,719.96,-0.49,0.42,46.226,91.762,88.712
6000,93787.82,24.69,10.0314,0.0050,-0.0006,720.48,-0.11,-0.15,47.149,92.649,88.651
6010,93779.32,24.69,10.0235,0.0368,0.0231,720.33,-0.14,-0.13,48.080,93.535,88.589
6020,93770.28,24.68,9.9622,0.0362,0.0139,720.18,-0.31,-0.38,49.020,94.420,88.527
6030,93758.29,24.68,9.9748,0.0003,-0.0065,720.59,-0.24,-0.20,49.969,95.305,88.464
6040,93742.47,24.67,9.9923,0.0353,-0.0091,720.12,-0.19,-0.02,50.927,96.190,88.401
6050,93737.31,24.66,10.0223,0.0183,0.0123,719.91,0.02,-0.21,51.894,97.073,88.337
6060,93725.03,24.66,9.9906,0.0152,0.0080,720.14,-0.22,-0.19,52.870,97.957,88.273
6070,93712.42,24.65,9.9695,0.0417,-0.0002,720.12,-0.26,0.11,53.854,98.839,88.208
6080,93700.34,24.64,9.9593,0.0084,0.0273,720.28,-0.13,-0.16,54.847,99.721,88.143
6090,93695.76,24.64,9.9633,-0.0189,-0.0164,719.69,-0.38,-0.64,55.849,100.602,88.078
6100,93678.91,24.63,9.9226,0.0170,-0.0008,720.24,-0.22,-0.49,56.860,101.482,88.012
6110,93671.74,24.62,9.9216,0.0076,-0.0158,720.38,0.01,-0.24,57.880,102.362,87.945
6120,93649.82,24.62,9.9516,0.0525,-0.0058,720.23,-0.00,-0.20,58.908,103.241,87.878
6130,93641.22,24.61,9.9258,0.0053,0.0220,719.58,-0.11,-0.19,59.946,104.120,87.811
6140,93628.47,24.60,9.9030,0.0283,0.0362,720.34,0.59,-0.16,60.992,104.998,87.743
6150,93617.46,24.60,9.9162,0.0035,-0.0359,720.40,-0.56,-0.48,62.046,105.875,87.675
6160,93612.82,24.59,9.8959,0.0010,0.0276,720.63,-0.82,-0.53,63.110,106.751,87.606
6170,93594.77,24.58,9.9169,0.0225,0.0334,719.66,-0.30,0.22,64.182,107.627,87.537
6180,93579.61,24.58,9.9157,0.0011,0.0165,719.78,-0.08,0.02,65.263,108.502,87.468
6190,93571.48,24.57,9.9198,-0.0022,0.0304,719.75,0.02,0.04,66.353,109.376,87.398
6200,93557.71,24.56,9.9114,0.0169,-0.0159,720.00,0.00,-0.20,67.452,110.250,87.327
6210,93549.32,24.55,9.9013,0.0343,0.0222,720.16,-0.12,0.23,68.559,111.123,87.256
6220,93533.04,24.55,9.8623,0.0339,-0.0079,720.39,-0.25,-0.06,69.675,111.995,87.185
6230,93520.36,24.54,9.8547,0.0421,-0.0098,720.40,0.08,-0.17,70.800,112.867,87.113
6240,93504.29,24.53,9.8297,0.0260,0.0327,719.68,-0.15,-0.13,71.933,113.738,87.041
6250,93492.52,24.53,9.8477,0.0033,-0.0180,720.63,-0.48,-0.63,73.076,114.608,86.968
6260,93479.78,24.52,9.8749,0.0377,0.0225,719.85,-0.14,-0.18,74.226,115.477,86.895
6270,93472.06,24.51,9.8002,0.0326,0.0311,719.83,-0.54,-0.24,75.386,116.346,86.822
6280,93453.75,24.50,9.8158,0.0122,0.0388,719.80,-0.36,0.19,76.554,117.214,86.748
6290,93439.57,24.49,9.8343,0.0088,0.0230,720.09,-0.07,-1.20,77.731,118.081,86.673
6300,93428.71,24.49,9.7627,0.0120,-0.0017,720.11,0.24,-0.05,78.917,118.947,86.598
6310,93418.07,24.48,9.8113,0.0134,0.0418,720.30,-0.24,0.16,80.111,119.813,86.523
6320,93402.66,24.47,9.7810,0.0009,-0.0164,719.74,0.09,-0.33,81.314,120.678,86.447
6330,93389.83,24.46,9.7976,0.0151,-0.0080,719.84,-0.40,0.10,82.525,121.542,86.371
6340,93374.86,24.46,9.7637,0.0283,0.0118,720.11,-0.20,0.30,83.745,122.405,86.295
6350,93361.50,24.45,9.7579,0.0537,-0.0068,719.57,-0.01,-0.35,84.974,123.268,86.217
6360,93348.38,24.44,9.7610,-0.0052,0.0212,719.73,-0.01,0.13,86.212,124.130,86.140
6370,93332.69,24.43,9.7730,0.0213,0.0479,720.10,-0.80,-0.76,87.458,124.991,86.062
6380,93322.53,24.42,9.7341,0.0254,-0.0111,719.92,-0.93,-0.10,88.712,125.851,85.984
6390,93308.07,24.42,9.7197,0.0276,-0.0035,720.20,-0.41,-0.48,89.976,126.710,85.905
6400,93292.93,24.41,9.6893,0.0537,-0.0210,719.49,-0.19,-0.53,91.247,127.569,85.826
6410,93278.87,24.40,9.6904,0.0467,0.0360,719.76,0.32,-0.35,92.528,128.427,85.746
6420,93262.89,24.39,9.6972,0.0226,0.0184,720.04,-0.18,-0.18,93.817,129.284,85.666
6430,93249.51,24.38,9.6759,0.0086,-0.0126,720.07,-0.29,-0.28,95.114,130.140,85.586
6440,93231.93,24.37,9.7304,-0.0022,0.0210,719.95,0.17,0.14,96.420,130.996,85.505
6450,93219.95,24.36,9.6992,0.0003,-0.0098,720.31,-0.27,-0.68,97.735,131.851,85.424
6460,93203.61,24.36,9.6512,-0.0115,0.0094,720.10,-0.37,-0.37,99.058,132.704,85.342
6470,93186.44,24.35,9.6647,0.0145,0.0010,720.79,-0.36,-0.19,100.390,133.557,85.260
6480,93172.07,24.34,9.6568,0.0181,0.0218,719.18,0.04,-0.06,101.730,134.410,85.178
6490,93159.50,24.33,9.6314,-0.0182,-0.0119,720.29,-0.08,-0.22,103.079,135.261,85.095
6500,93145.47,24.32,9.6251,-0.0045,0.0359,720.42,-0.04,0.12,104.436,136.112,85.011
6510,93128.29,24.31,9.5896,0.0123,0.0330,720.01,-0.06,-0.03,105.802,136.961,84.927
6520,93110.73,24.30,9.6372,0.0194,-0.0176,720.41,-0.59,-0.07,107.176,137.810,84.843
6530,93098.73,24.29,9.6031,-0.0006,0.0199,720.16,0.10,-0.16,108.559,138.658,84.759
6540,93083.16,24.29,9.6132,0.0366,-0.0086,719.53,-0.12,-0.27,109.950,139.506,84.674
6550,93064.60,24.28,9.6342,-0.0104,0.0056,720.36,-0.32,-0.34,111.350,140.352,84.588
6560,93051.17,24.27,9.5848,-0.0162,-0.0150,720.29,-0.07,-0.56,112.758,141.197,84.502
6570,93035.16,24.26,9.5961,0.0310,0.0399,720.38,-0.28,-0.28,114.175,142.042,84.416
6580,93020.22,24.25,9.5520,-0.0144,0.0273,720.43,-0.08,-0.11,115.600,142.886,84.330
6590,92998.57,24.24,9.5379,0.0057,0.0443,720.01,-0.21,-0.44,117.034,143.729,84.243
6600,92989.63,24.23,9.5199,0.0506,0.0117,719.31,-0.23,-0.03,118.475,144.571,84.155
6610,92971.53,24.22,9.5575,0.0122,0.0061,720.13,-0.44,0.31,119.926,145.412,84.067
6620,92950.83,24.21,9.5421,0.0126,-0.0171,720.52,-0.18,-0.41,121.385,146.252,83.979
6630,92935.19,24.20,9.5250,0.0494,0.0161,719.83,-0.22,-0.41,122.852,147.092,83.891
6640,92922.12,24.19,9.5301,0.0333,0.0184,720.13,-0.63,-0.13,124.327,147.930,83.802
6650,92907.00,24.18,9.4840,0.0370,0.0003,719.92,-0.43,0.02,125.811,148.768,83.712
6660,92887.65,24.17,9.1087,-0.0009,0.0436,719.83,0.14,0.18,127.303,149.587,79.714
6670,92872.57,24.16,8.6725,0.0202,-0.0024,720.57,-0.16,-0.06,128.804,150.366,75.713
6680,92854.49,24.15,8.2945,0.0399,0.0552,720.34,0.13,0.02,130.311,151.105,71.710
6690,92838.10,24.14,7.8582,0.0120,0.0012,720.30,-1.10,-0.83,131.826,151.804,67.705
6700,92818.79,24.13,7.4808,0.0129,0.0116,720.34,0.20,0.32,133.348,152.463,63.698
6710,92804.42,24.12,7.0862,0.0134,-0.0032,720.32,0.25,0.00,134.876,153.082,59.690
6720,92781.25,24.11,6.6777,0.0592,0.0297,720.07,-0.45,-0.48,136.410,153.661,55.680
6730,92772.42,24.10,6.2430,0.0174,0.0121,720.12,-0.09,-0.26,137.950,154.200,51.670
6740,92752.40,24.09,5.8292,0.0072,-0.0188,720.19,0.19,0.04,139.494,154.698,47.659
6750,92736.93,24.08,5.4233,0.0073,0.0006,719.83,0.04,0.22,141.044,155.157,43.648
6760,92715.13,24.07,5.0301,-0.0054,0.0217,720.39,-0.45,0.22,142.598,155.575,39.637
6770,92698.33,24.06,4.6175,0.0544,-0.0152,720.29,-0.28,0.29,144.156,155.954,35.626
6780,92681.84,24.05,4.1997,0.0314,0.0497,719.97,-0.49,-0.39,145.717,156.292,31.615
6790,92666.75,24.04,3.7584,-0.0017,0.0017,719.87,-0.28,-0.38,147.282,156.590,27.605
6800,92641.78,24.03,3.4287,0.0406,0.0101,719.96,-0.44,-0.72,148.849,156.848,23.596
6810,92626.39,24.02,2.9785,0.0253,0.0413,720.12,-0.42,0.10,150.419,157.066,19.588
6820,92613.08,24.01,2.5409,0.0058,0.0308,719.90,-0.21,-0.47,151.990,157.244,15.581
6830,92596.61,24.00,2.1988,-0.0209,-0.0075,720.33,-0.15,-0.20,153.564,157.382,11.576
6840,92573.21,23.99,1.7145,0.0118,0.0328,720.42,0.48,-0.69,155.138,157.479,7.573
6850,92559.42,23.98,1.3475,0.0589,0.0003,720.55,-0.70,0.15,156.713,157.537,3.572
6860,92539.03,23.97,0.9136,0.0275,0.0043,720.20,-0.27,-0.43,158.289,157.555,-0.427
6870,92525.67,23.96,0.5207,0.0054,-0.0017,719.54,-0.64,-0.10,159.864,157.532,-4.423
6880,92506.53,23.95,0.1155,0.0454,0.0123,720.11,-0.08,-0.09,161.439,157.470,-8.416
6890,92491.39,23.94,-0.2990,0.0211,0.0129,720.01,-0.26,0.09,163.013,157.368,-12.407
6900,92474.74,23.93,-0.6937,0.0201,0.0185,720.46,-0.05,0.32,164.586,157.226,-16.394
6910,92458.21,23.92,-0.6693,0.0090,0.0067,198.03,-0.36,0.13,166.158,157.062,-16.379
6920,92434.46,23.91,-0.6803,0.0125,-0.0032,196.54,-0.65,0.24,167.727,156.899,-16.364
6930,92415.11,23.90,-0.6788,0.0261,0.0195,194.20,-0.42,-0.24,169.295,156.735,-16.350
6940,92404.52,23.89,-0.6681,0.0656,0.0372,192.48,-0.15,-0.20,170.862,156.572,-16.335
6950,92387.18,23.88,-0.6919,0.0156,0.0020,190.55,0.75,-0.25,172.427,156.408,-16.320
6960,92362.05,23.87,-0.6988,0.0378,0.0065,188.34,-0.02,-0.20,173.990,156.245,-16.306
6970,92346.58,23.86,-0.6748,-0.0000,0.0109,187.16,-0.91,0.30,175.551,156.082,-16.291
6980,92326.69,23.85,-0.6779,-0.0227,0.0071,184.52,-0.43,-0.44,177.111,155.919,-16.277
6990,92317.68,23.84,-0.6618,-0.0117,-0.0226,182.85,-0.67,0.40,178.670,155.757,-16.262
7000,92300.09,23.83,-0.6678,-0.0158,-0.0017,181.37,-0.53,0.03,180.226,155.594,-16.248
7010,92279.35,23.82,-0.6599,0.0179,0.0111,178.88,-0.29,-0.45,181.781,155.432,-16.233
7020,92263.70,23.81,-0.7060,0.0360,0.0324,177.68,-0.71,-0.58,183.335,155.269,-16.219
7030,92245.06,23.80,-0.6743,0.0108,0.0076,175.40,-0.56,-0.53,184.887,155.107,-16.205
7040,92225.86,23.79,-0.6778,0.0112,-0.0070,174.28,-0.20,-0.51,186.437,154.945,-16.190
7050,92216.74,23.78,-0.7250,0.0304,0.0182,172.06,-0.57,-0.23,187.985,154.783,-16.176
7060,92195.47,23.77,-0.6544,0.0278,0.0157,170.54,0.02,-0.17,189.532,154.622,-16.162
7070,92176.23,23.76,-0.6434,0.0077,0.0183,168.81,-0.51,0.23,191.078,154.460,-16.147
7080,92156.09,23.75,-0.6766,0.0014,0.0205,167.33,0.23,0.29,192.621,154.299,-16.133
7090,92145.39,23.74,-0.6571,0.0388,0.0070,165.20,0.11,-0.43,194.163,154.137,-16.119
7100,92125.92,23.73,-0.6359,0.0186,0.0406,163.88,-0.26,0.02,195.704,153.976,-16.105
7110,92111.81,23.72,-0.6882,0.0251,-0.0012,162.32,-0.08,-0.61,197.243,153.815,-16.091
7120,92087.50,23.71,-0.6442,0.0282,0.0003,160.64,0.04,0.08,198.780,153.654,-16.077
7130,92067.88,23.70,-0.6717,0.0525,0.0052,158.89,-0.20,-0.09,200.316,153.494,-16.063
7140,92056.56,23.69,-0.6523,0.0036,0.0209,157.67,-0.21,-0.23,201.850,153.333,-16.049
7150,92037.20,23.68,-0.6549,-0.0052,0.0032,155.81,-0.94,-0.13,203.382,153.173,-16.035
7160,92018.00,23.67,-0.6757,0.0002,0.0032,154.22,-0.11,-0.55,204.913,153.013,-16.021
7170,92003.58,23.66,-0.6504,0.0051,-0.0045,152.81,-0.09,-0.07,206.442,152.852,-16.007
7180,91984.38,23.65,-0.6544,0.0155,0.0433,151.21,-0.37,0.18,207.970,152.692,-15.993
7190,91968.89,23.64,-0.6305,0.0413,0.0084,149.81,-0.09,0.44,209.496,152.532,-15.979
7200,91954.47,23.63,-0.6601,0.0318,0.0144,148.04,-0.24,-0.08,211.020,152.373,-15.965
7210,91940.10,23.62,-0.6387,0.0298,0.0017,147.10,-0.45,-0.41,212.543,152.213,-15.951
7220,91919.07,23.61,-0.6647,0.0208,0.0255,145.36,-0.37,-0.12,214.065,152.054,-15.938
7230,91902.10,23.60,-0.6282,0.0476,0.0075,143.80,0.05,0.48,215.584,151.894,-15.924
7240,91886.03,23.59,-0.6189,0.0297,-0.0043,142.47,-0.13,-0.31,217.102,151.735,-15.910
7250,91874.48,23.58,-0.6904,0.0087,0.0016,140.81,-0.46,-0.19,218.619,151.576,-15.896
7260,91854.04,23.57,-0.6421,0.0310,0.0085,139.33,-0.46,0.16,220.134,151.417,-15.883
7270,91834.58,23.56,-0.6509,0.0257,0.0229,138.23,-0.02,0.22,221.647,151.259,-15.869
7280,91823.24,23.55,-0.6370,-0.0082,-0.0091,136.56,-0.17,0.16,223.159,151.100,-15.856
7290,91803.65,23.54,-0.6219,0.0777,-0.0118,135.90,-0.26,-0.38,224.669,150.941,-15.842
7300,91784.83,23.53,-0.6441,0.0568,0.0201,134.58,-0.64,0.25,226.177,150.783,-15.828
7310,91770.25,23.52,-0.6176,0.0007,0.0238,132.88,-0.31,-0.18,227.684,150.625,-15.815
7320,91752.94,23.51,-0.6278,0.0031,0.0278,131.15,-0.54,-0.70,229.190,150.467,-15.801
7330,91728.97,23.50,-0.5995,0.0530,0.0020,130.07,-0.53,-0.20,230.693,150.309,-15.788
7340,91718.93,23.49,-0.6551,0.0165,-0.0163,128.83,0.08,-0.00,232.196,150.151,-15.775
7350,91702.94,23.48,-0.6372,0.0566,0.0069,126.97,-0.36,-0.89,233.696,149.993,-15.761
7360,91685.65,23.47,-0.6348,0.0468,0.0388,126.26,-0.32,0.01,235.195,149.836,-15.748
7370,91666.60,23.46,-0.6445,0.0469,-0.0086,125.16,0.47,-0.32,236.693,149.678,-15.734
7380,91657.45,23.45,-0.6532,0.0014,0.0396,124.08,-0.24,-0.22,238.189,149.521,-15.721
7390,91638.87,23.44,-0.5880,-0.0040,0.0050,122.92,-0.33,0.10,239.683,149.364,-15.708
7400,91617.38,23.43,-0.5955,0.0346,0.0186,121.54,0.25,-0.52,241.176,149.207,-15.695
7410,91604.06,23.42,-0.6382,0.0028,0.0417,120.36,-0.16,0.04,242.667,149.050,-15.681
7420,91585.52,23.41,-0.5957,0.0117,0.0262,119.06,0.05,-0.44,244.157,148.893,-15.668
7430,91572.26,23.40,-0.6025,0.0226,0.0035,117.53,-0.36,-0.08,245.645,148.737,-15.655
7440,91552.63,23.39,-0.6508,0.0321,0.0229,116.55,-0.63,-0.37,247.131,148.580,-15.642
7450,91536.04,23.38,-0.6303,0.0219,-0.0275,115.50,-0.36,0.05,248.616,148.424,-15.629
7460,91518.54,23.37,-0.6195,0.0109,-0.0289,115.01,-0.35,-0.07,250.100,148.267,-15.616
7470,91504.58,23.36,-0.6190,0.0163,-0.0276,113.31,-0.42,-0.28,251.582,148.111,-15.603
7480,91490.81,23.36,-0.6133,0.0575,0.0367,112.27,-0.13,-0.49,253.062,147.955,-15.590
7490,91477.34,23.35,-0.5770,0.0167,0.0147,110.54,0.13,-0.09,254.540,147.800,-15.576
7500,91456.28,23.34,-0.6155,0.0171,0.0072,109.75,-0.37,-0.35,256.018,147.644,-15.564
7510,91443.72,23.33,-0.5617,-0.0203,0.0111,108.58,-0.45,0.01,257.493,147.488,-15.551
7520,91414.49,23.32,-0.5928,-0.0209,0.0146,107.54,-0.47,-0.23,258.967,147.333,-15.538
7530,91403.65,23.31,-0.5720,-0.0170,-0.0219,106.55,-0.27,0.18,260.440,147.178,-15.525
7540,91389.69,23.30,-0.6307,0.0055,-0.0053,105.43,-0.12,-0.32,261.911,147.022,-15.512
7550,91372.19,23.29,-0.5931,-0.0019,0.0093,104.59,-0.47,0.10,263.380,146.867,-15.499
7560,91357.07,23.28,-0.5685,0.0123,0.0006,103.10,-0.25,-0.02,264.848,146.712,-15.486
7570,91337.62,23.27,-0.6408,-0.0089,0.0100,102.41,-0.56,-0.36,266.314,146.558,-15.473
7580,91325.05,23.26,-0.5940,-0.0074,-0.0264,101.26,0.24,-0.38,267.779,146.403,-15.461
7590,91308.02,23.25,-0.5981,-0.0173,0.0239,100.14,-0.83,-0.29,269.242,146.248,-15.448
7600,91292.41,23.24,-0.5793,0.0275,0.0015,99.67,-0.03,0.33,270.704,146.094,-15.435
7610,91275.05,23.23,-0.5948,0.0028,0.0156,98.84,0.03,-0.29,272.164,145.940,-15.422
7620,91254.93,23.22,-0.6092,0.0124,0.0197,97.82,0.08,-0.10,273.622,145.785,-15.410
7630,91247.15,23.21,-0.6118,0.0026,0.0380,96.57,0.02,0.05,275.079,145.631,-15.397
7640,91230.36,23.20,-0.5968,0.0342,0.0114,95.78,0.04,-0.25,276.535,145.477,-15.385
7650,91217.45,23.19,-0.5899,0.0469,-0.0102,94.83,-0.62,-0.48,277.989,145.324,-15.372
7660,91192.92,23.18,-0.5961,0.0193,0.0017,94.31,0.03,-0.50,279.441,145.170,-15.359
7670,91180.78,23.17,-0.5932,0.0245,0.0118,92.28,0.31,0.16,280.892,145.016,-15.347
7680,91166.29,23.16,-0.5641,0.0266,-0.0017,91.45,-0.06,-0.45,282.341,144.863,-15.334
7690,91147.85,23.16,-0.6091,0.0317,0.0045,90.94,-0.37,-0.54,283.789,144.710,-15.322
7700,91134.12,23.15,-0.5868,0.0023,0.0278,90.33,0.28,0.04,285.235,144.557,-15.310
7710,91117.62,23.14,-0.5643,0.0033,0.0112,89.11,-0.75,-0.03,286.680,144.404,-15.297
7720,91103.36,23.13,-0.5863,0.0422,-0.0067,88.49,0.07,-0.35,288.123,144.251,-15.285
7730,91085.24,23.12,-0.5905,-0.0039,-0.0158,86.98,-0.16,-0.69,289.565,144.098,-15.272
7740,91068.76,23.11,-0.5316,0.0316,0.0155,86.29,-0.95,0.03,291.005,143.945,-15.260
7750,91055.66,23.10,-0.5827,0.0011,0.0104,85.33,0.01,-0.25,292.444,143.793,-15.248
7760,91039.22,23.09,-0.5966,-0.0114,-0.0371,84.80,-0.69,0.14,293.881,143.640,-15.235
7770,91021.61,23.08,-0.5771,-0.0193,0.0252,84.06,0.15,-0.32,295.316,143.488,-15.223
7780,91006.45,23.07,-0.5681,0.0318,0.0291,83.13,-0.12,0.02,296.750,143.336,-15.211
7790,90993.68,23.06,-0.5545,0.0253,0.0089,82.11,-0.02,-0.46,298.183,143.184,-15.199
7800,90971.92,23.05,-0.5726,0.0087,0.0072,81.53,-0.28,-0.11,299.614,143.032,-15.186
7810,90959.53,23.04,-0.5715,0.0033,0.0246,80.63,-0.41,-0.46,301.043,142.880,-15.174
7820,90943.13,23.03,-0.5318,0.0199,0.0287,79.69,-0.47,0.14,302.471,142.728,-15.162
7830,90928.17,23.02,-0.5894,0.0423,0.0105,79.35,0.11,-0.21,303.898,142.577,-15.150
7840,90909.66,23.02,-0.5409,0.0613,0.0182,77.79,-0.36,-0.01,305.323,142.425,-15.138
7850,90891.54,23.01,-0.5799,0.0022,0.0033,78.07,-0.18,0.31,306.746,142.274,-15.126
7860,90881.00,23.00,-0.5628,0.0172,0.0142,77.12,0.07,0.04,308.168,142.123,-15.114
7870,90867.25,22.99,-0.5849,0.0066,-0.0150,75.74,0.08,-0.46,309.588,141.972,-15.102
7880,90846.86,22.98,-0.5735,-0.0068,0.0139,75.36,0.13,-0.13,311.007,141.821,-15.090
7890,90834.97,22.97,-0.5397,0.0086,0.0018,74.54,-0.21,-0.24,312.425,141.670,-15.078
7900,90817.93,22.96,-0.5702,-0.0008,0.0168,73.54,-0.48,0.03,313.841,141.519,-15.066
7910,90802.82,22.95,-0.5358,0.0076,0.0353,73.53,-0.37,-0.34,315.255,141.369,-15.054
7920,90784.93,22.94,-0.5715,0.0147,0.0179,72.08,-0.10,-0.49,316.668,141.218,-15.042
7930,90770.56,22.93,-0.5384,0.0432,0.0453,71.96,0.09,-0.67,318.079,141.068,-15.030
7940,90754.17,22.92,-0.5656,0.0174,0.0197,71.22,-0.40,-0.97,319.489,140.917,-15.018
7950,90737.06,22.91,-0.5475,0.0306,-0.0091,70.36,-0.19,0.20,320.897,140.767,-15.007
7960,90718.63,22.91,-0.5502,0.0156,0.0137,69.28,-0.47,-0.30,322.304,140.617,-14.995
7970,90706.27,22.90,-0.5972,0.0305,0.0012,68.41,0.11,-0.27,323.709,140.467,-14.983
7980,90693.61,22.89,-0.5386,0.0113,0.0153,67.78,0.06,-0.18,325.113,140.318,-14.971
7990,90682.67,22.88,-0.5367,0.0428,0.0039,67.19,0.01,0.06,326.516,140.168,-14.960
8000,90662.69,22.87,-0.5356,0.0148,0.0219,66.47,-0.03,-0.32,327.917,140.018,-14.948
8010,90649.14,22.86,-0.5530,0.0197,0.0141,66.08,0.12,0.32,329.316,139.869,-14.936
8020,90633.80,22.85,-0.5683,0.0186,-0.0075,65.75,-0.24,-0.25,330.714,139.720,-14.925
8030,90618.15,22.84,-0.5526,0.0313,0.0187,64.35,-0.04,-0.34,332.110,139.570,-14.913
8040,90603.89,22.83,-0.5827,0.0517,0.0045,63.98,0.09,-0.41,333.505,139.421,-14.901
8050,90588.95,22.82,-0.5732,0.0464,0.0421,63.65,-0.67,-0.05,334.898,139.272,-14.890
8060,90572.11,22.81,-0.5484,0.0027,0.0046,62.62,-0.24,0.08,336.290,139.124,-14.878
8070,90555.91,22.81,-0.5278,0.0208,0.0031,62.25,-0.28,-0.03,337.681,138.975,-14.867
8080,90545.31,22.80,-0.5716,0.0250,-0.0234,61.51,-0.65,-0.06,339.070,138.826,-14.855
8090,90529.76,22.79,-0.5505,0.0241,-0.0060,61.00,0.14,-0.49,340.457,138.678,-14.844
8100,90509.01,22.78,-0.5658,0.0236,0.0205,60.20,-0.08,-0.68,341.843,138.529,-14.832
8110,90495.98,22.77,-0.5398,-0.0118,-0.0193,59.45,-0.10,0.08,343.228,138.381,-14.821
8120,90480.71,22.76,-0.5123,0.0172,-0.0050,59.49,-0.15,-0.57,344.611,138.233,-14.809
8130,90463.67,22.75,-0.5191,0.0356,0.0170,58.26,-0.25,0.26,345.992,138.085,-14.798
8140,90451.46,22.74,-0.5087,-0.0016,0.0034,58.07,-0.17,-0.25,347.372,137.937,-14.787
8150,90430.61,22.73,-0.5249,0.0218,-0.0004,57.66,0.45,-0.16,348.751,137.789,-14.775
8160,90419.48,22.72,-0.5104,0.0602,0.0160,56.82,-0.33,0.42,350.128,137.641,-14.764
8170,90406.91,22.72,-0.5094,0.0221,0.0054,56.14,0.11,0.34,351.503,137.494,-14.753
8180,90387.96,22.71,-0.5019,-0.0127,-0.0293,55.66,-0.11,0.09,352.877,137.346,-14.741
8190,90373.62,22.70,-0.5396,0.0435,-0.0394,55.36,-0.17,-0.53,354.250,137.199,-14.730
8200,90358.15,22.69,-0.4922,-0.0360,0.0026,54.18,-0.28,-0.16,355.621,137.052,-14.719
8210,90344.78,22.68,-0.5137,0.0332,0.0198,53.68,-0.50,0.08,356.991,136.905,-14.708
8220,90328.46,22.67,-0.5079,0.0392,-0.0449,54.12,-0.04,-0.00,358.359,136.758,-14.697
8230,90317.06,22.66,-0.5048,0.0398,-0.0004,53.00,-0.37,-0.25,359.726,136.611,-14.685
8240,90300.29,22.65,-0.5167,0.0141,0.0009,52.23,-0.32,-0.46,361.091,136.464,-14.674
8250,90282.85,22.64,-0.5049,0.0358,0.0027,51.74,-0.87,-0.30,362.455,136.317,-14.663
8260,90270.08,22.64,-0.5253,0.0105,0.0299,51.62,-0.41,0.31,363.818,136.171,-14.652
8270,90258.13,22.63,-0.4728,0.0214,0.0028,50.91,-0.26,-0.45,365.178,136.024,-14.641
8280,90242.33,22.62,-0.5283,-0.0229,0.0249,50.40,-0.11,-0.35,366.538,135.878,-14.630
8290,90220.16,22.61,-0.4798,0.0323,0.0115,50.02,0.18,-0.06,367.896,135.732,-14.619
8300,90210.09,22.60,-0.5121,-0.0062,0.0191,49.42,-0.06,-0.37,369.252,135.585,-14.608
8310,90194.26,22.59,-0.5461,0.0130,0.0080,48.81,0.10,0.06,370.607,135.439,-14.597
8320,90181.03,22.58,-0.5288,0.0233,0.0864,48.38,-0.30,0.03,371.961,135.293,-14.586
8330,90163.81,22.57,-0.4994,-0.0078,0.0129,48.03,-0.17,0.11,373.313,135.148,-14.575
8340,90151.32,22.56,-0.5111,0.0361,0.0104,47.71,-0.39,-0.13,374.664,135.002,-14.564
8350,90135.67,22.56,-0.5060,0.0112,0.0119,46.26,0.12,-0.51,376.013,134.856,-14.553
8360,90122.20,22.55,-0.5252,0.0587,0.0326,47.10,-0.39,-0.15,377.361,134.711,-14.542
8370,90109.58,22.54,-0.5122,0.0638,0.0300,46.30,-0.25,0.21,378.707,134.565,-14.532
8380,90092.46,22.53,-0.5307,0.0196,-0.0074,45.65,-0.10,-0.25,380.052,134.420,-14.521
8390,90077.16,22.52,-0.5358,0.0057,0.0438,44.86,-0.83,-0.25,381.395,134.275,-14.510
8400,90066.44,22.51,-0.4844,0.0200,0.0146,44.63,-0.13,-0.12,382.737,134.130,-14.499
8410,90048.19,22.50,-0.5360,0.0088,-0.0016,43.97,-0.21,-0.15,384.078,133.985,-14.488
8420,90031.93,22.49,-0.4877,0.0144,-0.0001,44.06,-0.09,0.47,385.417,133.840,-14.478
8430,90021.29,22.49,-0.4916,0.0212,-0.0012,42.91,-0.33,-0.38,386.754,133.695,-14.467
8440,90004.77,22.48,-0.4827,0.0161,0.0251,43.70,-0.29,-0.30,388.091,133.551,-14.456
8450,89993.29,22.47,-0.4734,0.0519,-0.0038,42.10,0.21,0.21,389.425,133.406,-14.446
8460,89975.74,22.46,-0.5426,0.0587,0.0439,42.49,-0.78,-0.14,390.759,133.262,-14.435
8470,89958.92,22.45,-0.4925,0.0469,0.0083,41.39,-0.63,-0.10,392.090,133.118,-14.424
8480,89943.88,22.44,-0.5032,0.0045,-0.0079,41.02,-0.70,0.19,393.421,132.973,-14.414
8490,89932.70,22.43,-0.5019,0.0580,0.0126,41.14,-0.21,-0.37,394.750,132.829,-14.403
8500,89915.08,22.43,-0.5023,0.0437,-0.0059,40.46,-0.44,-0.15,396.077,132.685,-14.393
8510,89903.03,22.42,-0.5084,0.0241,-0.0018,40.28,-0.16,-0.20,397.403,132.541,-14.382
8520,89889.16,22.41,-0.4791,0.0403,0.0346,40.01,-0.07,-0.20,398.728,132.398,-14.372
8530,89875.46,22.40,-0.4936,0.0105,0.0169,39.45,-0.51,0.01,400.051,132.254,-14.361
8540,89860.11,22.39,-0.4886,0.0173,0.0145,39.34,-0.66,0.02,401.373,132.110,-14.351
8550,89841.87,22.38,-0.4737,0.0102,-0.0166,38.86,-0.73,-0.42,402.693,131.967,-14.340
8560,89828.24,22.37,-0.4900,-0.0080,0.0197,38.48,0.16,0.16,404.012,131.824,-14.330
8570,89814.91,22.37,-0.4901,0.0244,0.0116,37.61,-0.97,-0.38,405.330,131.680,-14.319
8580,89803.22,22.36,-0.4856,0.0648,-0.0565,36.86,-0.69,0.05,406.646,131.537,-14.309
8590,89791.31,22.35,-0.5041,0.0180,0.0229,37.08,-0.20,-0.44,407.960,131.394,-14.299
8600,89770.91,22.34,-0.5115,-0.0089,0.0239,36.54,-0.40,-0.55,409.273,131.251,-14.288
8610,89759.32,22.33,-0.4605,-0.0065,0.0401,36.41,-1.08,-0.16,410.585,131.108,-14.278
8620,89745.59,22.32,-0.4519,0.0141,-0.0383,35.37,-0.74,-0.07,411.895,130.966,-14.268
8630,89727.93,22.31,-0.5060,0.0235,0.0266,35.06,-0.27,0.11,413.204,130.823,-14.257
8640,89718.09,22.31,-0.4490,0.0449,0.0275,35.03,0.40,0.02,414.512,130.681,-14.247
8650,89702.35,22.30,-0.4830,0.0302,0.0014,34.84,0.11,-0.05,415.818,130.538,-14.237
8660,89685.13,22.29,-0.4701,0.0107,-0.0054,34.20,-0.53,-0.15,417.122,130.396,-14.227
8670,89677.07,22.28,-0.4779,0.0473,-0.0055,34.10,0.22,-0.15,418.425,130.254,-14.216
8680,89660.54,22.27,-0.4656,0.0073,0.0595,33.84,0.02,-0.04,419.727,130.111,-14.206
8690,89648.25,22.26,-0.4399,-0.0291,-0.0179,32.84,-0.52,-0.26,421.028,129.969,-14.196
8700,89632.17,22.25,-0.4820,0.0296,0.0262,33.19,-0.61,-0.39,422.326,129.828,-14.186
8710,89616.85,22.25,-0.4546,0.0150,0.0186,32.31,-1.14,-0.17,423.624,129.686,-14.176
8720,89603.51,22.24,-0.4891,0.0088,0.0227,32.68,0.12,0.02,424.920,129.544,-14.166
8730,89588.43,22.23,-0.4571,0.0607,0.0460,31.92,-0.15,0.25,426.215,129.402,-14.156
8740,89575.48,22.22,-0.4542,0.0445,0.0172,32.00,-0.38,-0.51,427.508,129.261,-14.146
8750,89559.81,22.21,-0.4519,0.0142,0.0141,32.19,-0.50,0.09,428.800,129.119,-14.136
8760,89545.69,22.20,-0.4524,0.0359,0.0382,31.00,-0.36,-0.16,430.090,128.978,-14.126
8770,89532.84,22.20,-0.5202,0.0267,-0.0130,30.92,-0.66,-0.13,431.379,128.837,-14.116
8780,89518.91,22.19,-0.4093,0.0322,0.0041,30.86,-0.74,0.10,432.667,128.696,-14.106
8790,89507.97,22.18,-0.4706,0.0133,-0.0247,30.43,0.00,-0.59,433.953,128.555,-14.096
8800,89492.86,22.17,-0.4819,0.0500,-0.0325,29.94,0.04,-0.57,435.238,128.414,-14.086
8810,89475.42,22.16,-0.4580,0.0160,-0.0034,29.49,-0.38,-0.30,436.521,128.273,-14.076
8820,89462.00,22.15,-0.4403,0.0220,0.0211,29.59,-0.66,-0.55,437.803,128.132,-14.066
8830,89454.29,22.15,-0.5008,0.0034,0.0243,29.06,-0.36,0.30,439.084,127.992,-14.056
8840,89432.59,22.14,-0.4339,-0.0130,-0.0225,28.73,-0.19,0.52,440.363,127.851,-14.046
8850,89422.55,22.13,-0.4508,0.0329,0.0115,28.34,-0.42,-0.02,441.640,127.711,-14.036
8860,89406.60,22.12,-0.4862,0.0040,-0.0241,28.70,-0.79,-0.02,442.917,127.571,-14.026
8870,89393.11,22.11,-0.4276,0.0550,0.0041,28.19,-0.19,-0.68,444.192,127.430,-14.017
8880,89383.93,22.10,-0.4361,0.0305,0.0281,27.82,-0.47,-0.10,445.465,127.290,-14.007
8890,89363.24,22.10,-0.4058,-0.0068,0.0337,27.24,-0.22,-0.03,446.737,127.150,-13.997
8900,89350.00,22.09,-0.4483,-0.0392,0.0146,27.57,-0.34,-0.45,448.008,127.010,-13.987
8910,89336.58,22.08,-0.5024,-0.0112,0.0187,27.45,-0.03,-0.21,449.277,126.870,-13.978
8920,89324.75,22.07,-0.4390,0.0541,0.0080,26.64,-0.14,-0.03,450.545,126.731,-13.968
8930,89311.83,22.06,-0.4761,-0.0174,0.0104,26.62,0.34,-0.08,451.812,126.591,-13.958
8940,89294.43,22.05,-0.4552,-0.0146,0.0072,26.44,-0.22,0.46,453.077,126.451,-13.949
8950,89283.10,22.05,-0.4442,0.0246,0.0204,25.89,-0.17,0.07,454.341,126.312,-13.939
8960,89268.65,22.04,-0.4445,0.0263,0.0042,25.26,-0.15,-0.10,455.603,126.173,-13.929
8970,89254.46,22.03,-0.4638,-0.0268,-0.0151,25.40,-0.97,-0.30,456.864,126.033,-13.920
8980,89242.92,22.02,-0.4544,0.0023,0.0306,25.21,-0.60,0.09,458.124,125.894,-13.910
8990,89233.45,22.01,-0.4604,-0.0038,-0.0012,24.93,-0.28,-0.32,459.382,125.755,-13.901
9000,89212.53,22.01,-0.4261,0.0171,0.0132,24.57,-0.17,-0.69,460.639,125.616,-13.891
9010,89200.50,22.00,-0.4390,0.0243,0.0210,24.63,-0.28,0.04,461.894,125.477,-13.882
9020,89189.98,21.99,-0.4320,0.0146,0.0050,24.11,-0.02,-0.44,463.148,125.339,-13.872
9030,89172.65,21.98,-0.4284,0.0229,0.0318,24.24,-0.12,-0.67,464.401,125.200,-13.863
9040,89163.80,21.97,-0.4277,0.0340,0.0227,23.64,-0.12,-0.57,465.652,125.061,-13.853
9050,89144.88,21.97,-0.4355,0.0484,0.0173,23.78,-0.26,-0.15,466.902,124.923,-13.844
9060,89136.62,21.96,-0.4161,0.0204,0.0068,23.44,-0.15,-0.31,468.150,124.784,-13.834
9070,89120.23,21.95,-0.4519,0.0221,0.0292,22.27,-0.36,-0.58,469.397,124.646,-13.825
9080,89106.11,21.94,-0.4426,-0.0049,0.0142,22.31,-0.53,-0.63,470.643,124.508,-13.815
9090,89091.72,21.93,-0.4224,0.0100,0.0368,22.41,-0.45,0.14,471.887,124.370,-13.806
9100,89081.11,21.92,-0.4151,0.0275,0.0405,22.53,0.12,-0.46,473.130,124.232,-13.797
9110,89068.30,21.92,-0.4124,0.0191,0.0363,22.08,-0.31,-0.04,474.372,124.094,-13.787
9120,89050.37,21.91,-0.4589,0.0145,-0.0332,22.13,-0.42,0.27,475.612,123.956,-13.778
9130,89040.40,21.90,-0.4414,0.0075,0.0237,21.89,-0.31,-0.59,476.851,123.818,-13.769
9140,89027.12,21.89,-0.4155,0.0330,-0.0129,21.23,-0.05,0.35,478.088,123.681,-13.759
9150,89013.28,21.88,-0.4489,0.0299,-0.0503,21.22,-0.40,0.31,479.324,123.543,-13.750
9160,88998.73,21.88,-0.4493,0.0694,0.0194,20.98,-0.44,-0.47,480.559,123.406,-13.741
9170,88982.23,21.87,-0.4123,0.0016,0.0274,20.90,0.02,-0.30,481.792,123.268,-13.732
9180,88973.51,21.86,-0.4351,0.0129,-0.0062,19.87,-0.19,-0.58,483.024,123.131,-13.722
9190,88965.63,21.85,-0.4227,-0.0146,0.0070,20.53,-0.13,-0.43,484.255,122.994,-13.713
9200,88947.28,21.84,-0.4178,0.0098,0.0072,20.23,-0.25,-0.04,485.484,122.857,-13.704
9210,88935.72,21.84,-0.3945,-0.0032,0.0040,20.05,-0.17,-0.39,486.712,122.720,-13.695
9220,88919.81,21.83,-0.4209,0.0219,0.0241,19.61,-0.79,-0.31,487.938,122.583,-13.686
9230,88906.26,21.82,-0.4227,0.0370,-0.0083,19.72,0.26,-0.55,489.163,122.446,-13.677
9240,88893.17,21.81,-0.4183,0.0318,0.0233,19.20,0.55,-0.27,490.387,122.309,-13.668
9250,88880.96,21.80,-0.4059,0.0245,0.0126,19.02,-0.36,-0.26,491.609,122.173,-13.658
9260,88870.56,21.80,-0.4443,0.0094,0.0039,18.74,-0.00,-0.28,492.830,122.036,-13.649
9270,88852.59,21.79,-0.4268,0.0358,0.0215,18.64,-0.15,-0.17,494.050,121.900,-13.640
9280,88844.51,21.78,-0.4356,-0.0199,0.0027,18.40,-0.52,-0.23,495.268,121.763,-13.631
9290,88828.41,21.77,-0.4092,0.0213,-0.0035,18.92,-0.39,-0.52,496.485,121.627,-13.622
9300,88814.57,21.76,-0.4032,-0.0172,0.0256,18.34,-0.23,-0.23,497.701,121.491,-13.613
9310,88805.70,21.76,-0.3734,-0.0058,0.0033,17.87,-0.31,-0.50,498.915,121.355,-13.604
9320,88785.28,21.75,-0.4195,0.0101,0.0287,18.13,-0.08,-0.07,500.128,121.219,-13.595
9330,88779.25,21.74,-0.4257,0.0119,0.0249,17.44,-0.06,-0.45,501.339,121.083,-13.586
9340,88761.37,21.73,-0.4222,0.0324,-0.0030,17.56,-0.05,-0.03,502.549,120.947,-13.577
9350,88749.27,21.73,-0.4299,0.0293,-0.0059,17.58,-0.35,0.09,503.758,120.811,-13.569
9360,88735.93,21.72,-0.4065,-0.0030,0.0136,17.52,-0.22,-0.10,504.965,120.676,-13.560
9370,88720.91,21.71,-0.3768,-0.0053,0.0414,16.89,-0.97,-0.15,506.171,120.540,-13.551
9380,88709.77,21.70,-0.4237,-0.0087,0.0168,16.84,-0.32,0.19,507.376,120.405,-13.542
9390,88697.15,21.69,-0.4129,-0.0133,0.0034,16.84,-0.11,-0.04,508.579,120.269,-13.533
9400,88683.57,21.69,-0.3941,-0.0218,0.0045,17.21,-0.06,-0.16,509.781,120.134,-13.524
9410,88672.91,21.68,-0.3678,0.0178,0.0209,16.62,-0.25,0.03,510.982,119.999,-13.515
9420,88656.65,21.67,-0.3541,0.0133,0.0166,16.71,0.44,0.10,512.181,119.864,-13.507
9430,88646.73,21.66,-0.3798,-0.0273,0.0126,16.45,-0.30,0.31,513.379,119.729,-13.498
9440,88636.14,21.66,-0.3998,0.0296,0.0277,16.29,-0.30,-0.69,514.575,119.594,-13.489
9450,88620.17,21.65,-0.3424,0.0026,0.0189,15.64,-0.11,0.48,515.771,119.459,-13.480
9460,88610.47,21.64,-0.4258,0.0178,0.0141,15.57,-0.34,-0.50,516.964,119.324,-13.472
9470,88590.66,21.63,-0.4003,0.0275,0.0069,15.36,0.29,-0.27,518.157,119.189,-13.463
9480,88582.76,21.62,-0.3822,0.0064,0.0435,14.87,-0.44,-0.15,519.348,119.055,-13.454
9490,88571.29,21.62,-0.3663,0.0009,0.0082,14.69,-0.61,0.29,520.538,118.920,-13.446
9500,88556.79,21.61,-0.3814,-0.0004,0.0153,14.31,-0.20,-0.09,521.726,118.786,-13.437
9510,88547.18,21.60,-0.3909,0.0243,0.0277,15.54,0.14,0.13,522.913,118.652,-13.428
9520,88528.80,21.59,-0.3898,0.0149,-0.0076,14.89,-0.38,-0.05,524.099,118.517,-13.420
9530,88515.15,21.59,-0.3854,-0.0177,0.0112,14.96,-0.36,-0.42,525.284,118.383,-13.411
9540,88505.15,21.58,-0.4012,0.0143,0.0217,14.26,-0.42,-0.80,526.467,118.249,-13.403
9550,88488.03,21.57,-0.4072,0.0255,0.0217,14.33,-0.38,-0.16,527.649,118.115,-13.394
9560,88479.31,21.56,-0.3571,0.0176,-0.0031,14.00,-0.08,0.01,528.829,117.981,-13.386
9570,88464.49,21.55,-0.3737,0.0081,0.0487,13.94,-0.37,-0.80,530.008,117.847,-13.377
9580,88457.45,21.55,-0.4028,0.0222,0.0047,13.17,-0.25,-0.31,531.186,117.714,-13.368
9590,88440.48,21.54,-0.3983,0.0110,0.0345,13.76,0.00,-0.34,532.362,117.580,-13.360
9600,88427.64,21.53,-0.4017,0.0252,0.0061,13.41,-0.35,-0.43,533.537,117.446,-13.352
9610,88418.00,21.52,-0.4049,0.0460,0.0163,13.80,0.39,-0.05,534.711,117.313,-13.343
9620,88404.73,21.52,-0.3798,0.0329,0.0357,13.31,-0.17,-0.28,535.883,117.180,-13.335
9630,88388.25,21.51,-0.3573,0.0381,0.0419,12.83,-0.12,-0.00,537.054,117.046,-13.326
9640,88381.51,21.50,-0.3724,0.0131,0.0184,13.45,-0.30,-0.12,538.224,116.913,-13.318
9650,88365.85,21.49,-0.3720,0.0321,-0.0032,13.54,-0.50,-0.44,539.393,116.780,-13.309
9660,88353.19,21.49,-0.3563,0.0451,0.0550,12.87,-0.40,-0.48,540.560,116.647,-13.301
9670,88339.49,21.48,-0.3708,0.0191,-0.0316,12.62,-0.12,-0.45,541.725,116.514,-13.293
9680,88325.83,21.47,-0.3997,0.0398,0.0463,12.82,-0.42,-0.34,542.890,116.381,-13.284
9690,88319.88,21.46,-0.3349,0.0433,0.0114,11.92,-0.04,0.26,544.053,116.248,-13.276
9700,88302.89,21.46,-0.3926,0.0238,0.0173,12.16,-0.33,-0.80,545.215,116.115,-13.268
9710,88290.04,21.45,-0.4122,0.0038,-0.0041,12.10,0.03,-0.47,546.375,115.983,-13.259
9720,88278.36,21.44,-0.4017,0.0172,0.0067,11.88,-0.47,-0.47,547.534,115.850,-13.251
9730,88260.96,21.43,-0.4034,-0.0173,0.0208,11.62,0.02,-0.01,548.692,115.718,-13.243
9740,88252.46,21.43,-0.3498,0.0118,-0.0258,11.60,-0.26,-0.24,549.848,115.585,-13.235
9750,88237.40,21.42,-0.3592,0.0050,0.0333,11.73,0.18,0.09,551.003,115.453,-13.226
9760,88227.36,21.41,-0.3449,0.0139,0.0185,11.92,-0.18,0.13,552.157,115.321,-13.218
9770,88218.38,21.40,-0.3576,0.0100,-0.0188,11.21,-0.48,0.21,553.310,115.189,-13.210
9780,88203.81,21.40,-0.3637,0.0139,-0.0182,11.15,-0.11,0.17,554.461,115.057,-13.202
9790,88195.61,21.39,-0.3478,0.0463,0.0050,11.53,-0.01,-0.54,555.611,114.925,-13.194
9800,88179.13,21.38,-0.3681,0.0486,0.0147,10.70,-0.23,0.49,556.759,114.793,-13.185
9810,88163.25,21.37,-0.3686,0.0271,0.0129,11.14,-0.55,-0.32,557.906,114.661,-13.177
9820,88153.38,21.37,-0.3615,0.0021,-0.0177,11.16,0.15,0.02,559.052,114.529,-13.169
9830,88142.54,21.36,-0.3474,0.0151,0.0214,10.46,-0.67,-0.33,560.197,114.398,-13.161
9840,88129.89,21.35,-0.3573,0.0304,-0.0119,10.85,0.09,-0.28,561.340,114.266,-13.153
9850,88115.82,21.34,-0.3800,0.0267,-0.0110,10.91,-0.15,-0.33,562.482,114.135,-13.145
9860,88106.49,21.34,-0.3450,0.0128,-0.0104,10.34,-0.49,-0.03,563.623,114.003,-13.137
9870,88094.32,21.33,-0.3325,0.0207,0.0236,9.85,-0.69,-0.61,564.762,113.872,-13.129
9880,88073.06,21.32,-0.3579,-0.0274,0.0501,9.77,-0.31,-0.26,565.900,113.741,-13.121
9890,88071.60,21.31,-0.3755,0.0225,0.0038,10.23,-0.33,-0.67,567.037,113.609,-13.113
9900,88054.72,21.31,-0.3738,0.0300,-0.0199,10.62,-0.56,-0.14,568.172,113.478,-13.105
9910,88044.89,21.30,-0.3557,-0.0076,0.0213,9.48,-0.36,-0.32,569.306,113.347,-13.097
9920,88029.21,21.29,-0.3391,-0.0234,0.0314,9.70,-0.70,-0.12,570.439,113.216,-13.089
9930,88020.49,21.28,-0.3811,0.0150,0.0451,9.73,-0.33,0.55,571.570,113.085,-13.081
9940,88008.02,21.28,-0.3541,0.0215,0.0007,9.31,-0.09,-0.02,572.700,112.955,-13.073
9950,87995.00,21.27,-0.3798,0.0103,0.0195,9.86,-0.59,-0.32,573.829,112.824,-13.065
9960,87984.28,21.26,-0.3476,0.0197,0.0056,9.75,-0.09,-0.58,574.957,112.693,-13.057
9970,87979.32,21.26,-0.3329,-0.0005,0.0050,8.89,-0.54,-0.52,576.083,112.563,-13.049
9980,87958.44,21.25,-0.3333,0.0213,0.0066,9.31,-0.40,-0.13,577.208,112.432,-13.041
9990,87949.44,21.24,-0.3152,0.0180,-0.0092,9.43,-0.56,-0.51,578.332,112.302,-13.033
10000,87935.73,21.23,-0.3275,-0.0029,0.0408,9.03,0.01,-0.29,579.454,112.172,-13.026
10010,87922.15,21.23,-0.3411,0.0020,0.0030,9.34,-0.21,-0.10,580.575,112.041,-13.018
10020,87906.96,21.22,-0.3588,0.0085,0.0043,9.64,-0.51,-0.50,581.695,111.911,-13.010
10030,87898.56,21.21,-0.3595,-0.0289,-0.0036,9.08,-0.11,-0.06,582.813,111.781,-13.002
10040,87887.49,21.20,-0.3515,-0.0015,0.0155,9.20,-0.37,0.02,583.930,111.651,-12.994
10050,87879.26,21.20,-0.3685,0.0242,0.0059,8.58,-0.47,-0.16,585.046,111.521,-12.987
10060,87861.50,21.19,-0.3728,0.0457,0.0107,8.19,-0.23,0.16,586.160,111.392,-12.979
10070,87854.26,21.18,-0.3369,0.0062,0.0448,8.68,-0.20,-0.06,587.274,111.262,-12.971
10080,87839.47,21.18,-0.3281,0.0023,0.0140,8.38,-0.59,-0.04,588.385,111.132,-12.963
10090,87826.57,21.17,-0.3499,0.0514,0.0180,8.58,-0.43,0.07,589.496,111.003,-12.956
10100,87813.45,21.16,-0.3568,0.0129,0.0335,8.09,-0.23,-0.03,590.605,110.873,-12.948
10110,87799.82,21.15,-0.3047,0.0384,-0.0048,8.00,0.11,0.11,591.713,110.744,-12.940
10120,87793.39,21.15,-0.3617,0.0421,0.0408,7.66,-0.25,0.26,592.820,110.614,-12.933
10130,87777.89,21.14,-0.3441,0.0381,-0.0107,8.07,-0.86,0.08,593.926,110.485,-12.925
10140,87772.62,21.13,-0.3373,0.0204,0.0150,8.07,-0.39,-0.10,595.030,110.356,-12.917
10150,87758.81,21.13,-0.3354,0.0306,0.0123,8.08,-0.49,-0.28,596.133,110.227,-12.910
10160,87745.37,21.12,-0.2988,0.0534,-0.0007,7.79,-0.33,-0.46,597.234,110.097,-12.902
10170,87731.92,21.11,-0.3217,-0.0125,0.0347,7.53,-0.20,-0.19,598.334,109.968,-12.895
10180,87720.49,21.10,-0.3275,0.0096,0.0144,8.21,-0.40,0.19,599.433,109.840,-12.887
10190,87706.98,21.10,-0.2924,-0.0275,0.0089,6.98,-0.29,-0.26,600.531,109.711,-12.880
10200,87694.52,21.09,-0.3348,0.0389,0.0185,7.34,0.07,0.27,601.627,109.582,-12.872
10210,87684.37,21.08,-0.3276,-0.0053,-0.0021,7.58,-0.07,0.08,602.723,109.453,-12.864
10220,87673.82,21.08,-0.3156,0.0571,0.0230,7.61,-0.24,0.07,603.816,109.325,-12.857
10230,87667.83,21.07,-0.3288,0.0034,0.0089,7.41,-0.38,0.39,604.909,109.196,-12.849
10240,87647.17,21.06,-0.3298,0.0245,0.0309,7.50,-0.30,-0.10,606.000,109.068,-12.842
10250,87638.05,21.05,-0.3482,0.0215,0.0108,7.25,-0.39,-0.61,607.090,108.939,-12.835
10260,87630.41,21.05,-0.3103,0.0205,0.0303,6.83,0.08,-0.46,608.179,108.811,-12.827
10270,87618.23,21.04,-0.3270,0.0436,0.0273,7.26,-0.19,0.28,609.266,108.683,-12.820
10280,87609.97,21.03,-0.3408,0.0244,0.0236,7.04,-0.47,-0.27,610.352,108.555,-12.812
10290,87592.03,21.03,-0.3462,0.0131,0.0203,6.69,-0.64,-0.32,611.437,108.426,-12.805
10300,87580.79,21.02,-0.3259,0.0442,0.0350,5.93,0.78,0.32,612.521,108.298,-12.797
10310,87567.63,21.01,-0.3202,0.0003,0.0576,6.41,0.07,-0.19,613.603,108.171,-12.790
10320,87560.71,21.00,-0.3239,-0.0078,-0.0230,6.65,-0.28,-0.35,614.684,108.043,-12.783
10330,87550.51,21.00,-0.3268,0.0073,0.0530,6.64,-0.34,-0.38,615.764,107.915,-12.775
10340,87534.29,20.99,-0.3446,0.0008,-0.0061,6.15,-0.66,-0.11,616.842,107.787,-12.768
10350,87519.60,20.98,-0.3240,0.0398,0.0000,6.44,0.12,-0.01,617.919,107.660,-12.761
10360,87510.16,20.98,-0.3264,0.0133,0.0349,6.98,-0.44,0.02,618.995,107.532,-12.753
10370,87503.46,20.97,-0.3104,-0.0220,-0.0112,6.03,-0.53,-0.63,620.070,107.404,-12.746
10380,87491.50,20.96,-0.3180,0.0133,-0.0407,6.51,-0.82,-0.03,621.143,107.277,-12.739
10390,87477.26,20.96,-0.3089,0.0078,0.0153,5.96,-0.05,-0.01,622.215,107.150,-12.731
10400,87467.02,20.95,-0.2894,0.0051,-0.0540,6.87,0.48,-0.00,623.286,107.022,-12.724
10410,87453.53,20.94,-0.3261,-0.0311,-0.0161,5.87,-0.29,-0.39,624.356,106.895,-12.717
10420,87445.92,20.93,-0.3112,0.0207,-0.0072,6.00,0.03,-0.24,625.424,106.768,-12.710
10430,87435.79,20.93,-0.3261,0.0309,-0.0118,5.59,-0.39,0.31,626.491,106.641,-12.703
10440,87418.62,20.92,-0.3227,0.0264,0.0294,6.07,-0.25,-0.22,627.557,106.514,-12.695
10450,87412.31,20.91,-0.2827,0.0468,-0.0037,5.45,-0.32,0.13,628.621,106.387,-12.688
10460,87402.30,20.91,-0.3205,-0.0033,-0.0073,5.94,-0.35,0.52,629.684,106.260,-12.681
10470,87385.92,20.90,-0.3644,0.0685,0.0381,5.34,-0.62,-0.64,630.746,106.133,-12.674
10480,87378.30,20.89,-0.3206,0.0284,-0.0171,5.53,0.16,-0.60,631.807,106.007,-12.667
10490,87362.33,20.89,-0.2883,0.0137,0.0082,5.27,-0.40,-0.71,632.866,105.880,-12.660
10500,87358.17,20.88,-0.3126,0.0245,-0.0028,5.25,-0.36,-0.58,633.924,105.754,-12.652
10510,87341.15,20.87,-0.3338,0.0266,-0.0047,5.73,0.10,-0.37,634.981,105.627,-12.645
10520,87330.02,20.87,-0.3124,-0.0069,0.0202,5.73,-0.86,-0.03,636.037,105.501,-12.638
10530,87319.27,20.86,-0.3262,0.0089,-0.0029,5.56,-0.45,0.25,637.091,105.374,-12.631
10540,87308.86,20.85,-0.2903,-0.0006,0.0052,5.74,-0.36,-0.44,638.144,105.248,-12.624
10550,87301.80,20.85,-0.3412,0.0355,0.0043,5.79,-0.15,-0.32,639.196,105.122,-12.617
10560,87291.01,20.84,-0.3220,0.0764,0.0246,5.28,-0.25,-0.08,640.246,104.996,-12.610
10570,87274.62,20.83,-0.2977,0.0198,0.0008,5.46,-0.28,-0.69,641.296,104.870,-12.603
10580,87264.07,20.82,-0.3421,0.0079,-0.0068,5.08,-0.16,0.05,642.344,104.744,-12.596
10590,87251.75,20.82,-0.3061,0.0091,0.0183,5.39,0.19,-0.49,643.390,104.618,-12.589
10600,87243.82,20.81,-0.3120,0.0179,-0.0334,5.36,-0.58,-0.40,644.436,104.492,-12.582
10610,87230.05,20.80,-0.2654,-0.0078,-0.0099,4.51,-0.38,-0.38,645.480,104.366,-12.575
10620,87221.16,20.80,-0.3018,0.0060,0.0177,4.95,-0.13,-0.13,646.523,104.240,-12.568
10630,87209.69,20.79,-0.2987,0.0339,-0.0216,4.98,-0.19,-0.30,647.565,104.115,-12.561
10640,87198.80,20.78,-0.3176,-0.0253,-0.0098,4.95,-0.04,-0.18,648.605,103.989,-12.554
10650,87183.82,20.78,-0.2992,0.0276,0.0147,4.75,-0.23,-0.42,649.644,103.863,-12.547
10660,87176.01,20.77,-0.3086,0.0287,0.0060,4.02,-0.35,0.00,650.682,103.738,-12.541
10670,87164.17,20.76,-0.2764,0.0005,0.0369,4.80,0.19,0.12,651.719,103.613,-12.534
10680,87149.32,20.76,-0.3183,0.0313,0.0327,4.96,-0.53,-0.06,652.754,103.487,-12.527
10690,87141.06,20.75,-0.2684,0.0409,0.0009,5.23,-0.29,-0.19,653.789,103.362,-12.520
10700,87132.08,20.74,-0.3387,0.0424,0.0253,4.54,0.23,-0.52,654.822,103.237,-12.513
10710,87124.11,20.74,-0.3047,0.0480,-0.0113,4.21,0.08,-0.56,655.853,103.112,-12.506
10720,87109.49,20.73,-0.3072,0.0273,0.0403,4.40,0.22,0.07,656.884,102.987,-12.499
10730,87099.76,20.72,-0.2717,0.0142,0.0381,4.39,-0.27,0.27,657.913,102.862,-12.493
10740,87086.86,20.72,-0.3389,0.0281,-0.0050,4.31,0.14,-0.75,658.941,102.737,-12.486
10750,87078.75,20.71,-0.2777,0.0565,-0.0091,3.84,-0.17,0.04,659.967,102.612,-12.479
10760,87063.77,20.70,-0.2832,-0.0172,0.0195,3.82,-0.62,-0.26,660.993,102.487,-12.472
10770,87054.73,20.70,-0.2821,0.0310,0.0094,4.93,-0.36,-0.75,662.017,102.363,-12.466
10780,87047.25,20.69,-0.2772,0.0226,0.0160,3.99,0.02,0.10,663.040,102.238,-12.459
10790,87036.78,20.68,-0.3210,0.0128,-0.0188,4.26,-0.16,0.00,664.062,102.114,-12.452
10800,87023.34,20.68,-0.2818,0.0242,0.0004,3.99,0.04,-0.85,665.082,101.989,-12.445
10810,87009.13,20.67,-0.3483,0.0257,0.0219,4.40,-0.26,-0.26,666.101,101.865,-12.439
10820,87003.09,20.66,-0.2774,0.0145,-0.0018,4.57,-0.35,-0.15,667.119,101.740,-12.432
10830,86983.25,20.66,-0.2868,0.0472,0.0180,3.22,-0.54,-0.03,668.136,101.616,-12.425
10840,86978.41,20.65,-0.2983,0.0124,-0.0115,3.72,0.10,-0.46,669.151,101.492,-12.419
10850,86968.09,20.64,-0.2677,0.0301,0.0334,3.82,0.06,0.13,670.166,101.368,-12.412
10860,86955.35,20.64,-0.2773,-0.0300,0.0040,4.01,-0.09,-0.56,671.179,101.243,-12.405
10870,86947.23,20.63,-0.2776,0.0360,0.0186,4.08,-0.08,-0.09,672.190,101.119,-12.399
10880,86937.81,20.62,-0.2843,-0.0020,0.0150,4.25,-0.37,-0.52,673.201,100.996,-12.392
10890,86921.85,20.62,-0.2747,0.0043,0.0144,3.11,-0.60,0.28,674.210,100.872,-12.386
10900,86918.36,20.61,-0.2520,0.0013,0.0027,3.81,0.10,-0.36,675.218,100.748,-12.379
10910,86903.90,20.60,-0.2824,0.0093,0.0054,3.78,-0.65,0.08,676.225,100.624,-12.372
10920,86893.21,20.60,-0.3022,0.0451,0.0046,4.13,0.18,-0.00,677.231,100.500,-12.366
10930,86882.41,20.59,-0.2666,0.0153,0.0282,3.64,-0.76,-0.32,678.235,100.377,-12.359
10940,86873.86,20.58,-0.2875,0.0282,-0.0075,3.04,0.07,0.24,679.238,100.253,-12.353
10950,86863.27,20.58,-0.3028,0.0009,0.0116,3.19,-0.41,-0.04,680.240,100.130,-12.346
10960,86853.69,20.57,-0.2239,0.0179,-0.0087,3.49,0.12,-0.63,681.241,100.006,-12.340
10970,86841.11,20.57,-0.2875,0.0609,0.0384,3.70,-0.35,-0.08,682.240,99.883,-12.333
10980,86829.54,20.56,-0.2457,0.0336,0.0365,3.21,0.01,-0.11,683.238,99.760,-12.327
10990,86823.23,20.55,-0.3027,0.0183,0.0147,3.19,0.30,-0.47,684.235,99.636,-12.320
11000,86807.62,20.55,-0.2905,0.0044,0.0273,3.41,0.21,-0.04,685.231,99.513,-12.314
11010,86800.68,20.54,-0.2785,0.0304,-0.0031,3.21,-0.22,-0.14,686.225,99.390,-12.307
11020,86789.83,20.53,-0.2719,0.0144,0.0262,2.90,-0.89,-0.22,687.218,99.267,-12.301
11030,86779.04,20.53,-0.2864,0.0310,0.0286,3.42,0.63,-0.16,688.210,99.144,-12.294
11040,86767.51,20.52,-0.2823,0.0412,0.0108,3.10,-0.30,-0.41,689.201,99.021,-12.288
11050,86756.58,20.51,-0.2697,0.0242,0.0095,2.97,-0.10,-0.21,690.191,98.898,-12.282
11060,86742.62,20.51,-0.2785,0.0234,0.0243,3.16,-0.17,-0.48,691.179,98.775,-12.275
11070,86730.35,20.50,-0.2846,0.0143,-0.0086,2.97,-0.23,-0.01,692.166,98.653,-12.269
11080,86729.37,20.49,-0.3033,0.0175,-0.0035,3.13,-0.63,-0.03,693.152,98.530,-12.263
11090,86714.42,20.49,-0.2567,0.0323,0.0108,3.23,0.06,-0.30,694.137,98.407,-12.256
11100,86700.51,20.48,-0.2936,0.0082,0.0029,2.51,0.38,-0.03,695.120,98.285,-12.250
11110,86694.98,20.48,-0.2651,0.0241,0.0095,2.74,-0.38,-0.51,696.102,98.162,-12.244
11120,86683.67,20.47,-0.2552,0.0011,0.0039,3.06,-0.45,-0.07,697.083,98.040,-12.237
11130,86669.34,20.46,-0.3024,0.0073,0.0229,3.01,-0.06,-0.29,698.063,97.918,-12.231
11140,86662.06,20.46,-0.2534,0.0647,0.0220,3.19,-0.01,-0.03,699.041,97.795,-12.225
11150,86651.75,20.45,-0.2954,0.0262,0.0395,2.69,0.28,-0.03,700.019,97.673,-12.218
11160,86640.19,20.44,-0.2977,0.0277,0.0001,2.89,0.05,0.23,700.995,97.551,-12.212
11170,86632.36,20.44,-0.2924,0.0101,0.0101,3.48,-0.09,-0.28,701.969,97.429,-12.206
11180,86617.35,20.43,-0.2851,0.0393,-0.0008,3.03,-0.26,0.28,702.943,97.307,-12.200
11190,86609.93,20.42,-0.2819,0.0170,0.0320,2.85,-0.45,-0.28,703.915,97.185,-12.193
11200,86596.80,20.42,-0.2660,0.0178,-0.0008,2.49,0.17,-0.35,704.887,97.063,-12.187
11210,86589.49,20.41,-0.2259,0.0168,0.0028,2.88,0.33,-0.18,705.857,96.941,-12.181
11220,86580.34,20.41,-0.2689,0.0145,0.0039,2.50,-0.40,-0.22,706.825,96.819,-12.175
11230,86568.35,20.40,-0.2287,0.0462,-0.0185,2.89,-0.12,-0.38,707.793,96.698,-12.169
11240,86559.98,20.39,-0.2239,0.0161,0.0368,2.77,-0.19,-0.39,708.759,96.576,-12.162
11250,86551.41,20.39,-0.2567,0.0064,0.0119,2.74,-0.14,-0.07,709.724,96.454,-12.156
11260,86537.58,20.38,-0.2600,0.0403,0.0029,3.21,-0.61,-0.63,710.688,96.333,-12.150
11270,86530.93,20.37,-0.2693,0.0073,0.0001,3.11,0.35,0.09,711.651,96.211,-12.144
11280,86522.15,20.37,-0.2611,0.0154,0.0228,2.77,0.20,-0.20,712.612,96.090,-12.138
11290,86507.47,20.36,-0.2515,0.0340,-0.0369,2.76,-0.85,-0.07,713.572,95.969,-12.132
11300,86497.29,20.36,-0.2583,-0.0218,0.0137,2.61,-0.85,-0.33,714.532,95.847,-12.126
11310,86492.19,20.35,-0.2376,0.0134,-0.0020,2.55,-0.29,-0.35,715.489,95.726,-12.120
11320,86478.38,20.34,-0.2426,0.0112,-0.0015,2.60,-0.02,0.04,716.446,95.605,-12.114
11330,86470.48,20.34,-0.2511,0.0681,0.0045,2.63,-0.50,-0.07,717.401,95.484,-12.108
11340,86454.31,20.33,-0.2868,0.0219,0.0212,2.70,-0.76,0.01,718.355,95.363,-12.101
11350,86446.81,20.32,-0.2006,0.0039,-0.0067,2.43,0.15,-0.25,719.308,95.242,-12.095
11360,86435.86,20.32,-0.2711,0.0134,-0.0238,3.05,-0.10,-0.29,720.260,95.121,-12.089
11370,86427.01,20.31,-0.2566,0.0102,0.0157,2.19,-0.38,-0.61,721.211,95.000,-12.083
11380,86420.62,20.31,-0.2627,0.0088,0.0199,1.88,-0.21,-0.07,722.160,94.879,-12.077
11390,86407.23,20.30,-0.3031,0.0353,0.0261,2.04,0.16,-0.54,723.108,94.758,-12.071
11400,86395.58,20.29,-0.2284,0.0360,0.0071,2.49,-0.46,-0.52,724.055,94.638,-12.065
11410,86386.22,20.29,-0.2277,0.0405,0.0175,3.11,-0.01,-0.33,725.001,94.517,-12.059
11420,86379.76,20.28,-0.2395,-0.0112,-0.0112,2.70,-0.61,-0.21,725.945,94.397,-12.054
11430,86370.67,20.28,-0.2240,0.0124,-0.0378,2.25,-0.04,-0.31,726.889,94.276,-12.048
11440,86353.07,20.27,-0.2642,0.0356,0.0264,2.04,-0.18,-0.33,727.831,94.156,-12.042
11450,86348.89,20.26,-0.2691,0.0194,-0.0045,2.58,-0.41,-0.17,728.772,94.035,-12.036
11460,86335.78,20.26,-0.2926,0.0135,-0.0144,2.45,0.08,-0.31,729.711,93.915,-12.030
11470,86325.58,20.25,-0.2344,0.0101,0.0274,2.44,-0.34,0.32,730.650,93.795,-12.024
11480,86319.08,20.24,-0.2342,0.0201,-0.0085,2.21,-0.35,0.11,731.587,93.674,-12.018
11490,86306.41,20.24,-0.2451,0.0304,0.0458,1.96,-0.22,-0.44,732.523,93.554,-12.012
11500,86296.03,20.23,-0.2594,0.0408,0.0325,2.11,-0.51,0.13,733.458,93.434,-12.006
11510,86289.25,20.23,-0.2395,0.0280,0.0381,2.24,-0.29,-0.31,734.392,93.314,-12.000
11520,86278.32,20.22,-0.2511,-0.0004,-0.0061,2.59,0.08,-0.37,735.324,93.194,-11.995
11530,86268.93,20.21,-0.2523,0.0279,0.0046,2.05,-0.17,0.17,736.256,93.074,-11.989
11540,86258.54,20.21,-0.2477,-0.0057,-0.0081,1.97,-0.56,-0.85,737.186,92.954,-11.983
11550,86246.56,20.20,-0.2518,0.0065,0.0072,1.76,-0.15,0.05,738.114,92.835,-11.977
11560,86243.48,20.20,-0.2322,0.0151,0.0297,1.58,-0.95,0.27,739.042,92.715,-11.971
11570,86229.79,20.19,-0.2704,0.0466,0.0414,2.13,-0.40,0.45,739.969,92.595,-11.966
11580,86218.86,20.18,-0.2494,0.0105,0.0123,1.45,-0.44,-0.06,740.894,92.476,-11.960
11590,86214.98,20.18,-0.2494,0.0127,0.0165,2.20,0.12,-0.33,741.818,92.356,-11.954
11600,86196.43,20.17,-0.2932,0.0480,0.0178,2.16,-0.01,-0.02,742.741,92.236,-11.948
11610,86195.89,20.17,-0.2335,0.0475,0.0000,2.06,-0.42,-0.36,743.663,92.117,-11.943
11620,86177.13,20.16,-0.2395,0.0178,0.0359,1.74,-0.50,-0.39,744.583,91.998,-11.937
11630,86169.10,20.15,-0.2227,0.0336,-0.0297,2.13,-0.49,-0.06,745.502,91.878,-11.931
11640,86158.80,20.15,-0.2140,-0.0142,-0.0055,1.95,-0.59,-0.06,746.421,91.759,-11.925
11650,86149.25,20.14,-0.2290,0.0415,-0.0372,2.05,-0.11,-0.53,747.338,91.640,-11.920
11660,86142.61,20.14,-0.2407,0.0605,0.0068,2.00,-0.38,-0.16,748.253,91.521,-11.914
11670,86133.84,20.13,-0.2465,0.0333,0.0018,1.68,-0.41,-0.33,749.168,91.401,-11.908
11680,86124.34,20.12,-0.2257,-0.0198,-0.0127,1.73,-0.24,-0.74,750.081,91.282,-11.903
11690,86115.49,20.12,-0.1966,0.0135,-0.0001,1.40,-0.41,-0.47,750.993,91.163,-11.897
11700,86103.61,20.11,-0.2352,-0.0180,0.0232,1.84,-0.63,0.09,751.904,91.044,-11.891
11710,86097.99,20.11,-0.2546,0.0264,-0.0022,1.55,-0.35,-0.78,752.814,90.926,-11.886
11720,86084.60,20.10,-0.2518,0.0072,0.0022,1.43,0.07,-0.24,753.723,90.807,-11.880
11730,86078.62,20.09,-0.2608,0.0064,-0.0090,1.44,-0.21,-0.01,754.630,90.688,-11.875
11740,86071.13,20.09,-0.2458,0.0284,0.0113,1.53,-0.37,-0.36,755.536,90.569,-11.869
11750,86061.36,20.08,-0.2287,0.0329,0.0001,1.82,-0.27,-0.34,756.441,90.451,-11.863
11760,86046.55,20.08,-0.2492,0.0461,0.0029,1.45,-0.55,-0.48,757.345,90.332,-11.858
11770,86035.36,20.07,-0.2717,0.0026,0.0211,2.06,-0.05,-0.03,758.248,90.213,-11.852
11780,86030.50,20.07,-0.2546,0.0401,0.0257,1.68,-0.34,-0.06,759.149,90.095,-11.847
11790,86020.12,20.06,-0.2653,0.0232,0.0222,1.77,-0.58,-0.39,760.050,89.976,-11.841
11800,86006.79,20.05,-0.2181,0.0678,0.0232,1.83,-0.65,-0.40,760.949,89.858,-11.836
11810,86000.83,20.05,-0.2349,0.0077,0.0019,1.52,-0.06,-0.07,761.847,89.740,-11.830
11820,85992.52,20.04,-0.2290,0.0528,-0.0450,1.47,0.26,-0.31,762.744,89.621,-11.825
11830,85977.87,20.04,-0.2458,0.0205,0.0259,1.27,-0.14,-0.54,763.639,89.503,-11.819
11840,85971.36,20.03,-0.2348,0.0328,0.0197,1.89,-0.48,-1.36,764.533,89.385,-11.814
11850,85963.54,20.02,-0.2203,0.0144,-0.0030,1.12,-0.31,-0.07,765.427,89.267,-11.808
11860,85954.41,20.02,-0.2408,-0.0107,0.0242,1.87,-0.18,-0.82,766.319,89.149,-11.803
11870,85946.08,20.01,-0.2622,0.0314,-0.0426,1.09,-0.21,-0.38,767.210,89.031,-11.797
11880,85933.82,20.01,-0.2188,0.0379,0.0270,0.94,-0.46,0.39,768.099,88.913,-11.792
11890,85923.21,20.00,-0.2648,0.0344,0.0066,1.39,0.13,0.11,768.988,88.795,-11.786
11900,85915.04,20.00,-0.1965,0.0175,0.0131,1.72,-0.36,-0.18,769.875,88.677,-11.781
11910,85907.04,19.99,-0.2222,0.0080,0.0521,1.45,0.06,-0.34,770.761,88.559,-11.775
11920,85897.36,19.98,-0.2395,0.0505,0.0121,1.45,0.71,-0.64,771.646,88.442,-11.770
11930,85887.23,19.98,-0.2237,0.0209,0.0192,1.10,-0.49,0.01,772.530,88.324,-11.765
11940,85876.47,19.97,-0.2163,0.0205,0.0348,1.73,0.08,-0.68,773.412,88.206,-11.759
11950,85869.93,19.97,-0.2208,0.0422,0.0191,1.81,-0.64,0.41,774.294,88.089,-11.754
11960,85859.74,19.96,-0.2149,0.0136,-0.0017,1.65,-0.31,0.21,775.174,87.971,-11.749
11970,85853.90,19.96,-0.1958,0.0324,0.0107,1.20,-0.57,-0.24,776.053,87.854,-11.743
11980,85843.58,19.95,-0.2460,0.0215,0.0065,1.04,-0.35,-0.31,776.931,87.736,-11.738
11990,85827.26,19.94,-0.2638,-0.0291,0.0370,1.53,-0.51,0.07,777.808,87.619,-11.733
12000,85822.92,19.94,-0.2296,0.0386,-0.0152,0.77,-0.56,-0.43,778.683,87.502,-11.727
12010,85816.48,19.93,-0.1942,-0.0114,0.0079,1.70,0.15,-0.58,779.558,87.385,-11.722
12020,85807.15,19.93,-0.2113,0.0204,0.0285,0.96,-0.19,-0.37,780.431,87.267,-11.717
12030,85795.49,19.92,-0.2273,0.0274,0.0411,1.26,-0.38,-0.37,781.303,87.150,-11.711
12040,85784.97,19.92,-0.2258,0.0334,0.0021,0.79,-0.24,-0.15,782.174,87.033,-11.706
12050,85777.80,19.91,-0.2121,0.0036,0.0099,1.49,0.01,-0.63,783.043,86.916,-11.701
12060,85769.71,19.90,-0.2367,0.0131,0.0280,1.44,-0.18,-0.13,783.912,86.799,-11.696
12070,85759.82,19.90,-0.2335,0.0173,0.0136,1.31,-0.43,0.56,784.779,86.682,-11.690
12080,85750.62,19.89,-0.1892,0.0192,0.0234,1.27,-0.24,-0.10,785.645,86.565,-11.685
12090,85739.27,19.89,-0.2002,0.0471,-0.0038,0.98,-0.67,0.01,786.510,86.448,-11.680
12100,85734.39,19.88,-0.2012,0.0012,0.0123,1.38,0.01,0.03,787.374,86.332,-11.675
12110,85718.57,19.88,-0.2529,0.0077,-0.0226,1.80,-0.52,0.26,788.237,86.215,-11.669
12120,85715.05,19.87,-0.2190,0.0123,0.0260,1.53,-0.55,-0.36,789.099,86.098,-11.664
12130,85700.14,19.87,-0.2054,-0.0024,0.0069,0.93,-0.62,-0.22,789.959,85.982,-11.659
12140,85694.45,19.86,-0.1816,0.0186,-0.0271,1.46,-0.35,-0.10,790.818,85.865,-11.654
12150,85688.54,19.85,-0.2512,-0.0122,-0.0230,1.25,-0.45,-0.00,791.676,85.749,-11.649
12160,85678.78,19.85,-0.2279,0.0121,0.0315,1.65,0.24,-0.18,792.533,85.632,-11.644
12170,85669.99,19.84,-0.1914,0.0380,0.0066,1.40,-0.35,-0.50,793.389,85.516,-11.638
12180,85665.79,19.84,-0.2338,0.0026,0.0105,0.97,-0.07,-0.30,794.243,85.399,-11.633
12190,85647.31,19.83,-0.2038,0.0013,0.0078,0.87,-0.66,0.11,795.096,85.283,-11.628
12200,85642.72,19.83,-0.2168,0.0173,-0.0160,0.74,-0.28,0.07,795.949,85.167,-11.623
12210,85630.56,19.82,-0.2174,-0.0134,0.0150,0.77,-0.57,-0.70,796.800,85.051,-11.618
12220,85623.04,19.82,-0.1741,0.0364,-0.0178,1.58,-0.42,-0.06,797.650,84.934,-11.613
12230,85615.35,19.81,-0.1579,-0.0071,0.0222,1.04,-0.43,-0.07,798.498,84.818,-11.608
12240,85602.43,19.80,-0.1657,0.0353,-0.0215,1.10,-0.59,-0.09,799.346,84.702,-11.603
12250,85596.30,19.80,-0.1710,0.0526,-0.0100,1.05,-0.60,0.06,800.192,84.586,-11.598
12260,85588.76,19.79,-0.1811,0.0526,0.0071,1.19,-0.92,-0.04,801.037,84.470,-11.593
12270,85579.17,19.79,-0.1971,0.0101,0.0646,0.75,-0.39,-0.33,801.881,84.354,-11.587
12280,85573.34,19.78,-0.1920,0.0303,-0.0110,1.37,-0.14,-0.44,802.724,84.239,-11.582
12290,85554.51,19.78,-0.1883,0.0173,-0.0369,1.38,0.12,-0.76,803.566,84.123,-11.577
12300,85554.62,19.77,-0.1901,0.0019,0.0022,0.91,0.16,-0.35,804.407,84.007,-11.572
12310,85543.95,19.77,-0.2095,0.0012,0.0191,0.53,-0.79,-0.75,805.246,83.891,-11.567
12320,85536.89,19.76,-0.1557,0.0292,0.0119,1.03,-0.07,-0.22,806.084,83.776,-11.562
12330,85524.46,19.76,-0.1740,0.0206,0.0096,1.19,0.19,-0.16,806.922,83.660,-11.557
12340,85519.28,19.75,-0.2110,0.0107,0.0257,1.23,-0.12,0.10,807.757,83.545,-11.552
12350,85507.37,19.74,-0.2296,-0.0095,0.0197,0.45,-0.05,-0.11,808.592,83.429,-11.547
12360,85502.44,19.74,-0.2137,0.0010,0.0255,0.73,-0.31,-0.16,809.426,83.314,-11.542
12370,85491.10,19.73,-0.1964,0.0259,0.0067,0.96,-0.11,-0.74,810.258,83.198,-11.538
12380,85485.54,19.73,-0.1940,0.0025,0.0073,1.21,-0.32,-0.14,811.090,83.083,-11.533
12390,85476.05,19.72,-0.1768,0.0177,0.0122,0.78,-0.29,0.03,811.920,82.967,-11.528
12400,85466.20,19.72,-0.2119,0.0351,0.0013,0.72,-0.43,-0.61,812.749,82.852,-11.523
12410,85460.19,19.71,-0.2380,0.0170,0.0183,0.55,0.00,0.10,813.577,82.737,-11.518
12420,85449.88,19.71,-0.2035,0.0405,-0.0353,1.39,-0.18,-0.13,814.404,82.622,-11.513
12430,85438.50,19.70,-0.1829,0.0017,0.0094,0.93,-0.02,-0.71,815.229,82.507,-11.508
12440,85430.99,19.70,-0.1955,0.0375,-0.0004,0.56,-0.27,-0.20,816.054,82.392,-11.503
12450,85420.55,19.69,-0.2048,0.0364,0.0156,1.09,-0.66,-0.28,816.877,82.277,-11.498
12460,85410.01,19.68,-0.1796,0.0401,0.0659,1.00,-0.36,0.35,817.699,82.162,-11.493
12470,85408.71,19.68,-0.2194,0.0089,-0.0181,0.49,-0.78,-0.53,818.520,82.047,-11.489
12480,85398.60,19.67,-0.1801,0.0422,-0.0120,0.93,-0.21,-0.46,819.340,81.932,-11.484
12490,85390.43,19.67,-0.1702,0.0190,0.0293,0.83,0.13,0.17,820.159,81.817,-11.479
12500,85376.02,19.66,-0.2070,0.0387,0.0178,1.41,-0.31,-0.44,820.976,81.702,-11.474
12510,85372.51,19.66,-0.2002,-0.0143,-0.0041,1.03,-0.24,-0.20,821.793,81.588,-11.469
12520,85362.84,19.65,-0.1842,0.0315,0.0056,1.14,-0.19,-0.41,822.608,81.473,-11.464
12530,85355.75,19.65,-0.1642,-0.0034,0.0239,1.35,-0.11,-0.74,823.422,81.358,-11.460
12540,85345.45,19.64,-0.1688,0.0401,0.0118,0.82,-0.38,-0.47,824.235,81.244,-11.455
12550,85334.68,19.64,-0.1817,0.0135,-0.0130,0.24,-0.47,0.20,825.047,81.129,-11.450
12560,85323.72,19.63,-0.1873,-0.0457,0.0395,1.31,-0.01,0.08,825.857,81.015,-11.445
12570,85321.38,19.63,-0.1892,0.0351,-0.0193,0.74,-0.51,0.06,826.667,80.900,-11.441
12580,85314.38,19.62,-0.1598,0.0404,0.0176,1.17,0.14,-0.05,827.475,80.786,-11.436
12590,85304.17,19.62,-0.1897,0.0009,0.0348,0.92,0.01,-0.04,828.282,80.672,-11.431
12600,85298.71,19.61,-0.2155,0.0233,0.0368,1.20,-0.23,0.13,829.089,80.557,-11.426
12610,85286.63,19.61,-0.1964,0.0149,0.0174,1.27,-0.45,-0.36,829.893,80.443,-11.422
12620,85276.44,19.60,-0.2155,0.0190,-0.0235,1.21,-0.03,-0.65,830.697,80.329,-11.417
12630,85269.68,19.60,-0.2015,0.0262,0.0242,0.78,-0.88,0.43,831.500,80.215,-11.412
12640,85263.51,19.59,-0.1853,-0.0115,0.0079,0.11,0.01,-0.11,832.301,80.101,-11.408
12650,85252.20,19.58,-0.1751,0.0617,0.0068,0.84,-0.33,-0.93,833.102,79.987,-11.403
12660,85248.35,19.58,-0.1709,0.0370,0.0139,1.38,-0.09,-0.23,833.901,79.873,-11.398
12670,85238.61,19.57,-0.1828,0.0000,0.0161,1.33,-0.66,-0.26,834.699,79.759,-11.394
12680,85227.17,19.57,-0.1897,0.0308,0.0273,0.33,0.01,0.26,835.496,79.645,-11.389
12690,85216.84,19.56,-0.2174,0.0155,0.0030,0.61,-0.40,-0.56,836.292,79.531,-11.384
12700,85213.33,19.56,-0.1618,-0.0026,0.0184,0.89,-0.09,-0.48,837.087,79.417,-11.380
12710,85199.71,19.55,-0.1424,-0.0130,-0.0021,0.65,-0.13,-0.55,837.880,79.303,-11.375
12720,85193.07,19.55,-0.1538,0.0479,0.0127,0.47,-0.49,-0.00,838.673,79.190,-11.370
12730,85183.33,19.54,-0.1660,0.0036,-0.0162,0.30,0.22,-0.46,839.464,79.076,-11.366
12740,85177.30,19.54,-0.1860,-0.0147,0.0125,0.75,0.01,-0.43,840.254,78.962,-11.361
12750,85167.52,19.53,-0.1825,0.0265,0.0304,0.13,-0.53,-0.03,841.043,78.849,-11.357
12760,85161.76,19.53,-0.1423,0.0386,-0.0217,1.20,-0.30,-0.22,841.831,78.735,-11.352
12770,85153.47,19.52,-0.2031,0.0534,-0.0058,0.35,-0.14,-0.06,842.618,78.622,-11.347
12780,85148.39,19.52,-0.2056,0.0238,0.0117,0.31,-0.54,0.33,843.403,78.508,-11.343
12790,85133.73,19.51,-0.1767,-0.0127,0.0101,0.93,-0.89,-0.26,844.188,78.395,-11.338
12800,85133.53,19.51,-0.1783,0.0283,-0.0167,0.60,-0.52,0.08,844.971,78.281,-11.334
12810,85119.27,19.50,-0.1921,0.0168,-0.0228,0.55,-0.48,-0.24,845.753,78.168,-11.329
12820,85112.29,19.50,-0.1783,0.0283,0.0173,0.25,-1.11,0.06,846.534,78.055,-11.325
12830,85105.92,19.49,-0.1637,0.0148,0.0373,0.33,-0.61,0.69,847.314,77.942,-11.320
12840,85094.49,19.49,-0.1674,0.0273,0.0288,0.63,-0.03,0.17,848.093,77.828,-11.316
12850,85085.57,19.48,-0.2264,0.0329,-0.0309,0.80,-0.19,0.21,848.871,77.715,-11.311
12860,85080.88,19.48,-0.1466,0.0159,-0.0220,0.94,0.01,-0.12,849.647,77.602,-11.307
12870,85073.97,19.47,-0.1720,-0.0055,-0.0038,0.75,0.45,0.04,850.423,77.489,-11.302
12880,85056.14,19.47,-0.1828,-0.0166,-0.0062,0.07,-0.16,-0.15,851.197,77.376,-11.298
12890,85055.66,19.46,-0.1675,0.0152,0.0186,1.15,-0.23,-0.44,851.970,77.263,-11.293
12900,85050.70,19.46,-0.1930,0.0600,0.0202,0.93,-0.33,0.33,852.742,77.150,-11.289
12910,85039.15,19.45,-0.1886,0.0168,0.0099,0.65,-0.04,0.11,853.513,77.037,-11.284
12920,85032.94,19.45,-0.1665,0.0149,-0.0141,0.55,0.09,-0.07,854.283,76.925,-11.280
12930,85026.12,19.44,-0.1620,0.0467,-0.0133,0.21,-1.01,-0.60,855.051,76.812,-11.275
12940,85015.39,19.44,-0.2012,0.0618,0.0089,0.39,0.03,0.04,855.819,76.699,-11.271
12950,85011.18,19.43,-0.1744,0.0174,0.0262,1.02,0.02,-0.07,856.585,76.586,-11.267
12960,84997.50,19.43,-0.1978,0.0399,0.0052,0.66,-0.62,0.26,857.350,76.474,-11.262
12970,84994.87,19.42,-0.1661,0.0401,-0.0087,0.23,-0.75,0.23,858.114,76.361,-11.258
12980,84984.27,19.42,-0.1633,0.0320,0.0130,0.30,-1.17,-0.21,858.877,76.249,-11.253
12990,84977.27,19.41,-0.1730,-0.0086,-0.0001,0.86,-0.18,-0.60,859.639,76.136,-11.249
13000,84968.15,19.41,-0.1299,0.0020,-0.0174,0.57,-0.32,0.21,860.400,76.024,-11.245
13010,84957.90,19.40,-0.1974,0.0235,-0.0101,0.71,-0.74,-0.40,861.160,75.911,-11.240
13020,84949.81,19.40,-0.1662,0.0570,0.0418,0.08,0.32,-0.84,861.918,75.799,-11.236
13030,84947.63,19.39,-0.1879,0.0153,0.0168,0.56,-0.96,0.40,862.675,75.686,-11.232
13040,84938.39,19.39,-0.1579,-0.0174,0.0070,0.15,-0.08,-0.33,863.432,75.574,-11.227
13050,84933.68,19.38,-0.1768,0.0237,0.0215,0.31,-0.20,-0.48,864.187,75.462,-11.223
13060,84919.35,19.38,-0.2015,0.0122,-0.0035,0.79,-0.46,-0.49,864.941,75.350,-11.219
13070,84912.90,19.37,-0.2053,0.0152,-0.0301,0.32,-0.17,-0.41,865.694,75.237,-11.214
13080,84903.28,19.37,-0.1530,0.0056,0.0296,0.76,-0.13,-0.60,866.445,75.125,-11.210
13090,84899.12,19.36,-0.1920,-0.0077,-0.0004,0.12,0.03,-0.62,867.196,75.013,-11.206
13100,84888.90,19.36,-0.1535,0.0361,0.0325,0.51,0.11,0.30,867.946,74.901,-11.202
13110,84882.90,19.35,-0.1406,0.0291,0.0129,0.64,-0.53,-0.07,868.694,74.789,-11.197
13120,84869.56,19.35,-0.1470,0.0208,0.0352,0.22,-0.39,-0.41,869.441,74.677,-11.193
13130,84862.90,19.34,-0.1746,0.0185,-0.0213,0.52,-0.63,-0.34,870.187,74.565,-11.189
13140,84857.02,19.34,-0.1533,0.0069,0.0369,-0.16,-0.10,-0.01,870.933,74.453,-11.184
13150,84851.72,19.33,-0.1420,-0.0357,0.0229,0.59,-0.25,-0.27,871.676,74.342,-11.180
13160,84836.83,19.33,-0.1545,0.0528,0.0128,0.29,-0.75,0.18,872.419,74.230,-11.176
13170,84833.84,19.32,-0.1771,-0.0052,-0.0101,0.47,-0.47,-0.08,873.161,74.118,-11.172
13180,84824.74,19.32,-0.2057,0.0150,0.0349,0.62,-0.41,-0.35,873.901,74.006,-11.168
13190,84819.41,19.31,-0.2011,-0.0222,0.0254,0.04,-0.22,-0.18,874.641,73.895,-11.163
13200,84815.03,19.31,-0.1464,0.0049,-0.0471,0.22,-0.35,-0.38,875.379,73.783,-11.159
13210,84806.72,19.31,-0.1910,0.0156,0.0405,0.21,-0.31,-0.29,876.116,73.672,-11.155
13220,84797.22,19.30,-0.1339,-0.0055,0.0196,0.67,-0.31,-0.18,876.853,73.560,-11.151
13230,84791.56,19.30,-0.0998,0.0312,0.0126,0.38,0.52,0.13,877.588,73.449,-11.147
13240,84778.26,19.29,-0.1112,0.0055,0.0302,0.13,-0.25,-0.62,878.321,73.337,-11.142
13250,84776.29,19.29,-0.1574,0.0122,0.0352,0.29,-0.11,-0.00,879.054,73.226,-11.138
13260,84765.07,19.28,-0.1375,0.0091,0.0035,0.18,-0.33,0.01,879.786,73.114,-11.134
13270,84758.13,19.28,-0.1541,0.0228,0.0234,0.32,0.00,0.13,880.516,73.003,-11.130
13280,84747.95,19.27,-0.1343,0.0116,-0.0196,0.44,-0.16,-0.03,881.246,72.892,-11.126
13290,84744.76,19.27,-0.1543,0.0493,-0.0130,0.50,-0.88,0.23,881.974,72.780,-11.122
13300,84740.38,19.26,-0.1850,-0.0118,0.0262,0.05,-0.26,0.35,882.701,72.669,-11.118
13310,84729.52,19.26,-0.1201,0.0110,0.0098,0.82,-0.83,0.04,883.427,72.558,-11.114
13320,84720.11,19.25,-0.1370,-0.0032,0.0156,-0.34,0.03,0.08,884.152,72.447,-11.110
13330,84711.72,19.25,-0.1450,0.0109,0.0123,0.69,-0.59,-0.38,884.876,72.336,-11.105
13340,84709.26,19.24,-0.1630,0.0046,0.0089,-0.08,-0.44,-0.73,885.599,72.225,-11.101
13350,84697.20,19.24,-0.1374,0.0759,0.0397,-0.03,-0.17,-0.32,886.321,72.114,-11.097
13360,84692.26,19.23,-0.1521,0.0090,0.0175,0.31,-0.11,-0.12,887.041,72.003,-11.093
13370,84683.51,19.23,-0.2002,0.0321,-0.0019,0.05,0.36,0.21,887.761,71.892,-11.089
13380,84674.15,19.22,-0.1519,0.0222,-0.0128,0.21,-0.34,0.17,888.479,71.781,-11.085
13390,84666.28,19.22,-0.1618,0.0442,-0.0189,1.02,0.32,-0.64,889.196,71.670,-11.081
13400,84663.79,19.22,-0.1787,0.0136,0.0297,0.11,-0.27,-0.23,889.912,71.560,-11.077
13410,84649.87,19.21,-0.1715,0.0094,-0.0012,0.70,0.49,-0.19,890.627,71.449,-11.073
13420,84645.24,19.21,-0.1876,0.0207,0.0021,-0.10,-0.93,0.07,891.341,71.338,-11.069
13430,84636.80,19.20,-0.0970,0.0329,0.0241,-0.27,-0.76,-0.13,892.054,71.227,-11.065
13440,84630.55,19.20,-0.1125,-0.0205,0.0043,0.36,-0.35,0.11,892.765,71.117,-11.061
13450,84627.67,19.19,-0.1270,-0.0026,-0.0428,0.60,-0.61,0.01,893.476,71.006,-11.057
13460,84615.36,19.19,-0.1518,0.0419,0.0352,0.10,-0.76,0.13,894.185,70.896,-11.053
13470,84606.28,19.18,-0.1485,-0.0137,0.0072,0.18,-0.10,0.19,894.894,70.785,-11.049
13480,84602.33,19.18,-0.1535,0.0192,-0.0147,0.15,0.18,-0.40,895.601,70.675,-11.045
13490,84590.99,19.17,-0.1573,0.0065,0.0018,0.51,-0.45,-0.25,896.307,70.564,-11.041
13500,84584.65,19.17,-0.1304,0.0226,0.0544,0.46,-0.65,-0.69,897.012,70.454,-11.037
13510,84578.12,19.16,-0.1466,0.0160,0.0032,0.47,-0.14,0.06,897.716,70.343,-11.033
13520,84576.93,19.16,-0.1779,0.0024,0.0193,0.19,-0.73,0.13,898.419,70.233,-11.029
13530,84562.78,19.16,-0.1805,0.0269,0.0439,0.32,-1.07,-0.12,899.121,70.123,-11.025
13540,84561.17,19.15,-0.0989,0.0628,0.0414,0.24,-0.25,-0.09,899.821,70.013,-11.022
13550,84550.27,19.15,-0.1442,0.0293,0.0071,0.18,-0.25,-0.17,900.521,69.902,-11.018
13560,84541.12,19.14,-0.1665,0.0189,-0.0131,0.74,-0.12,0.31,901.219,69.792,-11.014
13570,84534.21,19.14,-0.1513,-0.0136,-0.0037,0.46,-0.09,-0.69,901.917,69.682,-11.010
13580,84526.12,19.13,-0.1499,0.0095,0.0207,0.11,-0.32,-0.68,902.613,69.572,-11.006
13590,84525.30,19.13,-0.1400,0.0280,0.0254,0.43,-0.02,0.18,903.308,69.462,-11.002
13600,84516.01,19.12,-0.1212,0.0523,0.0055,0.82,-0.70,-0.14,904.002,69.352,-10.998
13610,84508.47,19.12,-0.1229,0.0211,0.0133,0.25,-0.12,0.07,904.695,69.242,-10.994
13620,84499.29,19.11,-0.1096,0.0164,0.0312,0.40,-0.46,-0.55,905.387,69.132,-10.991
13630,84492.18,19.11,-0.1702,0.0159,0.0148,0.43,-0.39,-0.60,906.077,69.022,-10.987
13640,84485.75,19.11,-0.1356,0.0318,0.0188,-0.05,-0.44,-0.12,906.767,68.912,-10.983
13650,84478.81,19.10,-0.1541,0.0090,0.0041,0.63,-0.60,0.42,907.456,68.803,-10.979
13660,84471.94,19.10,-0.1191,0.0270,0.0487,0.39,-1.21,-0.41,908.143,68.693,-10.975
13670,84468.84,19.09,-0.1629,-0.0045,-0.0344,0.50,0.39,-0.41,908.829,68.583,-10.971
13680,84453.79,19.09,-0.1229,0.0216,-0.0079,-0.03,-0.07,-0.30,909.515,68.473,-10.968
13690,84447.52,19.08,-0.1669,0.0050,-0.0350,0.63,-0.29,-0.02,910.199,68.364,-10.964
13700,84443.61,19.08,-0.1490,0.0373,-0.0190,-0.25,-0.42,-0.45,910.882,68.254,-10.960
13710,84442.72,19.07,-0.1504,0.0168,0.0091,0.65,-0.31,0.03,911.564,68.145,-10.956
13720,84429.29,19.07,-0.1283,0.0212,0.0052,0.40,0.07,-0.07,912.244,68.035,-10.952
13730,84419.95,19.07,-0.1250,0.0010,0.0000,0.34,-0.14,-0.00,912.924,67.925,-10.949
13740,84416.51,19.06,-0.1586,0.0344,0.0092,-0.04,-0.02,-0.11,913.603,67.816,-10.945
13750,84409.31,19.06,-0.1485,0.0436,0.0281,1.09,0.36,-0.22,914.280,67.707,-10.941
13760,84401.03,19.05,-0.1227,0.0106,-0.0001,0.23,-0.50,-0.21,914.957,67.597,-10.937
13770,84401.33,19.05,-0.1033,0.0148,0.0403,0.48,-0.08,-0.27,915.632,67.488,-10.934
13780,84388.99,19.04,-0.1270,0.0083,0.0332,0.13,-0.71,-0.50,916.307,67.378,-10.930
13790,84381.96,19.04,-0.1562,0.0048,0.0062,-0.53,-0.11,-0.19,916.980,67.269,-10.926
13800,84374.40,19.04,-0.1284,-0.0015,0.0098,0.24,-0.25,-0.74,917.652,67.160,-10.923
13810,84368.19,19.03,-0.1497,0.0344,-0.0468,-0.13,-0.36,-0.14,918.323,67.051,-10.919
13820,84360.52,19.03,-0.1177,0.0005,0.0161,0.17,-0.65,-0.74,918.993,66.942,-10.915
13830,84349.32,19.02,-0.1369,0.0139,0.0396,0.18,-0.21,-0.61,919.662,66.832,-10.911
13840,84343.89,19.02,-0.1041,0.0266,0.0169,0.39,-0.89,0.11,920.329,66.723,-10.908
13850,84340.31,19.01,-0.1375,0.0242,0.0172,0.21,0.04,-0.43,920.996,66.614,-10.904
13860,84330.99,19.01,-0.1313,0.0241,0.0128,-0.00,-0.40,-0.03,921.661,66.505,-10.900
13870,84324.12,19.00,-0.1249,0.0029,0.0104,0.33,-0.28,0.12,922.326,66.396,-10.897
13880,84316.77,19.00,-0.1305,0.0142,0.0120,0.04,-0.15,-0.60,922.989,66.287,-10.893
13890,84310.23,19.00,-0.1238,0.0156,0.0216,0.23,-0.41,-0.12,923.652,66.178,-10.890
13900,84303.97,18.99,-0.1471,-0.0075,-0.0077,0.19,-0.07,-0.72,924.313,66.070,-10.886
13910,84297.22,18.99,-0.1056,-0.0065,-0.0018,0.13,-0.43,-0.22,924.973,65.961,-10.882
13920,84288.43,18.98,-0.1240,-0.0199,0.0301,0.36,0.24,-0.51,925.632,65.852,-10.879
13930,84283.17,18.98,-0.1056,0.0734,0.0526,0.13,-0.19,-0.40,926.290,65.743,-10.875
13940,84272.72,18.97,-0.1519,0.0246,-0.0142,0.16,-0.28,-0.36,926.947,65.634,-10.871
13950,84271.57,18.97,-0.1849,0.0174,0.0207,0.49,-0.31,-0.30,927.602,65.526,-10.868
13960,84263.02,18.97,-0.1477,0.0170,0.0175,0.08,0.20,-0.21,928.257,65.417,-10.864
13970,84258.87,18.96,-0.1688,0.0138,0.0459,0.20,-0.27,0.24,928.911,65.308,-10.861
13980,84249.10,18.96,-0.1389,0.0227,-0.0044,0.16,-0.42,-0.52,929.563,65.200,-10.857
13990,84245.67,18.95,-0.1358,0.0265,0.0208,0.58,0.06,-0.28,930.214,65.091,-10.854
14000,84235.33,18.95,-0.1223,-0.0010,0.0287,0.48,-0.69,0.68,930.865,64.983,-10.850
14010,84229.87,18.95,-0.1049,-0.0136,0.0197,0.46,0.26,-0.36,931.514,64.874,-10.846
14020,84226.87,18.94,-0.1440,0.0142,0.0410,0.12,-0.73,-0.37,932.162,64.766,-10.843
14030,84215.76,18.94,-0.1133,0.0424,0.0174,0.87,-0.69,-0.38,932.809,64.657,-10.839
14040,84210.82,18.93,-0.1323,-0.0080,0.0190,0.42,-0.33,-0.28,933.455,64.549,-10.836
14050,84201.97,18.93,-0.1591,0.0297,0.0010,0.43,0.04,-0.36,934.100,64.441,-10.832
14060,84196.09,18.92,-0.1003,0.0240,0.0042,-0.17,-0.78,0.02,934.744,64.332,-10.829
14070,84186.37,18.92,-0.1274,0.0427,0.0316,0.01,0.21,-0.95,935.387,64.224,-10.825
14080,84182.79,18.92,-0.1234,0.0224,0.0210,0.33,-0.28,-0.27,936.028,64.116,-10.822
14090,84174.68,18.91,-0.1387,0.0444,0.0351,-0.02,-0.30,-0.87,936.669,64.008,-10.818
14100,84168.30,18.91,-0.1326,0.0071,0.0264,0.34,-0.38,-0.49,937.308,63.899,-10.815
14110,84162.37,18.90,-0.0833,-0.0144,0.0048,0.56,-0.33,-0.43,937.947,63.791,-10.811
14120,84154.67,18.90,-0.1134,0.0454,-0.0440,0.35,-0.36,0.19,938.584,63.683,-10.808
14130,84151.68,18.90,-0.1071,0.0278,0.0100,-0.07,-0.35,-0.12,939.220,63.575,-10.804
14140,84147.76,18.89,-0.1218,-0.0045,0.0173,0.51,0.19,0.16,939.855,63.467,-10.801
14150,84136.03,18.89,-0.1300,-0.0273,0.0017,-0.33,-0.31,0.17,940.489,63.359,-10.798
14160,84131.11,18.88,-0.1577,0.0334,0.0216,-0.24,-0.52,0.03,941.122,63.251,-10.794
14170,84124.01,18.88,-0.1165,-0.0166,0.0119,0.47,-0.48,-0.26,941.754,63.143,-10.791
14180,84116.13,18.87,-0.1275,0.0216,-0.0163,0.29,-0.38,0.39,942.385,63.035,-10.787
14190,84110.21,18.87,-0.1221,0.0046,0.0075,-0.10,-0.39,-0.40,943.015,62.928,-10.784
14200,84099.42,18.87,-0.1510,0.0090,0.0209,-0.05,-0.48,-0.45,943.644,62.820,-10.780
14210,84094.18,18.86,-0.1291,0.0438,0.0034,-0.03,-0.19,0.13,944.271,62.712,-10.777
14220,84094.02,18.86,-0.1183,0.0409,-0.0143,-0.04,-0.39,0.07,944.898,62.604,-10.774
14230,84079.41,18.85,-0.1220,0.0084,0.0396,-0.01,-0.04,-0.15,945.523,62.496,-10.770
14240,84079.71,18.85,-0.1010,0.0302,0.0143,0.19,-0.52,-0.47,946.148,62.389,-10.767
14250,84073.14,18.85,-0.1491,0.0097,-0.0328,0.27,-0.09,-0.27,946.771,62.281,-10.764
14260,84063.10,18.84,-0.1258,0.0253,-0.0214,0.39,-0.56,0.13,947.393,62.173,-10.760
14270,84059.37,18.84,-0.1226,0.0138,-0.0095,0.27,-0.56,-0.07,948.014,62.066,-10.757
14280,84051.60,18.83,-0.1383,0.0016,0.0213,0.77,-0.78,0.10,948.634,61.958,-10.753
14290,84047.27,18.83,-0.1630,0.0114,-0.0169,-0.07,-0.37,0.08,949.253,61.851,-10.750
14300,84036.74,18.83,-0.0843,0.0192,0.0232,0.32,-0.69,-0.45,949.871,61.743,-10.747
14310,84033.28,18.82,-0.1067,-0.0186,0.0009,0.55,-0.37,0.36,950.488,61.636,-10.743
14320,84021.03,18.82,-0.1537,-0.0159,0.0472,0.09,0.16,0.04,951.104,61.528,-10.740
14330,84018.50,18.81,-0.1481,0.0203,0.0594,0.08,0.23,-0.65,951.719,61.421,-10.737
14340,84017.61,18.81,-0.1381,0.0017,0.0126,0.39,-0.45,0.03,952.332,61.314,-10.734
14350,84008.62,18.81,-0.1479,0.0172,0.0152,0.26,-0.57,0.28,952.945,61.206,-10.730
14360,84002.66,18.80,-0.1038,0.0268,0.0057,-0.18,0.10,-0.35,953.556,61.099,-10.727
14370,83996.93,18.80,-0.1018,0.0188,0.0049,0.16,-0.58,0.13,954.167,60.992,-10.724
14380,83988.73,18.79,-0.1036,0.0607,-0.0009,0.60,-0.27,0.03,954.776,60.885,-10.720
14390,83979.31,18.79,-0.0974,-0.0210,-0.0041,0.21,0.26,0.07,955.384,60.777,-10.717
14400,83972.65,18.79,-0.0868,0.0505,-0.0199,-0.52,-0.33,-0.33,955.991,60.670,-10.714
14410,83970.22,18.78,-0.1228,0.0090,-0.0140,0.06,-0.31,-0.76,956.597,60.563,-10.711
14420,83966.47,18.78,-0.0809,0.0423,-0.0016,0.21,-0.42,-0.36,957.203,60.456,-10.707
14430,83960.23,18.77,-0.1556,0.0165,0.0622,0.22,0.22,0.16,957.806,60.349,-10.704
14440,83951.09,18.77,-0.1226,0.0492,0.0358,0.46,-0.56,-0.24,958.409,60.242,-10.701
14450,83945.24,18.77,-0.1201,0.0214,0.0041,0.44,-0.93,-0.68,959.011,60.135,-10.698
14460,83940.58,18.76,-0.1188,-0.0019,0.0019,-0.21,0.02,-0.14,959.612,60.028,-10.694
14470,83934.46,18.76,-0.0772,0.0050,0.0277,0.14,-0.14,0.02,960.212,59.921,-10.691
14480,83926.84,18.75,-0.0726,0.0237,-0.0200,0.18,-0.63,-0.48,960.810,59.814,-10.688
14490,83916.27,18.75,-0.1038,-0.0277,-0.0008,0.46,-0.38,-0.60,961.408,59.707,-10.685
14500,83914.84,18.75,-0.1295,-0.0040,0.0231,0.39,0.12,0.05,962.004,59.600,-10.682
14510,83908.34,18.74,-0.0969,0.0128,0.0097,0.55,-0.44,-0.68,962.600,59.494,-10.678
14520,83901.45,18.74,-0.0756,0.0216,0.0132,0.38,-0.72,-0.50,963.194,59.387,-10.675
14530,83897.43,18.74,-0.1244,-0.0109,-0.0168,0.28,-0.56,-0.27,963.787,59.280,-10.672
14540,83887.01,18.73,-0.1236,-0.0175,0.0016,0.45,-0.34,-0.21,964.380,59.173,-10.669
14550,83881.04,18.73,-0.1048,0.0014,0.0037,-0.02,-0.03,0.20,964.971,59.067,-10.666
14560,83876.38,18.72,-0.0926,0.0203,0.0397,-0.02,-0.55,-0.04,965.561,58.960,-10.663
14570,83867.02,18.72,-0.0919,0.0383,0.0131,0.05,-0.67,-0.32,966.150,58.854,-10.659
14580,83867.57,18.72,-0.0969,0.0371,-0.0003,0.60,-0.37,0.04,966.738,58.747,-10.656
14590,83859.39,18.71,-0.1068,0.0252,0.0172,0.22,-0.30,-0.22,967.325,58.640,-10.653
14600,83852.82,18.71,-0.1190,0.0562,-0.0180,0.30,-0.51,-0.27,967.910,58.534,-10.650
14610,83850.05,18.70,-0.1253,0.0214,0.0107,0.65,-0.01,0.08,968.495,58.427,-10.647
14620,83840.49,18.70,-0.0910,0.0661,-0.0047,0.17,-0.13,0.03,969.079,58.321,-10.644
14630,83837.23,18.70,-0.1073,-0.0029,0.0029,0.18,-0.56,0.12,969.662,58.215,-10.641
14640,83828.39,18.69,-0.0843,-0.0116,0.0146,-0.16,-0.64,-0.12,970.243,58.108,-10.638
14650,83826.74,18.69,-0.1226,0.0348,0.0068,0.17,-0.32,-0.12,970.824,58.002,-10.635
14660,83819.46,18.69,-0.1130,0.0215,0.0158,0.43,-0.10,-0.36,971.403,57.895,-10.632
14670,83813.76,18.68,-0.1026,0.0220,-0.0095,0.04,-0.30,-0.26,971.981,57.789,-10.628
14680,83803.04,18.68,-0.0808,0.0001,0.0280,0.14,-0.73,0.27,972.559,57.683,-10.625
14690,83802.28,18.67,-0.1155,0.0436,0.0198,-0.01,-0.17,0.11,973.135,57.577,-10.622
14700,83793.93,18.67,-0.0911,0.0151,0.0012,-0.21,-0.14,0.29,973.710,57.470,-10.619
14710,83787.40,18.67,-0.1303,0.0123,0.0157,0.57,-0.30,-0.08,974.284,57.364,-10.616
14720,83782.12,18.66,-0.1229,0.0115,0.0028,-0.06,-0.35,-0.23,974.857,57.258,-10.613
14730,83772.41,18.66,-0.0669,0.0468,0.0148,-0.08,-0.54,-0.40,975.429,57.152,-10.610
14740,83768.13,18.66,-0.0963,-0.0387,-0.0077,-0.29,-0.32,-0.53,976.000,57.046,-10.607
14750,83765.54,18.65,-0.1396,0.0384,0.0135,0.79,-0.17,-0.01,976.570,56.940,-10.604
14760,83759.56,18.65,-0.1628,0.0276,-0.0116,-0.27,0.25,0.04,977.139,56.834,-10.601
14770,83752.38,18.64,-0.0813,-0.0046,0.0308,0.23,-0.43,0.17,977.707,56.728,-10.598
14780,83747.60,18.64,-0.1338,-0.0207,-0.0282,-0.21,0.15,-0.41,978.273,56.622,-10.595
14790,83741.61,18.64,-0.1169,0.0166,0.0155,0.59,0.38,-0.51,978.839,56.516,-10.592
14800,83732.98,18.63,-0.1052,0.0476,-0.0077,0.37,-0.30,-0.26,979.404,56.410,-10.589
14810,83727.95,18.63,-0.0764,0.0019,-0.0081,-0.54,-0.14,-0.85,979.967,56.304,-10.586
14820,83717.35,18.63,-0.1068,0.0285,0.0563,-0.09,-0.71,-0.01,980.530,56.198,-10.583
14830,83715.79,18.62,-0.1272,-0.0039,-0.0322,0.65,-0.13,-0.53,981.091,56.092,-10.580
14840,83714.01,18.62,-0.0987,0.0234,0.0182,0.05,-0.47,0.06,981.651,55.987,-10.577
14850,83712.99,18.62,-0.0917,0.0193,0.0392,0.42,-0.21,0.50,982.211,55.881,-10.574
14860,83700.35,18.61,-0.1120,-0.0041,0.0293,0.06,-0.12,0.22,982.769,55.775,-10.571
14870,83689.02,18.61,-0.1338,0.0127,-0.0150,-0.22,-0.32,-0.45,983.326,55.669,-10.568
14880,83692.91,18.60,-0.0707,0.0212,0.0075,-0.07,-0.23,-0.52,983.882,55.564,-10.565
14890,83682.98,18.60,-0.0868,0.0071,0.0137,0.01,-0.34,0.03,984.437,55.458,-10.563
14900,83679.23,18.60,-0.0944,0.0026,0.0243,-0.57,-0.18,-0.26,984.991,55.353,-10.560
14910,83672.49,18.59,-0.0840,0.0264,0.0078,-0.07,-0.29,-0.13,985.544,55.247,-10.557
14920,83669.86,18.59,-0.1065,-0.0167,-0.0180,0.46,-0.58,-0.32,986.096,55.141,-10.554
14930,83662.29,18.59,-0.1215,0.0425,0.0314,0.59,-0.08,0.19,986.647,55.036,-10.551
14940,83656.03,18.58,-0.1135,0.0208,0.0418,0.37,-0.64,-0.12,987.197,54.930,-10.548
14950,83650.91,18.58,-0.1248,-0.0229,0.0194,0.53,-0.24,-0.71,987.745,54.825,-10.545
14960,83642.21,18.58,-0.1207,0.0298,-0.0036,0.46,-0.41,0.12,988.293,54.719,-10.542
14970,83640.28,18.57,-0.1097,0.0729,0.0108,-0.20,-0.05,-0.87,988.840,54.614,-10.539
14980,83634.95,18.57,-0.0905,0.0381,0.0217,-0.21,-0.64,0.03,989.385,54.509,-10.537
14990,83627.46,18.57,-0.0909,0.0245,-0.0148,-0.17,0.29,0.00,989.930,54.403,-10.534
15000,83618.14,18.56,-0.0884,0.0052,-0.0347,-0.01,-0.01,-0.01,990.473,54.298,-10.531
15010,83612.10,18.56,-0.1081,0.0197,0.0111,-0.07,-0.56,-0.47,991.016,54.193,-10.528
15020,83610.67,18.55,-0.0809,0.0159,0.0015,0.05,0.23,-0.22,991.557,54.087,-10.525
15030,83605.43,18.55,-0.1170,0.0218,-0.0232,-0.49,-0.26,-0.13,992.097,53.982,-10.522
15040,83599.03,18.55,-0.0695,0.0394,0.0087,-0.13,-0.53,-0.12,992.636,53.877,-10.519
15050,83591.84,18.54,-0.1372,0.0371,0.0532,0.12,0.15,0.56,993.175,53.772,-10.517
15060,83588.18,18.54,-0.0934,0.0549,0.0124,0.46,-0.70,-0.20,993.712,53.667,-10.514
15070,83581.18,18.54,-0.0942,0.0087,-0.0201,0.10,-1.00,0.19,994.248,53.562,-10.511
15080,83580.16,18.53,-0.0953,-0.0143,-0.0083,0.77,0.00,-0.27,994.783,53.456,-10.508
15090,83571.56,18.53,-0.0787,0.0199,0.0349,-0.09,-0.12,-0.15,995.317,53.351,-10.505
15100,83562.56,18.53,-0.0914,0.0082,0.0021,-0.17,-0.00,-0.07,995.850,53.246,-10.503
15110,83561.54,18.52,-0.0960,0.0489,0.0110,-0.00,-0.15,0.07,996.382,53.141,-10.500
15120,83557.09,18.52,-0.0830,0.0253,0.0279,0.15,-0.63,-0.79,996.913,53.036,-10.497
15130,83547.30,18.52,-0.0884,0.0302,0.0214,0.07,-0.24,0.20,997.442,52.931,-10.494
15140,83544.26,18.51,-0.0923,-0.0112,-0.0017,-0.01,-0.95,0.00,997.971,52.826,-10.492
15150,83541.37,18.51,-0.0669,0.0206,0.0309,-0.40,-0.30,-0.35,998.499,52.722,-10.489
15160,83528.53,18.51,-0.0960,0.0362,-0.0064,0.19,-0.56,-0.03,999.025,52.617,-10.486
15170,83529.85,18.50,-0.1250,-0.0048,0.0205,0.23,-0.29,-0.62,999.551,52.512,-10.483
15180,83524.71,18.50,-0.1044,-0.0087,0.0338,0.26,-0.42,-0.37,1000.076,52.407,-10.481
15190,83517.57,18.50,-0.0949,0.0176,-0.0009,-0.07,-0.02,-0.26,1000.599,52.302,-10.478
15200,83512.60,18.49,-0.0929,0.0439,0.0110,0.54,0.20,-0.56,1001.121,52.197,-10.475
15210,83504.84,18.49,-0.1087,0.0204,0.0135,0.08,0.20,-0.34,1001.643,52.093,-10.472
15220,83497.47,18.49,-0.1020,0.0418,0.0054,0.29,-0.36,-0.68,1002.163,51.988,-10.470
15230,83495.77,18.48,-0.1000,0.0787,0.0046,-0.33,0.00,-0.04,1002.683,51.883,-10.467
15240,83488.77,18.48,-0.0890,0.0285,0.0093,0.07,-0.80,-0.14,1003.201,51.779,-10.464
15250,83482.08,18.48,-0.0755,0.0081,0.0508,0.28,-0.01,-0.54,1003.718,51.674,-10.462
15260,83479.09,18.47,-0.1193,-0.0149,-0.0159,-0.13,-0.66,-0.08,1004.234,51.569,-10.459
15270,83475.73,18.47,-0.0732,0.0261,0.0134,-0.01,-0.33,-0.31,1004.749,51.465,-10.456
15280,83469.44,18.47,-0.0819,0.0135,0.0244,0.20,-0.15,-0.25,1005.263,51.360,-10.454
15290,83467.53,18.46,-0.1014,0.0441,0.0181,0.41,-0.38,-0.58,1005.776,51.256,-10.451
15300,83459.46,18.46,-0.1050,-0.0106,0.0141,0.19,-0.23,-0.49,1006.288,51.151,-10.448
15310,83456.15,18.46,-0.0840,-0.0115,0.0152,-0.26,-0.20,0.07,1006.799,51.047,-10.446
15320,83454.33,18.45,-0.0959,0.0064,0.0416,0.24,-0.25,-0.51,1007.309,50.942,-10.443
15330,83441.03,18.45,-0.0953,0.0396,0.0386,0.40,-0.22,0.44,1007.818,50.838,-10.440
15340,83439.31,18.45,-0.0976,0.0166,0.0164,0.41,-0.63,-0.06,1008.326,50.734,-10.438
15350,83429.58,18.44,-0.1033,-0.0067,0.0112,0.25,-0.14,0.05,1008.833,50.629,-10.435
15360,83430.25,18.44,-0.0538,-0.0002,0.0166,-0.28,0.37,-0.47,1009.338,50.525,-10.432
15370,83423.60,18.44,-0.1119,0.0058,0.0367,0.01,-0.06,-0.28,1009.843,50.421,-10.430
15380,83416.13,18.43,-0.0819,0.0395,0.0472,-0.26,0.10,0.27,1010.347,50.316,-10.427
15390,83412.06,18.43,-0.0743,0.0069,-0.0038,0.42,-0.27,0.05,1010.849,50.212,-10.425
15400,83409.17,18.43,-0.0785,0.0074,0.0718,-0.17,0.05,0.02,1011.351,50.108,-10.422
15410,83400.63,18.42,-0.0677,0.0185,0.0075,-0.54,-0.41,-0.28,1011.851,50.004,-10.419
15420,83400.48,18.42,-0.1010,0.0314,-0.0264,0.22,-0.70,0.09,1012.351,49.899,-10.417
15430,83393.17,18.42,-0.0529,0.0221,0.0060,0.27,-0.47,0.35,1012.849,49.795,-10.414
15440,83387.45,18.41,-0.0995,-0.0112,0.0462,0.63,-0.19,-0.04,1013.347,49.691,-10.412
15450,83377.61,18.41,-0.0596,0.0243,0.0314,0.56,0.11,-0.28,1013.843,49.587,-10.409
15460,83377.83,18.41,-0.0658,-0.0299,0.0135,0.57,0.15,-0.39,1014.338,49.483,-10.407
15470,83370.35,18.40,-0.0573,0.0062,0.0084,0.15,0.10,-0.09,1014.832,49.379,-10.404
15480,83366.37,18.40,-0.0788,0.0030,-0.0086,0.62,-0.25,-0.50,1015.326,49.275,-10.402
15490,83360.02,18.40,-0.0856,0.0580,0.0068,0.36,0.23,-0.08,1015.818,49.171,-10.399
15500,83356.94,18.39,-0.0875,-0.0156,-0.0015,-0.11,-0.19,-0.38,1016.309,49.067,-10.396
15510,83350.31,18.39,-0.0663,0.0489,-0.0050,0.32,-0.20,-0.40,1016.799,48.963,-10.394
15520,83346.51,18.39,-0.1049,0.0197,0.0114,-0.40,-0.08,-0.26,1017.288,48.859,-10.391
15530,83342.84,18.38,-0.0808,0.0288,0.0034,0.10,-0.12,-0.17,1017.776,48.755,-10.389
15540,83337.24,18.38,-0.0855,0.0396,0.0189,0.02,-0.10,-0.37,1018.263,48.651,-10.386
15550,83327.63,18.38,-0.0748,0.0147,0.0027,0.53,-0.03,-0.12,1018.749,48.547,-10.384
15560,83327.14,18.37,-0.0889,0.0207,0.0061,0.10,-0.32,0.55,1019.234,48.443,-10.381
15570,83321.89,18.37,-0.0807,0.0328,0.0002,0.14,-0.65,-0.40,1019.718,48.340,-10.379
15580,83318.44,18.37,-0.0851,0.0127,0.0264,0.48,0.12,-0.27,1020.201,48.236,-10.376
15590,83311.97,18.37,-0.0557,0.0525,0.0109,0.32,-0.27,0.15,1020.682,48.132,-10.374
15600,83302.28,18.36,-0.0875,0.0437,-0.0151,-0.18,-0.46,-0.15,1021.163,48.028,-10.371
15610,83300.26,18.36,-0.0923,0.0413,-0.0087,0.39,-0.17,-0.41,1021.643,47.925,-10.369
15620,83296.83,18.36,-0.0981,0.0313,-0.0040,0.55,0.22,-0.49,1022.122,47.821,-10.367
15630,83292.84,18.35,-0.0694,0.0161,0.0279,-0.13,-0.82,-0.57,1022.599,47.717,-10.364
15640,83291.95,18.35,-0.0923,-0.0045,0.0255,-0.12,-0.67,0.35,1023.076,47.614,-10.362
15650,83278.57,18.35,-0.0419,0.0385,0.0185,0.07,-0.74,-0.26,1023.551,47.510,-10.359
15660,83275.92,18.34,-0.1021,0.0457,-0.0011,0.29,-0.36,-0.04,1024.026,47.407,-10.357
15670,83270.73,18.34,-0.0801,0.0073,0.0161,0.25,-0.59,0.06,1024.499,47.303,-10.354
15680,83269.12,18.34,-0.1060,0.0412,-0.0069,-0.26,-0.37,-0.27,1024.972,47.199,-10.352
15690,83263.45,18.33,-0.0912,0.0340,0.0202,0.05,-0.10,-0.43,1025.443,47.096,-10.350
15700,83259.93,18.33,-0.0308,0.0286,0.0056,0.75,0.20,-0.50,1025.914,46.992,-10.347
15710,83252.64,18.33,-0.0813,0.0174,0.0208,0.04,-0.17,-0.53,1026.383,46.889,-10.345
15720,83246.45,18.33,-0.0961,0.0292,-0.0064,0.01,-0.18,0.12,1026.851,46.786,-10.342
15730,83244.47,18.32,-0.0637,0.0391,-0.0162,0.07,0.24,-0.13,1027.319,46.682,-10.340
15740,83244.35,18.32,-0.0584,-0.0080,-0.0620,0.01,0.54,-0.10,1027.785,46.579,-10.338
15750,83235.48,18.32,-0.0920,0.0058,0.0407,0.74,-0.20,0.20,1028.250,46.475,-10.335
15760,83229.24,18.31,-0.1188,-0.0265,0.0082,0.52,-0.45,-0.68,1028.714,46.372,-10.333
15770,83224.63,18.31,-0.0833,0.0103,0.0096,0.06,-0.15,-0.19,1029.177,46.269,-10.330
15780,83219.93,18.31,-0.0715,0.0366,0.0170,0.12,0.04,-0.48,1029.640,46.165,-10.328
15790,83214.45,18.30,-0.0773,0.0128,0.0204,0.11,0.10,-0.10,1030.101,46.062,-10.326
15800,83207.28,18.30,-0.0937,0.0608,0.0263,-0.17,0.03,-0.46,1030.561,45.959,-10.323
15810,83201.67,18.30,-0.1009,0.0239,0.0317,0.45,-0.34,-0.39,1031.020,45.856,-10.321
15820,83200.29,18.30,-0.0789,0.0019,0.0161,-0.17,0.20,0.09,1031.478,45.752,-10.319
15830,83194.00,18.29,-0.1016,0.0155,-0.0050,0.29,-0.06,-0.71,1031.935,45.649,-10.316
15840,83190.27,18.29,-0.0552,-0.0083,-0.0019,-0.04,-0.66,-0.70,1032.391,45.546,-10.314
15850,83189.43,18.29,-0.0667,0.0093,0.0410,0.08,0.07,-0.26,1032.845,45.443,-10.312
15860,83181.70,18.28,-0.0897,-0.0032,0.0257,0.82,-0.49,-0.56,1033.299,45.340,-10.309
15870,83176.92,18.28,-0.0522,0.0212,-0.0413,-0.03,-0.55,-0.30,1033.752,45.237,-10.307
15880,83172.56,18.28,-0.0900,0.0224,0.0179,0.38,-0.62,-0.19,1034.204,45.134,-10.305
15890,83168.24,18.27,-0.0649,-0.0001,0.0358,-0.15,0.01,0.05,1034.655,45.031,-10.303
15900,83167.37,18.27,-0.1035,-0.0047,-0.0077,0.33,0.09,-0.28,1035.104,44.928,-10.300
15910,83160.88,18.27,-0.0758,0.0064,-0.0011,-0.12,-0.54,-0.17,1035.553,44.825,-10.298
15920,83154.11,18.27,-0.0740,0.0046,-0.0145,0.00,-0.40,-0.15,1036.001,44.722,-10.296
15930,83149.64,18.26,-0.0312,0.0058,0.0543,0.02,-0.25,0.25,1036.448,44.619,-10.293
15940,83144.68,18.26,-0.1015,0.0071,0.0223,0.22,0.05,0.25,1036.893,44.516,-10.291
15950,83138.52,18.26,-0.0646,0.0097,-0.0022,0.21,0.79,-0.03,1037.338,44.413,-10.289
15960,83134.68,18.25,-0.0504,0.0016,0.0165,-0.35,-0.33,-0.15,1037.781,44.310,-10.287
15970,83128.28,18.25,-0.0849,0.0154,-0.0001,0.39,-0.20,-0.30,1038.224,44.207,-10.284
15980,83126.75,18.25,-0.0659,0.0235,-0.0059,0.41,0.19,0.59,1038.665,44.104,-10.282
15990,83121.24,18.25,-0.0187,0.0117,-0.0029,-0.01,-0.26,-0.22,1039.106,44.002,-10.280
16000,83118.53,18.24,-0.0763,0.0322,0.0138,-0.12,-0.31,-0.55,1039.545,43.899,-10.278
16010,83116.48,18.24,-0.0626,-0.0092,-0.0133,0.09,-0.39,-0.79,1039.984,43.796,-10.275
16020,83108.37,18.24,-0.0896,-0.0083,-0.0197,0.43,-0.11,0.15,1040.421,43.693,-10.273
16030,83107.18,18.23,-0.0589,0.0290,0.0425,0.71,-0.42,-0.22,1040.857,43.591,-10.271
16040,83101.79,18.23,-0.0532,0.0482,0.0322,0.22,-0.30,-0.03,1041.293,43.488,-10.269
16050,83100.03,18.23,-0.1029,-0.0057,0.0286,-0.77,-0.18,-0.57,1041.727,43.385,-10.267
16060,83093.10,18.23,-0.0515,0.0177,0.0170,-0.15,0.16,0.50,1042.160,43.283,-10.264
16070,83090.72,18.22,-0.0843,-0.0241,0.0431,-0.19,0.06,-0.89,1042.593,43.180,-10.262
16080,83078.60,18.22,-0.0670,0.0055,0.0261,-0.06,-0.34,0.44,1043.024,43.077,-10.260
16090,83076.62,18.22,-0.0697,0.0224,0.0206,-0.07,0.12,-0.05,1043.454,42.975,-10.258
16100,83074.67,18.21,-0.0477,0.0087,0.0312,-0.00,-0.77,0.07,1043.883,42.872,-10.256
16110,83070.57,18.21,-0.0966,0.0108,0.0068,0.31,-0.14,0.15,1044.311,42.770,-10.254
16120,83068.37,18.21,-0.0299,0.0196,0.0273,0.20,-0.34,-0.15,1044.739,42.667,-10.251
16130,83061.50,18.21,-0.0490,0.0145,0.0260,-0.00,-0.26,-0.39,1045.165,42.565,-10.249
16140,83051.78,18.20,-0.0701,0.0328,0.0297,-0.29,0.05,-0.64,1045.590,42.462,-10.247
16150,83052.84,18.20,-0.0918,-0.0188,-0.0097,0.31,-0.86,-0.71,1046.014,42.360,-10.245
16160,83047.13,18.20,-0.1223,0.0179,0.0215,0.18,-0.19,-0.39,1046.437,42.257,-10.243
16170,83045.32,18.20,-0.0959,0.0000,0.0196,0.09,0.11,-0.39,1046.859,42.155,-10.241
16180,83039.77,18.19,-0.0700,0.0166,-0.0278,0.17,-0.96,-0.60,1047.280,42.052,-10.239
16190,83034.72,18.19,-0.0818,0.0157,0.0140,-0.24,-0.31,-0.03,1047.700,41.950,-10.236
16200,83028.45,18.19,-0.0990,0.0326,0.0067,-0.01,-0.28,0.26,1048.119,41.848,-10.234
16210,83031.20,18.18,-0.0800,0.0616,-0.0189,0.19,-0.35,-0.26,1048.537,41.745,-10.232
16220,83019.18,18.18,-0.0539,-0.0017,0.0084,0.25,-0.19,0.05,1048.954,41.643,-10.230
16230,83019.64,18.18,-0.0647,0.0275,0.0204,0.43,-0.41,-0.35,1049.369,41.541,-10.228
16240,83013.13,18.18,-0.0857,0.0200,-0.0078,-0.28,-0.14,-0.19,1049.784,41.438,-10.226
16250,83005.86,18.17,-0.0841,-0.0027,0.0419,0.08,-0.30,-0.38,1050.198,41.336,-10.224
16260,83004.48,18.17,-0.0481,0.0248,0.0128,0.19,0.04,0.07,1050.611,41.234,-10.222
16270,83004.33,18.17,-0.0932,0.0262,0.0073,0.36,-0.39,-0.02,1051.023,41.132,-10.220
16280,82999.20,18.17,-0.0831,0.0211,-0.0042,0.22,-0.76,-0.52,1051.433,41.030,-10.218
16290,82995.91,18.16,-0.0520,0.0197,-0.0024,-0.14,-0.48,-0.36,1051.843,40.927,-10.216
16300,82986.90,18.16,-0.0670,0.0172,0.0158,-0.10,0.16,-0.38,1052.252,40.825,-10.214
16310,82982.78,18.16,-0.0643,0.0450,0.0057,0.08,-0.50,0.47,1052.660,40.723,-10.211
16320,82979.82,18.16,-0.0913,0.0309,0.0172,0.19,-0.26,-0.24,1053.066,40.621,-10.209
16330,82974.89,18.15,-0.0759,-0.0158,0.0191,-0.04,0.02,0.05,1053.472,40.519,-10.207
16340,82970.98,18.15,-0.0824,-0.0361,0.0175,0.12,-0.28,-0.46,1053.877,40.417,-10.205
16350,82964.66,18.15,-0.0399,-0.0059,0.0270,0.14,-0.58,0.39,1054.280,40.315,-10.203
16360,82960.61,18.14,-0.0719,0.0063,0.0116,-0.18,-0.10,-0.29,1054.683,40.213,-10.201
16370,82956.19,18.14,-0.0529,0.0028,0.0479,-0.24,-0.14,-0.06,1055.084,40.111,-10.199
16380,82957.99,18.14,-0.0337,-0.0088,-0.0142,-0.22,-0.36,0.59,1055.485,40.009,-10.197
16390,82949.27,18.14,-0.0459,0.0146,-0.0061,0.22,-0.79,-0.54,1055.884,39.907,-10.195
16400,82946.35,18.13,-0.0668,0.0391,0.0033,0.10,-0.06,0.08,1056.283,39.805,-10.193
16410,82943.58,18.13,-0.0785,0.0367,0.0280,-0.16,-0.31,0.03,1056.680,39.703,-10.191
16420,82939.89,18.13,-0.0589,-0.0119,0.0269,0.16,-0.40,-0.46,1057.077,39.601,-10.189
16430,82932.48,18.13,-0.0578,0.0113,0.0232,-0.50,0.02,-0.23,1057.472,39.499,-10.187
16440,82929.81,18.12,-0.0438,0.0446,-0.0098,-0.31,-0.52,-0.33,1057.867,39.397,-10.185
16450,82926.79,18.12,-0.0669,0.0163,-0.0025,0.11,-0.20,-0.25,1058.260,39.295,-10.183
16460,82921.85,18.12,-0.0802,0.0601,0.0396,-0.12,0.13,-0.60,1058.652,39.194,-10.181
16470,82920.02,18.12,-0.0771,0.0128,0.0344,0.01,-0.14,-0.70,1059.044,39.092,-10.179
16480,82916.09,18.11,-0.0468,0.0669,0.0222,-0.16,-0.31,-0.42,1059.434,38.990,-10.177
16490,82907.40,18.11,-0.0483,-0.0148,-0.0108,0.26,-0.51,-0.26,1059.824,38.888,-10.176
16500,82906.00,18.11,-0.0592,0.0271,0.0155,-0.43,-0.36,-0.41,1060.212,38.787,-10.174
16510,82900.96,18.11,-0.0612,0.0156,0.0154,0.00,-0.50,0.13,1060.599,38.685,-10.172
16520,82899.40,18.10,-0.0541,-0.0194,-0.0223,0.07,-0.44,0.05,1060.985,38.583,-10.170
16530,82897.64,18.10,-0.0548,0.0168,-0.0006,0.18,-0.39,-0.30,1061.371,38.481,-10.168
16540,82893.04,18.10,-0.0419,0.0340,0.0141,0.20,-0.40,0.19,1061.755,38.380,-10.166
16550,82882.75,18.10,-0.0698,0.0151,0.0134,-0.52,-0.21,-0.74,1062.138,38.278,-10.164
16560,82881.42,18.09,-0.0703,0.0151,-0.0054,-0.26,-0.34,0.01,1062.520,38.176,-10.162
16570,82879.95,18.09,-0.0609,0.0276,0.0167,-0.22,-0.09,0.13,1062.902,38.075,-10.160
16580,82880.26,18.09,-0.1019,0.0771,0.0324,-0.00,-0.25,-0.20,1063.282,37.973,-10.158
16590,82869.39,18.09,-0.0270,0.0169,-0.0127,-0.01,0.07,-0.25,1063.661,37.872,-10.156
16600,82872.26,18.08,-0.0666,0.0137,-0.0193,-0.39,-0.58,-0.38,1064.039,37.770,-10.154
16610,82862.33,18.08,-0.0713,0.0373,-0.0208,-0.01,-0.25,-0.16,1064.416,37.669,-10.153
16620,82859.73,18.08,-0.0447,-0.0017,0.0411,0.32,-0.25,-0.20,1064.792,37.567,-10.151
16630,82856.19,18.08,-0.0694,0.0442,0.0305,0.42,-0.49,-0.11,1065.168,37.466,-10.149
16640,82857.64,18.07,-0.0866,0.0344,0.0184,0.35,-0.06,-0.06,1065.542,37.364,-10.147
16650,82853.91,18.07,-0.0585,0.0207,0.0304,-0.48,-0.25,0.01,1065.915,37.263,-10.145
16660,82844.27,18.07,-0.0667,0.0512,0.0019,0.18,-0.15,-0.02,1066.287,37.161,-10.143
16670,82845.12,18.07,-0.0322,0.0128,0.0060,0.42,-0.40,-0.30,1066.658,37.060,-10.141
16680,82836.77,18.06,-0.0605,-0.0064,0.0002,0.07,-0.71,-0.29,1067.028,36.958,-10.140
16690,82832.98,18.06,-0.0472,0.0367,0.0368,0.90,-0.32,-0.37,1067.397,36.857,-10.138
16700,82830.87,18.06,-0.0612,0.0090,0.0133,0.05,-0.51,-0.56,1067.765,36.756,-10.136
16710,82823.31,18.06,-0.0710,0.0356,0.0256,0.34,-0.47,-0.48,1068.132,36.654,-10.134
16720,82827.79,18.05,-0.0451,0.0143,-0.0022,0.38,-0.29,-0.21,1068.498,36.553,-10.132
16730,82816.76,18.05,-0.0608,0.0136,0.0279,0.66,0.19,-1.20,1068.863,36.452,-10.130
16740,82816.69,18.05,-0.0367,0.0007,0.0116,-0.04,-0.64,-0.52,1069.227,36.350,-10.129
16750,82808.52,18.05,-0.0807,0.0552,0.0020,0.02,-0.24,-0.09,1069.590,36.249,-10.127
16760,82809.30,18.05,-0.0692,0.0001,0.0232,0.65,0.07,0.38,1069.952,36.148,-10.125
16770,82803.99,18.04,-0.0563,0.0438,0.0060,0.16,-0.54,-0.05,1070.313,36.047,-10.123
16780,82803.37,18.04,-0.0861,0.0038,0.0503,0.25,-0.39,0.08,1070.673,35.945,-10.121
16790,82792.44,18.04,-0.0651,0.0185,0.0051,0.32,-0.35,-0.46,1071.031,35.844,-10.120
16800,82794.62,18.04,-0.0437,0.0318,0.0227,0.45,-0.11,0.08,1071.389,35.743,-10.118
16810,82787.53,18.03,-0.0608,0.0350,0.0045,-0.02,-0.10,-0.17,1071.746,35.642,-10.116
16820,82783.83,18.03,-0.0197,0.0064,0.0320,0.31,-0.41,-0.35,1072.102,35.541,-10.114
16830,82785.04,18.03,-0.0345,0.0206,-0.0178,0.08,-0.42,-0.66,1072.457,35.439,-10.113
16840,82773.19,18.03,-0.0285,-0.0009,0.0075,-0.11,0.29,0.27,1072.811,35.338,-10.111
16850,82778.75,18.02,-0.0669,0.0461,-0.0095,0.10,-0.07,-0.64,1073.164,35.237,-10.109
16860,82770.98,18.02,-0.0393,0.0139,0.0104,0.18,-0.13,-0.42,1073.515,35.136,-10.107
16870,82767.12,18.02,-0.0777,-0.0048,0.0173,0.56,-0.04,-0.35,1073.866,35.035,-10.106
16880,82759.95,18.02,-0.0567,0.0419,-0.0107,-0.03,-0.17,-0.45,1074.216,34.934,-10.104
16890,82759.69,18.02,-0.0352,0.0206,0.0176,0.07,-0.11,-0.03,1074.565,34.833,-10.102
16900,82755.38,18.01,-0.0790,0.0260,0.0284,0.10,-0.58,-0.50,1074.913,34.732,-10.100
16910,82751.76,18.01,-0.0725,0.0482,0.0250,-0.16,-0.20,0.21,1075.259,34.631,-10.099
16920,82745.60,18.01,-0.0720,0.0113,0.0031,0.20,-0.61,0.06,1075.605,34.530,-10.097
16930,82746.87,18.01,-0.0597,0.0123,0.0006,0.03,-0.10,-0.49,1075.950,34.429,-10.095
16940,82744.18,18.00,-0.0524,0.0149,0.0045,0.06,-0.63,-0.23,1076.294,34.328,-10.094
16950,82734.66,18.00,-0.0918,0.0348,0.0154,-0.15,-0.29,-0.49,1076.636,34.227,-10.092
16960,82732.67,18.00,-0.0300,0.0858,0.0325,-0.05,0.32,-0.59,1076.978,34.126,-10.090
16970,82735.41,18.00,-0.0374,0.0289,-0.0140,0.39,-0.18,0.03,1077.319,34.025,-10.089
16980,82725.78,18.00,-0.0420,0.0375,0.0128,0.02,-0.20,-0.03,1077.658,33.924,-10.087
16990,82727.13,17.99,-0.0573,0.0480,0.0106,0.28,-0.41,-0.03,1077.997,33.824,-10.085
17000,82721.12,17.99,-0.0916,0.0208,0.0315,-0.30,-0.76,-0.15,1078.335,33.723,-10.084
17010,82715.65,17.99,-0.0671,0.0013,-0.0072,-0.27,-0.40,-0.41,1078.671,33.622,-10.082
17020,82714.28,17.99,-0.0730,0.0378,0.0056,-0.20,-0.39,-0.13,1079.007,33.521,-10.080
17030,82714.12,17.98,-0.0675,0.0182,0.0125,0.36,-0.53,-0.59,1079.342,33.420,-10.079
17040,82707.37,17.98,-0.0496,0.0069,-0.0041,0.28,-0.92,-0.75,1079.675,33.320,-10.077
17050,82700.57,17.98,-0.0485,0.0123,0.0143,-0.53,-0.87,0.19,1080.008,33.219,-10.075
17060,82703.29,17.98,-0.0867,0.0204,0.0281,0.46,-0.41,-0.58,1080.340,33.118,-10.074
17070,82692.27,17.98,-0.0688,0.0093,0.0255,-0.36,-0.31,-0.09,1080.670,33.017,-10.072
17080,82695.48,17.97,-0.0533,0.0635,0.0059,-0.22,0.30,0.47,1081.000,32.917,-10.070
17090,82689.54,17.97,-0.0762,0.0475,0.0100,-0.20,-0.68,0.62,1081.329,32.816,-10.069
17100,82688.49,17.97,-0.0802,0.0336,0.0184,0.46,-0.16,0.10,1081.656,32.715,-10.067
17110,82681.74,17.97,-0.0185,0.0131,0.0127,-0.02,-0.15,-0.02,1081.983,32.615,-10.066
17120,82685.16,17.96,-0.0615,0.0364,0.0466,-0.06,-0.05,-0.39,1082.308,32.514,-10.064
17130,82674.74,17.96,-0.0328,0.0088,0.0213,0.22,-0.05,-0.38,1082.633,32.413,-10.062
17140,82670.29,17.96,-0.0778,0.0111,-0.0050,0.26,-0.06,-0.36,1082.957,32.313,-10.061
17150,82675.45,17.96,-0.0512,0.0307,0.0059,-0.11,-0.15,0.30,1083.279,32.212,-10.059
17160,82664.00,17.96,-0.0461,0.0610,-0.0278,-0.29,-0.77,-0.28,1083.601,32.112,-10.058
17170,82663.91,17.95,-0.0579,0.0236,0.0305,-0.26,-0.16,0.07,1083.921,32.011,-10.056
17180,82664.81,17.95,-0.0421,0.0209,0.0004,0.21,0.13,0.18,1084.241,31.910,-10.054
17190,82661.74,17.95,-0.0309,0.0130,0.0060,-0.09,-0.83,-0.49,1084.559,31.810,-10.053
17200,82651.28,17.95,-0.0505,0.0029,0.0245,0.21,-0.40,0.01,1084.877,31.709,-10.051
17210,82651.41,17.95,-0.0730,0.0048,0.0077,-0.14,-0.29,-0.70,1085.193,31.609,-10.050
17220,82654.83,17.94,-0.0529,0.0154,0.0216,-0.31,0.13,0.24,1085.509,31.508,-10.048
17230,82644.71,17.94,-0.0573,0.0385,0.0071,-0.07,-0.33,0.08,1085.824,31.408,-10.047
17240,82636.49,17.94,-0.0698,0.0551,0.0246,-0.24,-0.24,-0.25,1086.137,31.307,-10.045
17250,82642.40,17.94,-0.0340,0.0109,0.0419,-0.07,-0.05,-0.22,1086.450,31.207,-10.044
17260,82637.77,17.94,-0.0242,0.0183,0.0428,0.36,-0.49,0.08,1086.761,31.107,-10.042
17270,82635.32,17.93,-0.0548,0.0224,0.0326,0.40,-0.47,-1.13,1087.072,31.006,-10.041
17280,82632.51,17.93,-0.0554,-0.0087,-0.0009,-0.15,-0.30,-0.31,1087.381,30.906,-10.039
17290,82628.08,17.93,-0.0440,0.0077,0.0169,-0.17,0.12,-0.41,1087.690,30.805,-10.037
17300,82622.76,17.93,-0.0689,0.0187,-0.0017,0.33,-0.29,-0.45,1087.997,30.705,-10.036
17310,82615.00,17.93,-0.0506,0.0271,0.0108,-0.14,-0.82,-0.14,1088.304,30.605,-10.034
17320,82615.30,17.92,-0.0452,0.0298,0.0077,0.71,-0.28,-0.10,1088.609,30.504,-10.033
17330,82615.76,17.92,-0.0277,0.0040,0.0230,0.02,-0.66,-0.15,1088.914,30.404,-10.031
17340,82612.70,17.92,-0.0686,0.0257,0.0289,-0.06,-0.68,-0.16,1089.217,30.304,-10.030
17350,82609.22,17.92,-0.0604,-0.0153,0.0023,-0.31,-0.45,0.08,1089.520,30.203,-10.029
17360,82606.07,17.92,-0.0276,0.0123,-0.0056,-0.16,0.09,-0.20,1089.821,30.103,-10.027
17370,82600.62,17.91,-0.0369,-0.0024,0.0312,-0.60,-0.17,-0.45,1090.122,30.003,-10.026
17380,82600.16,17.91,-0.0408,0.0430,-0.0086,-0.22,-0.15,-0.44,1090.421,29.903,-10.024
17390,82597.16,17.91,-0.0579,0.0214,0.0185,-0.10,-0.43,-0.68,1090.719,29.802,-10.023
17400,82589.29,17.91,-0.0656,0.0334,0.0489,-0.30,0.10,-0.23,1091.017,29.702,-10.021
17410,82587.42,17.91,-0.0432,0.0245,0.0201,0.43,-0.78,-0.25,1091.313,29.602,-10.020
17420,82590.79,17.90,-0.0486,0.0413,-0.0232,0.09,-0.45,-0.68,1091.609,29.502,-10.018
17430,82581.91,17.90,-0.0427,0.0288,0.0064,-0.14,-0.85,-0.17,1091.903,29.402,-10.017
17440,82583.95,17.90,-0.0236,0.0380,-0.0054,0.65,-0.31,-0.74,1092.197,29.301,-10.015
17450,82576.09,17.90,-0.0538,0.0106,0.0100,0.35,-0.00,-0.43,1092.489,29.201,-10.014
17460,82571.03,17.90,-0.0560,-0.0084,0.0409,0.10,-0.35,-0.13,1092.781,29.101,-10.013
17470,82571.02,17.90,0.0048,0.0045,-0.0225,0.02,-0.19,-0.52,1093.071,29.001,-10.011
17480,82567.40,17.89,-0.0906,0.0327,0.0498,-0.02,-0.48,0.01,1093.361,28.901,-10.010
17490,82565.10,17.89,-0.0074,0.0170,-0.0032,0.40,-0.36,0.01,1093.649,28.801,-10.008
17500,82565.96,17.89,-0.0923,0.0560,0.0133,-0.24,-0.50,0.02,1093.937,28.701,-10.007
17510,82562.49,17.89,-0.0445,0.0098,-0.0083,0.60,-0.09,-0.39,1094.223,28.601,-10.005
17520,82563.63,17.89,-0.0251,0.0470,0.0204,0.14,-1.01,-0.11,1094.508,28.501,-10.004
17530,82553.86,17.88,-0.0140,0.0097,0.0528,0.49,-0.41,-0.97,1094.793,28.401,-10.003
17540,82550.75,17.88,-0.0742,0.0437,0.0233,-0.23,0.07,-0.21,1095.076,28.301,-10.001
17550,82551.33,17.88,-0.0528,0.0467,0.0236,0.31,-0.25,0.15,1095.359,28.201,-10.000
17560,82548.15,17.88,-0.0698,0.0537,0.0383,-0.07,-0.02,-0.37,1095.640,28.101,-9.999
17570,82544.86,17.88,-0.0425,0.0343,0.0021,0.40,0.33,-0.30,1095.921,28.001,-9.997
17580,82538.54,17.87,-0.0716,0.0086,0.0292,-0.10,-0.66,-0.92,1096.200,27.901,-9.996
17590,82538.14,17.87,-0.0561,0.0004,0.0325,0.20,-0.58,-0.33,1096.479,27.801,-9.994
17600,82534.82,17.87,-0.0535,0.0208,0.0342,0.39,-0.61,-0.55,1096.756,27.701,-9.993
17610,82528.23,17.87,-0.0539,0.0299,0.0025,-0.19,-0.64,0.34,1097.033,27.601,-9.992
17620,82532.53,17.87,-0.0552,0.0110,0.0019,-0.19,-0.28,-0.50,1097.308,27.501,-9.990
17630,82525.02,17.87,-0.0317,0.0074,0.0144,0.25,-0.37,-0.17,1097.583,27.401,-9.989
17640,82525.66,17.86,-0.0356,0.0126,0.0189,0.05,-0.60,-0.10,1097.856,27.301,-9.988
17650,82518.77,17.86,-0.0566,0.0135,0.0270,0.20,-0.19,-0.51,1098.128,27.201,-9.986
17660,82516.36,17.86,-0.0363,-0.0042,-0.0062,-0.17,-0.23,-0.25,1098.400,27.101,-9.985
17670,82513.81,17.86,-0.0205,0.0049,-0.0252,-0.31,-0.28,0.09,1098.670,27.001,-9.984
17680,82509.71,17.86,-0.0790,0.0390,-0.0087,-0.38,-0.34,0.20,1098.940,26.902,-9.982
17690,82507.56,17.86,-0.0631,0.0085,0.0126,0.32,-0.08,0.33,1099.208,26.802,-9.981
17700,82507.47,17.85,-0.0549,0.0149,0.0169,0.12,-0.32,-0.64,1099.476,26.702,-9.980
17710,82499.93,17.85,-0.0389,0.0249,-0.0205,0.62,0.24,-0.11,1099.742,26.602,-9.979
17720,82500.23,17.85,0.0078,0.0388,-0.0246,0.58,-0.07,-0.09,1100.008,26.502,-9.977
17730,82501.40,17.85,-0.0655,0.0421,0.0114,-0.08,0.03,-0.27,1100.272,26.403,-9.976
17740,82497.00,17.85,-0.0254,0.0139,0.0300,0.11,-0.15,-0.36,1100.536,26.303,-9.975
17750,82495.95,17.84,-0.0353,0.0247,0.0346,0.26,-0.37,-0.28,1100.798,26.203,-9.973
17760,82491.56,17.84,-0.0193,0.0331,0.0202,0.39,-0.36,-0.47,1101.060,26.103,-9.972
17770,82489.48,17.84,-0.0815,0.0213,-0.0271,0.13,-0.57,-0.83,1101.320,26.004,-9.971
17780,82484.12,17.84,-0.0149,0.0030,0.0120,-0.20,-0.43,-0.69,1101.580,25.904,-9.970
17790,82481.07,17.84,-0.0542,0.0077,0.0167,-0.02,-0.09,-0.09,1101.838,25.804,-9.968
17800,82475.65,17.84,-0.0099,0.0228,0.0210,0.10,0.02,-0.36,1102.096,25.705,-9.967
17810,82477.63,17.83,-0.0597,0.0285,0.0120,0.16,0.07,-0.02,1102.352,25.605,-9.966
17820,82476.97,17.83,-0.0330,-0.0167,-0.0088,-0.07,0.07,0.19,1102.608,25.505,-9.965
17830,82468.74,17.83,-0.0791,0.0255,0.0361,0.27,-0.49,-0.08,1102.862,25.406,-9.963
17840,82468.61,17.83,-0.0437,0.0056,0.0039,0.00,-0.33,-0.20,1103.116,25.306,-9.962
17850,82469.73,17.83,-0.0592,0.0038,-0.0029,0.33,-0.38,-0.34,1103.368,25.206,-9.961
17860,82460.03,17.83,-0.0176,0.0100,0.0298,0.02,-0.07,-0.86,1103.620,25.107,-9.960
17870,82460.24,17.82,-0.0518,0.0450,0.0121,0.26,-0.40,-0.28,1103.870,25.007,-9.959
17880,82462.20,17.82,-0.0145,0.0094,0.0172,0.42,-0.88,0.02,1104.120,24.908,-9.957
17890,82454.64,17.82,-0.0589,0.0005,0.0306,-0.16,-0.41,-0.33,1104.368,24.808,-9.956
17900,82452.69,17.82,0.0148,-0.0165,0.0144,-0.03,-0.20,-0.41,1104.616,24.709,-9.955
17910,82453.70,17.82,-0.0193,0.0177,0.0020,-0.28,-0.11,-0.26,1104.862,24.609,-9.954
17920,82452.28,17.82,-0.0564,0.0111,0.0377,0.25,-0.13,-0.01,1105.108,24.509,-9.953
17930,82448.66,17.82,-0.0684,0.0146,0.0404,0.05,-0.55,-0.08,1105.352,24.410,-9.951
17940,82441.39,17.81,-0.0456,-0.0189,-0.0103,0.07,-0.01,-0.27,1105.596,24.310,-9.950
17950,82444.23,17.81,-0.0801,0.0152,0.0249,0.03,-0.20,-0.60,1105.838,24.211,-9.949
17960,82438.76,17.81,-0.0611,0.0575,-0.0092,0.39,-0.35,-0.26,1106.080,24.111,-9.948
17970,82438.15,17.81,-0.0111,-0.0066,-0.0076,-0.01,-0.26,-0.34,1106.321,24.012,-9.947
17980,82436.27,17.81,-0.0271,0.0202,0.0320,0.01,-0.34,0.03,1106.560,23.913,-9.945
17990,82432.15,17.81,-0.0450,-0.0059,0.0028,-0.15,-0.62,-0.49,1106.799,23.813,-9.944
18000,82431.43,17.80,-0.0185,0.0021,0.0429,0.41,-0.22,-0.19,1107.036,23.714,-9.943
18010,82426.53,17.80,-0.0061,0.0307,-0.0208,0.29,-0.38,0.04,1107.273,23.614,-9.942
18020,82429.09,17.80,-0.0628,0.0218,-0.0052,0.35,-0.46,-0.22,1107.509,23.515,-9.941
18030,82424.05,17.80,-0.0410,0.0501,0.0130,0.18,-0.56,-0.60,1107.743,23.415,-9.940
18040,82420.73,17.80,-0.0084,0.0342,0.0276,0.28,-0.55,-0.26,1107.977,23.316,-9.939
18050,82416.43,17.80,-0.0524,-0.0223,0.0135,0.71,-0.26,-0.30,1108.209,23.217,-9.937
18060,82411.68,17.80,-0.0217,-0.0188,-0.0311,-0.33,-0.16,-0.23,1108.441,23.117,-9.936
18070,82412.88,17.79,-0.0537,-0.0161,-0.0081,0.93,-0.21,-0.13,1108.672,23.018,-9.935
18080,82412.36,17.79,-0.0638,0.0484,0.0050,-0.20,-0.18,-0.62,1108.901,22.919,-9.934
18090,82408.66,17.79,-0.0456,0.0271,-0.0123,-0.25,-0.32,0.12,1109.130,22.819,-9.933
18100,82404.98,17.79,-0.0320,0.0095,0.0570,0.35,-0.17,-0.08,1109.358,22.720,-9.932
18110,82409.29,17.79,-0.0421,0.0249,-0.0215,0.07,-0.17,0.54,1109.584,22.621,-9.931
18120,82398.96,17.79,-0.0465,0.0184,-0.0073,0.76,-0.39,-0.12,1109.810,22.521,-9.930
18130,82399.51,17.78,-0.0675,0.0336,0.0053,-0.14,-0.05,-0.13,1110.034,22.422,-9.929
18140,82395.28,17.78,-0.0171,0.0149,0.0168,0.14,-0.39,-0.27,1110.258,22.323,-9.928
18150,82390.88,17.78,-0.0303,0.0615,-0.0005,0.19,-0.27,-0.07,1110.481,22.223,-9.927
18160,82391.19,17.78,-0.0435,0.0283,0.0144,0.75,-0.12,-0.12,1110.703,22.124,-9.925
18170,82391.01,17.78,-0.0256,0.0000,0.0376,0.01,-0.36,-0.21,1110.923,22.025,-9.924
18180,82389.84,17.78,-0.0465,0.0262,-0.0008,0.35,0.18,-0.29,1111.143,21.926,-9.923
18190,82383.09,17.78,-0.0566,0.0028,0.0315,0.60,-0.18,-0.29,1111.362,21.826,-9.922
18200,82378.76,17.77,-0.0471,0.0294,0.0127,0.75,-0.85,-0.20,1111.579,21.727,-9.921
18210,82384.23,17.77,-0.0227,0.0262,0.0210,-0.06,-0.09,-0.18,1111.796,21.628,-9.920
18220,82380.13,17.77,0.0145,0.0305,0.0189,-0.31,-0.13,0.15,1112.012,21.529,-9.919
18230,82379.03,17.77,-0.0330,0.0355,0.0284,0.04,-0.23,-0.37,1112.227,21.430,-9.918
18240,82376.75,17.77,-0.0275,0.0079,0.0093,0.23,-0.64,-0.45,1112.440,21.330,-9.917
18250,82374.80,17.77,-0.0273,-0.0010,0.0147,0.45,-0.66,-0.23,1112.653,21.231,-9.916
18260,82369.41,17.77,-0.0439,0.0178,0.0082,0.01,0.25,0.04,1112.865,21.132,-9.915
18270,82371.09,17.77,-0.0120,0.0168,0.0256,-0.01,-0.47,-0.51,1113.076,21.033,-9.914
18280,82366.10,17.76,-0.0407,0.0366,0.0170,-0.06,-0.23,-0.43,1113.285,20.934,-9.913
18290,82365.30,17.76,-0.0195,0.0391,0.0322,0.06,-0.16,-0.49,1113.494,20.835,-9.912
18300,82359.73,17.76,-0.0379,0.0051,0.0101,0.14,-0.18,-0.89,1113.702,20.736,-9.911
18310,82361.86,17.76,-0.0292,0.0551,-0.0116,-0.18,-0.52,0.22,1113.909,20.637,-9.910
18320,82356.97,17.76,-0.0226,0.0188,0.0487,0.64,0.11,-0.10,1114.115,20.537,-9.909
18330,82353.72,17.76,-0.0298,0.0141,0.0069,0.31,0.07,-0.15,1114.319,20.438,-9.908
18340,82356.45,17.76,-0.0417,0.0002,-0.0016,-0.67,0.49,-0.24,1114.523,20.339,-9.907
18350,82348.53,17.75,-0.0150,0.0228,-0.0005,0.22,0.32,-0.42,1114.726,20.240,-9.906
18360,82349.68,17.75,-0.0324,0.0096,0.0181,0.13,0.35,0.03,1114.928,20.141,-9.905
18370,82349.60,17.75,-0.0252,0.0159,0.0447,0.11,-0.26,-0.14,1115.129,20.042,-9.904
18380,82347.41,17.75,-0.0400,0.0114,0.0112,-0.04,-0.03,-0.34,1115.329,19.943,-9.903
18390,82346.26,17.75,-0.0101,0.0395,0.0132,0.05,-0.33,-0.44,1115.528,19.844,-9.902
18400,82338.82,17.75,-0.0412,-0.0099,0.0110,-0.42,-0.27,-0.15,1115.726,19.745,-9.901
18410,82340.25,17.75,-0.0537,-0.0065,0.0279,0.38,-0.64,-0.29,1115.922,19.646,-9.900
18420,82342.86,17.75,-0.0116,0.0155,0.0282,-0.05,-0.27,-0.08,1116.118,19.547,-9.899
18430,82333.89,17.74,-0.0205,0.0028,-0.0083,-0.02,-0.36,-0.37,1116.313,19.448,-9.898
18440,82333.69,17.74,-0.0289,0.0368,-0.0042,0.44,-0.41,-0.39,1116.507,19.349,-9.897
18450,82331.69,17.74,-0.0485,0.0282,-0.0046,0.25,-0.15,0.20,1116.700,19.250,-9.897
18460,82334.49,17.74,-0.0391,0.0213,0.0049,0.42,-0.03,-0.44,1116.892,19.151,-9.896
18470,82330.30,17.74,-0.0048,-0.0186,0.0159,0.19,-0.24,-0.31,1117.083,19.052,-9.895
18480,82323.94,17.74,-0.0509,0.0303,0.0096,-0.04,-0.32,-0.37,1117.273,18.953,-9.894
18490,82323.67,17.74,-0.0247,-0.0413,0.0146,0.40,-0.27,-0.25,1117.462,18.854,-9.893
18500,82321.37,17.74,-0.0182,0.0198,0.0118,0.14,0.14,-0.55,1117.650,18.755,-9.892
18510,82321.10,17.73,-0.0377,-0.0089,0.0045,0.39,-0.52,-0.48,1117.837,18.656,-9.891
18520,82314.92,17.73,0.0179,-0.0124,0.0202,0.09,0.31,0.13,1118.023,18.558,-9.890
18530,82317.78,17.73,-0.0249,0.0152,0.0337,0.05,0.09,-0.69,1118.208,18.459,-9.889
18540,82317.27,17.73,-0.0187,0.0288,0.0072,-0.44,-0.03,-0.17,1118.392,18.360,-9.888
18550,82314.17,17.73,-0.0576,0.0029,0.0166,0.80,-0.52,-0.01,1118.575,18.261,-9.888
18560,82309.06,17.73,-0.0141,0.0214,0.0292,-0.29,0.12,0.03,1118.757,18.162,-9.887
18570,82307.35,17.73,-0.0073,-0.0055,0.0121,0.11,-0.57,-0.19,1118.938,18.063,-9.886
18580,82307.62,17.73,-0.0080,0.0335,0.0107,-0.12,-0.29,-0.10,1119.118,17.964,-9.885
18590,82301.77,17.72,-0.0495,0.0328,0.0414,0.13,-0.39,-0.05,1119.298,17.865,-9.884
18600,82303.58,17.72,-0.0567,-0.0054,0.0297,0.10,-0.29,-0.05,1119.476,17.767,-9.883
18610,82301.55,17.72,-0.0137,0.0199,0.0325,0.31,0.32,-0.19,1119.653,17.668,-9.882
18620,82296.11,17.72,-0.0230,0.0338,0.0068,0.46,-0.07,-0.38,1119.829,17.569,-9.881
18630,82297.42,17.72,-0.0666,-0.0060,0.0184,-0.51,0.06,-0.28,1120.004,17.470,-9.881
18640,82295.07,17.72,-0.0197,0.0438,0.0174,0.22,-0.16,0.59,1120.178,17.371,-9.880
18650,82296.24,17.72,-0.0119,0.0258,0.0063,-0.22,0.14,-0.40,1120.351,17.273,-9.879
18660,82295.72,17.72,-0.0490,-0.0108,0.0186,0.22,-0.40,-0.27,1120.524,17.174,-9.878
18670,82290.80,17.72,-0.0423,0.0135,-0.0169,-0.23,-0.49,0.03,1120.695,17.075,-9.877
18680,82292.53,17.71,-0.0575,0.0451,0.0333,0.21,0.01,0.26,1120.865,16.976,-9.877
18690,82288.09,17.71,-0.0372,0.0070,0.0158,0.12,-0.26,-0.21,1121.034,16.877,-9.876
18700,82287.58,17.71,-0.0368,0.0322,0.0053,0.23,-0.39,-0.16,1121.202,16.779,-9.875
18710,82282.59,17.71,-0.0464,0.0244,-0.0123,0.26,-0.46,-0.13,1121.370,16.680,-9.874
18720,82281.40,17.71,-0.0621,0.0264,0.0450,0.61,-0.16,-0.23,1121.536,16.581,-9.873
18730,82279.14,17.71,-0.0129,0.0233,-0.0049,-0.04,-0.34,-0.40,1121.701,16.482,-9.873
18740,82273.40,17.71,-0.0246,0.0333,0.0186,0.43,-0.33,-0.60,1121.865,16.384,-9.872
18750,82276.67,17.71,0.0023,0.0039,0.0153,0.47,0.11,-0.43,1122.029,16.285,-9.871
18760,82272.61,17.71,-0.0533,0.0175,0.0053,-0.08,-0.14,0.20,1122.191,16.186,-9.870
18770,82272.66,17.70,-0.0082,0.0063,0.0164,-0.15,-0.72,0.05,1122.352,16.088,-9.869
18780,82275.96,17.70,-0.0272,0.0136,0.0077,0.44,-0.83,-0.33,1122.513,15.989,-9.869
18790,82275.47,17.70,-0.0338,0.0136,-0.0090,0.74,0.09,0.19,1122.672,15.890,-9.868
18800,82270.83,17.70,-0.0578,0.0322,0.0470,0.32,-0.35,0.00,1122.830,15.792,-9.867
18810,82266.51,17.70,-0.0319,0.0110,-0.0164,-0.06,0.60,-0.50,1122.988,15.693,-9.866
18820,82266.05,17.70,-0.0503,0.0325,-0.0194,0.30,-0.13,0.11,1123.144,15.594,-9.866
18830,82267.14,17.70,-0.0588,0.0276,0.0127,0.30,-0.62,-0.09,1123.300,15.496,-9.865
18840,82266.12,17.70,-0.0584,0.0666,0.0302,0.47,-0.28,-0.13,1123.454,15.397,-9.864
18850,82261.74,17.70,0.0051,0.0058,0.0162,0.68,0.26,-0.58,1123.607,15.298,-9.863
18860,82257.59,17.70,-0.0272,0.0034,0.0136,0.13,-0.81,-0.47,1123.760,15.200,-9.863
18870,82258.34,17.69,-0.0273,-0.0118,0.0011,-0.47,-0.35,0.32,1123.911,15.101,-9.862
18880,82257.91,17.69,-0.0551,0.0230,0.0010,-0.05,-0.72,-0.28,1124.062,15.002,-9.861
18890,82253.84,17.69,-0.0426,0.0217,0.0119,0.45,-0.27,-0.54,1124.211,14.904,-9.860
18900,82256.62,17.69,0.0021,0.0242,0.0169,0.44,0.35,0.13,1124.360,14.805,-9.860
18910,82248.85,17.69,-0.0352,-0.0028,0.0144,-0.45,0.18,-0.07,1124.507,14.707,-9.859
18920,82247.91,17.69,-0.0129,0.0232,0.0060,-0.15,-0.21,-0.09,1124.654,14.608,-9.858
18930,82247.75,17.69,-0.0266,0.0049,0.0256,-0.02,0.10,-0.34,1124.799,14.509,-9.858
18940,82250.10,17.69,-0.0004,0.0151,-0.0049,-0.20,-0.48,-0.51,1124.944,14.411,-9.857
18950,82247.49,17.69,-0.0626,-0.0085,0.0785,0.09,-0.29,0.27,1125.087,14.312,-9.856
18960,82248.23,17.69,-0.0496,0.0441,0.0128,-0.04,-0.33,-0.59,1125.230,14.214,-9.856
18970,82241.77,17.69,-0.0066,0.0252,0.0033,-0.12,-0.11,0.14,1125.372,14.115,-9.855
18980,82243.84,17.68,-0.0113,-0.0019,0.0141,-0.58,-0.20,-0.30,1125.512,14.017,-9.854
18990,82243.38,17.68,-0.0167,0.0016,0.0119,0.19,-0.09,0.13,1125.652,13.918,-9.854
19000,82244.26,17.68,-0.0272,0.0281,0.0226,-0.11,-0.50,-0.72,1125.791,13.820,-9.853
19010,82233.45,17.68,-0.0314,0.0276,0.0156,0.28,-0.60,-0.01,1125.928,13.721,-9.852
19020,82239.82,17.68,0.0062,0.0303,0.0414,-0.51,0.17,-0.53,1126.065,13.623,-9.852
19030,82235.92,17.68,-0.0067,0.0022,0.0042,-0.06,-0.56,-0.53,1126.201,13.524,-9.851
19040,82238.41,17.68,-0.0588,0.0185,-0.0071,0.44,-0.28,0.02,1126.335,13.426,-9.850
19050,82230.07,17.68,-0.0550,0.0265,0.0343,-0.22,-0.35,-0.15,1126.469,13.327,-9.850
19060,82232.42,17.68,-0.0341,0.0210,0.0081,0.91,-0.41,-0.01,1126.602,13.229,-9.849
19070,82227.66,17.68,-0.0210,-0.0180,-0.0041,0.35,-0.03,-0.02,1126.733,13.130,-9.848
19080,82225.63,17.68,-0.0100,-0.0021,0.0110,0.11,0.22,-0.21,1126.864,13.032,-9.848
19090,82223.29,17.67,-0.0408,0.0389,0.0227,0.34,0.08,-0.10,1126.994,12.933,-9.847
19100,82225.60,17.67,-0.0601,0.0212,0.0266,0.30,-0.08,-0.23,1127.123,12.835,-9.847
19110,82223.67,17.67,-0.0240,-0.0012,0.0159,0.34,0.29,-0.50,1127.251,12.736,-9.846
19120,82220.75,17.67,-0.0568,0.0415,0.0176,0.39,-0.29,-0.17,1127.377,12.638,-9.845
19130,82222.24,17.67,-0.0360,0.0566,0.0030,0.51,-0.32,0.11,1127.503,12.539,-9.845
19140,82223.99,17.67,-0.0044,0.0269,0.0102,0.26,-0.24,-0.45,1127.628,12.441,-9.844
19150,82213.52,17.67,-0.0094,-0.0018,0.0311,-0.45,-0.60,-0.61,1127.752,12.342,-9.844
19160,82215.15,17.67,-0.0541,0.0516,0.0246,0.60,-0.03,0.12,1127.875,12.244,-9.843
19170,82218.15,17.67,0.0096,0.0328,0.0372,0.14,-0.08,-0.71,1127.997,12.146,-9.842
19180,82217.72,17.67,-0.0280,0.0291,0.0332,0.35,-0.53,-0.06,1128.118,12.047,-9.842
19190,82214.21,17.67,-0.0459,0.0333,0.0410,0.15,-0.25,-0.35,1128.238,11.949,-9.841
19200,82214.47,17.67,-0.0252,0.0177,-0.0050,0.42,-0.35,-0.25,1128.356,11.850,-9.841
19210,82212.48,17.66,-0.0045,0.0071,0.0117,-0.05,-0.18,-0.04,1128.474,11.752,-9.840
19220,82209.28,17.66,-0.0485,0.0335,-0.0152,0.39,-0.30,0.28,1128.591,11.653,-9.840
19230,82207.09,17.66,-0.0091,0.0111,-0.0284,0.36,0.42,0.04,1128.707,11.555,-9.839
19240,82204.86,17.66,-0.0262,0.0522,0.0252,-0.04,-0.64,-0.01,1128.822,11.457,-9.838
19250,82205.26,17.66,-0.0004,0.0151,0.0009,0.10,-0.08,0.20,1128.936,11.358,-9.838
19260,82205.65,17.66,-0.0275,0.0670,0.0171,-0.23,-0.38,-0.33,1129.050,11.260,-9.837
19270,82200.76,17.66,-0.0599,0.0258,-0.0027,-0.30,-0.42,-0.66,1129.162,11.162,-9.837
19280,82203.20,17.66,-0.1055,-0.0015,-0.0028,-0.22,0.02,-0.73,1129.273,11.063,-9.836
19290,82201.21,17.66,-0.0353,0.0316,0.0061,-0.06,-0.16,-0.63,1129.383,10.965,-9.836
19300,82200.10,17.66,-0.0292,-0.0037,0.0204,0.10,-0.24,-0.01,1129.492,10.866,-9.835
19310,82199.45,17.66,-0.0411,0.0540,0.0154,0.24,-0.54,-0.19,1129.600,10.768,-9.835
19320,82197.00,17.66,-0.0304,0.0129,-0.0137,-0.06,-0.36,-0.39,1129.707,10.670,-9.834
19330,82200.03,17.66,-0.0374,0.0168,0.0036,-0.15,-0.43,0.02,1129.813,10.571,-9.834
19340,82198.14,17.66,-0.0634,0.0337,-0.0051,0.23,-0.15,0.38,1129.918,10.473,-9.833
19350,82196.88,17.65,-0.0275,0.0172,0.0253,0.39,0.21,-0.90,1130.023,10.375,-9.833
19360,82194.76,17.65,0.0021,0.0188,-0.0304,0.14,0.20,0.23,1130.126,10.276,-9.832
19370,82197.34,17.65,-0.0047,0.0154,0.0067,0.30,0.24,-0.11,1130.228,10.178,-9.832
19380,82194.26,17.65,-0.0429,0.0219,-0.0235,0.28,-0.17,-0.34,1130.329,10.080,-9.831
19390,82192.94,17.65,-0.0250,-0.0083,-0.0019,0.19,0.12,0.18,1130.430,9.982,-9.831
19400,82190.47,17.65,-0.0294,0.0274,0.0501,-0.28,0.00,-0.51,1130.529,9.883,-9.830
19410,82188.41,17.65,-0.0019,0.0304,-0.0089,0.14,0.10,-0.18,1130.627,9.785,-9.830
19420,82188.99,17.65,-0.0391,0.0140,0.0322,0.20,0.40,-0.14,1130.724,9.687,-9.829
19430,82189.17,17.65,-0.0539,0.0251,-0.0378,0.39,-0.53,-0.23,1130.821,9.588,-9.829
19440,82190.58,17.65,-0.0033,0.0401,0.0150,0.29,-0.49,0.01,1130.916,9.490,-9.828
19450,82188.61,17.65,-0.0403,0.0253,0.0391,0.08,-0.13,-0.14,1131.010,9.392,-9.828
19460,82191.52,17.65,-0.0080,0.0122,0.0190,0.18,-0.58,-0.15,1131.104,9.293,-9.828
19470,82184.08,17.65,-0.0359,0.0189,0.0037,0.32,0.06,0.25,1131.196,9.195,-9.827
19480,82185.58,17.65,-0.0305,0.0035,0.0368,-0.13,-0.41,-0.29,1131.288,9.097,-9.827
19490,82180.57,17.65,-0.0620,0.0384,0.0134,0.49,-0.22,0.18,1131.378,8.999,-9.826
19500,82180.31,17.65,-0.0286,-0.0089,0.0085,-0.32,-0.44,0.01,1131.468,8.900,-9.826
19510,82180.12,17.64,-0.0128,0.0107,0.0084,-0.51,-0.03,-0.44,1131.556,8.802,-9.825
19520,82183.32,17.64,-0.0444,0.0083,-0.0009,-0.16,-0.61,-0.57,1131.643,8.704,-9.825
19530,82183.14,17.64,-0.0083,0.0214,-0.0008,-0.21,-0.57,-0.28,1131.730,8.606,-9.825
19540,82174.55,17.64,-0.0404,0.0188,0.0051,0.15,-0.44,-0.79,1131.815,8.507,-9.824
19550,82174.17,17.64,-0.0370,0.0201,-0.0124,0.01,0.49,-0.35,1131.900,8.409,-9.824
19560,82175.87,17.64,-0.0208,0.0046,0.0020,-0.07,-0.34,0.28,1131.984,8.311,-9.823
19570,82177.07,17.64,-0.0243,0.0231,0.0231,0.62,-0.38,-0.45,1132.066,8.213,-9.823
19580,82173.33,17.64,-0.0344,0.0194,0.0301,-0.08,-0.29,0.28,1132.148,8.114,-9.823
19590,82171.52,17.64,-0.0584,0.0195,0.0128,0.36,-0.47,0.39,1132.228,8.016,-9.822
19600,82172.59,17.64,-0.0178,0.0357,0.0160,-0.08,-0.33,-0.10,1132.308,7.918,-9.822
19610,82171.91,17.64,-0.0162,0.0236,0.0281,-0.13,-0.01,-0.21,1132.387,7.820,-9.821
19620,82171.14,17.64,-0.0461,0.0137,0.0290,0.10,-0.52,-0.11,1132.464,7.722,-9.821
19630,82170.80,17.64,-0.0458,0.0080,-0.0095,-0.03,-0.31,-0.60,1132.541,7.623,-9.821
19640,82172.86,17.64,-0.0183,0.0544,0.0012,0.58,-0.13,-0.01,1132.617,7.525,-9.820
19650,82168.20,17.64,-0.0588,0.0245,0.0273,-0.22,-0.13,-0.17,1132.691,7.427,-9.820
19660,82163.17,17.64,-0.0117,0.0452,-0.0423,0.32,-0.43,-0.60,1132.765,7.329,-9.820
19670,82163.48,17.64,-0.0502,0.0172,0.0145,0.27,-0.10,-0.44,1132.838,7.231,-9.819
19680,82166.20,17.64,0.0014,0.0099,0.0141,0.02,0.39,-0.39,1132.910,7.132,-9.819
19690,82166.10,17.64,-0.0541,0.0261,-0.0059,0.46,-0.40,-0.26,1132.980,7.034,-9.819
19700,82168.93,17.64,-0.0121,-0.0123,0.0171,-0.24,-0.51,0.32,1133.050,6.936,-9.818
19710,82165.95,17.63,-0.0372,0.0307,-0.0257,0.17,-0.93,0.21,1133.119,6.838,-9.818
19720,82164.11,17.63,-0.0433,-0.0007,0.0219,0.14,-0.33,-0.46,1133.187,6.740,-9.818
19730,82159.09,17.63,-0.0153,0.0231,0.0127,-0.17,-0.17,-0.65,1133.254,6.641,-9.817
19740,82162.86,17.63,0.0151,0.0044,-0.0150,0.20,0.24,-0.31,1133.320,6.543,-9.817
19750,82159.49,17.63,-0.0534,-0.0252,0.0125,0.58,-0.38,-0.82,1133.384,6.445,-9.817
19760,82164.05,17.63,-0.0264,0.0516,0.0333,-0.25,-0.06,0.09,1133.448,6.347,-9.816
19770,82161.05,17.63,-0.0584,0.0226,0.0227,0.44,-0.79,-0.61,1133.511,6.249,-9.816
19780,82161.15,17.63,-0.0529,0.0392,-0.0023,0.22,0.29,-0.18,1133.573,6.151,-9.816
19790,82162.09,17.63,-0.0304,0.0358,0.0161,0.03,-0.10,-0.09,1133.634,6.053,-9.816
19800,82162.73,17.63,-0.0153,0.0226,-0.0106,0.25,-0.32,0.21,1133.694,5.954,-9.815
19810,82154.17,17.63,-0.0090,0.0064,0.0503,-0.51,-0.71,-0.37,1133.753,5.856,-9.815
19820,82156.31,17.63,-0.0015,0.0205,-0.0071,0.17,0.38,-0.24,1133.811,5.758,-9.815
19830,82156.44,17.63,0.0109,-0.0069,0.0148,0.19,-0.68,-0.10,1133.868,5.660,-9.814
19840,82160.17,17.63,-0.0587,0.0189,0.0421,0.19,-0.32,0.01,1133.924,5.562,-9.814
19850,82158.23,17.63,0.0025,0.0153,0.0320,0.46,0.08,-0.80,1133.979,5.464,-9.814
19860,82155.45,17.63,0.0083,0.0308,0.0159,-0.16,-0.73,-0.78,1134.033,5.365,-9.814
19870,82159.21,17.63,-0.0360,0.0201,0.0015,0.14,-0.06,-0.47,1134.087,5.267,-9.813
19880,82157.28,17.63,-0.0153,0.0092,-0.0217,0.39,0.24,0.15,1134.139,5.169,-9.813
19890,82155.54,17.63,-0.0173,0.0175,0.0264,-0.17,0.18,0.09,1134.190,5.071,-9.813
19900,82154.54,17.63,-0.0311,-0.0334,0.0257,0.10,0.13,-0.28,1134.240,4.973,-9.813
19910,82155.38,17.63,-0.0257,0.0291,0.0093,-0.01,-0.53,-0.48,1134.289,4.875,-9.812
19920,82154.95,17.63,-0.0303,0.0091,0.0103,0.21,-0.15,-0.42,1134.337,4.777,-9.812
19930,82154.89,17.63,-0.0146,0.0044,-0.0088,0.05,-0.15,-0.04,1134.385,4.679,-9.812
19940,82153.63,17.63,-0.0390,0.0329,0.0186,0.66,-0.21,-0.00,1134.431,4.580,-9.812
19950,82152.37,17.63,-0.0341,0.0175,0.0026,0.07,-0.39,-0.24,1134.476,4.482,-9.812
19960,82153.75,17.63,0.0340,0.0116,-0.0033,0.31,-0.40,-0.10,1134.520,4.384,-9.811
19970,82147.55,17.63,-0.0281,0.0074,0.0194,0.25,-0.54,0.14,1134.564,4.286,-9.811
19980,82151.47,17.63,-0.0307,0.0481,-0.0011,-0.46,0.18,0.09,1134.606,4.188,-9.811
19990,82151.01,17.62,-0.0140,0.0379,0.0200,0.16,-0.60,-0.27,1134.647,4.090,-9.811
20000,82152.17,17.62,-0.0048,0.0247,0.0204,-0.25,0.04,-0.29,1134.688,3.992,-9.811
20010,82148.03,17.62,-0.0286,0.0170,0.0060,-0.02,-0.38,0.15,1134.727,3.894,-9.810
20020,82147.42,17.62,-0.0201,0.0298,0.0029,0.14,0.37,0.22,1134.766,3.796,-9.810
20030,82147.64,17.62,-0.0041,0.0146,0.0176,0.43,-0.23,-0.58,1134.803,3.698,-9.810
20040,82147.20,17.62,-0.0588,0.0077,-0.0199,0.30,0.12,-0.13,1134.839,3.599,-9.810
20050,82144.34,17.62,-0.0112,0.0104,0.0300,0.04,-0.37,0.03,1134.875,3.501,-9.810
20060,82147.47,17.62,-0.0329,0.0276,0.0379,-0.68,-0.36,-0.54,1134.909,3.403,-9.809
20070,82148.09,17.62,0.0070,0.0220,0.0209,-0.45,0.15,0.03,1134.943,3.305,-9.809
20080,82146.48,17.62,-0.0209,-0.0164,0.0268,0.01,-0.06,-0.40,1134.975,3.207,-9.809
20090,82145.50,17.62,-0.0636,0.0195,0.0097,0.07,-0.21,-0.25,1135.007,3.109,-9.809
20100,82148.47,17.62,-0.0304,0.0093,0.0080,0.11,0.28,-0.50,1135.037,3.011,-9.809
20110,82146.32,17.62,0.0024,0.0191,-0.0206,0.03,-0.04,-0.36,1135.067,2.913,-9.809
20120,82144.87,17.62,-0.0114,0.0435,0.0405,0.18,-0.16,-0.17,1135.096,2.815,-9.809
20130,82138.85,17.62,-0.0410,0.0034,0.0065,-0.20,-0.36,-0.20,1135.123,2.717,-9.808
20140,82142.43,17.62,-0.0158,0.0234,-0.0124,0.26,-0.23,-0.21,1135.150,2.619,-9.808
20150,82144.98,17.62,-0.0626,0.0338,0.0099,0.66,0.03,-0.22,1135.175,2.520,-9.808
20160,82144.50,17.62,-0.0095,0.0388,0.0138,0.01,-0.37,0.17,1135.200,2.422,-9.808
20170,82147.59,17.62,-0.0027,0.0245,-0.0053,0.42,-0.36,-0.66,1135.224,2.324,-9.808
20180,82144.84,17.62,-0.0058,0.0250,0.0410,-0.14,-0.02,0.16,1135.247,2.226,-9.808
20190,82143.65,17.62,0.0236,-0.0212,-0.0012,-0.46,-0.90,-0.79,1135.268,2.128,-9.808
20200,82142.55,17.62,-0.0306,0.0052,0.0394,-0.14,-0.17,-0.22,1135.289,2.030,-9.808
20210,82145.22,17.62,-0.0315,0.0017,-0.0139,0.04,0.27,-0.88,1135.309,1.932,-9.808
20220,82141.90,17.62,-0.0627,0.0441,-0.0453,-0.07,0.01,-0.20,1135.328,1.834,-9.807
20230,82143.94,17.62,-0.0023,0.0027,0.0473,0.25,-0.67,-0.50,1135.345,1.736,-9.807
20240,82141.13,17.62,-0.0564,0.0451,0.0075,0.13,-0.12,0.18,1135.362,1.638,-9.807
20250,82142.02,17.62,-0.0294,0.0320,0.0385,-0.12,0.15,-0.11,1135.378,1.540,-9.807
20260,82140.27,17.62,-0.0075,0.0189,-0.0286,0.43,-0.69,-0.28,1135.393,1.442,-9.807
20270,82141.84,17.62,-0.0199,0.0452,0.0191,-0.62,-0.25,-0.28,1135.407,1.344,-9.807
20280,82139.06,17.62,-0.0170,0.0206,0.0580,0.70,-0.68,-0.40,1135.420,1.245,-9.807
20290,82140.94,17.62,0.0058,0.0336,0.0011,0.22,0.26,0.04,1135.432,1.147,-9.807
20300,82140.62,17.62,-0.0162,0.0235,0.0158,-0.24,0.16,-0.36,1135.442,1.049,-9.807
20310,82145.45,17.62,-0.0446,0.0202,-0.0035,0.09,0.03,-0.12,1135.452,0.951,-9.807
20320,82142.87,17.62,-0.0374,0.0353,-0.0040,0.04,-0.26,-0.86,1135.461,0.853,-9.807
20330,82136.54,17.62,-0.0077,0.0219,0.0201,0.49,-0.34,-0.33,1135.469,0.755,-9.807
20340,82142.79,17.62,-0.0076,0.0129,0.0169,-0.11,-0.57,-0.02,1135.476,0.657,-9.807
20350,82139.31,17.62,-0.0446,0.0101,0.0169,-0.18,-0.94,0.14,1135.482,0.559,-9.807
20360,82140.40,17.62,-0.0458,0.0127,0.0188,-0.20,-0.36,-0.55,1135.487,0.461,-9.807
20370,82140.80,17.62,-0.0032,-0.0140,0.0215,-0.26,-0.31,0.14,1135.492,0.363,-9.807
20380,82141.81,17.62,-0.0030,0.0072,0.0273,-0.57,-0.40,-0.35,1135.495,0.265,-9.807
20390,82137.63,17.62,-0.0512,-0.0195,0.0165,0.35,-0.77,-0.12,1135.497,0.167,-9.807
20400,82140.79,17.62,-0.0200,0.0204,0.0346,0.11,-0.20,-0.04,1135.498,0.069,-9.807
20410,82139.97,17.62,0.0084,0.0470,-0.0035,-0.02,-0.85,-0.36,1135.498,-0.029,-9.807
20420,82146.43,17.62,-0.0253,0.0456,-0.0278,0.41,0.13,-0.30,1135.497,-0.128,-9.807
20430,82137.15,17.62,-0.0397,-0.0056,-0.0059,-0.32,-0.16,-0.14,1135.495,-0.226,-9.807
20440,82142.44,17.62,0.0030,0.0029,0.0009,0.17,-0.13,-0.08,1135.493,-0.324,-9.807
20450,82139.83,17.62,-0.0219,0.0722,0.0066,-0.17,0.19,-0.29,1135.489,-0.422,-9.807
20460,82138.42,17.62,-0.0217,0.0052,0.0410,0.32,-0.23,0.53,1135.484,-0.520,-9.807
20470,82140.30,17.62,0.0068,-0.0057,0.0064,-0.11,0.10,0.26,1135.478,-0.618,-9.807
20480,82139.49,17.62,-0.0119,0.0435,0.0098,-0.28,-0.34,-0.32,1135.472,-0.716,-9.807
20490,82142.49,17.62,-0.0040,0.0342,-0.0055,0.11,-0.13,-0.33,1135.464,-0.814,-9.806
20500,82143.38,17.62,-0.0220,0.0272,-0.0079,0.26,-0.18,0.24,1135.455,-0.912,-9.806
20510,82143.69,17.62,-0.0357,0.0101,0.0496,-0.32,-0.13,-0.56,1135.446,-1.010,-9.806
20520,82140.47,17.62,-0.0425,0.0350,0.0317,-0.06,-0.77,-0.24,1135.435,-1.108,-9.806
20530,82139.60,17.62,-0.0612,0.0056,-0.0468,0.33,-0.48,-0.75,1135.423,-1.206,-9.806
20540,82142.23,17.62,-0.0337,0.0337,0.0087,0.16,-0.07,-0.35,1135.411,-1.304,-9.806
20550,82139.46,17.62,-0.0700,0.0645,0.0222,-0.04,-0.40,-0.47,1135.397,-1.402,-9.806
20560,82145.56,17.62,-0.0320,0.0143,0.0134,-0.61,-0.43,-0.46,1135.383,-1.500,-9.806
20570,82146.43,17.62,-0.0204,0.0151,-0.0144,-0.06,-0.27,-0.52,1135.367,-1.598,-9.806
20580,82142.70,17.62,-0.0402,0.0295,-0.0066,0.31,-0.12,-0.15,1135.350,-1.697,-9.806
20590,82143.56,17.62,-0.0205,0.0076,0.0686,-0.12,-0.59,-0.72,1135.333,-1.795,-9.806
20600,82142.52,17.62,0.0173,0.0122,-0.0005,0.13,-0.19,-0.44,1135.314,-1.893,-9.806
20610,82140.98,17.62,-0.0364,0.0373,0.0229,0.40,0.18,0.15,1135.295,-1.991,-9.806
20620,82142.05,17.62,-0.0121,0.0036,0.0277,-0.20,-0.03,-0.10,1135.275,-2.089,-9.806
20630,82138.61,17.62,-0.0133,0.0214,0.0215,0.19,-0.07,-0.42,1135.253,-2.187,-9.805
20640,82141.54,17.62,-0.0436,-0.0145,0.0284,-0.02,0.16,-0.44,1135.231,-2.285,-9.805
20650,82144.51,17.62,-0.0186,0.0182,0.0282,0.58,0.29,-0.15,1135.207,-2.383,-9.805
20660,82147.74,17.62,0.0077,-0.0023,0.0243,-0.03,0.05,0.10,1135.183,-2.481,-9.805
20670,82148.13,17.62,-0.0134,0.0116,0.0283,0.02,0.78,0.04,1135.158,-2.579,-9.805
20680,82143.45,17.62,-0.0168,0.0451,0.0020,0.22,-0.32,-0.91,1135.131,-2.677,-9.805
20690,82146.83,17.62,-0.0155,0.0041,0.0183,-0.12,0.27,-0.52,1135.104,-2.775,-9.805
20700,82147.07,17.62,0.0127,0.0045,0.0181,-0.12,-0.82,0.23,1135.076,-2.873,-9.805
20710,82145.53,17.62,0.0031,0.0432,0.0448,0.07,-0.21,-0.51,1135.046,-2.971,-9.805
20720,82148.45,17.62,-0.0598,0.0120,-0.0035,0.29,-0.55,0.29,1135.016,-3.069,-9.804
20730,82146.60,17.62,-0.0109,0.0245,0.0081,0.05,-0.66,0.14,1134.985,-3.167,-9.804
20740,82147.09,17.62,-0.0237,-0.0225,0.0011,-0.14,-0.54,0.05,1134.953,-3.265,-9.804
20750,82147.51,17.62,-0.0028,0.0210,0.0073,0.23,-0.21,-0.23,1134.920,-3.363,-9.804
20760,82144.01,17.62,0.0113,0.0031,0.0279,0.28,0.04,-0.36,1134.885,-3.461,-9.804
20770,82149.46,17.62,-0.0475,0.0306,0.0223,-0.03,0.39,-0.67,1134.850,-3.559,-9.804
20780,82146.31,17.62,-0.0371,0.0048,0.0333,0.05,-0.20,-0.63,1134.814,-3.658,-9.803
20790,82143.19,17.62,0.0117,0.0263,0.0638,-0.02,-0.77,-0.14,1134.777,-3.756,-9.803
20800,82151.16,17.62,0.0095,0.0094,0.0039,-0.03,-0.52,0.08,1134.739,-3.854,-9.803
20810,82146.34,17.62,-0.0278,0.0390,0.0293,0.60,-0.04,-0.61,1134.700,-3.952,-9.803
20820,82151.30,17.62,-0.0299,0.0316,0.0006,0.42,-0.38,-0.15,1134.660,-4.050,-9.803
20830,82151.33,17.62,-0.0521,-0.0169,0.0096,0.14,-0.53,0.33,1134.619,-4.148,-9.802
20840,82152.75,17.63,-0.0124,0.0383,0.0621,0.46,0.52,0.18,1134.577,-4.246,-9.802
20850,82149.55,17.63,0.0256,0.0071,-0.0067,0.60,-0.08,-0.30,1134.534,-4.344,-9.802
20860,82148.06,17.63,-0.0337,0.0231,0.0387,0.10,-0.80,0.19,1134.490,-4.442,-9.802
20870,82150.65,17.63,0.0127,-0.0007,0.0049,0.19,-0.57,-0.49,1134.445,-4.540,-9.802
20880,82154.14,17.63,-0.0038,0.0205,-0.0241,0.02,-0.54,0.24,1134.399,-4.638,-9.801
20890,82151.58,17.63,-0.0296,0.0115,-0.0130,-0.27,-0.24,0.36,1134.352,-4.736,-9.801
20900,82148.14,17.63,-0.0340,0.0237,0.0066,-0.49,-0.28,0.31,1134.304,-4.834,-9.801
20910,82152.81,17.63,-0.0562,0.0044,0.0250,0.60,-0.46,-0.26,1134.255,-4.932,-9.801
20920,82157.56,17.63,0.0117,0.0289,-0.0008,0.42,-0.58,0.31,1134.205,-5.030,-9.801
20930,82154.08,17.63,-0.0480,0.0042,0.0440,0.10,-0.03,-0.20,1134.154,-5.128,-9.800
20940,82153.38,17.63,-0.0140,0.0520,0.0009,0.17,-0.71,-0.08,1134.103,-5.226,-9.800
20950,82154.42,17.63,-0.0364,0.0052,-0.0166,-0.02,-0.82,-0.11,1134.050,-5.324,-9.800
20960,82156.41,17.63,0.0042,0.0240,0.0101,-0.11,0.03,0.28,1133.996,-5.422,-9.800
20970,82157.05,17.63,-0.0081,0.0259,-0.0311,-0.18,0.00,0.20,1133.941,-5.520,-9.799
20980,82157.01,17.63,-0.0233,0.0195,0.0267,0.14,0.11,0.21,1133.886,-5.618,-9.799
20990,82155.56,17.63,-0.0123,0.0009,0.0063,0.64,0.25,-0.28,1133.829,-5.716,-9.799
21000,82155.45,17.63,-0.0295,0.0256,0.0358,-0.34,-0.09,-0.33,1133.771,-5.814,-9.798
21010,82162.02,17.63,-0.0314,-0.0204,0.0227,0.34,-0.23,-0.07,1133.712,-5.912,-9.798
21020,82155.26,17.63,-0.0417,0.0098,0.0300,-0.48,0.13,-0.62,1133.653,-6.010,-9.798
21030,82163.24,17.63,-0.0566,0.0090,-0.0133,0.11,-0.19,-0.18,1133.592,-6.108,-9.798
21040,82158.16,17.63,-0.0355,0.0339,0.0241,-0.00,0.14,-0.48,1133.531,-6.206,-9.797
21050,82161.12,17.63,-0.0168,0.0257,0.0173,0.25,-0.10,-0.18,1133.468,-6.304,-9.797
21060,82165.42,17.63,-0.0342,0.0492,0.0488,0.09,0.16,-0.15,1133.404,-6.402,-9.797
21070,82164.41,17.63,-0.0278,0.0181,0.0581,-0.32,-0.57,0.30,1133.340,-6.500,-9.796
21080,82164.10,17.63,-0.0161,0.0306,0.0091,0.18,-0.34,-0.71,1133.274,-6.598,-9.796
21090,82162.28,17.63,0.0165,0.0344,0.0100,0.33,0.22,-0.15,1133.208,-6.695,-9.796
21100,82164.98,17.63,-0.0095,0.0142,-0.0350,-0.08,0.26,-0.66,1133.140,-6.793,-9.795
21110,82165.29,17.64,-0.0451,0.0160,0.0293,0.62,-0.20,0.42,1133.072,-6.891,-9.795
21120,82161.21,17.64,-0.0269,0.0243,0.0233,0.46,-0.41,-0.27,1133.002,-6.989,-9.795
21130,82170.35,17.64,-0.0245,-0.0009,0.0108,0.30,0.12,0.71,1132.932,-7.087,-9.794
21140,82171.34,17.64,-0.0369,0.0547,-0.0117,0.56,-0.61,-0.64,1132.861,-7.185,-9.794
21150,82169.22,17.64,-0.0264,0.0298,0.0321,0.15,-0.30,0.01,1132.788,-7.283,-9.794
21160,82170.13,17.64,0.0061,-0.0014,0.0335,-0.09,-0.37,-0.05,1132.715,-7.381,-9.793
21170,82170.93,17.64,0.0026,0.0373,-0.0310,0.13,-0.15,-0.27,1132.640,-7.479,-9.793
21180,82170.82,17.64,-0.0298,0.0070,0.0047,-0.20,0.13,-0.62,1132.565,-7.577,-9.793
21190,82174.40,17.64,0.0069,0.0064,0.0171,0.30,-0.29,-0.13,1132.489,-7.675,-9.792
21200,82175.20,17.64,-0.0162,0.0214,0.0031,0.48,0.02,0.15,1132.411,-7.773,-9.792
21210,82172.35,17.64,0.0127,0.0090,0.0271,0.33,0.15,-0.12,1132.333,-7.871,-9.792
21220,82174.87,17.64,-0.0431,0.0119,-0.0107,0.23,0.04,-0.27,1132.254,-7.969,-9.791
21230,82172.10,17.64,-0.0235,0.0512,0.0220,-0.13,-0.42,-0.27,1132.174,-8.067,-9.791
21240,82173.12,17.64,-0.0111,0.0341,0.0015,-0.07,-0.40,-0.48,1132.093,-8.164,-9.791
21250,82176.34,17.64,-0.0625,0.0261,0.0052,-0.02,0.01,-0.20,1132.010,-8.262,-9.790
21260,82176.60,17.64,0.0253,0.0223,-0.0005,-0.13,-0.18,0.03,1131.927,-8.360,-9.790
21270,82178.85,17.64,-0.0076,0.0362,0.0479,-0.32,0.11,-0.15,1131.843,-8.458,-9.789
21280,82180.81,17.64,-0.0124,0.0105,0.0051,0.05,-0.12,-0.62,1131.758,-8.556,-9.789
21290,82180.40,17.64,-0.0147,-0.0018,0.0036,-0.13,-0.05,-0.55,1131.672,-8.654,-9.789
21300,82183.74,17.64,0.0109,-0.0007,0.0018,0.49,-0.40,-0.38,1131.585,-8.752,-9.788
21310,82179.95,17.65,-0.0106,0.0217,0.0006,-0.31,-0.03,-0.18,1131.497,-8.850,-9.788
21320,82179.79,17.65,-0.0279,0.0137,0.0042,-0.19,-0.60,-0.12,1131.408,-8.948,-9.787
21330,82185.46,17.65,-0.0457,0.0459,0.0315,0.05,-0.68,0.39,1131.318,-9.045,-9.787
21340,82183.51,17.65,-0.0231,-0.0154,0.0124,-0.22,-0.45,-0.22,1131.227,-9.143,-9.786
21350,82191.12,17.65,-0.0411,0.0388,0.0220,-0.18,-0.70,-0.71,1131.135,-9.241,-9.786
21360,82186.29,17.65,-0.0024,0.0158,0.0052,-0.04,-0.52,0.13,1131.042,-9.339,-9.786
21370,82188.49,17.65,-0.0052,0.0364,-0.0122,0.15,-0.63,-0.45,1130.948,-9.437,-9.785
21380,82191.80,17.65,-0.0288,0.0021,-0.0069,0.16,-0.09,-0.09,1130.853,-9.535,-9.785
21390,82188.83,17.65,-0.0299,-0.0010,-0.0195,-0.71,-0.01,-0.45,1130.757,-9.633,-9.784
21400,82194.60,17.65,-0.0132,-0.0175,0.0401,0.12,-0.29,0.17,1130.660,-9.730,-9.784
21410,82371.25,17.65,-0.5661,-3.9423,-0.0602,0.36,-0.28,-0.31,1130.562,-9.822,-8.157
21420,82370.03,17.65,-1.6235,-14.2025,-0.0392,0.18,-0.69,0.09,1130.464,-9.903,-8.129
21430,82374.93,17.65,4.0349,-10.0710,-0.0147,-0.06,-0.82,-0.64,1130.364,-9.984,-8.102
21440,82374.55,17.65,-0.0629,-0.1916,-0.0425,0.42,0.10,-0.16,1130.264,-10.065,-8.074
21450,82376.20,17.65,-0.0564,-0.1332,-0.0352,-0.06,-0.32,-0.16,1130.163,-10.146,-8.046
21460,82380.32,17.65,-0.0629,-0.1422,0.0008,0.50,-0.24,-0.93,1130.061,-10.226,-8.018
21470,82374.63,17.66,-0.1076,-0.1547,-0.0511,-0.23,0.14,0.13,1129.958,-10.306,-7.990
21480,82381.46,17.66,-0.0459,-0.1752,-0.0083,0.10,0.01,-0.05,1129.855,-10.386,-7.962
21490,82381.14,17.66,-0.0885,-0.1638,-0.0106,0.65,-0.86,0.16,1129.750,-10.466,-7.933
21500,82376.62,17.66,-0.0648,-0.1459,-0.0235,-0.19,-0.60,-0.27,1129.645,-10.545,-7.905
21510,82383.37,17.66,-0.0719,-0.1922,-0.0528,-0.11,-0.11,-0.10,1129.539,-10.624,-7.876
21520,82378.00,17.66,-0.0652,-0.1631,-0.0185,0.04,-0.33,-0.38,1129.433,-10.702,-7.847
21530,82207.11,17.66,-0.0647,-0.1591,-0.0390,-0.27,-0.42,-0.01,1129.325,-10.781,-7.819
21540,82202.41,17.66,-0.0480,-0.1641,-0.0569,0.19,-0.36,-0.14,1129.217,-10.859,-7.790
21550,82205.74,17.66,-0.0885,-0.1844,-0.0066,0.52,-0.28,-0.18,1129.108,-10.936,-7.761
21560,82207.42,17.66,-0.0669,-0.2007,-0.0392,-0.36,-0.56,-0.06,1128.998,-11.014,-7.732
21570,82207.08,17.66,-0.0718,-0.1897,-0.0621,0.38,0.22,-0.20,1128.888,-11.091,-7.702
21580,82205.77,17.66,-0.0498,-0.2315,-0.0344,-0.27,-0.35,-0.24,1128.776,-11.168,-7.673
21590,82207.13,17.66,-0.0814,-0.1631,-0.0488,0.50,0.01,-0.11,1128.664,-11.245,-7.644
21600,82211.47,17.66,-0.0549,-0.1913,-0.0175,0.10,-0.46,-0.34,1128.551,-11.321,-7.614
21610,82212.32,17.67,-0.0795,-0.2175,-0.0227,-0.88,-0.41,-0.69,1128.438,-11.397,-7.585
21620,82213.24,17.67,-0.0330,-0.2179,-0.0549,-0.02,0.01,-0.16,1128.323,-11.473,-7.555
21630,82216.44,17.67,-0.1041,-0.1939,-0.0422,0.27,-0.44,-0.23,1128.208,-11.548,-7.525
21640,82216.42,17.67,-0.0545,-0.2127,-0.0127,-0.36,0.02,-0.49,1128.092,-11.623,-7.495
21650,82215.20,17.67,-0.0651,-0.2121,-0.0230,0.08,-0.26,-0.01,1127.976,-11.698,-7.466
21660,82214.31,17.67,-0.0623,-0.2238,-0.0571,0.38,-0.35,-0.27,1127.858,-11.773,-7.436
21670,82216.96,17.67,-0.0621,-0.2130,-0.0401,0.23,0.01,0.44,1127.740,-11.847,-7.406
21680,82219.83,17.67,-0.0852,-0.1759,-0.0396,0.52,-0.32,-0.66,1127.621,-11.921,-7.376
21690,82219.34,17.67,-0.0750,-0.2041,-0.0013,0.31,-0.55,0.38,1127.502,-11.994,-7.345
21700,82219.62,17.67,-0.0830,-0.2560,-0.0289,-0.30,-0.31,-0.16,1127.381,-12.068,-7.315
21710,82225.62,17.67,-0.0508,-0.2090,-0.0296,0.42,0.16,-0.87,1127.260,-12.141,-7.285
21720,82229.14,17.67,-0.1030,-0.2293,0.0023,0.36,-0.12,-0.12,1127.138,-12.213,-7.255
21730,82226.65,17.67,-0.1008,-0.2565,-0.0597,-0.08,-0.15,-0.07,1127.016,-12.286,-7.224
21740,82228.01,17.68,-0.0796,-0.2221,-0.0562,0.03,-0.19,-0.11,1126.893,-12.358,-7.194
21750,82230.82,17.68,-0.0846,-0.2213,-0.0634,-0.16,-0.11,0.08,1126.769,-12.430,-7.163
21760,82233.43,17.68,-0.0681,-0.2207,-0.0078,0.11,-0.25,-0.32,1126.644,-12.501,-7.133
21770,82226.97,17.68,-0.0681,-0.2577,-0.0804,-0.32,0.08,-0.16,1126.519,-12.572,-7.102
21780,82231.12,17.68,-0.0820,-0.2435,-0.0402,0.10,-0.51,-0.22,1126.392,-12.643,-7.072
21790,82229.77,17.68,-0.0433,-0.2781,-0.0409,0.46,-0.24,-0.25,1126.266,-12.714,-7.041
21800,82237.38,17.68,-0.0924,-0.2457,-0.0583,-0.41,0.18,-0.53,1126.138,-12.784,-7.010
21810,82237.78,17.68,-0.0851,-0.2760,-0.0688,-0.15,0.18,-0.42,1126.010,-12.854,-6.979
21820,82233.12,17.68,-0.1046,-0.2441,-0.0387,-0.15,-0.47,-0.20,1125.881,-12.924,-6.949
21830,82243.92,17.68,-0.1256,-0.2561,-0.0745,-0.05,-0.14,-0.15,1125.751,-12.993,-6.918
21840,82244.61,17.68,-0.0627,-0.2566,-0.0366,0.17,0.03,-0.16,1125.621,-13.062,-6.887
21850,82241.06,17.68,-0.0806,-0.2349,-0.0317,0.04,0.35,-0.50,1125.490,-13.131,-6.856
21860,82244.07,17.69,-0.1049,-0.2487,-0.0233,0.60,-0.89,0.02,1125.358,-13.199,-6.825
21870,82246.23,17.69,-0.0779,-0.2621,-0.0350,-0.30,-0.44,-0.31,1125.226,-13.267,-6.795
21880,82247.60,17.69,-0.0913,-0.2874,-0.0324,0.49,0.06,-0.74,1125.093,-13.335,-6.764
21890,82246.69,17.69,-0.1177,-0.2942,-0.0925,-0.29,0.01,-0.23,1124.959,-13.403,-6.733
21900,82244.90,17.69,-0.0829,-0.2803,-0.0476,0.21,-0.42,-0.62,1124.825,-13.470,-6.702
21910,82250.66,17.69,-0.0694,-0.2914,-0.0807,-0.13,0.24,-0.32,1124.690,-13.537,-6.671
21920,82251.06,17.69,-0.0679,-0.3184,-0.0665,0.59,-0.10,-0.18,1124.554,-13.603,-6.640
21930,82252.24,17.69,-0.0919,-0.3524,-0.0544,0.57,-0.78,-0.37,1124.418,-13.670,-6.609
21940,82254.26,17.69,-0.0895,-0.3311,-0.0908,-0.45,-0.35,0.45,1124.281,-13.736,-6.578
21950,82254.78,17.69,-0.0531,-0.3304,-0.0461,0.60,0.25,-0.35,1124.143,-13.801,-6.547
21960,82258.74,17.69,-0.1052,-0.3160,-0.0778,-0.18,-0.60,-0.14,1124.004,-13.866,-6.516
21970,82261.41,17.69,-0.0736,-0.2890,-0.0757,0.06,-0.51,0.14,1123.865,-13.931,-6.485
21980,82260.55,17.70,-0.1093,-0.3190,-0.0645,0.27,-0.06,0.08,1123.726,-13.996,-6.454
21990,82260.65,17.70,-0.1123,-0.3218,-0.0498,-0.84,0.34,-0.39,1123.585,-14.061,-6.423
22000,82264.21,17.70,-0.1127,-0.2995,-0.0595,-0.34,-0.39,-0.28,1123.445,-14.125,-6.392
22010,82262.77,17.70,-0.1120,-0.3419,-0.0174,0.05,-0.09,-0.19,1123.303,-14.188,-6.361
22020,82262.23,17.70,-0.0800,-0.3204,-0.0507,-0.03,-0.45,0.31,1123.161,-14.252,-6.330
22030,82264.19,17.70,-0.1186,-0.3196,-0.0687,0.09,0.18,-0.19,1123.018,-14.315,-6.299
22040,82268.38,17.70,-0.0565,-0.3461,-0.0520,-0.04,-0.09,0.05,1122.874,-14.378,-6.268
22050,82269.91,17.70,-0.1155,-0.3385,-0.0200,0.12,0.37,-0.04,1122.730,-14.441,-6.237
22060,82271.39,17.70,-0.1069,-0.3521,-0.0562,0.22,-0.78,-0.02,1122.585,-14.503,-6.206
22070,82273.56,17.70,-0.0765,-0.3208,-0.0252,-0.00,-0.39,-0.64,1122.440,-14.565,-6.176
22080,82273.17,17.71,-0.1138,-0.3022,-0.0547,-0.00,-0.38,-0.26,1122.294,-14.626,-6.145
22090,82274.16,17.71,-0.1330,-0.3575,-0.0399,0.43,-0.31,-0.55,1122.148,-14.688,-6.114
22100,82274.57,17.71,-0.1210,-0.3439,-0.0365,-0.59,-0.60,-0.34,1122.000,-14.749,-6.083
22110,82282.14,17.71,-0.0808,-0.3357,-0.0762,0.23,-0.11,-0.24,1121.852,-14.809,-6.052
22120,82277.76,17.71,-0.1119,-0.3522,-0.0887,-0.10,-0.89,-0.47,1121.704,-14.870,-6.022
22130,82279.78,17.71,-0.0867,-0.3442,-0.0558,-0.01,0.03,0.42,1121.555,-14.930,-5.991
22140,82285.93,17.71,-0.1153,-0.3639,-0.0445,0.24,0.24,0.06,1121.405,-14.990,-5.960
22150,82287.34,17.71,-0.1108,-0.3722,-0.0506,-0.58,-0.64,0.01,1121.255,-15.049,-5.930
22160,82284.27,17.71,-0.0715,-0.3611,-0.0788,0.96,-0.04,-0.26,1121.104,-15.108,-5.899
22170,82289.04,17.71,-0.0973,-0.3784,-0.0685,0.80,-0.56,-0.23,1120.953,-15.167,-5.869
22180,82290.36,17.71,-0.1318,-0.3959,-0.0895,-0.21,-0.31,-0.22,1120.801,-15.226,-5.838
22190,82295.08,17.72,-0.1040,-0.3637,-0.0454,0.63,-0.50,0.20,1120.648,-15.284,-5.807
22200,82295.90,17.72,-0.1211,-0.3952,-0.0810,0.23,-0.05,-0.27,1120.495,-15.342,-5.777
22210,82293.90,17.72,-0.0580,-0.3649,-0.0589,-0.08,-0.04,-0.00,1120.341,-15.399,-5.747
22220,82297.44,17.72,-0.0934,-0.3680,-0.0730,0.30,-0.47,-0.03,1120.187,-15.457,-5.716
22230,82298.08,17.72,-0.0958,-0.3874,-0.0815,-0.20,-0.19,-0.12,1120.032,-15.514,-5.686
22240,82295.72,17.72,-0.0963,-0.3881,-0.0619,-0.20,-0.47,0.20,1119.877,-15.570,-5.656
22250,82301.15,17.72,-0.0970,-0.3871,-0.0501,-0.02,-0.13,0.01,1119.721,-15.627,-5.626
22260,82305.09,17.72,-0.1084,-0.3904,-0.0768,-0.60,-0.35,-0.50,1119.564,-15.683,-5.595
22270,82306.05,17.72,-0.0889,-0.4092,-0.0714,-0.17,0.01,-0.02,1119.407,-15.739,-5.565
22280,82304.93,17.72,-0.1338,-0.3976,-0.0697,0.28,0.33,0.41,1119.249,-15.794,-5.535
22290,82307.55,17.73,-0.1296,-0.4022,-0.0868,0.10,-0.65,-0.35,1119.091,-15.850,-5.505
22300,82305.93,17.73,-0.1112,-0.4373,-0.0809,0.34,-0.46,-0.08,1118.932,-15.904,-5.475
22310,82307.54,17.73,-0.0798,-0.4173,-0.0621,-0.47,-0.33,0.13,1118.773,-15.959,-5.445
22320,82309.47,17.73,-0.1271,-0.4224,-0.0627,0.09,-0.57,-0.32,1118.613,-16.013,-5.416
22330,82315.10,17.73,-0.1183,-0.4122,-0.0799,-0.03,0.27,-0.43,1118.453,-16.067,-5.386
22340,82315.25,17.73,-0.0957,-0.4230,-0.0877,0.08,-0.30,-0.23,1118.292,-16.121,-5.356
22350,82314.00,17.73,-0.0884,-0.4100,-0.0657,-0.07,0.34,0.22,1118.130,-16.175,-5.327
22360,82316.47,17.73,-0.1261,-0.4626,-0.0481,0.27,-0.39,0.12,1117.968,-16.228,-5.297
22370,82320.37,17.73,-0.1191,-0.4126,-0.1060,0.01,-0.58,-0.08,1117.806,-16.281,-5.268
22380,82322.99,17.74,-0.1073,-0.4429,-0.0984,0.42,-0.69,-0.22,1117.643,-16.333,-5.238
22390,82326.42,17.74,-0.1033,-0.4244,-0.0555,0.32,-0.28,-0.29,1117.479,-16.385,-5.209
22400,82328.55,17.74,-0.1013,-0.4327,-0.0567,0.52,0.12,-0.61,1117.315,-16.437,-5.180
22410,82327.33,17.74,-0.1165,-0.4326,-0.0945,0.23,0.21,-0.38,1117.150,-16.489,-5.150
22420,82325.89,17.74,-0.0888,-0.4786,-0.0708,0.11,-0.75,-0.42,1116.985,-16.540,-5.121
22430,82325.52,17.74,-0.1508,-0.4306,-0.0454,0.56,-0.24,-0.41,1116.819,-16.591,-5.092
22440,82335.77,17.74,-0.1135,-0.4404,-0.0578,0.46,0.31,-0.29,1116.653,-16.642,-5.063
22450,82331.66,17.74,-0.0984,-0.4136,-0.1254,0.24,-0.72,0.03,1116.486,-16.693,-5.034
22460,82340.57,17.74,-0.1245,-0.4329,-0.0792,-0.01,0.18,-0.34,1116.319,-16.743,-5.005
22470,82336.71,17.75,-0.0949,-0.4502,-0.1181,0.09,-0.01,-0.45,1116.151,-16.793,-4.977
22480,82340.65,17.75,-0.1390,-0.4781,-0.0821,0.12,-0.55,-0.13,1115.983,-16.842,-4.948
22490,82338.07,17.75,-0.1128,-0.4528,-0.0780,0.37,-0.53,-0.01,1115.815,-16.892,-4.919
22500,82342.61,17.75,-0.1136,-0.4612,-0.1051,0.24,-0.64,-0.35,1115.645,-16.941,-4.891
22510,82346.19,17.75,-0.1251,-0.4662,-0.0744,-0.15,-0.64,0.03,1115.476,-16.990,-4.862
22520,82347.17,17.75,-0.1402,-0.4915,-0.0984,0.25,-0.63,-0.01,1115.306,-17.038,-4.834
22530,82343.45,17.75,-0.1318,-0.4784,-0.0949,0.06,-0.17,-0.43,1115.135,-17.086,-4.806
22540,82349.91,17.75,-0.1200,-0.4711,-0.0810,-0.12,-0.52,-0.50,1114.964,-17.134,-4.778
22550,82349.52,17.75,-0.1009,-0.4796,-0.0925,0.37,0.68,-0.51,1114.792,-17.182,-4.750
22560,82356.91,17.75,-0.1366,-0.4601,-0.0779,-0.41,-0.06,-0.29,1114.620,-17.229,-4.721
22570,82352.09,17.76,-0.1284,-0.4537,-0.0905,-0.02,-0.15,-0.42,1114.448,-17.276,-4.694
22580,82354.02,17.76,-0.1743,-0.4991,-0.1029,0.24,-0.86,-0.30,1114.275,-17.323,-4.666
22590,82357.98,17.76,-0.1330,-0.4712,-0.0719,0.38,-0.44,-0.32,1114.101,-17.370,-4.638
22600,82360.71,17.76,-0.1482,-0.4947,-0.0980,-0.30,-0.42,-0.63,1113.927,-17.416,-4.610
22610,82362.62,17.76,-0.1142,-0.4693,-0.1076,0.05,-0.43,-0.10,1113.753,-17.462,-4.583
22620,82364.54,17.76,-0.1428,-0.4758,-0.1015,-0.11,-0.17,-0.55,1113.578,-17.508,-4.555
22630,82363.33,17.76,-0.1104,-0.4478,-0.1129,0.07,-0.23,-0.32,1113.402,-17.553,-4.528
22640,82361.75,17.76,-0.1185,-0.5102,-0.0890,-0.24,0.05,-0.55,1113.227,-17.598,-4.501
22650,82372.97,17.77,-0.1238,-0.4538,-0.1116,0.36,-0.03,-0.36,1113.050,-17.643,-4.473
22660,82370.68,17.77,-0.1274,-0.4898,-0.1130,-0.35,-0.29,-0.11,1112.874,-17.688,-4.446
22670,82372.79,17.77,-0.1484,-0.5168,-0.0823,0.40,-0.48,0.29,1112.697,-17.732,-4.419
22680,82373.25,17.77,-0.1614,-0.5023,-0.0942,0.29,0.06,-0.40,1112.519,-17.776,-4.392
22690,82371.91,17.77,-0.1154,-0.4912,-0.0979,0.71,-0.26,0.13,1112.341,-17.820,-4.366
22700,82375.54,17.77,-0.1395,-0.5140,-0.0628,0.17,-0.67,-0.08,1112.163,-17.864,-4.339
22710,82381.00,17.77,-0.1321,-0.5346,-0.1042,0.15,0.01,0.17,1111.984,-17.907,-4.312
22720,82380.85,17.77,-0.1410,-0.4994,-0.1047,-0.11,-0.11,-0.27,1111.804,-17.950,-4.286
22730,82385.22,17.77,-0.1110,-0.5202,-0.0828,0.09,0.48,-0.56,1111.625,-17.993,-4.259
22740,82387.88,17.78,-0.1541,-0.5554,-0.1107,-0.21,-0.25,0.01,1111.445,-18.035,-4.233
22750,82389.16,17.78,-0.1445,-0.5392,-0.0981,0.28,-0.82,-0.04,1111.264,-18.077,-4.207
22760,82386.14,17.78,-0.1109,-0.5644,-0.1104,0.21,-0.02,-0.01,1111.083,-18.119,-4.181
22770,82388.24,17.78,-0.1416,-0.5168,-0.1458,-0.31,-0.37,0.10,1110.902,-18.161,-4.155
22780,82395.44,17.78,-0.1063,-0.5305,-0.0876,0.65,0.12,0.16,1110.720,-18.202,-4.129
22790,82395.66,17.78,-0.1437,-0.5480,-0.1044,0.07,-0.62,-0.17,1110.537,-18.243,-4.103
22800,82398.10,17.78,-0.1351,-0.5471,-0.1235,0.07,-0.44,-0.35,1110.355,-18.284,-4.077
22810,82402.76,17.78,-0.1428,-0.5365,-0.1168,0.14,-0.63,-0.43,1110.172,-18.325,-4.052
22820,82399.19,17.79,-0.1263,-0.5181,-0.1061,0.15,-0.43,-0.18,1109.988,-18.365,-4.026
22830,82401.15,17.79,-0.1323,-0.5776,-0.1008,-0.06,-0.09,-0.36,1109.804,-18.406,-4.001
22840,82403.01,17.79,-0.1306,-0.5591,-0.1015,0.36,-0.34,0.32,1109.620,-18.445,-3.975
22850,82403.94,17.79,-0.1651,-0.5418,-0.1000,0.26,-0.05,-0.50,1109.435,-18.485,-3.950
22860,82407.61,17.79,-0.1584,-0.5470,-0.1171,0.37,-0.01,0.09,1109.250,-18.525,-3.925
22870,82405.23,17.79,-0.1402,-0.5612,-0.0970,0.24,-0.31,-0.28,1109.065,-18.564,-3.900
22880,82411.55,17.79,-0.1628,-0.5637,-0.1252,0.06,-0.40,0.08,1108.879,-18.603,-3.875
22890,82410.63,17.79,-0.1613,-0.5559,-0.0884,0.02,-0.14,-0.25,1108.693,-18.641,-3.850
22900,82416.81,17.79,-0.1662,-0.5562,-0.1045,0.23,0.02,0.18,1108.506,-18.680,-3.826
22910,82414.20,17.80,-0.1572,-0.5733,-0.1487,0.60,0.01,0.18,1108.319,-18.718,-3.801
22920,82416.38,17.80,-0.1506,-0.5754,-0.0970,-0.18,-0.05,-0.58,1108.132,-18.756,-3.777
22930,82425.98,17.80,-0.1408,-0.5688,-0.0960,-0.17,-0.50,-0.58,1107.944,-18.793,-3.752
22940,82419.75,17.80,-0.1719,-0.5614,-0.1110,-0.55,-0.36,-0.05,1107.756,-18.831,-3.728
22950,82426.87,17.80,-0.1568,-0.5330,-0.1208,-0.24,-0.88,-0.25,1107.567,-18.868,-3.704
22960,82426.71,17.80,-0.1547,-0.5729,-0.0989,0.04,-0.53,-0.22,1107.379,-18.905,-3.680
22970,82427.75,17.80,-0.1743,-0.5621,-0.0858,-0.28,-0.29,-0.39,1107.189,-18.941,-3.656
22980,82431.91,17.80,-0.1326,-0.6205,-0.0930,-0.00,-0.02,-0.57,1107.000,-18.978,-3.632
22990,82427.76,17.81,-0.1657,-0.5595,-0.0943,-0.23,0.16,-0.62,1106.810,-19.014,-3.609
23000,82433.28,17.81,-0.1295,-0.5840,-0.1206,0.56,0.21,-0.33,1106.619,-19.050,-3.585
23010,82441.50,17.81,-0.1362,-0.5744,-0.1261,-0.25,-0.37,0.17,1106.429,-19.086,-3.561
23020,82434.79,17.81,-0.1423,-0.5834,-0.0930,0.32,-0.07,-0.90,1106.238,-19.121,-3.538
23030,82440.34,17.81,-0.1511,-0.5731,-0.0731,-0.11,-0.94,-0.26,1106.046,-19.157,-3.515
23040,82442.72,17.81,-0.1885,-0.5917,-0.1205,0.82,-0.22,-0.60,1105.854,-19.192,-3.492
23050,82445.70,17.81,-0.1703,-0.5907,-0.0909,0.43,-0.09,-0.15,1105.662,-19.227,-3.469
23060,82439.88,17.81,-0.1335,-0.5966,-0.0706,0.66,-0.26,-0.78,1105.470,-19.261,-3.446
23070,82445.49,17.82,-0.1394,-0.6131,-0.1314,-0.06,0.57,-0.32,1105.277,-19.295,-3.423
23080,82447.28,17.82,-0.1455,-0.5697,-0.1327,-0.55,-0.67,-0.12,1105.084,-19.330,-3.400
23090,82453.37,17.82,-0.1508,-0.5597,-0.1370,0.10,0.20,-0.32,1104.890,-19.363,-3.377
23100,82452.38,17.82,-0.1748,-0.6101,-0.1344,-0.34,0.09,-0.38,1104.697,-19.397,-3.355
23110,82457.36,17.82,-0.1787,-0.5930,-0.1114,0.15,-0.33,-0.33,1104.502,-19.431,-3.333
23120,82457.22,17.82,-0.1737,-0.5948,-0.1283,-0.36,-0.61,-0.33,1104.308,-19.464,-3.310
23130,82457.91,17.82,-0.1394,-0.6236,-0.1196,-0.07,-0.52,-0.23,1104.113,-19.497,-3.288
23140,82464.34,17.82,-0.1474,-0.6047,-0.1053,0.11,-0.30,-0.25,1103.918,-19.530,-3.266
23150,82463.24,17.83,-0.1426,-0.6163,-0.1672,0.38,-0.13,-0.13,1103.723,-19.562,-3.244
23160,82464.33,17.83,-0.1675,-0.6150,-0.0796,0.48,-0.36,0.12,1103.527,-19.595,-3.222
23170,82469.48,17.83,-0.1463,-0.6230,-0.1402,-0.11,-0.34,-0.12,1103.331,-19.627,-3.200
23180,82470.50,17.83,-0.2011,-0.6314,-0.1380,0.64,-0.21,-0.55,1103.134,-19.659,-3.179
23190,82469.42,17.83,-0.1613,-0.6603,-0.1278,-0.48,-0.45,-0.09,1102.937,-19.690,-3.157
23200,82474.70,17.83,-0.1456,-0.6346,-0.1171,-0.01,-0.46,0.22,1102.740,-19.722,-3.136
23210,82478.61,17.83,-0.1464,-0.6478,-0.0975,0.02,-0.21,-0.43,1102.543,-19.753,-3.115
23220,82476.70,17.83,-0.1549,-0.6489,-0.1067,0.85,-0.39,-0.11,1102.345,-19.784,-3.093
23230,82482.17,17.84,-0.1476,-0.6303,-0.0888,0.16,0.20,-0.04,1102.147,-19.815,-3.072
23240,82479.19,17.84,-0.1514,-0.6041,-0.1500,0.14,-0.15,-0.94,1101.949,-19.846,-3.051
23250,82481.77,17.84,-0.1600,-0.6266,-0.1453,0.30,-0.18,0.10,1101.750,-19.876,-3.031
23260,82486.24,17.84,-0.1347,-0.6179,-0.1086,0.32,0.29,0.13,1101.551,-19.906,-3.010
23270,82482.54,17.84,-0.1495,-0.6476,-0.1002,0.05,-0.06,-0.47,1101.352,-19.936,-2.989
23280,82488.86,17.84,-0.1907,-0.6263,-0.1680,-0.43,0.08,-0.50,1101.153,-19.966,-2.969
23290,82488.08,17.84,-0.1653,-0.6680,-0.1333,0.35,-0.43,0.08,1100.953,-19.996,-2.948
23300,82494.42,17.85,-0.1877,-0.6574,-0.1507,0.36,-0.02,-0.34,1100.753,-20.025,-2.928
23310,82492.17,17.85,-0.1513,-0.6127,-0.1160,0.03,-0.10,-0.02,1100.552,-20.054,-2.908
23320,82499.76,17.85,-0.1803,-0.6845,-0.1111,-0.22,-0.27,0.17,1100.352,-20.083,-2.888
23330,82500.30,17.85,-0.1718,-0.6689,-0.1208,0.14,-0.24,0.02,1100.151,-20.112,-2.868
23340,82499.75,17.85,-0.1385,-0.6336,-0.1225,0.09,-0.08,0.08,1099.949,-20.140,-2.848
23350,82507.85,17.85,-0.1502,-0.6197,-0.1167,0.23,-0.50,-0.18,1099.748,-20.169,-2.828
23360,82508.17,17.85,-0.1833,-0.6518,-0.0980,0.50,-0.08,-0.14,1099.546,-20.197,-2.808
23370,82504.79,17.85,-0.1721,-0.6770,-0.1192,-0.13,-0.39,-0.62,1099.344,-20.225,-2.789
23380,82510.66,17.86,-0.1501,-0.6403,-0.1562,0.31,-0.12,-0.07,1099.141,-20.253,-2.769
23390,82512.36,17.86,-0.1493,-0.6593,-0.1049,0.24,-0.09,-0.34,1098.939,-20.280,-2.750
23400,82517.73,17.86,-0.1649,-0.6586,-0.1558,0.54,-0.15,-0.09,1098.736,-20.308,-2.731
23410,82518.32,17.86,-0.1569,-0.6760,-0.1420,0.09,-0.98,-0.12,1098.532,-20.335,-2.712
23420,82518.11,17.86,-0.1749,-0.6921,-0.0533,-0.42,-0.21,-0.63,1098.329,-20.362,-2.693
23430,82522.74,17.86,-0.1696,-0.6911,-0.1190,-0.00,-0.56,-0.36,1098.125,-20.389,-2.674
23440,82522.21,17.86,-0.2038,-0.6757,-0.1464,-0.13,-0.53,-0.51,1097.921,-20.416,-2.655
23450,82525.84,17.86,-0.1912,-0.6755,-0.1225,-0.33,0.13,-0.28,1097.717,-20.442,-2.636
23460,82525.07,17.87,-0.1812,-0.7138,-0.1443,0.44,-0.13,0.29,1097.512,-20.468,-2.618
23470,82529.87,17.87,-0.2005,-0.6674,-0.1890,-0.04,-0.08,-0.43,1097.307,-20.494,-2.599
23480,82531.09,17.87,-0.1740,-0.6837,-0.1242,-0.06,-0.49,-0.36,1097.102,-20.520,-2.581
23490,82535.41,17.87,-0.1852,-0.6860,-0.1673,-0.13,-0.40,-0.54,1096.897,-20.546,-2.562
23500,82536.97,17.87,-0.1182,-0.6754,-0.1727,-0.12,-0.61,-0.12,1096.691,-20.572,-2.544
23510,82536.21,17.87,-0.1870,-0.7089,-0.1854,-0.08,-0.40,-0.54,1096.486,-20.597,-2.526
23520,82539.21,17.87,-0.2055,-0.6617,-0.1269,0.53,-0.57,-0.35,1096.279,-20.622,-2.508
23530,82542.15,17.88,-0.1487,-0.6973,-0.1408,0.00,-0.51,0.10,1096.073,-20.647,-2.490
23540,82541.56,17.88,-0.1645,-0.7065,-0.1192,-0.50,-0.35,-0.00,1095.867,-20.672,-2.473
23550,82547.43,17.88,-0.1994,-0.7154,-0.1386,-0.45,-0.23,-0.82,1095.660,-20.697,-2.455
23560,82545.19,17.88,-0.2045,-0.7405,-0.1594,0.23,-0.23,-0.32,1095.453,-20.721,-2.437
23570,82552.51,17.88,-0.1588,-0.6997,-0.1259,0.06,-0.19,0.21,1095.245,-20.745,-2.420
23580,82554.02,17.88,-0.1807,-0.6956,-0.1213,0.53,0.31,-0.14,1095.038,-20.770,-2.403
23590,82553.04,17.88,-0.1671,-0.6870,-0.1349,0.02,-0.54,-0.26,1094.830,-20.793,-2.385
23600,82553.20,17.88,-0.1742,-0.6791,-0.1373,-0.27,-0.16,0.05,1094.622,-20.817,-2.368
23610,82557.15,17.89,-0.1766,-0.7004,-0.1296,0.04,-0.28,-0.36,1094.413,-20.841,-2.351
23620,82559.28,17.89,-0.1613,-0.6647,-0.1405,0.24,-0.21,-0.06,1094.205,-20.864,-2.334
23630,82564.13,17.89,-0.1774,-0.7344,-0.1461,-0.12,-0.73,-0.05,1093.996,-20.888,-2.317
23640,82565.72,17.89,-0.1802,-0.7138,-0.1507,-0.14,-0.17,-0.06,1093.787,-20.911,-2.301
23650,82566.13,17.89,-0.2035,-0.7120,-0.1605,-0.15,-0.55,0.10,1093.578,-20.934,-2.284
23660,82564.32,17.89,-0.1756,-0.6971,-0.1386,-0.09,-0.41,-0.03,1093.368,-20.956,-2.268
23670,82568.13,17.89,-0.1762,-0.7351,-0.1227,0.10,-0.29,-0.23,1093.159,-20.979,-2.251
23680,82571.34,17.90,-0.1653,-0.7274,-0.1362,-0.30,-0.78,-0.42,1092.949,-21.001,-2.235
23690,82576.62,17.90,-0.1872,-0.6804,-0.1652,-0.20,-0.23,-0.53,1092.739,-21.024,-2.219
23700,82580.39,17.90,-0.1694,-0.7562,-0.1581,-0.03,-0.43,0.21,1092.528,-21.046,-2.202
23710,82579.85,17.90,-0.1864,-0.7342,-0.1625,-0.01,-0.92,-0.07,1092.318,-21.068,-2.186
23720,82582.61,17.90,-0.1617,-0.7257,-0.1193,0.10,-0.58,-0.23,1092.107,-21.090,-2.170
23730,82583.83,17.90,-0.1800,-0.6962,-0.1242,0.17,-0.21,-0.18,1091.896,-21.111,-2.155
23740,82585.33,17.90,-0.2134,-0.7420,-0.1588,0.07,-0.37,-0.24,1091.685,-21.133,-2.139
23750,82586.18,17.91,-0.1798,-0.7331,-0.1207,-0.31,-0.58,-0.62,1091.473,-21.154,-2.123
23760,82588.50,17.91,-0.1610,-0.7206,-0.1168,0.71,-0.31,-0.33,1091.262,-21.175,-2.108
23770,82588.96,17.91,-0.1909,-0.7158,-0.1369,0.24,-0.22,-0.25,1091.050,-21.196,-2.092
23780,82591.87,17.91,-0.1818,-0.7191,-0.1237,-0.17,-0.80,-0.35,1090.838,-21.217,-2.077
23790,82597.48,17.91,-0.1858,-0.7208,-0.1576,0.33,-0.16,-0.25,1090.625,-21.238,-2.062
23800,82599.84,17.91,-0.2105,-0.7464,-0.1439,0.37,-0.17,-0.22,1090.413,-21.258,-2.046
23810,82602.12,17.91,-0.1904,-0.7308,-0.1143,0.22,-0.12,-0.30,1090.200,-21.279,-2.031
23820,82606.12,17.92,-0.2013,-0.7154,-0.1733,0.22,-0.31,0.01,1089.987,-21.299,-2.016
23830,82606.25,17.92,-0.1780,-0.7278,-0.1398,-0.43,0.01,-0.23,1089.774,-21.319,-2.002
23840,82605.28,17.92,-0.1427,-0.7234,-0.1667,0.17,-0.47,-0.40,1089.561,-21.339,-1.987
23850,82610.94,17.92,-0.1851,-0.7199,-0.1366,0.13,-0.33,-0.55,1089.347,-21.359,-1.972
23860,82606.13,17.92,-0.1852,-0.7510,-0.1799,-0.27,0.08,-0.17,1089.134,-21.378,-1.958
23870,82611.91,17.92,-0.1794,-0.7134,-0.1419,0.17,0.10,0.10,1088.920,-21.398,-1.943
23880,82613.51,17.92,-0.1742,-0.7676,-0.1394,0.09,-0.42,-0.23,1088.706,-21.417,-1.929
23890,82616.50,17.92,-0.1667,-0.7502,-0.1637,-0.13,-0.56,-0.45,1088.491,-21.436,-1.914
23900,82624.02,17.93,-0.1710,-0.7433,-0.1551,-0.38,-0.48,-0.46,1088.277,-21.456,-1.900
23910,82622.70,17.93,-0.2179,-0.7778,-0.1402,-0.15,-0.05,-0.07,1088.062,-21.474,-1.886
23920,82627.34,17.93,-0.1681,-0.7699,-0.1739,0.43,0.33,-0.55,1087.847,-21.493,-1.872
23930,82624.83,17.93,-0.1627,-0.7469,-0.1252,0.43,-0.28,-0.77,1087.632,-21.512,-1.858
23940,82626.69,17.93,-0.1845,-0.7082,-0.1200,-0.41,-0.30,0.56,1087.417,-21.530,-1.844
23950,82627.84,17.93,-0.2495,-0.7916,-0.1430,-0.38,-0.64,0.32,1087.202,-21.549,-1.830
23960,82634.59,17.93,-0.1949,-0.7923,-0.1551,0.17,-0.55,-0.04,1086.986,-21.567,-1.817
23970,82635.66,17.94,-0.2328,-0.7712,-0.1683,0.40,-0.63,-0.77,1086.770,-21.585,-1.803
23980,82636.83,17.94,-0.1779,-0.7636,-0.1308,-0.38,0.31,-0.18,1086.555,-21.603,-1.790
23990,82644.36,17.94,-0.1780,-0.7677,-0.1608,0.40,0.22,0.34,1086.338,-21.621,-1.776
24000,82642.08,17.94,-0.2000,-0.7672,-0.1389,0.11,-0.42,-0.02,1086.122,-21.639,-1.763
24010,82646.91,17.94,-0.2077,-0.7443,-0.1703,0.19,-0.27,0.20,1085.906,-21.656,-1.750
24020,82648.87,17.94,-0.2044,-0.7845,-0.1318,0.17,-0.24,-0.33,1085.689,-21.674,-1.736
24030,82649.27,17.94,-0.1815,-0.7558,-0.1737,-0.08,-0.67,-0.33,1085.472,-21.691,-1.723
24040,82652.39,17.95,-0.1792,-0.7551,-0.1572,-0.34,-0.47,0.10,1085.255,-21.708,-1.710
24050,82653.47,17.95,-0.1634,-0.7598,-0.1613,0.15,-0.11,-0.25,1085.038,-21.725,-1.697
24060,82652.29,17.95,-0.1741,-0.7553,-0.1405,0.23,-0.37,-0.46,1084.821,-21.742,-1.685
24070,82656.39,17.95,-0.1670,-0.7816,-0.1504,-0.41,-0.71,0.21,1084.603,-21.759,-1.672
24080,82656.05,17.95,-0.1837,-0.7591,-0.1553,-0.28,-0.50,-0.71,1084.385,-21.776,-1.659
24090,82665.57,17.95,-0.1910,-0.8039,-0.1824,0.95,0.03,0.18,1084.168,-21.792,-1.647
24100,82669.39,17.95,-0.1733,-0.7656,-0.1644,0.04,-0.67,-0.05,1083.950,-21.809,-1.634
24110,82670.59,17.96,-0.1955,-0.7691,-0.1550,0.13,-0.12,-0.48,1083.731,-21.825,-1.622
24120,82671.29,17.96,-0.1647,-0.7791,-0.1524,0.01,0.11,-0.10,1083.513,-21.841,-1.610
24130,82672.87,17.96,-0.1852,-0.8279,-0.1502,0.41,-0.41,-0.27,1083.295,-21.857,-1.597
24140,82668.96,17.96,-0.1993,-0.7829,-0.1591,0.47,-0.35,-0.04,1083.076,-21.873,-1.585
24150,82677.40,17.96,-0.1811,-0.7617,-0.1270,0.20,-0.37,-0.40,1082.857,-21.889,-1.573
24160,82679.10,17.96,-0.1848,-0.7954,-0.1224,0.20,-0.25,0.05,1082.638,-21.904,-1.561
24170,82682.02,17.96,-0.2191,-0.7824,-0.1501,0.03,-0.61,0.07,1082.419,-21.920,-1.549
24180,82682.29,17.97,-0.2010,-0.7853,-0.1366,0.36,-0.17,-0.43,1082.200,-21.935,-1.537
24190,82685.64,17.97,-0.1730,-0.7635,-0.1500,-0.14,-0.30,-0.38,1081.980,-21.951,-1.526
24200,82688.26,17.97,-0.1935,-0.7966,-0.1953,0.20,0.25,-0.19,1081.761,-21.966,-1.514
24210,82685.12,17.97,-0.1787,-0.7884,-0.1690,0.59,-0.09,-0.58,1081.541,-21.981,-1.502
24220,82691.84,17.97,-0.1964,-0.7686,-0.2064,-0.18,-0.70,-0.02,1081.321,-21.996,-1.491
24230,82692.67,17.97,-0.2213,-0.7999,-0.1147,-0.10,0.31,0.31,1081.101,-22.011,-1.480
24240,82697.87,17.97,-0.1928,-0.7887,-0.1704,-0.43,0.44,-0.29,1080.881,-22.026,-1.468
24250,82698.06,17.98,-0.1827,-0.8034,-0.1305,-0.06,-0.12,-0.02,1080.660,-22.040,-1.457
24260,82699.99,17.98,-0.2083,-0.7885,-0.2176,-0.02,-0.31,0.04,1080.440,-22.055,-1.446
24270,82704.20,17.98,-0.1979,-0.8434,-0.1742,-0.47,-0.80,-0.26,1080.219,-22.069,-1.435
24280,82701.60,17.98,-0.2091,-0.7831,-0.1746,0.40,0.08,-0.20,1079.999,-22.083,-1.424
24290,82707.84,17.98,-0.1695,-0.8267,-0.1184,0.36,0.32,0.48,1079.778,-22.098,-1.413
24300,82711.56,17.98,-0.2057,-0.8100,-0.1629,-0.61,-0.00,-0.42,1079.557,-22.112,-1.402
24310,82713.16,17.98,-0.2152,-0.8065,-0.2151,0.38,-0.09,0.06,1079.335,-22.126,-1.391
24320,82712.15,17.99,-0.1672,-0.8032,-0.1545,0.17,-0.70,-0.04,1079.114,-22.140,-1.380
24330,82711.86,17.99,-0.1593,-0.7830,-0.1832,0.37,-0.47,-0.13,1078.893,-22.153,-1.370
24340,82719.40,17.99,-0.2053,-0.8004,-0.1892,0.32,-0.23,-0.33,1078.671,-22.167,-1.359
24350,82720.48,17.99,-0.1984,-0.8219,-0.1227,0.01,-0.16,0.15,1078.449,-22.180,-1.348
24360,82725.76,17.99,-0.2112,-0.8385,-0.1534,-0.06,-0.26,-0.62,1078.227,-22.194,-1.338
24370,82725.71,17.99,-0.2323,-0.8305,-0.1613,0.11,-0.31,-0.12,1078.005,-22.207,-1.328
24380,82726.20,17.99,-0.2026,-0.7538,-0.1918,0.18,0.15,-0.43,1077.783,-22.220,-1.317
24390,82728.85,18.00,-0.1971,-0.8001,-0.1382,-0.20,-0.09,-0.03,1077.561,-22.234,-1.307
24400,82729.43,18.00,-0.2347,-0.7934,-0.1561,0.16,0.21,-0.26,1077.339,-22.247,-1.297
24410,82735.80,18.00,-0.2298,-0.8142,-0.1858,-0.66,-0.37,-0.21,1077.116,-22.260,-1.287
24420,82740.17,18.00,-0.2147,-0.7802,-0.1686,0.15,-0.14,-0.13,1076.893,-22.272,-1.277
24430,82736.16,18.00,-0.1844,-0.8121,-0.1645,-0.05,-0.26,-0.41,1076.671,-22.285,-1.267
24440,82745.29,18.00,-0.1700,-0.8100,-0.1772,-0.04,-0.89,-0.16,1076.448,-22.298,-1.257
24450,82746.62,18.00,-0.2429,-0.8240,-0.1693,0.26,-0.59,-0.07,1076.225,-22.310,-1.247
24460,82747.54,18.01,-0.2163,-0.8387,-0.1859,0.10,0.22,-0.36,1076.001,-22.323,-1.238
24470,82747.97,18.01,-0.2115,-0.8580,-0.1555,-0.25,-0.31,0.30,1075.778,-22.335,-1.228
24480,82746.97,18.01,-0.2019,-0.8350,-0.2112,-0.51,-0.19,-0.35,1075.555,-22.347,-1.218
24490,82751.12,18.01,-0.1841,-0.8133,-0.1538,0.42,0.35,-0.14,1075.331,-22.359,-1.209
24500,82754.48,18.01,-0.2228,-0.8335,-0.1790,0.31,-0.51,-0.14,1075.107,-22.371,-1.199
24510,82760.71,18.01,-0.2123,-0.8237,-0.1737,-0.07,0.20,-0.11,1074.884,-22.383,-1.190
24520,82758.04,18.01,-0.1941,-0.8009,-0.1525,0.27,-0.61,-0.12,1074.660,-22.395,-1.181
24530,82760.60,18.02,-0.2048,-0.7989,-0.1592,0.11,-0.56,0.46,1074.436,-22.407,-1.171
24540,82761.69,18.02,-0.2119,-0.7907,-0.1326,0.41,0.24,-0.67,1074.212,-22.419,-1.162
24550,82761.60,18.02,-0.2316,-0.7941,-0.1356,-0.03,-0.24,-0.28,1073.987,-22.430,-1.153
24560,82767.43,18.02,-0.2196,-0.8362,-0.1477,0.25,-0.29,0.25,1073.763,-22.442,-1.144
24570,82772.32,18.02,-0.1803,-0.7991,-0.2216,0.08,-0.04,-0.43,1073.539,-22.453,-1.135
24580,82769.84,18.02,-0.2299,-0.8087,-0.1841,0.49,-0.09,0.14,1073.314,-22.464,-1.126
24590,82776.69,18.02,-0.2511,-0.8227,-0.1585,0.39,-0.26,-0.28,1073.089,-22.476,-1.117
24600,82783.13,18.03,-0.1943,-0.8108,-0.1703,0.32,-0.34,-0.15,1072.864,-22.487,-1.108
24610,82778.24,18.03,-0.2249,-0.8219,-0.1812,-0.08,-0.18,-0.39,1072.639,-22.498,-1.100
24620,82782.79,18.03,-0.1994,-0.8865,-0.1509,0.03,-0.35,-0.26,1072.414,-22.509,-1.091
24630,82785.13,18.03,-0.1965,-0.8019,-0.1708,-0.04,-0.46,-0.03,1072.189,-22.520,-1.082
24640,82784.30,18.03,-0.2091,-0.8077,-0.1830,-0.14,-0.38,-0.06,1071.964,-22.530,-1.074
24650,82788.02,18.03,-0.2081,-0.8060,-0.1573,-0.24,-0.10,0.04,1071.739,-22.541,-1.065
24660,82794.57,18.04,-0.2000,-0.8328,-0.1859,0.62,-0.44,-0.35,1071.513,-22.552,-1.057
24670,82794.43,18.04,-0.2052,-0.8664,-0.2094,-0.29,-0.77,0.11,1071.288,-22.562,-1.048
24680,82796.98,18.04,-0.2041,-0.8486,-0.1568,0.22,-0.45,-0.56,1071.062,-22.573,-1.040
24690,82797.11,18.04,-0.2160,-0.8512,-0.1616,0.51,-0.49,-0.41,1070.836,-22.583,-1.032
24700,82803.49,18.04,-0.2281,-0.8354,-0.1650,0.53,-0.36,-0.54,1070.610,-22.593,-1.024
24710,82804.14,18.04,-0.1910,-0.8292,-0.1799,-0.21,-0.22,-0.19,1070.384,-22.604,-1.016
24720,82808.43,18.04,-0.2206,-0.8490,-0.1786,-0.08,-0.46,-0.12,1070.158,-22.614,-1.008
24730,82804.77,18.05,-0.1990,-0.8464,-0.1528,0.19,-0.38,-0.38,1069.932,-22.624,-1.000
24740,82808.91,18.05,-0.1897,-0.8473,-0.2049,0.37,-0.54,-0.01,1069.706,-22.634,-0.992
24750,82814.31,18.05,-0.1994,-0.8423,-0.1514,-0.32,-0.44,-0.21,1069.479,-22.644,-0.984
24760,82817.28,18.05,-0.1776,-0.8377,-0.1803,-0.08,-0.08,-0.06,1069.253,-22.653,-0.976
24770,82823.37,18.05,-0.2131,-0.8461,-0.1528,0.17,-0.19,0.05,1069.026,-22.663,-0.968
24780,82823.66,18.05,-0.2325,-0.8489,-0.1611,-0.19,-0.25,0.00,1068.800,-22.673,-0.960
24790,82819.25,18.05,-0.1850,-0.8329,-0.2007,0.30,-0.67,-0.54,1068.573,-22.682,-0.953
24800,82824.78,18.06,-0.2192,-0.8622,-0.2075,0.28,-0.11,-0.52,1068.346,-22.692,-0.945
24810,82819.61,18.06,-0.2431,-0.8620,-0.1871,-0.07,-0.79,-0.06,1068.119,-22.701,-0.937
24820,82822.77,18.06,-0.1911,-0.8469,-0.1587,-0.16,-0.28,-0.80,1067.892,-22.711,-0.930
24830,82832.63,18.06,-0.1970,-0.8548,-0.2044,0.54,-0.28,-0.50,1067.665,-22.720,-0.923
24840,82832.04,18.06,-0.2159,-0.8545,-0.1745,0.40,-0.89,-0.18,1067.437,-22.729,-0.915
24850,82833.54,18.06,-0.2330,-0.8618,-0.1819,-0.02,-0.18,0.26,1067.210,-22.738,-0.908
24860,82838.66,18.06,-0.2461,-0.8586,-0.1595,0.09,-0.19,-0.57,1066.983,-22.747,-0.901
24870,82835.81,18.07,-0.2292,-0.8357,-0.1565,0.38,-0.33,0.19,1066.755,-22.756,-0.893
24880,82842.29,18.07,-0.1794,-0.8468,-0.1728,-0.07,-0.77,-0.04,1066.528,-22.765,-0.886
24890,82840.08,18.07,-0.2220,-0.8474,-0.1759,-0.57,-0.19,-0.03,1066.300,-22.774,-0.879
24900,82846.08,18.07,-0.2178,-0.8288,-0.1665,0.19,-0.45,-0.02,1066.072,-22.783,-0.872
24910,82849.31,18.07,-0.2479,-0.8482,-0.1890,-0.01,0.28,-0.09,1065.844,-22.791,-0.865
24920,82854.40,18.07,-0.1940,-0.8092,-0.1518,-0.04,-0.32,-0.19,1065.616,-22.800,-0.858
24930,82854.01,18.07,-0.1971,-0.8561,-0.1655,0.35,-0.72,-0.50,1065.388,-22.809,-0.851
24940,82853.55,18.08,-0.1620,-0.8290,-0.1568,0.39,-0.14,0.27,1065.160,-22.817,-0.844
24950,82857.66,18.08,-0.1992,-0.8334,-0.1505,-0.03,-0.04,-0.21,1064.932,-22.825,-0.837
24960,82862.45,18.08,-0.2376,-0.8654,-0.2007,0.60,-0.24,0.05,1064.704,-22.834,-0.831
24970,82863.97,18.08,-0.1967,-0.8607,-0.1935,-0.08,-0.20,0.45,1064.475,-22.842,-0.824
24980,82868.05,18.08,-0.2172,-0.8494,-0.1295,0.07,0.02,-0.19,1064.247,-22.850,-0.817
24990,82864.82,18.08,-0.1808,-0.8663,-0.1676,0.31,-0.72,0.15,1064.018,-22.858,-0.811
25000,82868.38,18.09,-0.2136,-0.8410,-0.1755,0.64,-0.44,-0.46,1063.790,-22.866,-0.804
25010,82870.70,18.09,-0.2004,-0.8362,-0.1624,0.03,-0.21,-0.29,1063.561,-22.874,-0.798
25020,82878.13,18.09,-0.1951,-0.8558,-0.1662,0.37,-0.18,-0.57,1063.332,-22.882,-0.791
25030,82878.25,18.09,-0.2284,-0.8968,-0.1566,0.64,-0.37,-0.51,1063.103,-22.890,-0.785
25040,82880.61,18.09,-0.2373,-0.8053,-0.1678,0.13,-0.00,-0.30,1062.874,-22.898,-0.778
25050,82880.26,18.09,-0.1659,-0.8766,-0.1599,0.14,-0.50,-0.67,1062.645,-22.906,-0.772
25060,82886.13,18.09,-0.1752,-0.8636,-0.1903,-0.17,-0.24,-0.51,1062.416,-22.914,-0.766
25070,82883.64,18.10,-0.2216,-0.8418,-0.1831,0.32,0.00,0.06,1062.187,-22.921,-0.759
25080,82889.63,18.10,-0.2044,-0.8449,-0.1877,0.35,-0.09,-0.78,1061.958,-22.929,-0.753
25090,82891.22,18.10,-0.1982,-0.8638,-0.1615,-0.15,-0.15,0.41,1061.728,-22.936,-0.747
25100,82898.28,18.10,-0.1753,-0.8594,-0.1771,0.26,-0.13,0.25,1061.499,-22.944,-0.741
25110,82899.18,18.10,-0.2490,-0.8752,-0.1758,0.42,-0.17,-0.27,1061.269,-22.951,-0.735
25120,82899.56,18.10,-0.2091,-0.8324,-0.1488,-0.02,0.44,-0.02,1061.040,-22.958,-0.729
25130,82902.23,18.10,-0.2058,-0.8133,-0.1671,0.10,-0.50,-0.45,1060.810,-22.966,-0.723
25140,82905.81,18.11,-0.2126,-0.8455,-0.1915,-0.04,-0.10,-0.68,1060.581,-22.973,-0.717
25150,82906.43,18.11,-0.2116,-0.8726,-0.1732,-0.27,0.21,-0.24,1060.351,-22.980,-0.711
25160,82906.82,18.11,-0.1769,-0.8373,-0.1847,0.27,-0.58,-0.01,1060.121,-22.987,-0.705
25170,82912.34,18.11,-0.1918,-0.8973,-0.1790,0.66,-0.36,-0.21,1059.891,-22.994,-0.700
25180,82907.37,18.11,-0.2000,-0.8699,-0.1591,-0.15,-0.38,-0.43,1059.661,-23.001,-0.694
25190,82910.32,18.11,-0.2068,-0.8742,-0.1362,0.31,-0.03,0.24,1059.431,-23.008,-0.688
25200,82915.75,18.12,-0.2083,-0.8407,-0.1542,0.88,-0.58,0.40,1059.201,-23.015,-0.683
25210,82919.07,18.12,-0.1771,-0.9093,-0.1367,-0.07,-0.18,-0.82,1058.971,-23.022,-0.677
25220,82926.28,18.12,-0.2165,-0.8372,-0.1637,0.02,-0.35,0.76,1058.740,-23.028,-0.671
25230,82925.99,18.12,-0.1997,-0.8749,-0.1553,0.01,-0.12,-0.36,1058.510,-23.035,-0.666
25240,82922.91,18.12,-0.1841,-0.8709,-0.1614,0.82,-0.93,0.01,1058.280,-23.042,-0.660
25250,82928.75,18.12,-0.2120,-0.8634,-0.1807,0.14,-0.15,-0.16,1058.049,-23.048,-0.655
25260,82933.66,18.12,-0.2362,-0.8850,-0.1736,-0.16,-0.63,-0.63,1057.819,-23.055,-0.650
25270,82930.98,18.13,-0.2255,-0.8900,-0.1804,0.29,-0.01,-0.31,1057.588,-23.061,-0.644
25280,82933.69,18.13,-0.2099,-0.8576,-0.1969,0.38,-0.44,-0.36,1057.358,-23.068,-0.639
25290,82931.27,18.13,-0.2031,-0.8833,-0.1668,0.19,-0.57,-0.07,1057.127,-23.074,-0.634
25300,82937.41,18.13,-0.2183,-0.8868,-0.1812,-0.41,0.56,-0.18,1056.896,-23.080,-0.628
25310,82944.79,18.13,-0.2090,-0.8516,-0.1830,-0.38,-0.17,-0.12,1056.665,-23.087,-0.623
25320,82943.78,18.13,-0.1928,-0.8482,-0.1555,0.01,-0.43,-0.15,1056.434,-23.093,-0.618
25330,82949.08,18.13,-0.2371,-0.8714,-0.1752,-0.24,0.09,0.09,1056.203,-23.099,-0.613
25340,82949.31,18.14,-0.2010,-0.8686,-0.1652,0.10,-0.42,-0.42,1055.972,-23.105,-0.608
25350,82950.90,18.14,-0.2181,-0.8579,-0.1998,0.04,0.11,-0.73,1055.741,-23.111,-0.603
25360,82953.41,18.14,-0.2306,-0.8705,-0.2025,0.25,-0.21,-0.15,1055.510,-23.117,-0.598
25370,82955.10,18.14,-0.1964,-0.8420,-0.2202,0.35,-0.60,-0.21,1055.279,-23.123,-0.593
25380,82960.34,18.14,-0.1963,-0.8546,-0.2119,-0.04,-0.58,-0.54,1055.048,-23.129,-0.588
25390,82962.27,18.14,-0.2014,-0.8965,-0.1751,-0.11,-0.19,0.07,1054.816,-23.135,-0.583
25400,82964.06,18.15,-0.2329,-0.9004,-0.1688,-0.09,-0.49,-0.45,1054.585,-23.141,-0.578
25410,82966.36,18.15,-0.1849,-0.8868,-0.1940,-0.76,-0.34,-0.56,1054.353,-23.147,-0.573
25420,82969.09,18.15,-0.1997,-0.9107,-0.1576,0.31,0.09,-0.66,1054.122,-23.152,-0.569
25430,82976.42,18.15,-0.2107,-0.8827,-0.1981,0.04,0.03,-0.43,1053.890,-23.158,-0.564
25440,82972.90,18.15,-0.2273,-0.8812,-0.1775,0.01,0.25,-0.05,1053.659,-23.164,-0.559
25450,82974.84,18.15,-0.2288,-0.8826,-0.1731,0.44,-0.25,-0.11,1053.427,-23.169,-0.555
25460,82977.18,18.15,-0.2010,-0.8645,-0.2055,0.30,-0.88,-0.43,1053.195,-23.175,-0.550
25470,82980.07,18.16,-0.1737,-0.8677,-0.1809,0.13,-0.35,0.15,1052.964,-23.180,-0.545
25480,82987.18,18.16,-0.2034,-0.8587,-0.1686,-0.14,-0.36,-0.09,1052.732,-23.186,-0.541
25490,82986.74,18.16,-0.2358,-0.8829,-0.1677,-0.20,-0.08,-0.35,1052.500,-23.191,-0.536
25500,82987.33,18.16,-0.1828,-0.8896,-0.1734,0.02,-0.30,-0.21,1052.268,-23.196,-0.532
25510,82990.14,18.16,-0.2205,-0.8775,-0.1545,0.26,-0.30,-0.34,1052.036,-23.202,-0.527
25520,82994.98,18.16,-0.2128,-0.8843,-0.1836,0.41,-0.43,0.37,1051.804,-23.207,-0.523
25530,82995.65,18.16,-0.2092,-0.9125,-0.1879,-0.49,0.45,-0.23,1051.572,-23.212,-0.519
25540,82995.97,18.17,-0.2274,-0.8233,-0.1580,-0.35,-0.97,-0.49,1051.340,-23.217,-0.514
25550,82999.68,18.17,-0.1932,-0.8842,-0.1476,-0.02,0.02,-0.14,1051.108,-23.222,-0.510
25560,82997.39,18.17,-0.1936,-0.8940,-0.2050,-0.40,-0.17,-0.15,1050.875,-23.227,-0.506
25570,83004.69,18.17,-0.2386,-0.8757,-0.1765,0.21,-0.08,-0.14,1050.643,-23.232,-0.501
25580,83002.82,18.17,-0.2372,-0.8418,-0.1805,-0.11,-0.74,-0.32,1050.411,-23.237,-0.497
25590,83011.71,18.17,-0.2276,-0.8831,-0.1603,0.40,-0.38,0.07,1050.178,-23.242,-0.493
25600,83012.22,18.18,-0.2064,-0.8755,-0.1781,-0.01,-0.64,0.40,1049.946,-23.247,-0.489
25610,83014.58,18.18,-0.2223,-0.8719,-0.1828,-0.26,-0.13,-0.30,1049.713,-23.252,-0.485
25620,83011.95,18.18,-0.2108,-0.8801,-0.1916,-0.24,-0.15,-0.08,1049.481,-23.257,-0.481
25630,83020.16,18.18,-0.2179,-0.8969,-0.1883,0.12,-0.46,0.42,1049.248,-23.262,-0.477
25640,83020.04,18.18,-0.1932,-0.8816,-0.1710,0.10,0.26,-0.86,1049.015,-23.267,-0.473
25650,83021.35,18.18,-0.2034,-0.8546,-0.1704,0.51,-0.30,0.01,1048.783,-23.271,-0.469
25660,83025.88,18.18,-0.2383,-0.8676,-0.1888,0.20,0.02,-0.03,1048.550,-23.276,-0.465
25670,83025.28,18.19,-0.2182,-0.8999,-0.1849,0.41,-0.53,-0.87,1048.317,-23.281,-0.461
25680,83028.21,18.19,-0.2017,-0.9174,-0.1788,-0.06,0.15,-0.17,1048.084,-23.285,-0.457
25690,83026.73,18.19,-0.2151,-0.9008,-0.1575,-0.00,-0.32,0.34,1047.852,-23.290,-0.453
25700,83039.44,18.19,-0.2181,-0.9248,-0.1702,-0.29,-0.20,-0.27,1047.619,-23.294,-0.449
25710,83036.19,18.19,-0.2352,-0.8950,-0.1357,-0.00,0.53,-0.35,1047.386,-23.299,-0.445
25720,83043.60,18.19,-0.2435,-0.8576,-0.1760,0.07,-0.08,-0.39,1047.153,-23.303,-0.441
25730,83042.42,18.20,-0.2129,-0.8948,-0.2129,0.32,-0.39,0.16,1046.920,-23.307,-0.438
25740,83048.11,18.20,-0.2090,-0.8955,-0.1772,0.09,-0.17,0.02,1046.686,-23.312,-0.434
25750,83042.76,18.20,-0.2340,-0.8999,-0.2345,0.49,-0.41,0.33,1046.453,-23.316,-0.430
25760,83052.50,18.20,-0.1951,-0.9112,-0.2091,0.34,-0.27,-0.22,1046.220,-23.320,-0.427
25770,83051.05,18.20,-0.1961,-0.9031,-0.1731,0.08,-0.76,-0.16,1045.987,-23.325,-0.423
25780,83054.95,18.20,-0.2152,-0.9072,-0.1814,0.51,0.07,-0.44,1045.754,-23.329,-0.419
25790,83052.70,18.20,-0.2143,-0.8838,-0.1880,0.23,-0.15,0.06,1045.520,-23.333,-0.416
25800,83055.79,18.21,-0.2155,-0.8979,-0.1622,0.49,-0.14,0.20,1045.287,-23.337,-0.412
25810,83061.74,18.21,-0.2330,-0.8747,-0.2054,0.00,-0.01,-0.15,1045.054,-23.341,-0.409
25820,83064.84,18.21,-0.2330,-0.9198,-0.1985,-0.13,0.08,-0.14,1044.820,-23.345,-0.405
25830,83065.65,18.21,-0.2541,-0.9338,-0.1551,0.28,-0.39,0.01,1044.587,-23.349,-0.402
25840,83068.74,18.21,-0.2596,-0.8986,-0.1783,-0.09,-0.06,-0.22,1044.353,-23.353,-0.398
25850,83072.61,18.21,-0.2267,-0.8953,-0.1894,-0.00,-0.03,-0.71,1044.120,-23.357,-0.395
25860,83074.77,18.21,-0.1877,-0.8733,-0.1918,-0.17,-0.07,-0.14,1043.886,-23.361,-0.391
25870,83074.45,18.22,-0.2178,-0.9017,-0.1725,0.42,-0.67,-0.23,1043.652,-23.365,-0.388
25880,83077.98,18.22,-0.2484,-0.8731,-0.1524,0.27,0.18,-0.83,1043.419,-23.369,-0.385
25890,83082.85,18.22,-0.2136,-0.8976,-0.1921,0.24,-0.52,-0.44,1043.185,-23.373,-0.381
25900,83084.58,18.22,-0.2061,-0.8802,-0.1753,0.22,-0.49,-0.08,1042.951,-23.377,-0.378
25910,83083.90,18.22,-0.1987,-0.8924,-0.1676,0.10,-0.31,-0.42,1042.717,-23.381,-0.375
25920,83088.31,18.22,-0.2344,-0.8989,-0.1988,0.63,-0.05,0.03,1042.484,-23.384,-0.372
25930,83091.91,18.23,-0.2119,-0.8528,-0.1694,-0.40,-0.42,-0.19,1042.250,-23.388,-0.368
25940,83096.01,18.23,-0.2371,-0.9545,-0.1753,0.56,-0.10,-0.71,1042.016,-23.392,-0.365
25950,83094.84,18.23,-0.2197,-0.8933,-0.1731,0.24,-0.30,0.43,1041.782,-23.395,-0.362
25960,83097.72,18.23,-0.2018,-0.9149,-0.1677,0.04,-0.21,-0.23,1041.548,-23.399,-0.359
25970,83100.84,18.23,-0.2203,-0.9017,-0.1589,0.10,-0.02,0.15,1041.314,-23.402,-0.356
25980,83097.51,18.23,-0.2178,-0.9018,-0.2026,-0.19,0.12,-0.25,1041.080,-23.406,-0.353
25990,83108.82,18.23,-0.2034,-0.8988,-0.2032,-0.21,-0.39,0.02,1040.846,-23.410,-0.350
26000,83106.07,18.24,-0.2106,-0.9158,-0.1918,-0.02,-0.42,-0.10,1040.612,-23.413,-0.347
26010,83109.61,18.24,-0.2296,-0.8768,-0.2075,0.17,0.30,-0.39,1040.378,-23.416,-0.344
26020,83113.79,18.24,-0.2249,-0.8858,-0.1519,0.09,-0.67,-0.05,1040.143,-23.420,-0.341
26030,83115.87,18.24,-0.1902,-0.8813,-0.1718,0.08,-0.48,-0.53,1039.909,-23.423,-0.338
26040,83112.50,18.24,-0.2306,-0.9095,-0.2125,-0.40,-0.53,-0.36,1039.675,-23.427,-0.335
26050,83118.35,18.24,-0.2310,-0.8938,-0.1987,-0.04,-0.15,-0.24,1039.441,-23.430,-0.332
26060,83123.76,18.25,-0.2492,-0.9089,-0.1665,-0.07,0.22,0.06,1039.206,-23.433,-0.329
26070,83124.31,18.25,-0.2090,-0.8826,-0.1936,-0.78,-0.13,-0.21,1038.972,-23.437,-0.326
26080,83125.07,18.25,-0.1930,-0.8689,-0.1791,-0.18,0.07,0.00,1038.738,-23.440,-0.323
26090,83129.09,18.25,-0.2280,-0.8693,-0.1667,0.25,0.16,-0.18,1038.503,-23.443,-0.320
26100,83133.91,18.25,-0.2016,-0.9142,-0.1741,0.16,-0.47,-0.51,1038.269,-23.446,-0.318
26110,83136.25,18.25,-0.2104,-0.8526,-0.1996,0.32,-0.96,0.10,1038.034,-23.449,-0.315
26120,83138.45,18.25,-0.1859,-0.9156,-0.2241,-0.37,0.25,0.27,1037.800,-23.453,-0.312
26130,83135.52,18.26,-0.2401,-0.9186,-0.1858,-0.24,-0.51,-0.79,1037.565,-23.456,-0.309
26140,83139.34,18.26,-0.1940,-0.9119,-0.1639,-0.31,0.13,0.06,1037.331,-23.459,-0.307
26150,83141.48,18.26,-0.2156,-0.9016,-0.1807,-0.19,0.14,-0.09,1037.096,-23.462,-0.304
26160,83147.16,18.26,-0.2181,-0.9209,-0.1810,0.51,0.26,-0.34,1036.861,-23.465,-0.301
26170,83143.08,18.26,-0.2048,-0.8784,-0.1753,0.26,-0.17,-0.17,1036.627,-23.468,-0.299
26180,83154.35,18.26,-0.2367,-0.9027,-0.1508,0.57,-0.47,-0.42,1036.392,-23.471,-0.296
26190,83148.36,18.26,-0.2475,-0.9076,-0.1803,0.03,-0.81,-0.26,1036.157,-23.474,-0.293
26200,83161.40,18.27,-0.2010,-0.9491,-0.1544,-0.43,-0.38,-0.28,1035.923,-23.477,-0.291
26210,83157.26,18.27,-0.2418,-0.9155,-0.1910,0.19,-0.07,0.19,1035.688,-23.480,-0.288
26220,83161.53,18.27,-0.2068,-0.9110,-0.1873,-0.14,-0.10,-0.09,1035.453,-23.482,-0.286
26230,83163.31,18.27,-0.2502,-0.8644,-0.2088,0.19,-0.87,-0.38,1035.218,-23.485,-0.283
26240,83162.83,18.27,-0.2274,-0.8950,-0.2046,0.25,-0.13,-0.38,1034.983,-23.488,-0.281
26250,83166.71,18.27,-0.1993,-0.9336,-0.1688,0.38,-0.43,0.24,1034.748,-23.491,-0.278
26260,83170.19,18.28,-0.2014,-0.9124,-0.1636,-0.03,-0.10,0.11,1034.513,-23.494,-0.276
26270,83176.58,18.28,-0.2056,-0.9142,-0.1713,-0.35,0.03,-0.36,1034.278,-23.496,-0.273
26280,83172.65,18.28,-0.2561,-0.8748,-0.2106,0.37,-0.40,-0.10,1034.043,-23.499,-0.271
26290,83177.86,18.28,-0.2179,-0.8937,-0.1970,-0.17,-0.29,-0.73,1033.808,-23.502,-0.268
26300,83179.59,18.28,-0.2012,-0.9065,-0.1633,-0.55,-0.41,-0.15,1033.573,-23.504,-0.266
26310,83179.04,18.28,-0.1986,-0.9194,-0.1730,-0.23,-0.38,-0.30,1033.338,-23.507,-0.264
26320,83185.36,18.28,-0.2397,-0.9059,-0.2036,-0.21,-0.16,-0.28,1033.103,-23.510,-0.261
26330,83182.69,18.29,-0.2292,-0.9258,-0.1513,-0.41,-0.73,-0.49,1032.868,-23.512,-0.259
26340,83189.98,18.29,-0.1953,-0.9142,-0.1956,0.21,-0.05,-0.28,1032.633,-23.515,-0.257
26350,83193.49,18.29,-0.2160,-0.8553,-0.1870,0.29,-0.45,-0.14,1032.398,-23.517,-0.254
26360,83192.83,18.29,-0.2034,-0.9304,-0.1772,-0.30,-0.65,-0.18,1032.163,-23.520,-0.252
26370,83196.01,18.29,-0.2405,-0.9002,-0.1768,0.06,-0.31,0.05,1031.927,-23.523,-0.250
26380,83204.94,18.29,-0.2314,-0.8847,-0.1784,0.47,-0.23,-0.38,1031.692,-23.525,-0.247
26390,83199.55,18.30,-0.1885,-0.9197,-0.1635,-0.24,-0.33,-0.46,1031.457,-23.527,-0.245
26400,83207.38,18.30,-0.1925,-0.9078,-0.2116,-0.14,-0.21,-0.22,1031.222,-23.530,-0.243
26410,83208.31,18.30,-0.2288,-0.9235,-0.1726,-0.14,-0.15,-0.13,1030.986,-23.532,-0.241
26420,83207.36,18.30,-0.2201,-0.8854,-0.2079,0.32,-0.71,-0.29,1030.751,-23.535,-0.239
26430,83211.43,18.30,-0.2260,-0.9190,-0.1522,0.06,-0.59,-0.08,1030.516,-23.537,-0.237
26440,83214.75,18.30,-0.2260,-0.8733,-0.1898,-0.12,-0.69,-0.32,1030.280,-23.539,-0.234
26450,83217.31,18.30,-0.2217,-0.9081,-0.1970,-0.24,-0.07,-0.43,1030.045,-23.542,-0.232
26460,83221.91,18.31,-0.2121,-0.9311,-0.2288,-0.06,-0.19,-0.65,1029.809,-23.544,-0.230
26470,83222.96,18.31,-0.2011,-0.8755,-0.1887,0.35,-0.68,0.20,1029.574,-23.546,-0.228
26480,83221.67,18.31,-0.2408,-0.9026,-0.1997,0.12,-0.57,0.18,1029.339,-23.549,-0.226
26490,83226.68,18.31,-0.2157,-0.8741,-0.1912,0.54,-0.46,0.25,1029.103,-23.551,-0.224
26500,83221.85,18.31,-0.2235,-0.9206,-0.1862,-0.16,-0.49,-0.29,1028.868,-23.553,-0.222
26510,83231.62,18.31,-0.1946,-0.9033,-0.1484,-0.42,-0.40,-0.06,1028.632,-23.555,-0.220
26520,83229.27,18.32,-0.2025,-0.8956,-0.1793,-0.37,0.27,-0.47,1028.396,-23.558,-0.218
26530,83235.22,18.32,-0.2472,-0.9055,-0.1600,-0.46,-0.12,-0.02,1028.161,-23.560,-0.216
26540,83233.56,18.32,-0.2257,-0.9497,-0.2014,-0.18,-0.69,-0.53,1027.925,-23.562,-0.214
26550,83238.97,18.32,-0.2062,-0.9228,-0.1760,-0.10,-0.65,0.18,1027.690,-23.564,-0.212
26560,83241.72,18.32,-0.2194,-0.8991,-0.1686,0.19,0.02,-0.12,1027.454,-23.566,-0.210
26570,83245.53,18.32,-0.2074,-0.8928,-0.1664,-0.34,-0.96,-0.61,1027.218,-23.568,-0.208
26580,83248.26,18.32,-0.2117,-0.9239,-0.1914,-0.01,-0.02,-0.05,1026.983,-23.570,-0.206
26590,83244.29,18.33,-0.2242,-0.9110,-0.1855,0.40,-0.28,0.08,1026.747,-23.572,-0.204
26600,83250.97,18.33,-0.2522,-0.9015,-0.1992,-0.04,-0.24,-0.59,1026.511,-23.574,-0.202
26610,83254.01,18.33,-0.2157,-0.9262,-0.1838,0.21,-0.22,-0.41,1026.275,-23.576,-0.201
26620,83258.26,18.33,-0.2666,-0.8984,-0.1770,0.14,-0.70,0.24,1026.040,-23.578,-0.199
26630,83258.59,18.33,-0.2366,-0.8994,-0.1724,-0.11,-0.38,0.18,1025.804,-23.580,-0.197
26640,83259.25,18.33,-0.2159,-0.9331,-0.1970,0.48,-0.13,0.25,1025.568,-23.582,-0.195
26650,83261.88,18.34,-0.2073,-0.9000,-0.1464,0.43,-0.28,-0.04,1025.332,-23.584,-0.193
26660,83264.11,18.34,-0.2297,-0.9136,-0.2390,0.03,-0.46,-0.11,1025.096,-23.586,-0.191
26670,83272.21,18.34,-0.1935,-0.9142,-0.1959,0.10,-0.67,-0.41,1024.860,-23.588,-0.190
26680,83271.95,18.34,-0.2209,-0.8964,-0.1789,0.03,-0.50,-0.10,1024.625,-23.590,-0.188
26690,83276.00,18.34,-0.2068,-0.9131,-0.1721,0.09,-0.14,-0.14,1024.389,-23.592,-0.186
26700,83274.05,18.34,-0.2189,-0.9060,-0.1882,0.33,-0.46,-0.11,1024.153,-23.594,-0.184
26710,83274.98,18.34,-0.2218,-0.9257,-0.2160,-0.04,-0.61,-0.76,1023.917,-23.596,-0.183
26720,83277.66,18.35,-0.2185,-0.9021,-0.1708,0.19,-0.45,-0.33,1023.681,-23.597,-0.181
26730,83288.20,18.35,-0.2299,-0.9210,-0.2062,-0.42,-0.02,-0.19,1023.445,-23.599,-0.179
26740,83286.17,18.35,-0.2621,-0.9003,-0.1539,-0.50,-0.50,-0.06,1023.209,-23.601,-0.178
26750,83291.95,18.35,-0.1998,-0.9176,-0.1973,-0.15,0.23,-0.13,1022.973,-23.603,-0.176
26760,83293.01,18.35,-0.2316,-0.9116,-0.1714,0.54,-0.03,0.28,1022.737,-23.604,-0.174
26770,83292.95,18.35,-0.2300,-0.9448,-0.1756,-0.02,0.13,0.41,1022.501,-23.606,-0.173
26780,83295.80,18.36,-0.2416,-0.9315,-0.2042,0.01,-1.16,-0.07,1022.265,-23.608,-0.171
26790,83299.06,18.36,-0.2157,-0.9208,-0.1981,-0.33,-0.39,-0.12,1022.029,-23.610,-0.169
26800,83299.16,18.36,-0.2115,-0.8955,-0.1971,0.11,-0.09,0.01,1021.792,-23.611,-0.168
26810,83298.89,18.36,-0.2410,-0.9194,-0.2051,-0.10,-0.25,-0.21,1021.556,-23.613,-0.166
26820,83299.55,18.36,-0.2518,-0.9246,-0.1823,0.07,-0.34,-0.63,1021.320,-23.615,-0.165
26830,83307.92,18.36,-0.1934,-0.9347,-0.1678,-0.17,-0.29,-0.61,1021.084,-23.616,-0.163
26840,83306.21,18.36,-0.2200,-0.8925,-0.2075,0.44,-0.84,-0.30,1020.848,-23.618,-0.161
26850,83308.66,18.37,-0.2477,-0.9238,-0.1832,0.35,-0.34,0.01,1020.612,-23.619,-0.160
26860,83313.77,18.37,-0.2223,-0.9219,-0.1890,-0.08,-0.21,0.49,1020.375,-23.621,-0.158
26870,83314.03,18.37,-0.2195,-0.9290,-0.1557,0.16,-0.60,0.27,1020.139,-23.623,-0.157
26880,83321.37,18.37,-0.2017,-0.9328,-0.2033,-0.54,-0.42,-0.30,1019.903,-23.624,-0.155
26890,83321.82,18.37,-0.2292,-0.9260,-0.1862,-0.44,-0.43,-0.61,1019.667,-23.626,-0.154
26900,83322.56,18.37,-0.2382,-0.9269,-0.1932,-0.30,0.30,-0.36,1019.430,-23.627,-0.152
26910,83322.22,18.38,-0.2449,-0.8977,-0.2264,0.24,0.18,-0.09,1019.194,-23.629,-0.151
26920,83326.51,18.38,-0.1944,-0.9291,-0.1710,0.18,-0.44,0.14,1018.958,-23.630,-0.149
26930,83330.04,18.38,-0.2676,-0.9113,-0.1768,0.31,-0.32,-0.08,1018.722,-23.632,-0.148
26940,83331.84,18.38,-0.2264,-0.9375,-0.2102,0.08,-0.27,-0.62,1018.485,-23.633,-0.147
26950,83336.00,18.38,-0.2210,-0.9381,-0.2008,0.97,-0.57,-0.08,1018.249,-23.635,-0.145
26960,83343.47,18.38,-0.2525,-0.9170,-0.1995,0.33,0.24,0.19,1018.013,-23.636,-0.144
26970,83341.01,18.38,-0.2157,-0.9312,-0.1904,0.40,-0.16,-0.31,1017.776,-23.638,-0.142
26980,83343.67,18.39,-0.2084,-0.8977,-0.1900,-0.09,-0.47,-0.47,1017.540,-23.639,-0.141
26990,83347.17,18.39,-0.2254,-0.9099,-0.1824,0.33,-0.41,-0.65,1017.303,-23.640,-0.140
27000,83346.96,18.39,-0.2212,-0.9323,-0.1686,0.04,-0.16,0.12,1017.067,-23.642,-0.138
27010,83350.44,18.39,-0.2193,-0.9416,-0.1764,0.13,0.19,-0.34,1016.831,-23.643,-0.137
27020,83353.33,18.39,-0.2553,-0.9123,-0.2175,-0.39,-0.02,-0.40,1016.594,-23.645,-0.136
27030,83357.55,18.39,-0.2142,-0.9052,-0.1580,-0.36,-0.45,0.05,1016.358,-23.646,-0.134
27040,83358.85,18.40,-0.2371,-0.9485,-0.1575,0.24,-0.28,0.27,1016.121,-23.647,-0.133
27050,83360.42,18.40,-0.2258,-0.9308,-0.1993,0.56,-0.32,0.23,1015.885,-23.649,-0.132
27060,83363.17,18.40,-0.2161,-0.9071,-0.1933,-0.28,-0.96,-0.16,1015.648,-23.650,-0.130
27070,83370.66,18.40,-0.2270,-0.9076,-0.1858,-0.42,0.24,-0.22,1015.412,-23.651,-0.129
27080,83367.64,18.40,-0.2405,-0.9445,-0.1620,-0.05,-0.28,0.23,1015.175,-23.652,-0.128
27090,83371.16,18.40,-0.1884,-0.9442,-0.1884,0.17,-0.41,-0.26,1014.939,-23.654,-0.126
27100,83369.06,18.40,-0.2257,-0.9211,-0.1976,-0.11,-0.33,-0.29,1014.702,-23.655,-0.125
27110,83373.06,18.41,-0.2266,-0.9227,-0.1755,-0.08,-0.46,-0.29,1014.466,-23.656,-0.124
27120,83374.44,18.41,-0.2123,-0.9388,-0.1523,0.26,-0.13,-0.38,1014.229,-23.657,-0.123
27130,83378.77,18.41,-0.2110,-0.9463,-0.2069,0.34,-0.15,0.03,1013.992,-23.659,-0.121
27140,83384.09,18.41,-0.2400,-0.9222,-0.1661,0.10,0.04,-0.88,1013.756,-23.660,-0.120
27150,83386.79,18.41,-0.2312,-0.9116,-0.1326,-0.03,-0.21,-0.09,1013.519,-23.661,-0.119
27160,83386.39,18.41,-0.2556,-0.9033,-0.1635,0.62,-0.07,-0.55,1013.283,-23.662,-0.118
27170,83391.46,18.42,-0.2406,-0.9124,-0.2075,0.12,-0.07,0.19,1013.046,-23.663,-0.117
27180,83391.45,18.42,-0.2133,-0.9004,-0.1821,0.36,-0.08,-0.34,1012.809,-23.665,-0.115
27190,83394.91,18.42,-0.2381,-0.9294,-0.1613,-0.30,-0.54,-0.18,1012.573,-23.666,-0.114
27200,83395.11,18.42,-0.2079,-0.9515,-0.1459,0.32,-0.32,-0.28,1012.336,-23.667,-0.113
27210,83397.34,18.42,-0.2422,-0.9139,-0.1715,-0.18,-0.30,-0.22,1012.099,-23.668,-0.112
27220,83404.50,18.42,-0.2368,-0.9184,-0.1830,0.08,-0.84,0.33,1011.863,-23.669,-0.111
27230,83400.95,18.42,-0.2388,-0.9026,-0.2025,-0.01,-0.18,-1.17,1011.626,-23.670,-0.110
27240,83409.28,18.43,-0.2280,-0.9025,-0.1769,0.19,-0.35,-0.29,1011.389,-23.671,-0.109
27250,83405.16,18.43,-0.2161,-0.9075,-0.1797,0.14,-0.27,-0.47,1011.153,-23.672,-0.107
27260,83411.46,18.43,-0.2181,-0.8957,-0.2020,0.41,-0.66,-0.04,1010.916,-23.673,-0.106
27270,83415.95,18.43,-0.2304,-0.9467,-0.1996,0.41,0.28,-0.01,1010.679,-23.675,-0.105
27280,83414.68,18.43,-0.2492,-0.9253,-0.1604,0.13,-0.13,0.16,1010.442,-23.676,-0.104
27290,83422.23,18.43,-0.2302,-0.9134,-0.1649,0.16,-0.34,-0.18,1010.206,-23.677,-0.103
27300,83417.82,18.44,-0.2218,-0.8743,-0.2074,0.63,-0.27,-0.13,1009.969,-23.678,-0.102
27310,83424.92,18.44,-0.2151,-0.9466,-0.1553,-0.05,-0.14,0.20,1009.732,-23.679,-0.101
27320,83425.86,18.44,-0.2248,-0.9095,-0.2273,0.68,-0.12,-0.28,1009.495,-23.680,-0.100
27330,83431.30,18.44,-0.2295,-0.9008,-0.2043,0.61,-0.27,-0.62,1009.258,-23.681,-0.099
27340,83432.18,18.44,-0.2210,-0.9079,-0.2254,0.21,-0.52,-0.04,1009.022,-23.682,-0.098
27350,83430.89,18.44,-0.2207,-0.9328,-0.2110,-0.38,-0.67,-0.39,1008.785,-23.683,-0.097
27360,83435.08,18.44,-0.1889,-0.9280,-0.1715,-0.34,-0.03,-0.33,1008.548,-23.684,-0.096
27370,83438.60,18.45,-0.2669,-0.9037,-0.1936,0.71,-0.05,-1.01,1008.311,-23.685,-0.095
27380,83441.69,18.45,-0.2058,-0.9281,-0.1880,-0.00,-0.20,-0.97,1008.074,-23.685,-0.094
27390,83441.63,18.45,-0.2191,-0.9329,-0.1792,0.46,-0.12,-0.63,1007.837,-23.686,-0.093
27400,83445.66,18.45,-0.1945,-0.9086,-0.1889,-0.09,0.15,-0.75,1007.601,-23.687,-0.092
27410,83445.77,18.45,-0.2148,-0.9485,-0.1760,-0.18,-0.35,0.20,1007.364,-23.688,-0.091
27420,83446.47,18.45,-0.2176,-0.8976,-0.1636,-0.28,-0.02,0.09,1007.127,-23.689,-0.090
27430,83452.66,18.46,-0.2130,-0.9380,-0.2035,0.55,-0.42,-0.13,1006.890,-23.690,-0.089
27440,83456.26,18.46,-0.2119,-0.8965,-0.1803,0.38,0.55,-0.62,1006.653,-23.691,-0.088
27450,83458.13,18.46,-0.2111,-0.9255,-0.2176,0.57,-0.75,0.06,1006.416,-23.692,-0.087
27460,83465.88,18.46,-0.2045,-0.9173,-0.1675,0.13,0.49,-0.17,1006.179,-23.693,-0.086
27470,83459.71,18.46,-0.2602,-0.8959,-0.2047,-0.08,-0.23,-0.12,1005.942,-23.694,-0.085
27480,83466.65,18.46,-0.2299,-0.9373,-0.1819,-0.18,-0.66,-0.96,1005.705,-23.694,-0.084
27490,83466.42,18.46,-0.2099,-0.9515,-0.1847,0.75,-0.50,-0.75,1005.468,-23.695,-0.083
27500,83466.30,18.47,-0.2632,-0.9197,-0.1825,-0.27,-0.18,0.32,1005.231,-23.696,-0.082
27510,83475.85,18.47,-0.2605,-0.9010,-0.1680,-0.40,0.00,-0.17,1004.994,-23.697,-0.081
27520,83474.48,18.47,-0.2154,-0.9106,-0.1975,0.32,-0.14,-0.51,1004.757,-23.698,-0.081
27530,83478.71,18.47,-0.2203,-0.9362,-0.1719,-0.05,-0.39,-0.18,1004.520,-23.698,-0.080
27540,83479.62,18.47,-0.2012,-0.9310,-0.1919,0.26,-0.12,-0.08,1004.283,-23.699,-0.079
27550,83486.93,18.47,-0.2587,-0.9315,-0.1803,-0.14,-0.05,0.11,1004.046,-23.700,-0.078
27560,83480.80,18.48,-0.2398,-0.8944,-0.1743,-0.00,-0.21,-0.54,1003.809,-23.701,-0.077
27570,83486.38,18.48,-0.1891,-0.9155,-0.1860,-0.30,-0.37,-0.42,1003.572,-23.702,-0.076
27580,83490.96,18.48,-0.2126,-0.9447,-0.2148,-0.19,0.08,-0.21,1003.335,-23.702,-0.075
27590,83494.53,18.48,-0.2150,-0.9400,-0.1727,0.64,0.16,-0.23,1003.098,-23.703,-0.075
27600,83489.60,18.48,-0.2319,-0.9105,-0.1515,0.64,-0.10,-0.26,1002.861,-23.704,-0.074
27610,83498.91,18.48,-0.2404,-0.9051,-0.1952,0.58,-0.38,-0.23,1002.624,-23.705,-0.073
27620,83501.54,18.48,-0.1948,-0.9253,-0.1701,-0.01,-0.33,-0.13,1002.387,-23.705,-0.072
27630,83501.16,18.49,-0.2024,-0.9259,-0.1903,0.28,-0.29,-0.62,1002.150,-23.706,-0.071
27640,83504.36,18.49,-0.2344,-0.9165,-0.1977,-0.55,-0.17,-0.14,1001.913,-23.707,-0.070
27650,83504.81,18.49,-0.2155,-0.8953,-0.1684,-0.12,-0.32,-0.32,1001.676,-23.707,-0.070
27660,83511.89,18.49,-0.1977,-0.9357,-0.1943,0.27,-0.17,-0.53,1001.439,-23.708,-0.069
27670,83509.86,18.49,-0.2089,-0.9155,-0.1642,0.62,-0.67,-0.37,1001.202,-23.709,-0.068
27680,83512.31,18.49,-0.2233,-0.9170,-0.1743,0.28,-0.29,-0.16,1000.965,-23.709,-0.067
27690,83517.14,18.50,-0.2634,-0.9760,-0.1864,0.61,-0.49,-0.43,1000.728,-23.710,-0.066
27700,83518.40,18.50,-0.2153,-0.9474,-0.1936,0.25,-0.32,-0.08,1000.491,-23.711,-0.066
27710,83526.94,18.50,-0.2510,-0.9249,-0.1927,0.26,-0.45,-0.66,1000.253,-23.711,-0.065
27720,83522.56,18.50,-0.2361,-0.8986,-0.2129,0.19,-0.36,-0.65,1000.016,-23.712,-0.064
27730,83522.72,18.50,-0.2232,-0.9140,-0.1587,0.39,-0.08,-0.68,999.779,-23.713,-0.063
27740,83529.29,18.50,-0.2479,-0.9352,-0.1791,0.15,-0.04,-0.13,999.542,-23.713,-0.063
27750,83530.16,18.50,-0.2176,-0.9379,-0.1581,0.30,-0.04,-0.60,999.305,-23.714,-0.062
27760,83533.95,18.51,-0.2221,-0.9071,-0.2027,0.14,-0.48,-0.18,999.068,-23.715,-0.061
27770,83531.09,18.51,-0.2593,-0.9019,-0.1803,0.50,-0.32,0.06,998.831,-23.715,-0.060
27780,83536.56,18.51,-0.1652,-0.9274,-0.2033,0.55,-0.30,-0.06,998.594,-23.716,-0.060
27790,83543.21,18.51,-0.2038,-0.9034,-0.1806,0.16,-0.80,-0.48,998.356,-23.716,-0.059
27800,83540.44,18.51,-0.2430,-0.9312,-0.1854,-0.32,-0.37,-0.40,998.119,-23.717,-0.058
27810,83544.51,18.51,-0.2304,-0.9931,-0.1781,-0.35,-0.18,-0.55,997.882,-23.718,-0.058
27820,83550.58,18.52,-0.2348,-0.9713,-0.1563,0.24,0.48,-0.35,997.645,-23.718,-0.057
27830,83547.34,18.52,-0.1993,-0.9088,-0.1679,0.06,-0.65,-0.19,997.408,-23.719,-0.056
27840,83551.69,18.52,-0.2004,-0.9328,-0.2016,0.28,-0.70,-0.24,997.170,-23.719,-0.055
27850,83550.21,18.52,-0.2233,-0.9228,-0.1665,-0.14,-0.06,-0.21,996.933,-23.720,-0.055
27860,83557.17,18.52,-0.2089,-0.9274,-0.1875,0.27,-0.60,-0.04,996.696,-23.720,-0.054
27870,83561.09,18.52,-0.2119,-0.9387,-0.2164,0.02,-0.39,0.38,996.459,-23.721,-0.053
27880,83565.13,18.52,-0.2040,-0.9125,-0.2116,0.35,-0.29,-0.56,996.222,-23.721,-0.053
27890,83564.86,18.53,-0.2077,-0.9130,-0.1843,-0.29,-0.08,-0.21,995.984,-23.722,-0.052
27900,83567.16,18.53,-0.1966,-0.9204,-0.1655,0.19,-0.48,-0.63,995.747,-23.722,-0.051
27910,83570.83,18.53,-0.2261,-0.9364,-0.1943,-0.17,-0.03,0.03,995.510,-23.723,-0.051
27920,83568.63,18.53,-0.2277,-0.9447,-0.2108,0.02,-0.09,-0.17,995.273,-23.724,-0.050
27930,83578.07,18.53,-0.2089,-0.9124,-0.2147,0.47,0.03,-0.28,995.036,-23.724,-0.050
27940,83574.46,18.53,-0.2363,-0.9368,-0.1751,0.26,0.18,-0.23,994.798,-23.725,-0.049
27950,83579.51,18.54,-0.2356,-0.9355,-0.1539,0.12,0.21,0.06,994.561,-23.725,-0.048
27960,83584.75,18.54,-0.2134,-0.9065,-0.2063,-0.15,-0.20,-0.08,994.324,-23.725,-0.048
27970,83587.48,18.54,-0.1955,-0.9601,-0.2138,0.28,-0.14,-0.27,994.087,-23.726,-0.047
27980,83591.81,18.54,-0.2202,-0.9487,-0.1694,0.34,0.09,-0.49,993.849,-23.726,-0.046
27990,83593.57,18.54,-0.1967,-0.9245,-0.2006,0.16,0.09,-0.07,993.612,-23.727,-0.046
28000,83591.19,18.54,-0.2387,-0.9360,-0.1715,0.32,-0.33,0.03,993.375,-23.727,-0.045
28010,83589.29,18.54,-0.2253,-0.9727,-0.1781,0.03,-0.28,-0.15,993.137,-23.728,-0.045
28020,83590.36,18.55,-0.2659,-0.9174,-0.1795,-0.09,0.21,-0.52,992.900,-23.728,-0.044
28030,83601.59,18.55,-0.2277,-0.9195,-0.2152,0.13,-0.05,0.16,992.663,-23.729,-0.043
28040,83605.35,18.55,-0.1952,-0.9583,-0.1867,-0.19,-0.49,-0.26,992.426,-23.729,-0.043
28050,83602.71,18.55,-0.2435,-0.9358,-0.1772,0.09,-0.44,-0.61,992.188,-23.730,-0.042
28060,83604.41,18.55,-0.2691,-0.9205,-0.1840,0.01,-0.11,0.02,991.951,-23.730,-0.042
28070,83605.38,18.55,-0.1968,-0.8994,-0.1773,0.12,0.03,-0.73,991.714,-23.730,-0.041
28080,83612.93,18.56,-0.2106,-0.9078,-0.2135,0.21,0.04,0.10,991.476,-23.731,-0.040
28090,83613.33,18.56,-0.2335,-0.9258,-0.1982,-0.25,0.08,0.13,991.239,-23.731,-0.040
28100,83613.30,18.56,-0.2565,-0.9214,-0.2225,0.32,-0.37,-0.10,991.002,-23.732,-0.039
28110,83620.37,18.56,-0.2026,-0.9009,-0.1967,0.08,-0.45,-1.00,990.764,-23.732,-0.039
28120,83620.32,18.56,-0.2402,-0.8922,-0.1743,0.09,-0.13,-0.12,990.527,-23.732,-0.038
28130,83623.95,18.56,-0.2420,-0.9735,-0.2074,-0.13,-0.50,0.08,990.290,-23.733,-0.038
28140,83622.96,18.56,-0.2092,-0.9383,-0.1603,0.01,-0.02,0.26,990.052,-23.733,-0.037
28150,83626.29,18.57,-0.2558,-0.9429,-0.2193,-0.08,-0.06,-0.42,989.815,-23.733,-0.037
28160,83630.59,18.57,-0.2582,-0.9568,-0.1964,-0.11,-0.12,-0.10,989.578,-23.734,-0.036
28170,83630.20,18.57,-0.2101,-0.9203,-0.1274,0.03,-0.07,-0.33,989.340,-23.734,-0.036
28180,83638.26,18.57,-0.2564,-0.9245,-0.1806,0.15,-0.05,-0.34,989.103,-23.735,-0.035
28190,83634.66,18.57,-0.2276,-0.9277,-0.1910,0.23,0.01,0.74,988.866,-23.735,-0.035
28200,83641.56,18.57,-0.2218,-0.9075,-0.1885,0.02,-0.07,0.32,988.628,-23.735,-0.034
28210,83638.88,18.58,-0.2105,-0.9124,-0.1717,0.02,-0.50,0.48,988.391,-23.736,-0.034
28220,83645.08,18.58,-0.2372,-0.9475,-0.1568,-0.15,-0.60,-0.47,988.154,-23.736,-0.033
28230,83647.36,18.58,-0.2081,-0.9272,-0.2000,0.18,0.07,0.02,987.916,-23.736,-0.033
28240,83648.85,18.58,-0.2543,-0.9370,-0.1465,0.26,-0.34,-0.33,987.679,-23.737,-0.032
28250,83653.22,18.58,-0.2027,-0.9103,-0.2114,-0.54,-0.53,-0.14,987.442,-23.737,-0.032
28260,83656.47,18.58,-0.2351,-0.9127,-0.1947,0.60,-0.36,0.14,987.204,-23.737,-0.031
28270,83655.76,18.58,-0.2320,-0.9288,-0.1627,0.05,-0.51,0.06,986.967,-23.737,-0.031
28280,83661.88,18.59,-0.2509,-0.9295,-0.1708,0.29,-0.21,0.10,986.729,-23.738,-0.030
28290,83661.30,18.59,-0.1966,-0.9237,-0.1696,0.29,-0.42,-1.18,986.492,-23.738,-0.030
28300,83664.68,18.59,-0.1897,-0.9130,-0.1622,-0.23,-0.26,-0.08,986.255,-23.738,-0.029
28310,83668.28,18.59,-0.2276,-0.9102,-0.1973,0.01,-0.58,-0.50,986.017,-23.739,-0.029
28320,83671.55,18.59,-0.2126,-0.9491,-0.2218,0.61,0.64,0.04,985.780,-23.739,-0.028
28330,83674.18,18.59,-0.2355,-0.9372,-0.2207,0.34,-0.29,-0.17,985.543,-23.739,-0.028
28340,83672.61,18.60,-0.2240,-0.9367,-0.2109,-0.25,-0.56,-0.67,985.305,-23.740,-0.027
28350,83676.96,18.60,-0.2695,-0.9102,-0.1717,0.30,-0.47,-0.44,985.068,-23.740,-0.027
28360,83677.48,18.60,-0.1842,-0.9164,-0.2226,0.33,-0.17,-0.19,984.830,-23.740,-0.026
28370,83681.00,18.60,-0.2302,-0.9605,-0.2038,-0.33,-0.82,-0.33,984.593,-23.740,-0.026
28380,83681.94,18.60,-0.2383,-0.9509,-0.1707,0.14,-0.58,0.26,984.356,-23.741,-0.025
28390,83686.05,18.60,-0.2209,-0.9301,-0.2019,-0.64,0.31,0.13,984.118,-23.741,-0.025
28400,83687.13,18.60,-0.2264,-0.9088,-0.1865,0.30,-0.27,-0.07,983.881,-23.741,-0.025
28410,83687.27,18.61,-0.1973,-0.9112,-0.2094,-0.08,-0.43,0.01,983.643,-23.741,-0.024
28420,83696.70,18.61,-0.2219,-0.9144,-0.2139,0.24,-0.25,-0.36,983.406,-23.742,-0.024
28430,83695.36,18.61,-0.2282,-0.8877,-0.2040,0.21,-0.09,-0.27,983.169,-23.742,-0.023
28440,83696.37,18.61,-0.2329,-0.9512,-0.1941,0.23,-0.44,0.66,982.931,-23.742,-0.023
28450,83703.07,18.61,-0.2631,-0.9320,-0.1788,0.20,0.42,0.08,982.694,-23.742,-0.022
28460,83701.54,18.61,-0.2136,-0.9144,-0.1901,-0.50,-0.28,-0.48,982.456,-23.742,-0.022
28470,83704.28,18.62,-0.2193,-0.9722,-0.2070,0.30,-0.34,-0.37,982.219,-23.743,-0.022
28480,83703.56,18.62,-0.2142,-0.9202,-0.1743,0.28,-0.18,-0.18,981.981,-23.743,-0.021
28490,83709.37,18.62,-0.2382,-0.9125,-0.2034,-0.19,-0.81,-0.23,981.744,-23.743,-0.021
28500,83713.47,18.62,-0.2492,-0.9563,-0.1590,-0.21,0.60,0.24,981.507,-23.743,-0.020
28510,83716.55,18.62,-0.2435,-0.9559,-0.1895,0.06,0.21,-0.44,981.269,-23.744,-0.020
28520,83719.01,18.62,-0.2382,-0.9240,-0.1805,0.16,-0.50,-0.31,981.032,-23.744,-0.020
28530,83717.64,18.62,-0.2205,-0.9253,-0.2233,0.05,-0.19,-0.46,980.794,-23.744,-0.019
28540,83721.26,18.63,-0.2185,-0.9176,-0.2027,-0.26,-0.30,-0.35,980.557,-23.744,-0.019
28550,83725.24,18.63,-0.2327,-0.9288,-0.1855,0.21,0.10,-0.23,980.319,-23.744,-0.018
28560,83729.85,18.63,-0.2339,-0.9606,-0.2085,0.14,-0.07,0.05,980.082,-23.744,-0.018
28570,83727.86,18.63,-0.2468,-0.9273,-0.1813,0.67,-0.50,-0.08,979.844,-23.745,-0.018
28580,83728.84,18.63,-0.2209,-0.9279,-0.1923,0.70,-0.27,-0.70,979.607,-23.745,-0.017
28590,83728.47,18.63,-0.2326,-0.9076,-0.1943,-0.41,-0.20,0.04,979.370,-23.745,-0.017
28600,83734.61,18.64,-0.2256,-0.9279,-0.1965,0.36,-0.36,-0.62,979.132,-23.745,-0.017
28610,83742.12,18.64,-0.1956,-0.9602,-0.1586,0.32,-0.25,-0.29,978.895,-23.745,-0.016
28620,83738.13,18.64,-0.2219,-0.9698,-0.2257,0.06,-0.28,-0.43,978.657,-23.745,-0.016
28630,83746.89,18.64,-0.2258,-0.9628,-0.2168,0.21,-0.17,-0.28,978.420,-23.746,-0.016
28640,83744.31,18.64,-0.2158,-0.9614,-0.2122,-0.04,-0.11,-0.41,978.182,-23.746,-0.015
28650,83752.96,18.64,-0.2219,-0.9588,-0.1876,0.38,-0.36,-0.10,977.945,-23.746,-0.015
28660,83756.80,18.64,-0.2017,-0.9585,-0.1870,-0.13,0.09,-0.20,977.707,-23.746,-0.014
28670,83754.05,18.65,-0.2173,-0.9138,-0.1929,0.03,-0.76,-0.10,977.470,-23.746,-0.014
28680,83756.35,18.65,-0.2292,-0.9457,-0.1835,0.06,-0.03,-0.46,977.232,-23.746,-0.014
28690,83758.81,18.65,-0.2291,-0.9317,-0.1978,0.10,-0.73,-0.19,976.995,-23.747,-0.013
28700,83764.51,18.65,-0.2212,-0.8873,-0.2140,-0.25,-0.23,-0.31,976.757,-23.747,-0.013
28710,83761.07,18.65,-0.2302,-0.9504,-0.2015,-0.07,0.05,-0.31,976.520,-23.747,-0.013
28720,83762.76,18.65,-0.2409,-0.9664,-0.2046,0.41,-0.34,-0.10,976.283,-23.747,-0.012
28730,83771.87,18.66,-0.2182,-0.9280,-0.1441,0.25,-0.28,-0.08,976.045,-23.747,-0.012
28740,83775.37,18.66,-0.2132,-0.9200,-0.1882,-0.06,-0.07,-0.03,975.808,-23.747,-0.012
28750,83775.58,18.66,-0.1924,-0.9164,-0.1962,-0.05,-0.70,0.17,975.570,-23.747,-0.011
28760,83777.18,18.66,-0.2456,-0.9275,-0.1988,-0.31,0.24,-0.63,975.333,-23.747,-0.011
28770,83781.07,18.66,-0.2553,-0.9417,-0.1761,0.11,-0.23,0.27,975.095,-23.747,-0.011
28780,83783.05,18.66,-0.2052,-0.9154,-0.2132,0.25,-0.64,-0.74,974.858,-23.748,-0.010
28790,83784.69,18.66,-0.2125,-0.9263,-0.1915,-0.10,-0.40,-0.66,974.620,-23.748,-0.010
28800,83779.64,18.67,-0.2335,-0.9091,-0.2027,0.37,-0.05,-0.23,974.383,-23.748,-0.010
28810,83787.72,18.67,-0.2247,-0.8981,-0.1781,0.01,0.09,0.40,974.145,-23.748,-0.009
28820,83794.27,18.67,-0.2390,-0.8921,-0.1744,0.39,0.01,0.93,973.908,-23.748,-0.009
28830,83796.24,18.67,-0.2371,-0.9173,-0.1594,0.26,-0.29,-0.32,973.670,-23.748,-0.009
28840,83799.52,18.67,-0.2462,-0.9216,-0.2173,0.29,0.26,0.31,973.433,-23.748,-0.009
28850,83800.04,18.67,-0.2029,-0.9274,-0.2022,0.39,-0.04,-0.30,973.195,-23.748,-0.008
28860,83801.79,18.68,-0.2056,-0.9457,-0.1562,0.06,-0.21,-0.40,972.958,-23.748,-0.008
28870,83807.23,18.68,-0.2014,-0.9144,-0.2159,0.48,-0.67,-0.05,972.720,-23.748,-0.008
28880,83808.66,18.68,-0.2170,-0.9100,-0.2041,0.16,-0.25,0.04,972.483,-23.748,-0.007
28890,83806.68,18.68,-0.2200,-0.9304,-0.1878,0.61,-0.31,0.14,972.245,-23.749,-0.007
28900,83811.10,18.68,-0.2366,-0.9544,-0.1659,-0.11,-0.26,-0.35,972.008,-23.749,-0.007
28910,83812.65,18.68,-0.2425,-0.9326,-0.2195,-0.17,-0.16,-0.49,971.770,-23.749,-0.007
28920,83819.44,18.69,-0.1738,-0.9139,-0.1970,0.03,-0.27,0.24,971.533,-23.749,-0.006
28930,83820.43,18.69,-0.2116,-0.9635,-0.1944,0.20,-0.19,-0.47,971.295,-23.749,-0.006
28940,83823.24,18.69,-0.2457,-0.8965,-0.1460,-0.03,-0.42,-0.14,971.058,-23.749,-0.006
28950,83821.03,18.69,-0.1945,-0.9408,-0.1427,0.05,-0.39,-0.11,970.821,-23.749,-0.005
28960,83823.67,18.69,-0.2121,-0.9310,-0.1952,0.23,-0.24,-0.24,970.583,-23.749,-0.005
28970,83833.16,18.69,-0.2102,-0.9578,-0.1766,0.06,-0.10,-0.23,970.346,-23.749,-0.005
28980,83834.80,18.69,-0.2130,-0.9310,-0.1670,-0.04,-0.67,-0.67,970.108,-23.749,-0.005
28990,83834.57,18.70,-0.2435,-0.9682,-0.1916,-0.31,-0.20,-0.61,969.871,-23.749,-0.004
29000,83837.26,18.70,-0.2091,-0.9303,-0.1460,-0.26,-0.46,-0.14,969.633,-23.749,-0.004
29010,83836.67,18.70,-0.2520,-0.9403,-0.1749,-0.14,-0.65,0.10,969.396,-23.749,-0.004
29020,83845.12,18.70,-0.2182,-0.9544,-0.1810,-0.06,0.08,-0.06,969.158,-23.749,-0.004
29030,83840.10,18.70,-0.2228,-0.9698,-0.2055,-0.27,-0.69,-0.08,968.921,-23.749,-0.003
29040,83845.11,18.70,-0.1766,-0.9472,-0.1805,0.68,-0.53,-0.50,968.683,-23.749,-0.003
29050,83849.35,18.71,-0.1960,-0.9308,-0.1946,0.26,-0.36,0.09,968.446,-23.749,-0.003
29060,83848.16,18.71,-0.2010,-0.9350,-0.2262,-0.40,-0.26,-0.13,968.208,-23.749,-0.002
29070,83849.41,18.71,-0.2286,-0.9265,-0.2059,-0.10,-0.11,-0.01,967.971,-23.749,-0.002
29080,83855.46,18.71,-0.2180,-0.9198,-0.1465,0.57,-0.02,-0.29,967.733,-23.749,-0.002
29090,83856.37,18.71,-0.2449,-0.9276,-0.1422,0.26,-0.30,0.32,967.496,-23.749,-0.002
29100,83863.39,18.71,-0.2285,-0.9717,-0.2057,-0.20,0.03,-0.04,967.258,-23.749,-0.001
29110,83866.35,18.71,-0.2360,-0.9244,-0.2082,-0.16,-0.10,-0.17,967.021,-23.749,-0.001
29120,83867.99,18.72,-0.2569,-0.9249,-0.2245,0.01,-0.39,-0.53,966.783,-23.749,-0.001
29130,83869.69,18.72,-0.2176,-0.8985,-0.1633,0.17,0.23,-0.24,966.546,-23.749,-0.001
29140,83866.89,18.72,-0.2098,-0.9455,-0.1542,-0.24,-0.39,-0.50,966.308,-23.749,-0.001
29150,83871.27,18.72,-0.2114,-0.9553,-0.1761,0.62,-0.08,-0.68,966.071,-23.749,-0.000
29160,83874.77,18.72,-0.2360,-0.9327,-0.1862,0.18,-0.28,-0.01,965.833,-23.749,-0.000
29170,83876.68,18.72,-0.2630,-0.9542,-0.2164,0.05,-0.13,-0.28,965.596,-23.749,0.000
29180,83878.21,18.73,-0.2286,-0.9392,-0.1685,-0.17,-0.18,-0.22,965.358,-23.749,0.000
29190,83887.11,18.73,-0.2075,-0.9486,-0.1944,-0.16,-0.07,-0.09,965.121,-23.749,0.001
29200,83887.67,18.73,-0.2141,-0.9988,-0.1643,0.13,0.18,0.21,964.883,-23.749,0.001
29210,83885.87,18.73,-0.2010,-0.9285,-0.1551,-0.09,-0.53,0.36,964.646,-23.749,0.001
29220,83887.20,18.73,-0.2166,-0.9174,-0.1847,0.29,-0.43,-0.14,964.408,-23.749,0.001
29230,83885.55,18.73,-0.2513,-0.9372,-0.1875,0.41,-0.99,-0.02,964.171,-23.749,0.002
29240,83895.20,18.73,-0.1977,-0.9527,-0.1832,-0.15,-0.49,-0.37,963.933,-23.749,0.002
29250,83896.63,18.74,-0.2435,-0.9703,-0.1961,-0.57,-0.00,0.25,963.696,-23.749,0.002
29260,83897.25,18.74,-0.1867,-0.9287,-0.1523,0.72,-0.14,-0.50,963.458,-23.749,0.002
29270,83898.28,18.74,-0.2091,-0.9412,-0.1986,0.03,-0.31,0.10,963.221,-23.749,0.002
29280,83905.12,18.74,-0.2170,-0.8982,-0.1903,0.19,-0.54,-0.01,962.983,-23.749,0.003
29290,83907.49,18.74,-0.2243,-0.9420,-0.2048,0.30,-0.06,-0.45,962.746,-23.749,0.003
29300,83911.03,18.74,-0.2260,-0.9603,-0.1944,0.13,-0.15,-0.77,962.508,-23.749,0.003
29310,83907.81,18.75,-0.2159,-0.9111,-0.2042,1.00,-0.12,-0.10,962.271,-23.749,0.003
29320,83913.71,18.75,-0.2403,-0.9032,-0.2047,-0.22,-0.28,-0.20,962.033,-23.749,0.003
29330,83921.90,18.75,-0.2072,-0.9217,-0.2115,0.68,-0.38,-0.05,961.796,-23.749,0.004
29340,83920.81,18.75,-0.2352,-0.9193,-0.1975,0.01,-0.26,-0.38,961.558,-23.749,0.004
29350,83922.28,18.75,-0.2327,-0.9326,-0.2120,0.17,-0.23,-0.18,961.321,-23.749,0.004
29360,83925.23,18.75,-0.2453,-0.9372,-0.2014,-0.08,-0.02,0.02,961.083,-23.749,0.004
29370,83925.28,18.75,-0.2058,-0.9310,-0.2015,0.05,-0.65,-0.03,960.846,-23.749,0.004
29380,83924.91,18.76,-0.2102,-0.9230,-0.2025,-0.09,-0.05,0.26,960.608,-23.749,0.005
29390,83934.93,18.76,-0.2326,-0.9486,-0.1988,0.33,-0.32,-0.29,960.371,-23.749,0.005
29400,83928.98,18.76,-0.2373,-0.9197,-0.1698,0.97,-0.21,-0.79,960.133,-23.749,0.005
29410,83935.76,18.76,-0.2340,-0.9350,-0.1911,-0.15,-0.28,-0.11,959.896,-23.749,0.005
29420,83940.84,18.76,-0.2155,-0.9295,-0.1916,-0.25,0.09,-0.90,959.658,-23.749,0.005
29430,83944.17,18.76,-0.2314,-0.9098,-0.1826,0.00,-0.03,-0.47,959.421,-23.749,0.006
29440,83941.31,18.77,-0.2012,-0.9244,-0.1873,0.11,-0.24,-0.60,959.183,-23.749,0.006
29450,83947.61,18.77,-0.2451,-0.9062,-0.1812,0.31,-0.12,-0.40,958.946,-23.749,0.006
29460,83946.54,18.77,-0.2382,-0.9411,-0.2531,0.14,-0.54,0.15,958.708,-23.749,0.006
29470,83952.49,18.77,-0.2546,-0.9385,-0.1913,0.38,-0.23,-0.07,958.471,-23.748,0.006
29480,83951.48,18.77,-0.2142,-0.9410,-0.1725,0.06,-0.61,-0.31,958.233,-23.748,0.006
29490,83956.33,18.77,-0.2054,-0.9159,-0.1575,0.07,-0.08,-0.21,957.996,-23.748,0.007
29500,83959.31,18.77,-0.2419,-0.9270,-0.1796,0.22,0.03,-0.93,957.758,-23.748,0.007
29510,83956.46,18.78,-0.2047,-0.9339,-0.1537,0.11,0.18,-0.17,957.521,-23.748,0.007
29520,83960.81,18.78,-0.2254,-0.9634,-0.1939,-0.30,-0.54,-0.94,957.284,-23.748,0.007
29530,83964.61,18.78,-0.2087,-0.9315,-0.1847,0.03,-0.15,-0.26,957.046,-23.748,0.007
29540,83968.07,18.78,-0.2141,-0.9541,-0.2218,-0.63,-0.02,-0.25,956.809,-23.748,0.008
29550,83974.56,18.78,-0.2257,-0.9354,-0.2060,0.16,-0.22,0.18,956.571,-23.748,0.008
29560,83972.85,18.78,-0.2390,-0.9524,-0.2024,0.28,-0.05,0.15,956.334,-23.748,0.008
29570,83978.78,18.79,-0.2171,-0.8913,-0.1932,0.11,-0.31,-0.09,956.096,-23.748,0.008
29580,83981.60,18.79,-0.2248,-0.9668,-0.1966,0.27,0.26,0.08,955.859,-23.748,0.008
29590,83980.16,18.79,-0.2550,-0.9207,-0.1950,0.50,-0.07,0.04,955.621,-23.748,0.008
29600,83984.72,18.79,-0.2093,-0.9269,-0.1839,0.11,-0.12,0.17,955.384,-23.748,0.009
29610,83983.22,18.79,-0.2334,-0.9380,-0.1631,0.54,-0.37,-0.28,955.146,-23.747,0.009
29620,83988.31,18.79,-0.2418,-0.9324,-0.1922,0.16,-0.02,0.36,954.909,-23.747,0.009
29630,83985.78,18.79,-0.2173,-0.9569,-0.1743,0.30,-0.53,-0.90,954.671,-23.747,0.009
29640,83993.06,18.80,-0.2628,-0.9397,-0.1860,0.38,0.10,0.44,954.434,-23.747,0.009
29650,83996.30,18.80,-0.1919,-0.9133,-0.1849,-0.01,-0.03,-0.27,954.196,-23.747,0.009
29660,83998.01,18.80,-0.1997,-0.9098,-0.1798,0.37,0.49,-0.85,953.959,-23.747,0.009
29670,84003.04,18.80,-0.2216,-0.9339,-0.1764,-0.12,-0.27,-0.61,953.721,-23.747,0.010
29680,84002.21,18.80,-0.2101,-0.9161,-0.1895,0.08,-0.28,-0.01,953.484,-23.747,0.010
29690,84011.18,18.80,-0.2352,-0.8960,-0.1959,0.65,-0.21,-0.21,953.246,-23.747,0.010
29700,84007.25,18.81,-0.1680,-0.9466,-0.1719,-0.16,-0.53,-0.62,953.009,-23.747,0.010
29710,84010.69,18.81,-0.2262,-0.9580,-0.1968,0.05,-0.74,-0.05,952.772,-23.746,0.010
29720,84014.97,18.81,-0.2322,-0.9027,-0.1896,0.49,-0.25,-0.65,952.534,-23.746,0.010
29730,84017.08,18.81,-0.2259,-0.9027,-0.1770,0.42,-0.58,-0.25,952.297,-23.746,0.011
29740,84015.21,18.81,-0.2025,-0.9563,-0.1861,0.48,-0.52,0.19,952.059,-23.746,0.011
29750,84023.04,18.81,-0.2521,-0.9228,-0.2221,0.35,-0.48,-0.08,951.822,-23.746,0.011
29760,84022.63,18.81,-0.2308,-0.9257,-0.1846,0.70,-0.19,-0.22,951.584,-23.746,0.011
29770,84021.96,18.82,-0.2260,-0.9233,-0.1989,0.59,-0.41,-0.15,951.347,-23.746,0.011
29780,84024.66,18.82,-0.2172,-0.9192,-0.1715,0.72,0.09,0.01,951.109,-23.746,0.011
29790,84024.29,18.82,-0.2146,-0.9434,-0.1815,-0.03,0.43,0.05,950.872,-23.746,0.011
29800,84029.68,18.82,-0.2324,-0.9270,-0.2091,0.31,-0.02,-0.18,950.634,-23.746,0.011
29810,84037.64,18.82,-0.2010,-0.9212,-0.1774,-0.16,0.34,-0.83,950.397,-23.745,0.012
29820,84031.29,18.82,-0.2223,-0.9335,-0.1596,0.25,-0.78,-0.36,950.159,-23.745,0.012
29830,84038.15,18.83,-0.2379,-0.9371,-0.1696,0.40,-0.12,0.47,949.922,-23.745,0.012
29840,84042.70,18.83,-0.2463,-0.9293,-0.1759,-0.06,0.18,-0.14,949.685,-23.745,0.012
29850,84046.09,18.83,-0.2465,-0.9003,-0.1505,0.07,0.08,0.39,949.447,-23.745,0.012
29860,84047.55,18.83,-0.2520,-0.9397,-0.1624,0.37,-0.07,-0.24,949.210,-23.745,0.012
29870,84048.73,18.83,-0.2256,-0.9221,-0.2236,0.19,-0.83,0.37,948.972,-23.745,0.012
29880,84055.96,18.83,-0.2375,-0.9428,-0.1696,-0.22,0.04,-0.23,948.735,-23.745,0.013
29890,84059.80,18.83,-0.2218,-0.9212,-0.1646,0.28,-0.28,-0.28,948.497,-23.744,0.013
29900,84054.30,18.84,-0.1821,-0.9200,-0.1996,0.02,-0.28,-1.09,948.260,-23.744,0.013
29910,84062.24,18.84,-0.2373,-0.9332,-0.1936,0.39,-0.03,-0.51,948.022,-23.744,0.013
29920,84059.56,18.84,-0.2044,-0.9242,-0.1793,-0.24,-0.28,-0.28,947.785,-23.744,0.013
29930,84066.92,18.84,-0.2464,-0.9422,-0.2107,-0.16,-0.38,-0.91,947.548,-23.744,0.013
29940,84065.96,18.84,-0.2445,-0.9414,-0.2508,0.33,-0.56,0.09,947.310,-23.744,0.013
29950,84063.76,18.84,-0.1984,-0.9550,-0.1563,0.02,-0.43,-0.20,947.073,-23.744,0.013
29960,84070.21,18.85,-0.2193,-0.9287,-0.2017,-0.52,-0.27,-0.91,946.835,-23.744,0.014
29970,84073.24,18.85,-0.2407,-0.9399,-0.1901,-0.14,0.52,0.03,946.598,-23.743,0.014
29980,84074.56,18.85,-0.2117,-0.9561,-0.2179,0.42,-0.54,-0.63,946.360,-23.743,0.014
29990,84076.23,18.85,-0.2369,-0.9348,-0.2009,-0.31,-0.16,-0.59,946.123,-23.743,0.014
30000,84078.46,18.85,-0.2477,-0.9214,-0.1900,-0.68,-0.00,-0.42,945.886,-23.743,0.014
30010,84086.55,18.85,-0.2472,-0.9520,-0.1796,0.48,-0.09,0.20,945.648,-23.743,0.014
30020,84088.18,18.85,-0.2397,-0.9375,-0.2191,-0.08,-0.80,-0.15,945.411,-23.743,0.014
30030,84088.28,18.86,-0.2281,-0.9339,-0.1827,0.09,-0.20,-0.29,945.173,-23.743,0.014
30040,84088.69,18.86,-0.1968,-0.9432,-0.1617,0.51,-0.53,-0.02,944.936,-23.742,0.014
30050,84095.16,18.86,-0.2329,-0.9139,-0.1909,0.53,0.45,-0.02,944.698,-23.742,0.015
30060,84095.79,18.86,-0.2346,-0.9471,-0.1804,-0.09,-0.35,-0.51,944.461,-23.742,0.015
30070,84095.71,18.86,-0.2296,-0.9440,-0.2067,-0.19,-0.22,-0.51,944.224,-23.742,0.015
30080,84102.99,18.86,-0.2165,-0.9345,-0.2028,-0.13,-0.18,0.29,943.986,-23.742,0.015
30090,84107.82,18.87,-0.2635,-0.9520,-0.2110,0.49,-0.63,-0.22,943.749,-23.742,0.015
30100,84104.21,18.87,-0.2305,-0.9543,-0.1876,0.31,0.15,-0.49,943.511,-23.742,0.015
30110,84110.08,18.87,-0.2469,-0.9392,-0.1827,0.08,-0.06,-0.73,943.274,-23.741,0.015
30120,84110.00,18.87,-0.2602,-0.8937,-0.1772,-0.52,-0.40,-0.13,943.036,-23.741,0.015
30130,84108.97,18.87,-0.1912,-0.9419,-0.1948,0.14,-0.37,0.15,942.799,-23.741,0.015
30140,84114.19,18.87,-0.2794,-0.9496,-0.2095,0.37,-0.10,-0.08,942.562,-23.741,0.016
30150,84116.02,18.87,-0.1812,-0.9388,-0.2071,0.07,-0.34,-0.52,942.324,-23.741,0.016
30160,84120.70,18.88,-0.2473,-0.9156,-0.1852,-0.51,-0.64,-0.15,942.087,-23.741,0.016
30170,84123.44,18.88,-0.2056,-0.9172,-0.1846,-0.09,-0.48,-0.25,941.849,-23.740,0.016
30180,84128.50,18.88,-0.2257,-0.9243,-0.1888,-0.50,-0.65,0.13,941.612,-23.740,0.016
30190,84127.09,18.88,-0.2354,-0.9603,-0.1818,0.00,-0.17,-0.06,941.375,-23.740,0.016
30200,84127.95,18.88,-0.2300,-0.9033,-0.2034,0.12,-0.41,-0.33,941.137,-23.740,0.016
30210,84136.26,18.88,-0.2220,-0.9662,-0.2052,0.45,-0.06,-0.03,940.900,-23.740,0.016
30220,84133.57,18.89,-0.2672,-0.9796,-0.1583,0.14,0.19,-0.35,940.662,-23.740,0.016
30230,84134.20,18.89,-0.2114,-0.9207,-0.1630,0.01,-0.03,-0.14,940.425,-23.739,0.016
30240,84139.00,18.89,-0.2404,-0.9544,-0.1856,-0.12,0.10,-0.20,940.188,-23.739,0.017
30250,84144.69,18.89,-0.2021,-0.9140,-0.2412,0.65,-0.46,0.13,939.950,-23.739,0.017
30260,84146.21,18.89,-0.2416,-0.9237,-0.1784,0.60,-0.90,-0.23,939.713,-23.739,0.017
30270,84149.64,18.89,-0.2079,-0.8922,-0.1661,0.42,-0.68,-0.28,939.475,-23.739,0.017
30280,84148.72,18.89,-0.2287,-0.9309,-0.1524,0.32,-0.11,0.32,939.238,-23.739,0.017
30290,84150.44,18.90,-0.2380,-0.9488,-0.1752,0.29,0.01,0.29,939.001,-23.738,0.017
30300,84155.31,18.90,-0.1858,-0.9103,-0.1564,-0.13,0.02,-0.27,938.763,-23.738,0.017
30310,84153.22,18.90,-0.2336,-0.9203,-0.2420,0.26,-0.82,0.07,938.526,-23.738,0.017
30320,84156.70,18.90,-0.2308,-0.9461,-0.1832,-0.31,0.01,0.23,938.289,-23.738,0.017
30330,84164.82,18.90,-0.2351,-0.9312,-0.1818,0.57,0.07,0.06,938.051,-23.738,0.017
30340,84171.06,18.90,-0.1923,-0.8914,-0.1946,0.19,-0.57,-0.01,937.814,-23.738,0.017
30350,84163.37,18.91,-0.2449,-0.9487,-0.2081,0.35,0.26,-0.22,937.576,-23.737,0.018
30360,84167.37,18.91,-0.2080,-0.9516,-0.1953,-0.60,0.23,0.05,937.339,-23.737,0.018
30370,84171.17,18.91,-0.2390,-0.9532,-0.1817,0.05,-0.55,-0.87,937.102,-23.737,0.018
30380,84176.06,18.91,-0.2338,-0.9448,-0.1824,0.16,-0.04,-0.74,936.864,-23.737,0.018
30390,84175.77,18.91,-0.2101,-0.9540,-0.1738,0.18,0.32,0.24,936.627,-23.737,0.018
30400,84179.53,18.91,-0.1930,-0.9603,-0.2013,0.11,-0.28,0.17,936.390,-23.737,0.018
30410,84184.36,18.92,-0.2045,-0.9505,-0.1865,-0.21,-0.12,-0.15,936.152,-23.736,0.018
30420,84182.53,18.92,-0.2178,-0.9398,-0.1950,0.58,-0.39,-0.05,935.915,-23.736,0.018
30430,84185.35,18.92,-0.2381,-0.9070,-0.1809,0.03,-0.14,-0.60,935.677,-23.736,0.018
30440,84185.04,18.92,-0.2299,-0.9223,-0.1707,0.44,-0.35,0.13,935.440,-23.736,0.018
30450,84193.58,18.92,-0.2475,-0.9428,-0.1591,0.39,-0.11,-0.23,935.203,-23.736,0.018
30460,84193.58,18.92,-0.2079,-0.9493,-0.2227,0.31,-0.30,0.02,934.965,-23.735,0.018
30470,84194.12,18.92,-0.2377,-0.9157,-0.1935,0.74,-0.30,0.21,934.728,-23.735,0.019
30480,84200.83,18.93,-0.2212,-0.9318,-0.1894,0.23,-0.27,-0.57,934.491,-23.735,0.019
30490,84201.08,18.93,-0.1928,-0.9407,-0.1664,0.44,0.24,-0.18,934.253,-23.735,0.019
30500,84200.39,18.93,-0.2275,-0.9578,-0.1908,-0.09,-0.52,-0.33,934.016,-23.735,0.019
30510,84204.35,18.93,-0.1945,-0.9505,-0.1752,0.08,-0.11,-0.46,933.779,-23.734,0.019
30520,84209.87,18.93,-0.2642,-0.9201,-0.1839,0.42,-0.25,0.03,933.541,-23.734,0.019
30530,84213.77,18.93,-0.2285,-0.9737,-0.2138,0.58,-0.32,-0.01,933.304,-23.734,0.019
30540,84216.25,18.94,-0.2160,-0.9515,-0.1708,0.06,-0.49,-0.28,933.067,-23.734,0.019
30550,84213.27,18.94,-0.2028,-0.9279,-0.1671,-0.33,-0.28,-0.23,932.829,-23.734,0.019
30560,84218.62,18.94,-0.2353,-0.9408,-0.2047,-0.33,-0.67,-0.41,932.592,-23.734,0.019
30570,84223.08,18.94,-0.1955,-0.9244,-0.1910,0.20,-0.22,-0.17,932.355,-23.733,0.019
30580,84221.30,18.94,-0.1875,-0.8961,-0.1788,0.04,0.05,0.02,932.117,-23.733,0.019
30590,84222.98,18.94,-0.2411,-0.9458,-0.1681,0.80,-0.50,-0.25,931.880,-23.733,0.019
30600,84227.35,18.94,-0.2424,-0.9462,-0.2349,-0.18,-0.46,-0.41,931.643,-23.733,0.019
30610,84232.01,18.95,-0.2372,-0.9459,-0.1742,0.47,-0.56,-0.24,931.405,-23.733,0.020
30620,84230.10,18.95,-0.2351,-0.9285,-0.1773,0.01,0.42,-0.26,931.168,-23.732,0.020
30630,84231.76,18.95,-0.2640,-0.9375,-0.2266,0.61,-0.06,-0.37,930.931,-23.732,0.020
30640,84235.75,18.95,-0.2378,-0.9211,-0.1615,-0.10,-0.56,-0.48,930.693,-23.732,0.020
30650,84240.86,18.95,-0.1930,-0.9099,-0.1814,0.13,-0.57,-0.16,930.456,-23.732,0.020
30660,84243.90,18.95,-0.2441,-0.9252,-0.1988,-0.13,-0.79,0.41,930.219,-23.732,0.020
30670,84248.01,18.96,-0.2104,-0.9755,-0.1835,-0.24,0.02,-0.65,929.981,-23.731,0.020
30680,84250.28,18.96,-0.1979,-0.9197,-0.1635,0.25,0.08,0.71,929.744,-23.731,0.020
30690,84250.31,18.96,-0.2026,-0.9548,-0.1826,0.25,-0.78,-0.25,929.507,-23.731,0.020
30700,84249.75,18.96,-0.2701,-0.9311,-0.1453,0.20,-0.47,-0.14,929.269,-23.731,0.020
30710,84252.62,18.96,-0.2472,-0.9375,-0.2241,0.55,-0.37,-0.19,929.032,-23.731,0.020
30720,84259.03,18.96,-0.2226,-0.9226,-0.1721,-0.20,-0.43,-0.28,928.795,-23.730,0.020
30730,84260.72,18.96,-0.2750,-0.9215,-0.2183,0.09,0.12,-0.35,928.558,-23.730,0.020
30740,84263.11,18.97,-0.2307,-0.9236,-0.1694,-0.26,-0.02,-0.05,928.320,-23.730,0.020
30750,84265.80,18.97,-0.2164,-0.9343,-0.1769,-0.03,-0.77,-0.01,928.083,-23.730,0.020
30760,84269.49,18.97,-0.2210,-0.9547,-0.1969,-0.07,-0.13,-0.58,927.846,-23.730,0.021
30770,84267.24,18.97,-0.2566,-0.9571,-0.2204,-0.16,0.25,-0.18,927.608,-23.729,0.021
30780,84277.67,18.97,-0.1779,-0.9180,-0.2232,-0.04,-0.44,-0.30,927.371,-23.729,0.021
30790,84274.24,18.97,-0.2535,-0.9309,-0.2042,-0.08,-0.37,-0.11,927.134,-23.729,0.021
30800,84279.61,18.98,-0.2159,-0.9201,-0.1951,-0.41,-0.38,0.07,926.896,-23.729,0.021
30810,84276.64,18.98,-0.2461,-0.9291,-0.2082,0.16,-0.08,-0.17,926.659,-23.729,0.021
30820,84280.39,18.98,-0.2415,-0.9280,-0.1997,0.64,0.04,-0.05,926.422,-23.728,0.021
30830,84285.25,18.98,-0.2387,-0.9248,-0.1841,0.36,-0.36,-0.42,926.185,-23.728,0.021
30840,84287.86,18.98,-0.2231,-0.9583,-0.1899,-0.42,-0.41,-0.39,925.947,-23.728,0.021
30850,84287.07,18.98,-0.2707,-0.9509,-0.2059,0.74,0.05,-0.65,925.710,-23.728,0.021
30860,84288.11,18.98,-0.2350,-0.9351,-0.2144,0.26,-0.26,0.11,925.473,-23.727,0.021
30870,84293.78,18.99,-0.1959,-0.9222,-0.1913,-0.02,-0.11,-0.49,925.236,-23.727,0.021
30880,84296.72,18.99,-0.2299,-0.9343,-0.1528,-0.06,-0.56,-0.01,924.998,-23.727,0.021
30890,84299.80,18.99,-0.2738,-0.9409,-0.1839,0.26,0.11,-0.50,924.761,-23.727,0.021
30900,84294.93,18.99,-0.2046,-0.9296,-0.1963,-0.31,-0.38,-0.15,924.524,-23.727,0.021
30910,84303.29,18.99,-0.1851,-0.9487,-0.1821,0.58,0.14,-0.35,924.286,-23.726,0.021
30920,84306.58,18.99,-0.2215,-0.9223,-0.2111,-0.08,-0.15,-0.36,924.049,-23.726,0.021
30930,84314.76,19.00,-0.2383,-0.9247,-0.1965,-0.07,-0.59,0.30,923.812,-23.726,0.022
30940,84313.57,19.00,-0.2068,-0.8968,-0.1651,0.19,-0.14,-0.21,923.575,-23.726,0.022
30950,84314.32,19.00,-0.2254,-0.9387,-0.1771,-0.16,-0.54,-0.22,923.337,-23.726,0.022
30960,84310.29,19.00,-0.2265,-0.9430,-0.1552,0.77,-0.00,-0.66,923.100,-23.725,0.022
30970,84320.19,19.00,-0.2303,-0.9360,-0.2112,-0.09,-0.49,0.11,922.863,-23.725,0.022
30980,84321.70,19.00,-0.2111,-0.9649,-0.1789,0.52,-0.11,0.29,922.626,-23.725,0.022
30990,84323.33,19.00,-0.2152,-0.9553,-0.2252,-0.21,-0.32,-0.71,922.388,-23.725,0.022
31000,84328.88,19.01,-0.2286,-0.9208,-0.1811,0.09,-0.21,-0.24,922.151,-23.724,0.022
31010,84328.86,19.01,-0.2274,-0.9183,-0.1674,-0.08,0.39,-0.30,921.914,-23.724,0.022
31020,84331.11,19.01,-0.2106,-0.9261,-0.1984,0.20,-0.16,-0.01,921.677,-23.724,0.022
31030,84338.68,19.01,-0.2211,-0.9627,-0.1697,-0.06,-0.18,-0.47,921.439,-23.724,0.022
31040,84338.52,19.01,-0.1830,-0.9233,-0.1893,0.28,-0.28,-0.18,921.202,-23.724,0.022
31050,84339.93,19.01,-0.1832,-0.9159,-0.2153,0.10,-0.21,-0.02,920.965,-23.723,0.022
31060,84340.21,19.02,-0.2530,-0.9217,-0.2005,-0.16,-0.15,0.18,920.728,-23.723,0.022
31070,84348.04,19.02,-0.2241,-0.9219,-0.1769,-0.06,-0.00,-0.53,920.490,-23.723,0.022
31080,84346.62,19.02,-0.2033,-0.9521,-0.2225,0.10,-0.34,-0.09,920.253,-23.723,0.022
31090,84349.79,19.02,-0.1984,-0.9237,-0.2063,0.10,-0.44,-0.20,920.016,-23.722,0.022
31100,84351.11,19.02,-0.2517,-0.9240,-0.1959,0.31,-0.02,-0.50,919.779,-23.722,0.022
31110,84358.49,19.02,-0.2012,-0.8981,-0.1950,-0.26,-0.82,-0.30,919.542,-23.722,0.022
31120,84357.29,19.02,-0.2189,-0.9475,-0.1837,-0.38,-0.48,-0.12,919.304,-23.722,0.022
31130,84359.43,19.03,-0.2101,-0.9416,-0.2188,-0.15,0.12,-0.32,919.067,-23.722,0.023
31140,84359.39,19.03,-0.2429,-0.9551,-0.2176,0.19,-0.24,-0.56,918.830,-23.721,0.023
31150,84360.19,19.03,-0.2429,-0.9662,-0.1652,-0.26,-0.53,-0.05,918.593,-23.721,0.023
31160,84365.98,19.03,-0.2306,-0.9296,-0.1510,0.05,-0.32,0.07,918.356,-23.721,0.023
31170,84372.79,19.03,-0.2416,-0.9578,-0.1905,-0.16,0.12,-0.45,918.118,-23.721,0.023
31180,84373.25,19.03,-0.2036,-0.9120,-0.1903,-0.27,-0.15,-0.45,917.881,-23.720,0.023
31190,84374.19,19.04,-0.2187,-0.9784,-0.1995,0.48,-0.22,-0.36,917.644,-23.720,0.023
31200,84374.25,19.04,-0.2229,-0.9311,-0.2127,0.62,-0.88,-0.27,917.407,-23.720,0.023
31210,84378.80,19.04,-0.2316,-0.9030,-0.1843,0.56,-0.48,-0.34,917.170,-23.720,0.023
31220,84380.49,19.04,-0.1975,-0.9295,-0.1709,0.35,0.25,-0.45,916.932,-23.720,0.023
31230,84377.88,19.04,-0.2280,-0.9453,-0.1989,0.14,-0.01,-0.27,916.695,-23.719,0.023
31240,84387.68,19.04,-0.2114,-0.9592,-0.1905,0.13,-0.03,0.02,916.458,-23.719,0.023
31250,84386.99,19.04,-0.2647,-0.9252,-0.1944,-0.03,-0.87,0.57,916.221,-23.719,0.023
31260,84390.43,19.05,-0.2187,-0.9487,-0.2028,-0.16,-0.12,-0.32,915.984,-23.719,0.023
31270,84390.19,19.05,-0.2538,-0.9441,-0.2194,0.50,-0.61,-0.70,915.746,-23.718,0.023
31280,84393.02,19.05,-0.2255,-0.9365,-0.1861,-0.15,-0.15,0.07,915.509,-23.718,0.023
31290,84396.52,19.05,-0.2433,-0.9578,-0.2034,0.18,-0.07,-0.06,915.272,-23.718,0.023
31300,84404.89,19.05,-0.2047,-0.9089,-0.1977,-0.16,-0.27,0.31,915.035,-23.718,0.023
31310,84405.73,19.05,-0.2585,-0.9825,-0.2107,0.05,-0.06,-0.08,914.798,-23.717,0.023
31320,84404.25,19.06,-0.1971,-0.8937,-0.1237,0.25,-0.28,-0.49,914.560,-23.717,0.023
31330,84405.02,19.06,-0.2208,-0.9247,-0.1992,0.40,-0.21,-0.55,914.323,-23.717,0.023
31340,84415.46,19.06,-0.2360,-0.9842,-0.1734,-0.30,-0.20,-0.43,914.086,-23.717,0.023
31350,84416.22,19.06,-0.2460,-0.9470,-0.1981,-0.25,-0.36,-0.14,913.849,-23.717,0.023
31360,84414.30,19.06,-0.2154,-0.9245,-0.2048,-0.09,-0.17,0.12,913.612,-23.716,0.023
31370,84420.91,19.06,-0.2540,-0.9345,-0.1902,0.19,0.23,-0.57,913.375,-23.716,0.023
31380,84421.39,19.06,-0.2160,-0.9522,-0.1703,-0.11,-0.46,-0.71,913.137,-23.716,0.024
31390,84426.17,19.07,-0.1991,-0.9542,-0.1890,0.26,-0.19,0.03,912.900,-23.716,0.024
31400,84424.15,19.07,-0.2310,-0.9318,-0.1850,-0.19,-0.63,-0.37,912.663,-23.715,0.024
31410,84428.96,19.07,-0.2153,-0.9148,-0.1705,-0.23,-0.24,-0.07,912.426,-23.715,0.024
31420,84428.87,19.07,-0.2185,-0.9410,-0.1961,0.46,-0.20,-0.13,912.189,-23.715,0.024
31430,84428.24,19.07,-0.1894,-0.9528,-0.2023,-0.17,-0.50,0.22,911.952,-23.715,0.024
31440,84435.98,19.07,-0.2477,-0.9431,-0.1688,0.18,-0.22,-0.20,911.715,-23.714,0.024
31450,84434.96,19.08,-0.2281,-0.9393,-0.1990,-0.33,0.06,-0.48,911.477,-23.714,0.024
31460,84434.85,19.08,-0.2224,-0.9176,-0.1799,-0.38,-0.79,-0.23,911.240,-23.714,0.024
31470,84440.56,19.08,-0.2016,-0.9214,-0.1945,-0.54,-0.36,-0.24,911.003,-23.714,0.024
31480,84444.49,19.08,-0.2324,-0.9382,-0.1993,0.36,0.06,-0.42,910.766,-23.713,0.024
31490,84446.86,19.08,-0.2172,-0.9345,-0.1926,-0.38,0.24,-0.18,910.529,-23.713,0.024
31500,84452.32,19.08,-0.2666,-0.9632,-0.1880,0.19,-0.22,-0.75,910.292,-23.713,0.024
31510,84451.47,19.08,-0.1915,-0.9314,-0.1746,0.49,-0.69,-0.34,910.055,-23.713,0.024
31520,84454.49,19.09,-0.1807,-0.9252,-0.1448,0.03,-1.10,-0.20,909.817,-23.712,0.024
31530,84453.98,19.09,-0.1875,-0.9493,-0.1690,0.16,-0.12,-0.23,909.580,-23.712,0.024
31540,84462.64,19.09,-0.2385,-0.9011,-0.1905,0.38,-0.62,-0.44,909.343,-23.712,0.024
31550,84459.88,19.09,-0.2249,-0.9545,-0.1786,-0.23,-0.05,-0.33,909.106,-23.712,0.024
31560,84464.06,19.09,-0.2120,-0.9234,-0.1896,0.55,0.16,-0.29,908.869,-23.712,0.024
31570,84470.24,19.09,-0.2466,-0.9149,-0.1958,-0.35,-0.45,-0.38,908.632,-23.711,0.024
31580,84466.55,19.10,-0.2137,-0.9158,-0.1831,0.39,-0.33,0.11,908.395,-23.711,0.024
31590,84470.11,19.10,-0.2241,-0.9585,-0.1822,0.24,-0.25,-0.42,908.158,-23.711,0.024
31600,84471.42,19.10,-0.2483,-0.9205,-0.1815,0.27,-0.07,-0.32,907.921,-23.711,0.024
31610,84475.97,19.10,-0.2505,-0.9493,-0.1929,0.15,-0.46,-0.04,907.683,-23.710,0.024
31620,84479.34,19.10,-0.2207,-0.9297,-0.1579,0.33,-0.39,-0.37,907.446,-23.710,0.024
31630,84480.90,19.10,-0.2428,-0.8811,-0.1937,-0.19,-0.35,0.10,907.209,-23.710,0.024
31640,84482.23,19.10,-0.2539,-0.9089,-0.1630,0.36,-1.04,-0.47,906.972,-23.710,0.024
31650,84484.92,19.11,-0.2266,-0.9176,-0.1950,0.18,-0.43,-0.26,906.735,-23.709,0.024
31660,84486.51,19.11,-0.1888,-0.9331,-0.2100,-0.35,-0.22,-0.08,906.498,-23.709,0.024
31670,84491.91,19.11,-0.2236,-0.9317,-0.2067,0.41,-0.39,-0.32,906.261,-23.709,0.024
31680,84492.18,19.11,-0.2500,-0.9693,-0.1845,0.10,-0.23,-0.26,906.024,-23.709,0.025
31690,84497.62,19.11,-0.2136,-0.9282,-0.1835,0.17,-0.58,-0.13,905.787,-23.708,0.025
31700,84495.71,19.11,-0.2046,-0.9319,-0.2037,0.16,-0.52,-0.44,905.550,-23.708,0.025
31710,84499.75,19.12,-0.2571,-0.9348,-0.1792,0.69,0.12,-0.16,905.313,-23.708,0.025
31720,84504.03,19.12,-0.1898,-0.9108,-0.2069,0.13,-0.54,-0.81,905.075,-23.708,0.025
31730,84502.62,19.12,-0.2336,-0.9373,-0.2316,0.15,-0.37,-0.57,904.838,-23.707,0.025
31740,84510.00,19.12,-0.2180,-0.9580,-0.1925,0.16,-0.82,0.44,904.601,-23.707,0.025
31750,84513.08,19.12,-0.1884,-0.9119,-0.1941,0.27,-0.27,-0.10,904.364,-23.707,0.025
31760,84517.21,19.12,-0.2085,-0.9216,-0.1938,-0.44,-0.30,0.08,904.127,-23.707,0.025
31770,84515.29,19.12,-0.2289,-0.9309,-0.2225,0.42,0.10,0.06,903.890,-23.706,0.025
31780,84519.67,19.13,-0.2210,-0.9543,-0.1929,0.34,0.01,0.05,903.653,-23.706,0.025
31790,84517.44,19.13,-0.1898,-0.9549,-0.2067,0.66,-0.10,0.32,903.416,-23.706,0.025
31800,84521.34,19.13,-0.2315,-0.9511,-0.1723,0.12,0.05,-0.17,903.179,-23.706,0.025
31810,84528.10,19.13,-0.2031,-0.9442,-0.1738,0.19,-0.49,-0.36,902.942,-23.705,0.025
31820,84525.10,19.13,-0.2471,-0.9667,-0.1952,0.16,-0.57,0.22,902.705,-23.705,0.025
31830,84529.71,19.13,-0.2330,-0.9201,-0.1998,-0.08,-0.06,0.31,902.468,-23.705,0.025
31840,84533.82,19.14,-0.1930,-0.9900,-0.2161,0.14,-0.10,-0.50,902.231,-23.705,0.025
31850,84534.68,19.14,-0.2604,-0.9282,-0.1610,-0.18,0.09,-0.36,901.994,-23.704,0.025
31860,84540.38,19.14,-0.2320,-0.9120,-0.1708,0.14,-0.22,0.23,901.757,-23.704,0.025
31870,84536.32,19.14,-0.2305,-0.9138,-0.2055,0.17,-0.75,-0.52,901.520,-23.704,0.025
31880,84536.72,19.14,-0.2430,-0.9157,-0.1627,-0.32,-0.28,-0.15,901.283,-23.704,0.025
31890,84547.52,19.14,-0.2345,-0.9408,-0.1857,-0.50,-0.38,0.11,901.046,-23.703,0.025
31900,84554.12,19.14,-0.2245,-0.9241,-0.2151,-0.14,-0.45,-0.15,900.809,-23.703,0.025
31910,84547.95,19.15,-0.2029,-0.9369,-0.1818,0.06,-0.10,0.21,900.571,-23.703,0.025
31920,84551.28,19.15,-0.2265,-0.9271,-0.1724,-0.22,-0.33,-0.15,900.334,-23.703,0.025
31930,84556.25,19.15,-0.1773,-0.9384,-0.1952,0.54,0.03,0.22,900.097,-23.702,0.025
31940,84553.50,19.15,-0.2413,-0.9450,-0.2002,0.18,-0.30,-0.29,899.860,-23.702,0.025
31950,84558.38,19.15,-0.2456,-0.9025,-0.1798,-0.35,0.06,0.01,899.623,-23.702,0.025
31960,84560.52,19.15,-0.2522,-0.9284,-0.1733,0.48,-0.18,-0.52,899.386,-23.702,0.025
31970,84563.67,19.16,-0.2117,-0.9145,-0.2141,0.30,-0.60,-0.73,899.149,-23.701,0.025
31980,84571.75,19.16,-0.2232,-0.9014,-0.1780,-0.00,0.15,-0.06,898.912,-23.701,0.025
31990,84571.30,19.16,-0.2514,-0.9361,-0.1970,-0.35,-0.40,-0.04,898.675,-23.701,0.025
32000,84572.22,19.16,-0.2152,-0.9196,-0.2111,0.07,-0.45,-0.43,898.438,-23.701,0.025
32010,84578.08,19.16,-0.2198,-0.9227,-0.1858,-0.11,-0.34,-0.21,898.201,-23.700,0.025
32020,84575.02,19.16,-0.2154,-0.9256,-0.1873,0.43,-0.85,-0.05,897.964,-23.700,0.025
32030,84578.88,19.16,-0.2411,-0.9212,-0.1808,0.13,-0.49,-0.02,897.727,-23.700,0.025
32040,84585.28,19.17,-0.2011,-0.9418,-0.2283,0.17,-0.41,-0.74,897.490,-23.700,0.025
32050,84586.69,19.17,-0.2155,-0.9612,-0.1613,-0.42,-0.38,0.19,897.253,-23.699,0.025
32060,84587.35,19.17,-0.2293,-0.9285,-0.1569,-0.17,-0.21,-0.28,897.016,-23.699,0.025
32070,84586.75,19.17,-0.2020,-0.9678,-0.1868,0.10,-0.58,-0.46,896.779,-23.699,0.025
32080,84589.50,19.17,-0.1906,-0.9584,-0.2195,0.64,-0.26,-0.06,896.542,-23.699,0.025
32090,84592.90,19.17,-0.2239,-0.9507,-0.1797,0.26,-0.52,-0.18,896.305,-23.698,0.025
32100,84597.84,19.18,-0.2031,-0.9343,-0.1825,0.55,-0.41,-0.22,896.068,-23.698,0.026
32110,84603.68,19.18,-0.2273,-0.9433,-0.1499,-0.23,0.29,0.09,895.831,-23.698,0.026
32120,84600.12,19.18,-0.2100,-0.9192,-0.1706,-0.54,-0.64,-0.18,895.594,-23.698,0.026
32130,84604.25,19.18,-0.2046,-0.9600,-0.2047,0.60,0.14,-0.06,895.357,-23.697,0.026
32140,84605.39,19.18,-0.2164,-0.9290,-0.1813,0.44,0.00,-0.30,895.120,-23.697,0.026
32150,84609.54,19.18,-0.2227,-0.9549,-0.1995,0.25,-0.60,-0.44,894.884,-23.697,0.026
32160,84612.91,19.18,-0.1887,-0.9483,-0.1792,-0.35,-0.30,-0.79,894.647,-23.697,0.026
32170,84614.43,19.19,-0.2373,-0.9516,-0.1720,0.51,0.00,-0.45,894.410,-23.696,0.026
32180,84618.58,19.19,-0.2421,-0.9196,-0.2195,0.02,-0.00,-0.34,894.173,-23.696,0.026
32190,84619.51,19.19,-0.2197,-0.9449,-0.1722,-0.04,-0.20,0.12,893.936,-23.696,0.026
32200,84620.76,19.19,-0.2613,-0.9473,-0.1861,-0.34,-0.77,-0.52,893.699,-23.696,0.026
32210,84622.69,19.19,-0.2226,-0.9449,-0.1836,-0.04,-0.46,-0.32,893.462,-23.695,0.026
32220,84625.82,19.19,-0.2202,-0.9022,-0.2175,0.12,-0.48,0.22,893.225,-23.695,0.026
32230,84628.46,19.20,-0.2361,-0.9189,-0.1991,-0.44,-0.06,0.07,892.988,-23.695,0.026
32240,84636.26,19.20,-0.1788,-0.8976,-0.1718,0.12,-0.20,-0.47,892.751,-23.695,0.026
32250,84633.17,19.20,-0.2121,-0.9449,-0.1870,-0.18,-0.42,-0.35,892.514,-23.694,0.026
32260,84634.39,19.20,-0.1930,-0.9271,-0.1962,0.29,-0.44,0.36,892.277,-23.694,0.026
32270,84640.64,19.20,-0.2823,-0.9536,-0.1912,0.14,-0.00,-0.44,892.040,-23.694,0.026
32280,84641.91,19.20,-0.2107,-0.9108,-0.1769,0.42,-0.59,-0.43,891.803,-23.693,0.026
32290,84641.97,19.20,-0.2298,-0.9515,-0.1681,0.18,0.05,-0.40,891.566,-23.693,0.026
32300,84644.56,19.21,-0.2160,-0.9101,-0.1918,0.10,-0.32,-0.21,891.329,-23.693,0.026
32310,84647.17,19.21,-0.1882,-0.9191,-0.1722,0.23,-0.25,-0.14,891.092,-23.693,0.026
32320,84649.86,19.21,-0.2287,-0.9637,-0.1937,-0.16,-0.09,-0.11,890.855,-23.692,0.026
32330,84650.73,19.21,-0.1964,-0.9004,-0.2075,0.33,-0.46,-0.11,890.619,-23.692,0.026
32340,84657.76,19.21,-0.2167,-0.9308,-0.1604,0.44,-0.28,0.03,890.382,-23.692,0.026
32350,84659.32,19.21,-0.2208,-0.9428,-0.1886,0.28,-0.70,-0.41,890.145,-23.692,0.026
32360,84661.25,19.22,-0.2679,-0.9367,-0.1876,0.42,-0.72,-0.11,889.908,-23.691,0.026
32370,84662.43,19.22,-0.2084,-0.9616,-0.1867,0.13,-0.39,-0.38,889.671,-23.691,0.026
32380,84665.27,19.22,-0.2009,-0.9137,-0.2146,-0.74,0.55,-0.73,889.434,-23.691,0.026
32390,84669.96,19.22,-0.2397,-0.9280,-0.1665,0.42,-0.08,-0.58,889.197,-23.691,0.026
32400,84665.80,19.22,-0.1738,-0.9537,-0.1979,0.48,-0.53,0.65,888.960,-23.690,0.026
32410,84673.97,19.22,-0.2124,-0.9505,-0.1869,-0.42,-0.43,-0.02,888.723,-23.690,0.026
32420,84675.25,19.22,-0.2331,-0.9467,-0.1943,0.06,-0.89,-0.13,888.486,-23.690,0.026
32430,84680.19,19.23,-0.2734,-0.9172,-0.2272,0.56,-0.62,-0.60,888.249,-23.690,0.026
32440,84679.48,19.23,-0.2236,-0.9238,-0.2277,-0.23,0.12,-0.07,888.013,-23.689,0.026
32450,84682.94,19.23,-0.2161,-0.9428,-0.1826,-0.42,0.04,-0.30,887.776,-23.689,0.026
32460,84685.98,19.23,-0.2683,-0.9272,-0.2081,0.11,-0.37,-0.39,887.539,-23.689,0.026
32470,84689.13,19.23,-0.2157,-0.9255,-0.1658,0.02,-0.29,-0.23,887.302,-23.689,0.026
32480,84689.58,19.23,-0.2214,-0.9409,-0.1889,-0.44,-0.34,-0.31,887.065,-23.688,0.026
32490,84692.69,19.24,-0.1852,-0.9527,-0.1749,0.35,0.07,-0.48,886.828,-23.688,0.026
32500,84697.78,19.24,-0.2291,-0.9926,-0.1693,0.15,-0.30,-0.20,886.591,-23.688,0.026
32510,84700.31,19.24,-0.2376,-0.9346,-0.2063,-0.17,0.19,-0.74,886.354,-23.687,0.026
32520,84705.10,19.24,-0.2019,-0.9063,-0.1472,0.16,0.03,0.32,886.117,-23.687,0.026
32530,84700.67,19.24,-0.2341,-0.9520,-0.1583,-0.06,0.12,-0.33,885.881,-23.687,0.026
32540,84702.89,19.24,-0.2001,-0.9113,-0.1886,0.00,-0.32,-0.26,885.644,-23.687,0.026
32550,84706.58,19.24,-0.1934,-0.9376,-0.2031,0.23,-0.56,-0.45,885.407,-23.686,0.026
32560,84707.79,19.25,-0.2261,-0.9238,-0.1696,0.05,-0.33,0.25,885.170,-23.686,0.026
32570,84711.10,19.25,-0.2683,-0.9297,-0.1732,0.50,-0.32,-0.43,884.933,-23.686,0.026
32580,84716.13,19.25,-0.2184,-0.8974,-0.2173,0.29,-0.37,-0.37,884.696,-23.686,0.026
32590,84722.23,19.25,-0.2100,-0.9073,-0.1704,0.19,-0.06,-0.14,884.459,-23.685,0.026
32600,84718.85,19.25,-0.2235,-0.9479,-0.1847,0.39,-0.12,-0.74,884.223,-23.685,0.026
32610,84721.09,19.25,-0.2379,-0.9575,-0.1897,0.37,0.03,-0.45,883.986,-23.685,0.026
32620,84723.00,19.26,-0.2479,-0.9223,-0.1856,0.36,-0.45,0.29,883.749,-23.685,0.026
32630,84728.31,19.26,-0.2544,-0.9440,-0.1544,0.46,-0.07,-0.85,883.512,-23.684,0.026
32640,84729.55,19.26,-0.2038,-0.9759,-0.1835,0.25,0.21,-0.50,883.275,-23.684,0.026
32650,84731.43,19.26,-0.2271,-0.9358,-0.1838,-0.76,-1.05,-0.55,883.038,-23.684,0.026
32660,84734.45,19.26,-0.2235,-0.9446,-0.1926,0.02,-0.08,-0.48,882.802,-23.684,0.026
32670,84738.14,19.26,-0.2249,-0.8956,-0.1918,0.08,-0.17,-0.41,882.565,-23.683,0.026
32680,84740.01,19.26,-0.2190,-0.9323,-0.1846,0.42,0.27,0.13,882.328,-23.683,0.026
32690,84745.29,19.27,-0.2173,-0.9155,-0.2328,-0.17,0.21,-0.36,882.091,-23.683,0.026
32700,84744.42,19.27,-0.1908,-0.9564,-0.2164,0.06,-0.03,-0.08,881.854,-23.682,0.026
32710,84743.69,19.27,-0.2521,-0.9349,-0.1936,-0.23,0.32,-0.19,881.617,-23.682,0.026
32720,84748.89,19.27,-0.2305,-0.9478,-0.1957,0.31,-0.36,0.05,881.381,-23.682,0.026
32730,84753.11,19.27,-0.1815,-0.9299,-0.1734,0.21,-0.32,-0.03,881.144,-23.682,0.026
32740,84752.40,19.27,-0.2212,-0.9242,-0.1882,0.10,0.73,-0.02,880.907,-23.681,0.026
32750,84754.76,19.28,-0.2072,-0.9508,-0.1937,-0.68,-0.31,-0.72,880.670,-23.681,0.026
32760,84756.21,19.28,-0.2185,-0.9687,-0.1803,-0.09,-0.09,0.07,880.433,-23.681,0.027
32770,84762.95,19.28,-0.2471,-0.9884,-0.2159,0.36,-0.21,-0.33,880.196,-23.681,0.027
32780,84763.00,19.28,-0.2543,-0.9001,-0.1727,-0.15,-0.00,0.27,879.960,-23.680,0.027
32790,84765.98,19.28,-0.2279,-0.9408,-0.1907,0.37,-0.17,-0.71,879.723,-23.680,0.027
32800,84771.13,19.28,-0.2183,-0.9363,-0.2170,-0.28,-1.03,-0.52,879.486,-23.680,0.027
32810,84768.49,19.28,-0.2292,-0.9242,-0.1805,0.28,-0.43,-1.11,879.249,-23.680,0.027
32820,84772.05,19.29,-0.1900,-0.9651,-0.2012,0.21,0.23,0.47,879.012,-23.679,0.027
32830,84778.05,19.29,-0.1997,-0.9199,-0.1844,-0.42,0.12,-0.01,878.776,-23.679,0.027
32840,84781.44,19.29,-0.2398,-0.9452,-0.1824,-0.15,0.05,0.25,878.539,-23.679,0.027
32850,84784.42,19.29,-0.2221,-0.9549,-0.1930,-0.28,-0.22,-0.65,878.302,-23.679,0.027
32860,84786.51,19.29,-0.2600,-0.9416,-0.1870,0.17,0.16,-0.26,878.065,-23.678,0.027
32870,84786.95,19.29,-0.2617,-0.9581,-0.1711,0.17,0.04,0.17,877.829,-23.678,0.027
32880,84793.25,19.30,-0.2296,-0.9283,-0.1937,0.14,-0.39,0.41,877.592,-23.678,0.027
32890,84790.59,19.30,-0.2329,-0.9127,-0.1780,-0.20,-0.40,-0.43,877.355,-23.677,0.027
32900,84790.79,19.30,-0.2233,-0.9268,-0.1902,0.33,-0.55,-0.03,877.118,-23.677,0.027
32910,84793.11,19.30,-0.2102,-0.8944,-0.1614,0.36,-0.36,-0.08,876.881,-23.677,0.027
32920,84797.18,19.30,-0.2542,-0.9460,-0.1879,-0.17,0.04,-1.48,876.645,-23.677,0.027
32930,84799.61,19.30,-0.2652,-0.9216,-0.2234,-0.08,0.04,-0.55,876.408,-23.676,0.027
32940,84805.19,19.30,-0.2515,-0.9182,-0.2066,0.11,-0.54,-0.35,876.171,-23.676,0.027
32950,84802.11,19.31,-0.2385,-0.9290,-0.1717,0.16,0.01,-0.27,875.934,-23.676,0.027
32960,84806.08,19.31,-0.2440,-0.9145,-0.2273,-0.07,-0.08,0.17,875.698,-23.676,0.027
32970,84809.44,19.31,-0.2194,-0.9298,-0.1845,0.32,-0.18,0.22,875.461,-23.675,0.027
32980,84810.98,19.31,-0.2227,-0.9434,-0.1724,0.24,0.03,-0.41,875.224,-23.675,0.027
32990,84816.20,19.31,-0.2464,-0.9407,-0.1806,0.15,-0.51,0.19,874.987,-23.675,0.027
33000,84820.75,19.31,-0.2368,-0.9587,-0.2029,0.09,-0.31,-0.64,874.751,-23.675,0.027
33010,84821.43,19.32,-0.1987,-0.9561,-0.1856,0.11,-0.19,-0.23,874.514,-23.674,0.027
33020,84824.21,19.32,-0.2663,-0.9959,-0.1848,0.39,-0.90,-0.35,874.277,-23.674,0.027
33030,84826.53,19.32,-0.2297,-0.8893,-0.1744,0.27,-0.08,0.07,874.040,-23.674,0.027
33040,84822.99,19.32,-0.2302,-0.9371,-0.1677,-0.30,-0.18,-0.30,873.804,-23.673,0.027
33050,84833.35,19.32,-0.2528,-0.9138,-0.2155,-0.14,-0.56,0.48,873.567,-23.673,0.027
33060,84834.62,19.32,-0.2677,-0.9512,-0.1674,-0.29,-0.09,-0.02,873.330,-23.673,0.027
33070,84836.25,19.32,-0.2252,-0.9099,-0.1785,0.37,-0.21,-0.08,873.094,-23.673,0.027
33080,84837.90,19.33,-0.2077,-0.9058,-0.1518,-0.22,-0.20,0.28,872.857,-23.672,0.027
33090,84838.48,19.33,-0.2537,-0.9244,-0.2009,0.15,-0.44,-0.02,872.620,-23.672,0.027
33100,84844.98,19.33,-0.2299,-0.9839,-0.1915,0.19,-0.54,-0.25,872.383,-23.672,0.027
33110,84847.06,19.33,-0.2143,-0.9321,-0.1813,0.46,-0.27,0.25,872.147,-23.672,0.027
33120,84848.96,19.33,-0.2768,-0.9290,-0.2231,-0.33,-0.38,-0.41,871.910,-23.671,0.027
33130,84850.69,19.33,-0.2108,-0.9378,-0.1887,-0.13,-0.11,-0.38,871.673,-23.671,0.027
33140,84853.95,19.34,-0.2484,-0.9332,-0.2007,-0.23,0.32,-0.19,871.436,-23.671,0.027
33150,84858.48,19.34,-0.2250,-0.9281,-0.1758,0.32,-0.43,-0.61,871.200,-23.670,0.027
33160,84854.21,19.34,-0.2309,-0.9202,-0.1810,-0.12,-0.27,-0.62,870.963,-23.670,0.027
33170,84858.95,19.34,-0.2217,-0.9084,-0.2020,0.76,-0.04,-0.60,870.726,-23.670,0.027
33180,84860.94,19.34,-0.2015,-0.9455,-0.1989,0.42,-0.47,-0.45,870.490,-23.670,0.027
33190,84863.78,19.34,-0.1974,-0.9489,-0.1871,0.16,-0.07,0.07,870.253,-23.669,0.027
33200,84864.41,19.34,-0.1922,-0.9483,-0.2173,0.45,0.29,-0.25,870.016,-23.669,0.027
33210,84871.06,19.35,-0.2135,-0.9300,-0.1757,-0.03,0.10,0.16,869.780,-23.669,0.027
33220,84871.56,19.35,-0.2114,-0.9167,-0.1612,0.15,-0.02,-0.11,869.543,-23.669,0.027
33230,84877.32,19.35,-0.2334,-0.9466,-0.1907,-0.18,-0.21,-0.13,869.306,-23.668,0.027
33240,84874.72,19.35,-0.2120,-0.9243,-0.1940,-0.01,-0.52,-0.15,869.070,-23.668,0.027
33250,84877.59,19.35,-0.2326,-0.9560,-0.2130,0.30,-0.32,-0.49,868.833,-23.668,0.027
33260,84881.48,19.35,-0.2197,-0.9254,-0.1847,-0.14,-0.06,0.10,868.596,-23.668,0.027
33270,84882.75,19.36,-0.2093,-0.9421,-0.1628,-0.43,0.08,-0.14,868.360,-23.667,0.027
33280,84886.50,19.36,-0.2680,-0.8983,-0.2300,0.38,0.05,-0.17,868.123,-23.667,0.027
33290,84887.16,19.36,-0.1993,-0.9789,-0.2195,0.27,-0.19,-0.43,867.886,-23.667,0.027
33300,84895.55,19.36,-0.2058,-0.9218,-0.1749,-0.20,-0.71,-0.37,867.650,-23.666,0.027
33310,84897.81,19.36,-0.2313,-0.9340,-0.2007,-0.04,-0.36,-0.12,867.413,-23.666,0.027
33320,84893.22,19.36,-0.2308,-0.9662,-0.2099,-0.00,-0.44,-0.19,867.176,-23.666,0.027
33330,84897.06,19.36,-0.2547,-0.9450,-0.1764,0.13,-0.34,-0.31,866.940,-23.666,0.027
33340,84898.97,19.37,-0.2407,-0.9397,-0.1803,-0.13,-0.43,-0.15,866.703,-23.665,0.027
33350,84904.70,19.37,-0.2447,-0.9313,-0.1806,0.34,-0.45,-0.04,866.466,-23.665,0.027
33360,84913.06,19.37,-0.1979,-0.9169,-0.2112,0.11,-0.07,0.07,866.230,-23.665,0.027
33370,84908.33,19.37,-0.1937,-0.9474,-0.1919,0.32,-0.64,0.54,865.993,-23.665,0.027
33380,84914.15,19.37,-0.2400,-0.9279,-0.1436,0.44,-0.53,-0.26,865.756,-23.664,0.027
33390,84913.74,19.37,-0.2393,-0.9308,-0.1753,0.36,-0.72,-0.48,865.520,-23.664,0.027
33400,84918.58,19.38,-0.2579,-0.8872,-0.2099,-0.01,-0.64,-0.64,865.283,-23.664,0.027
33410,84914.40,19.38,-0.2313,-0.9362,-0.1736,-0.13,0.13,-0.13,865.046,-23.663,0.027
33420,84917.29,19.38,-0.2181,-0.9219,-0.1542,0.00,-0.09,0.09,864.810,-23.663,0.027
33430,84927.02,19.38,-0.1695,-0.9464,-0.1573,0.03,-0.39,-0.01,864.573,-23.663,0.027
33440,84928.94,19.38,-0.1901,-0.9276,-0.1809,0.67,0.19,-0.04,864.336,-23.663,0.027
33450,84924.26,19.38,-0.1929,-0.9459,-0.1950,0.45,-0.01,0.03,864.100,-23.662,0.027
33460,84931.62,19.38,-0.2435,-0.9428,-0.1943,-0.16,-0.21,-0.42,863.863,-23.662,0.027
33470,84934.87,19.39,-0.2070,-0.9357,-0.1752,0.20,-0.30,-0.41,863.627,-23.662,0.027
33480,84936.98,19.39,-0.2132,-0.9190,-0.1560,0.28,-0.92,0.16,863.390,-23.662,0.027
33490,84938.31,19.39,-0.1936,-0.9505,-0.1914,-0.15,-0.42,0.22,863.153,-23.661,0.027
33500,84942.55,19.39,-0.2282,-0.9435,-0.2395,-0.25,0.15,-0.53,862.917,-23.661,0.027
33510,84941.61,19.39,-0.2400,-0.9466,-0.1664,-0.27,-0.20,-0.40,862.680,-23.661,0.027
33520,84950.78,19.39,-0.2535,-0.9380,-0.2042,-0.33,-0.13,-0.40,862.444,-23.660,0.027
33530,84949.90,19.40,-0.2654,-0.9481,-0.2156,0.47,-0.42,-0.37,862.207,-23.660,0.027
33540,84949.89,19.40,-0.2031,-0.9046,-0.2116,0.30,0.39,-0.44,861.970,-23.660,0.027
33550,84953.82,19.40,-0.2447,-0.9209,-0.2049,0.24,0.05,0.10,861.734,-23.660,0.027
33560,84959.39,19.40,-0.2142,-0.9062,-0.1888,0.65,-0.04,0.21,861.497,-23.659,0.027
33570,84955.85,19.40,-0.2456,-0.9658,-0.1952,-0.43,-0.42,-0.28,861.261,-23.659,0.027
33580,84959.84,19.40,-0.2045,-0.9591,-0.1694,0.16,0.05,-0.36,861.024,-23.659,0.027
33590,84964.45,19.40,-0.2351,-0.9227,-0.2017,-0.15,-0.91,-0.65,860.787,-23.659,0.027
33600,84961.14,19.41,-0.1869,-0.9662,-0.2007,0.16,-0.22,-0.08,860.551,-23.658,0.027
33610,84970.14,19.41,-0.2575,-0.9483,-0.1925,0.30,-0.34,-0.02,860.314,-23.658,0.027
33620,84970.30,19.41,-0.2493,-0.9366,-0.1810,-0.61,0.13,0.07,860.078,-23.658,0.027
33630,84974.45,19.41,-0.2127,-0.9173,-0.2000,0.30,-0.40,-0.11,859.841,-23.658,0.027
33640,84974.37,19.41,-0.2081,-0.8955,-0.1826,0.29,-0.66,-0.05,859.604,-23.657,0.027
33650,84979.86,19.41,-0.2225,-0.9287,-0.1714,0.03,-0.03,-0.11,859.368,-23.657,0.027
33660,84978.92,19.42,-0.2324,-0.9474,-0.1724,0.03,-0.08,0.05,859.131,-23.657,0.027
33670,84984.92,19.42,-0.2138,-0.9355,-0.1687,0.07,-0.09,-0.60,858.895,-23.656,0.027
33680,84984.85,19.42,-0.2358,-0.9058,-0.1713,0.13,-0.35,-0.13,858.658,-23.656,0.027
33690,84988.15,19.42,-0.2243,-0.9232,-0.1855,0.24,-0.48,0.14,858.422,-23.656,0.027
33700,84992.77,19.42,-0.2220,-0.9368,-0.2065,0.14,-0.57,-0.11,858.185,-23.656,0.027
33710,84991.08,19.42,-0.2314,-0.9834,-0.1752,0.10,-0.31,-0.53,857.949,-23.655,0.027
33720,84994.63,19.42,-0.2350,-0.9267,-0.1961,0.11,0.14,-0.53,857.712,-23.655,0.027
33730,84998.70,19.43,-0.2413,-0.8980,-0.2119,-0.12,-0.46,-0.51,857.475,-23.655,0.027
33740,85002.68,19.43,-0.2012,-0.9447,-0.1863,0.35,-0.18,0.14,857.239,-23.655,0.027
33750,85001.80,19.43,-0.1887,-0.9514,-0.1699,0.69,-0.19,0.29,857.002,-23.654,0.027
33760,85007.01,19.43,-0.2137,-0.9089,-0.1948,-0.21,-0.69,-0.25,856.766,-23.654,0.027
33770,85009.08,19.43,-0.2313,-0.9685,-0.1961,-0.37,-0.32,-0.02,856.529,-23.654,0.027
33780,85008.77,19.43,-0.2547,-0.9243,-0.1841,-0.09,-0.28,-0.63,856.293,-23.653,0.027
33790,85010.90,19.44,-0.2386,-0.9269,-0.2131,0.48,-0.45,-0.05,856.056,-23.653,0.027
33800,85014.26,19.44,-0.2211,-0.9118,-0.1560,-0.13,-0.07,-0.05,855.820,-23.653,0.027
33810,85016.00,19.44,-0.1842,-0.9427,-0.2177,-0.07,-0.08,0.29,855.583,-23.653,0.027
33820,85019.32,19.44,-0.1937,-0.9239,-0.1869,-0.33,-0.48,-0.09,855.347,-23.652,0.027
33830,85021.82,19.44,-0.2488,-0.9408,-0.1787,-0.05,0.16,-0.57,855.110,-23.652,0.027
33840,85023.65,19.44,-0.2160,-0.9467,-0.1685,0.10,-0.16,-0.10,854.874,-23.652,0.027
33850,85025.75,19.44,-0.2315,-0.9377,-0.1960,-0.19,-0.13,0.01,854.637,-23.652,0.027
33860,85031.21,19.45,-0.2278,-0.9297,-0.2124,-0.22,-0.21,-0.42,854.401,-23.651,0.027
33870,85033.30,19.45,-0.2009,-0.8835,-0.1960,-0.38,-0.20,0.02,854.164,-23.651,0.027
33880,85031.17,19.45,-0.2326,-0.9244,-0.1900,0.29,-0.39,-0.46,853.928,-23.651,0.027
33890,85033.90,19.45,-0.2494,-0.9026,-0.1349,0.08,-0.03,-0.09,853.691,-23.650,0.027
33900,85043.91,19.45,-0.2202,-0.9314,-0.2074,0.06,0.05,-0.37,853.455,-23.650,0.027
33910,85041.44,19.45,-0.2581,-0.9437,-0.1850,0.68,-0.24,0.01,853.218,-23.650,0.027
33920,85043.00,19.46,-0.2323,-0.9195,-0.1748,0.05,0.17,-0.15,852.982,-23.650,0.027
33930,85044.01,19.46,-0.2060,-0.9171,-0.1998,0.34,-0.20,-0.32,852.745,-23.649,0.027
33940,85046.72,19.46,-0.2245,-0.9474,-0.1953,0.08,-0.37,-0.14,852.509,-23.649,0.027
33950,85053.05,19.46,-0.2324,-0.9240,-0.1954,-0.14,0.04,-0.11,852.272,-23.649,0.027
33960,85054.17,19.46,-0.2072,-0.9132,-0.1624,0.38,-0.40,-0.35,852.036,-23.649,0.027
33970,85054.95,19.46,-0.2222,-0.9317,-0.1868,-0.53,-0.34,0.00,851.799,-23.648,0.027
33980,85060.07,19.46,-0.2138,-0.9279,-0.1818,0.82,-0.37,-0.21,851.563,-23.648,0.027
33990,85062.86,19.47,-0.2385,-0.9601,-0.1891,0.09,-0.22,0.12,851.326,-23.648,0.027
34000,85064.24,19.47,-0.2247,-0.9161,-0.1592,0.41,-0.35,-0.29,851.090,-23.647,0.027
34010,85065.60,19.47,-0.2498,-0.8966,-0.2030,0.64,-0.29,-0.20,850.853,-23.647,0.027
34020,85068.91,19.47,-0.2393,-0.9404,-0.1876,-0.09,-0.06,-0.34,850.617,-23.647,0.027
34030,85073.16,19.47,-0.2298,-0.9457,-0.1868,0.27,-0.67,-0.59,850.380,-23.647,0.027
34040,85075.54,19.47,-0.2747,-0.9154,-0.2336,0.53,-0.28,0.08,850.144,-23.646,0.027
34050,85076.10,19.48,-0.2577,-0.9579,-0.1720,0.19,-0.12,-0.11,849.907,-23.646,0.027
34060,85082.87,19.48,-0.2210,-0.9039,-0.1804,-0.04,-0.22,0.22,849.671,-23.646,0.027
34070,85080.09,19.48,-0.2307,-0.9160,-0.2114,0.49,-0.29,-0.20,849.434,-23.646,0.027
34080,85087.50,19.48,-0.2287,-0.9326,-0.1470,-0.04,-0.14,-0.24,849.198,-23.645,0.027
34090,85085.09,19.48,-0.2188,-0.9159,-0.1852,0.10,0.05,0.40,848.961,-23.645,0.027
34100,85090.73,19.48,-0.2141,-0.9380,-0.1766,0.46,0.11,-0.52,848.725,-23.645,0.027
34110,85091.03,19.48,-0.2408,-0.9132,-0.1763,0.17,0.55,-0.38,848.489,-23.644,0.027
34120,85092.23,19.49,-0.2377,-0.9126,-0.1947,0.40,-0.50,-0.46,848.252,-23.644,0.027
34130,85097.60,19.49,-0.2509,-0.9521,-0.1510,0.46,-0.13,-0.66,848.016,-23.644,0.027
34140,85097.43,19.49,-0.2381,-0.9836,-0.1976,0.01,0.05,-0.60,847.779,-23.644,0.027
34150,85101.69,19.49,-0.1725,-0.9410,-0.2163,0.17,-0.10,-0.70,847.543,-23.643,0.027
34160,85103.55,19.49,-0.2008,-0.9453,-0.1881,0.22,-0.34,0.00,847.306,-23.643,0.027
34170,85107.42,19.49,-0.2204,-0.9564,-0.1836,0.40,0.06,-0.57,847.070,-23.643,0.027
34180,85110.23,19.50,-0.2540,-0.9179,-0.2135,0.20,-0.44,-0.66,846.834,-23.642,0.027
34190,85112.42,19.50,-0.1680,-0.9678,-0.1763,-0.17,-0.13,-0.77,846.597,-23.642,0.027
34200,85110.49,19.50,-0.2401,-0.9149,-0.1443,-0.14,-0.06,-0.31,846.361,-23.642,0.027
34210,85116.32,19.50,-0.2065,-0.9371,-0.2054,0.40,0.05,-0.06,846.124,-23.642,0.027
34220,85117.61,19.50,-0.2166,-0.9399,-0.1489,0.12,-0.40,-0.51,845.888,-23.641,0.027
34230,85127.81,19.50,-0.2184,-0.9602,-0.1904,-0.49,-0.23,0.20,845.651,-23.641,0.027
34240,85123.61,19.50,-0.2519,-0.9457,-0.1848,0.39,-0.17,-0.09,845.415,-23.641,0.027
34250,85120.41,19.51,-0.1956,-0.9242,-0.1875,0.56,-0.35,-0.49,845.179,-23.641,0.027
34260,85129.73,19.51,-0.2190,-0.9414,-0.1975,-0.33,-0.85,-0.29,844.942,-23.640,0.027
34270,85131.91,19.51,-0.2202,-0.9084,-0.1856,-0.15,-0.04,-0.15,844.706,-23.640,0.027
34280,85129.87,19.51,-0.2411,-0.9380,-0.1255,-0.08,0.12,0.13,844.469,-23.640,0.027
34290,85133.40,19.51,-0.2324,-0.9185,-0.1809,-0.28,-0.37,0.20,844.233,-23.639,0.027
34300,85140.41,19.51,-0.2053,-0.9501,-0.1629,-0.18,-0.28,0.17,843.997,-23.639,0.027
34310,85139.52,19.52,-0.2333,-0.9013,-0.1659,0.27,-0.18,-0.28,843.760,-23.639,0.027
34320,85143.17,19.52,-0.2307,-0.9881,-0.2005,0.02,-0.21,-0.09,843.524,-23.639,0.027
34330,85143.98,19.52,-0.2318,-0.9455,-0.1702,0.19,-0.28,-0.41,843.287,-23.638,0.027
34340,85144.90,19.52,-0.2267,-0.9459,-0.2012,-0.02,-0.80,0.13,843.051,-23.638,0.027
34350,85151.72,19.52,-0.2473,-0.9618,-0.1865,-0.06,-0.13,-0.60,842.815,-23.638,0.027
34360,85150.37,19.52,-0.2319,-0.9478,-0.2170,0.29,0.21,-0.91,842.578,-23.638,0.027
34370,85156.60,19.52,-0.2576,-0.9596,-0.1828,0.35,-0.56,-0.54,842.342,-23.637,0.027
34380,85158.20,19.53,-0.2003,-0.9527,-0.1849,0.17,-0.57,-0.29,842.106,-23.637,0.027
34390,85161.52,19.53,-0.2370,-0.9481,-0.1929,0.01,0.01,-0.02,841.869,-23.637,0.027
34400,85160.24,19.53,-0.2367,-0.8935,-0.1860,0.02,0.02,-0.33,841.633,-23.636,0.027
34410,85165.83,19.53,-0.2691,-0.9425,-0.1823,0.11,-0.06,-0.21,841.397,-23.636,0.027
34420,85170.40,19.53,-0.2444,-0.9192,-0.1355,-0.05,-0.65,0.25,841.160,-23.636,0.027
34430,85167.75,19.53,-0.2120,-0.9457,-0.1839,-0.23,-0.28,-0.39,840.924,-23.636,0.027
34440,85170.52,19.54,-0.2159,-0.9554,-0.1888,0.73,-0.23,-0.80,840.687,-23.635,0.027
34450,85175.20,19.54,-0.2300,-0.9793,-0.1795,0.04,-0.56,-0.44,840.451,-23.635,0.027
34460,85180.41,19.54,-0.2259,-0.9383,-0.1862,0.11,-0.13,-0.43,840.215,-23.635,0.027
34470,85181.57,19.54,-0.2360,-0.9356,-0.2100,0.35,-0.64,-0.35,839.978,-23.635,0.027
34480,85182.20,19.54,-0.2375,-0.9335,-0.2093,0.41,0.40,-1.35,839.742,-23.634,0.027
34490,85187.78,19.54,-0.2100,-0.9233,-0.1853,-0.01,-0.37,-0.16,839.506,-23.634,0.027
34500,85191.27,19.54,-0.1908,-0.9355,-0.1822,0.48,-0.13,-0.36,839.269,-23.634,0.027
34510,85190.47,19.55,-0.2253,-0.9272,-0.1961,-0.23,-0.79,0.04,839.033,-23.633,0.027
34520,85189.89,19.55,-0.2237,-0.9467,-0.1566,-0.05,0.31,-0.45,838.797,-23.633,0.027
34530,85198.68,19.55,-0.1849,-0.9433,-0.1878,-0.10,-0.48,-0.73,838.560,-23.633,0.027
34540,85195.77,19.55,-0.2211,-0.9495,-0.2092,-0.21,0.11,-0.52,838.324,-23.633,0.027
34550,85200.55,19.55,-0.2387,-0.8827,-0.1828,-0.03,-0.63,0.29,838.088,-23.632,0.027
34560,85205.50,19.55,-0.2147,-0.9224,-0.1623,0.21,-0.82,-0.34,837.851,-23.632,0.027
34570,85207.81,19.56,-0.2318,-0.9461,-0.1821,-0.13,0.08,-0.03,837.615,-23.632,0.027
34580,85207.35,19.56,-0.2270,-0.9788,-0.1839,-0.33,-0.53,0.10,837.379,-23.632,0.027
34590,85209.38,19.56,-0.2251,-0.9300,-0.2117,0.16,-0.57,-0.09,837.142,-23.631,0.027
34600,85213.83,19.56,-0.2107,-0.9083,-0.1811,0.31,-0.10,-0.20,836.906,-23.631,0.027
34610,85213.25,19.56,-0.2231,-0.9254,-0.2095,-0.08,-0.08,0.22,836.670,-23.631,0.027
34620,85220.35,19.56,-0.2557,-0.9578,-0.1741,-0.18,-0.41,-0.64,836.434,-23.630,0.027
34630,85223.05,19.56,-0.2367,-0.9594,-0.1886,0.02,-0.73,0.14,836.197,-23.630,0.027
34640,85220.28,19.57,-0.2206,-0.9359,-0.1830,0.18,-0.61,-0.29,835.961,-23.630,0.027
34650,85222.04,19.57,-0.2245,-0.9119,-0.1784,-0.24,-0.65,0.25,835.725,-23.630,0.027
34660,85231.93,19.57,-0.2350,-0.8981,-0.2061,0.11,-0.21,-0.64,835.488,-23.629,0.027
34670,85233.87,19.57,-0.1916,-0.9824,-0.1822,0.04,0.33,-0.16,835.252,-23.629,0.027
34680,85231.12,19.57,-0.2212,-0.9277,-0.1999,0.83,-0.77,0.05,835.016,-23.629,0.028
34690,85234.74,19.57,-0.2577,-0.8641,-0.1803,0.02,-0.53,0.02,834.779,-23.628,0.028
34700,85240.43,19.58,-0.2420,-0.9105,-0.1955,0.46,-0.43,-0.41,834.543,-23.628,0.028
34710,85241.57,19.58,-0.2334,-0.9625,-0.2058,0.50,-0.04,0.35,834.307,-23.628,0.028
34720,85239.96,19.58,-0.2239,-0.9207,-0.1921,0.72,-0.32,0.10,834.071,-23.628,0.028
34730,85243.98,19.58,-0.2095,-0.9457,-0.1897,0.18,0.05,0.38,833.834,-23.627,0.028
34740,85247.43,19.58,-0.2287,-0.9278,-0.1726,0.07,-0.43,0.00,833.598,-23.627,0.028
34750,85248.45,19.58,-0.2214,-0.9434,-0.2104,-0.17,-0.19,-0.23,833.362,-23.627,0.028
34760,85250.27,19.58,-0.1942,-0.9033,-0.1801,-0.42,-0.42,-0.07,833.126,-23.627,0.028
34770,85256.96,19.59,-0.2265,-0.9411,-0.2028,-0.12,-0.44,0.02,832.889,-23.626,0.028
34780,85254.45,19.59,-0.2109,-0.9685,-0.2018,-0.11,-0.11,0.31,832.653,-23.626,0.028
34790,85261.55,19.59,-0.2149,-0.9627,-0.1953,0.57,-0.72,-0.32,832.417,-23.626,0.028
34800,85264.75,19.59,-0.2276,-0.9379,-0.1854,-0.36,-0.34,-0.12,832.180,-23.625,0.028
34810,85266.86,19.59,-0.2154,-0.8953,-0.1889,-0.30,-0.42,-0.04,831.944,-23.625,0.028
34820,85271.48,19.59,-0.2133,-0.9484,-0.1696,0.82,-0.53,0.60,831.708,-23.625,0.028
34830,85268.13,19.60,-0.2413,-0.9062,-0.1944,-0.24,-0.12,0.06,831.472,-23.625,0.028
34840,85271.51,19.60,-0.1874,-0.9654,-0.2518,-0.31,-0.21,-0.59,831.235,-23.624,0.028
34850,85276.67,19.60,-0.2061,-0.9361,-0.1967,-0.25,-0.15,-0.33,830.999,-23.624,0.028
34860,85271.30,19.60,-0.2263,-0.9521,-0.2007,-0.09,-0.54,0.58,830.763,-23.624,0.028
34870,85277.87,19.60,-0.1949,-0.9420,-0.1756,0.29,-0.24,-0.66,830.527,-23.624,0.028
34880,85279.45,19.60,-0.2500,-0.9467,-0.1676,-0.12,-0.01,-0.08,830.291,-23.623,0.028
34890,85281.83,19.60,-0.2239,-0.9580,-0.1862,-0.05,0.06,0.08,830.054,-23.623,0.028
34900,85282.44,19.61,-0.2153,-0.9305,-0.2423,-0.02,0.20,0.19,829.818,-23.623,0.028
34910,85291.07,19.61,-0.2003,-0.9658,-0.1827,0.86,-0.70,-0.24,829.582,-23.622,0.028
34920,85293.41,19.61,-0.2249,-0.9454,-0.1549,0.21,-0.37,-0.02,829.346,-23.622,0.028
34930,85290.90,19.61,-0.2283,-0.9684,-0.1871,-0.00,-0.63,0.03,829.109,-23.622,0.028
34940,85294.20,19.61,-0.2211,-0.9405,-0.1840,0.59,-0.00,-0.60,828.873,-23.622,0.028
34950,85302.42,19.61,-0.2187,-0.9370,-0.1823,-0.19,0.11,0.55,828.637,-23.621,0.028
34960,85298.89,19.62,-0.1974,-0.9503,-0.1862,0.32,0.48,-0.17,828.401,-23.621,0.028
34970,85306.09,19.62,-0.2172,-0.9164,-0.1881,-0.16,-0.30,0.14,828.165,-23.621,0.028
34980,85306.58,19.62,-0.2287,-0.9336,-0.1982,-0.33,0.01,-0.32,827.928,-23.621,0.028
34990,85307.35,19.62,-0.2218,-0.8968,-0.1861,0.00,-0.14,-0.47,827.692,-23.620,0.028
35000,85310.22,19.62,-0.2335,-0.9017,-0.1684,0.45,-0.11,-0.38,827.456,-23.620,0.028
35010,85318.47,19.62,-0.2234,-0.9252,-0.1919,0.57,-0.42,0.16,827.220,-23.620,0.028
35020,85321.32,19.62,-0.2459,-0.9502,-0.1676,0.33,-0.46,-0.54,826.984,-23.619,0.028
35030,85318.71,19.63,-0.2139,-0.9113,-0.1806,0.23,-0.38,-0.21,826.747,-23.619,0.028
35040,85323.90,19.63,-0.1956,-0.9479,-0.1883,-0.12,0.20,0.05,826.511,-23.619,0.028
35050,85324.35,19.63,-0.2322,-0.9284,-0.1971,0.22,-0.58,-0.47,826.275,-23.619,0.028
35060,85322.72,19.63,-0.2348,-0.9051,-0.2154,0.46,-0.27,-0.22,826.039,-23.618,0.028
35070,85335.21,19.63,-0.2246,-0.9412,-0.1816,0.64,-0.56,-0.43,825.803,-23.618,0.028
35080,85327.99,19.63,-0.1881,-0.9225,-0.1875,0.30,-0.31,0.43,825.566,-23.618,0.028
35090,85331.21,19.64,-0.2164,-0.9204,-0.1777,0.33,-0.81,-0.01,825.330,-23.617,0.028
35100,85340.62,19.64,-0.2547,-0.9189,-0.1663,0.22,-0.63,0.42,825.094,-23.617,0.028
35110,85334.93,19.64,-0.2268,-0.9485,-0.2047,0.16,-0.64,-0.34,824.858,-23.617,0.028
35120,85337.08,19.64,-0.2555,-0.8969,-0.1644,0.14,-0.37,-0.29,824.622,-23.617,0.028
35130,85347.43,19.64,-0.2270,-0.9215,-0.1571,-0.24,0.63,-0.38,824.386,-23.616,0.028
35140,85344.13,19.64,-0.2063,-0.9317,-0.1811,0.21,-0.79,0.09,824.149,-23.616,0.028
35150,85345.76,19.64,-0.1973,-0.9121,-0.1824,0.08,-0.13,-0.35,823.913,-23.616,0.028
35160,85351.18,19.65,-0.2517,-0.9416,-0.1911,0.69,-0.40,-0.14,823.677,-23.616,0.028
35170,85352.86,19.65,-0.2059,-0.9479,-0.2245,0.48,-0.09,-0.79,823.441,-23.615,0.028
35180,85352.44,19.65,-0.2199,-0.9230,-0.1614,0.20,-0.66,-0.27,823.205,-23.615,0.028
35190,85359.17,19.65,-0.2277,-0.9418,-0.2200,0.03,-0.34,-0.51,822.969,-23.615,0.028
35200,85359.06,19.65,-0.2680,-0.9396,-0.1889,0.50,0.11,-0.18,822.733,-23.614,0.028
35210,85361.72,19.65,-0.2205,-0.9343,-0.1790,0.65,-0.43,-0.36,822.496,-23.614,0.028
35220,85365.19,19.66,-0.2487,-0.9219,-0.1714,-0.15,-0.24,-0.69,822.260,-23.614,0.028
35230,85370.11,19.66,-0.2377,-0.9462,-0.2045,-0.04,-0.45,-0.46,822.024,-23.614,0.028
35240,85373.67,19.66,-0.2014,-0.9713,-0.2184,0.03,-0.43,0.45,821.788,-23.613,0.028
35250,85373.83,19.66,-0.2308,-0.9329,-0.1895,0.56,0.22,0.01,821.552,-23.613,0.028
35260,85374.84,19.66,-0.2719,-0.9437,-0.1791,0.20,-0.88,-0.56,821.316,-23.613,0.028
35270,85377.83,19.66,-0.2640,-0.9341,-0.1953,-0.45,-0.13,-0.31,821.080,-23.613,0.028
35280,85375.11,19.66,-0.2293,-0.9206,-0.1898,0.09,-0.28,-0.10,820.843,-23.612,0.028
35290,85381.93,19.67,-0.2213,-0.9109,-0.1998,0.17,-0.68,-0.39,820.607,-23.612,0.028
35300,85388.28,19.67,-0.1970,-0.8996,-0.1841,-0.07,-0.25,-0.63,820.371,-23.612,0.028
35310,85394.65,19.67,-0.1910,-0.9251,-0.1743,0.88,-0.44,-0.11,820.135,-23.611,0.028
35320,85392.33,19.67,-0.2246,-0.9299,-0.1977,0.45,-0.35,-0.38,819.899,-23.611,0.028
35330,85395.05,19.67,-0.2001,-0.9190,-0.1979,-0.18,-1.10,-0.04,819.663,-23.611,0.028
35340,85397.93,19.67,-0.2327,-0.9129,-0.1933,-0.04,-0.20,-0.21,819.427,-23.611,0.028
35350,85395.46,19.68,-0.2319,-0.8958,-0.2076,0.06,0.19,-0.62,819.191,-23.610,0.028
35360,85399.50,19.68,-0.2477,-0.9484,-0.1918,0.18,-0.46,-0.63,818.955,-23.610,0.028
35370,85403.93,19.68,-0.2029,-0.9516,-0.1661,0.01,-0.62,-0.29,818.718,-23.610,0.028
35380,85407.48,19.68,-0.2667,-0.9180,-0.2013,0.28,-0.09,0.02,818.482,-23.609,0.028
35390,85404.61,19.68,-0.1848,-0.9593,-0.1785,-0.11,-0.62,-0.79,818.246,-23.609,0.028
35400,85411.31,19.68,-0.2053,-0.9612,-0.2001,0.19,-0.17,0.13,818.010,-23.609,0.028
35410,85409.93,19.68,-0.2106,-0.9338,-0.2248,-0.05,-0.20,-0.15,817.774,-23.609,0.028
35420,85409.18,19.69,-0.2130,-0.9659,-0.2266,0.61,-0.78,-0.21,817.538,-23.608,0.028
35430,85421.70,19.69,-0.2143,-0.9302,-0.2139,0.14,-0.40,-0.59,817.302,-23.608,0.028
35440,85418.83,19.69,-0.2184,-0.9358,-0.2025,-0.22,-0.58,-0.14,817.066,-23.608,0.028
35450,85421.34,19.69,-0.2617,-0.9069,-0.1756,0.29,-0.57,-0.40,816.830,-23.608,0.028
35460,85424.36,19.69,-0.2580,-0.9017,-0.1879,0.38,-0.39,-0.01,816.594,-23.607,0.028
35470,85425.54,19.69,-0.2299,-0.9411,-0.2283,0.15,-0.29,-0.23,816.358,-23.607,0.028
35480,85428.45,19.70,-0.2322,-0.9149,-0.1565,-0.60,0.39,0.14,816.122,-23.607,0.028
35490,85435.48,19.70,-0.2426,-0.9008,-0.1906,0.26,-0.09,-0.36,815.885,-23.606,0.028
35500,85436.67,19.70,-0.2147,-0.9481,-0.1806,-0.59,-0.04,-0.37,815.649,-23.606,0.028
35510,85437.05,19.70,-0.2124,-0.9241,-0.1851,-0.40,-0.30,-0.39,815.413,-23.606,0.028
35520,85434.16,19.70,-0.2114,-0.9722,-0.2036,-0.38,0.05,0.22,815.177,-23.606,0.028
35530,85440.06,19.70,-0.2474,-0.9196,-0.2080,0.66,0.23,-0.09,814.941,-23.605,0.028
35540,85449.62,19.70,-0.2280,-0.9312,-0.2046,-0.01,-0.16,-0.60,814.705,-23.605,0.028
35550,85447.41,19.71,-0.1852,-0.9340,-0.1755,-0.07,-0.01,-0.38,814.469,-23.605,0.028
35560,85450.44,19.71,-0.2276,-0.8843,-0.1842,0.18,0.14,-0.83,814.233,-23.605,0.028
35570,85451.33,19.71,-0.2487,-0.9121,-0.1808,0.09,-0.80,0.18,813.997,-23.604,0.028
35580,85457.37,19.71,-0.2191,-0.9161,-0.1788,0.17,0.00,0.20,813.761,-23.604,0.028
35590,85458.82,19.71,-0.2033,-0.9299,-0.1935,0.19,-0.13,-0.21,813.525,-23.604,0.028
35600,85463.64,19.71,-0.1598,-0.9530,-0.1725,0.55,-0.28,-0.18,813.289,-23.603,0.028
35610,85459.86,19.72,-0.2484,-0.9326,-0.1889,-0.68,-0.55,0.01,813.053,-23.603,0.028
35620,85462.91,19.72,-0.2026,-0.9020,-0.1973,0.52,-0.60,0.12,812.817,-23.603,0.028
35630,85467.56,19.72,-0.1836,-0.9630,-0.2074,0.51,0.23,-0.06,812.581,-23.603,0.028
35640,85474.83,19.72,-0.2438,-0.9195,-0.1860,-0.06,-0.03,-0.25,812.345,-23.602,0.028
35650,85464.94,19.72,-0.2232,-0.9167,-0.1611,-0.07,-0.21,0.09,812.109,-23.602,0.028
35660,85473.79,19.72,-0.2423,-0.9544,-0.1673,0.32,0.06,-0.01,811.873,-23.602,0.028
35670,85473.12,19.72,-0.2231,-0.9629,-0.1864,0.63,-0.13,-0.21,811.637,-23.601,0.028
35680,85479.77,19.73,-0.2461,-0.9446,-0.1372,0.03,-0.53,-0.47,811.401,-23.601,0.028
35690,85484.00,19.73,-0.2226,-0.9516,-0.2275,0.46,0.35,-0.16,811.165,-23.601,0.028
35700,85483.15,19.73,-0.2151,-0.9891,-0.2235,-0.35,0.36,-0.04,810.929,-23.601,0.028
35710,85486.70,19.73,-0.2429,-0.9181,-0.1714,0.46,-0.04,-0.44,810.693,-23.600,0.028
35720,85484.01,19.73,-0.2021,-0.9511,-0.2096,-0.09,-0.70,-0.44,810.457,-23.600,0.028
35730,85488.98,19.73,-0.2115,-0.9363,-0.2057,0.10,-0.08,-0.38,810.221,-23.600,0.028
35740,85492.60,19.74,-0.2229,-0.9542,-0.1574,0.23,-0.07,-0.40,809.985,-23.600,0.028
35750,85500.86,19.74,-0.2147,-0.9496,-0.1862,0.05,-0.52,-0.25,809.749,-23.599,0.028
35760,85498.69,19.74,-0.2218,-0.9375,-0.1834,0.36,0.14,-0.14,809.513,-23.599,0.028
35770,85499.91,19.74,-0.2106,-0.9351,-0.1926,0.08,-0.08,-0.13,809.277,-23.599,0.028
35780,85506.25,19.74,-0.2182,-0.9196,-0.2159,0.63,-0.58,-0.47,809.041,-23.598,0.028
35790,85505.76,19.74,-0.2288,-0.9091,-0.1760,0.01,0.07,-0.32,808.805,-23.598,0.028
35800,85510.74,19.74,-0.2185,-0.9035,-0.1976,0.12,-0.61,-0.28,808.569,-23.598,0.028
35810,85512.57,19.75,-0.2227,-0.9626,-0.1589,0.16,0.17,0.20,808.333,-23.598,0.028
35820,85512.00,19.75,-0.2209,-0.9092,-0.1671,0.05,-0.22,-0.07,808.097,-23.597,0.028
35830,85520.29,19.75,-0.2419,-0.9163,-0.1564,-0.08,-0.32,0.20,807.861,-23.597,0.028
35840,85520.05,19.75,-0.2266,-0.9636,-0.1898,0.15,0.23,0.13,807.625,-23.597,0.028
35850,85524.54,19.75,-0.2522,-0.9194,-0.1710,0.40,-0.73,-0.33,807.389,-23.597,0.028
35860,85524.34,19.75,-0.2099,-0.9647,-0.1618,0.05,-0.18,-0.55,807.153,-23.596,0.028
35870,85525.27,19.76,-0.2207,-0.9609,-0.1775,0.31,-0.77,0.15,806.917,-23.596,0.028
35880,85528.18,19.76,-0.2064,-0.9261,-0.1940,-0.16,-0.52,0.23,806.681,-23.596,0.028
35890,85529.44,19.76,-0.2272,-0.9465,-0.1909,-0.19,-0.42,-0.43,806.445,-23.595,0.028
35900,85533.61,19.76,-0.2439,-0.9246,-0.1676,-0.28,-0.12,0.01,806.209,-23.595,0.028
35910,85538.00,19.76,-0.2424,-0.9522,-0.1906,-0.39,-0.33,-0.32,805.973,-23.595,0.028
35920,85538.84,19.76,-0.2384,-0.9348,-0.1864,-0.04,-0.37,0.05,805.737,-23.595,0.028
35930,85539.94,19.76,-0.2496,-0.9262,-0.1730,-0.07,-0.38,-0.27,805.501,-23.594,0.028
35940,85544.65,19.77,-0.2388,-0.9573,-0.1610,0.45,-0.53,0.16,805.265,-23.594,0.028
35950,85544.07,19.77,-0.2248,-0.9233,-0.1898,-0.40,0.15,-0.11,805.029,-23.594,0.028
35960,85545.15,19.77,-0.1852,-0.9455,-0.1663,0.21,-0.49,-0.12,804.793,-23.593,0.028
35970,85549.88,19.77,-0.2515,-0.9052,-0.1680,0.03,-0.28,-0.19,804.558,-23.593,0.028
35980,85550.75,19.77,-0.2075,-0.9305,-0.1750,0.27,-0.74,-0.15,804.322,-23.593,0.028
35990,85556.78,19.77,-0.2312,-0.9153,-0.1699,0.11,-0.66,-0.60,804.086,-23.593,0.028
36000,85562.46,19.77,-0.2231,-0.9386,-0.1789,0.49,-0.18,-0.24,803.850,-23.592,0.028
36010,85557.22,19.78,-0.2242,-0.9287,-0.2042,-0.13,-0.23,-0.39,803.614,-23.592,0.028
36020,85560.16,19.78,-0.2381,-0.9376,-0.1633,0.32,-0.42,-0.20,803.378,-23.592,0.028
36030,85560.76,19.78,-0.2256,-0.9580,-0.1820,0.21,-0.57,-0.61,803.142,-23.592,0.028
36040,85572.41,19.78,-0.1891,-0.9533,-0.1855,0.22,-0.84,0.14,802.906,-23.591,0.028
36050,85571.71,19.78,-0.2458,-0.9755,-0.1850,0.21,-0.66,-0.36,802.670,-23.591,0.028
36060,85568.81,19.78,-0.2310,-0.9262,-0.2301,-0.48,-0.49,-0.32,802.434,-23.591,0.028
36070,85575.30,19.79,-0.2160,-0.9512,-0.1713,0.72,-0.58,-0.28,802.198,-23.590,0.028
36080,85576.26,19.79,-0.2461,-0.9064,-0.2092,-0.64,0.08,0.36,801.962,-23.590,0.028
36090,85578.00,19.79,-0.2267,-0.9374,-0.1923,0.10,-0.15,0.16,801.727,-23.590,0.028
36100,85579.30,19.79,-0.2231,-0.9335,-0.1726,0.16,-0.16,-0.34,801.491,-23.590,0.028
36110,85586.15,19.79,-0.2079,-0.9336,-0.2019,-0.05,-0.35,-0.01,801.255,-23.589,0.028
36120,85584.05,19.79,-0.1984,-0.9607,-0.2129,0.39,-0.14,-0.36,801.019,-23.589,0.028
36130,85594.16,19.79,-0.2078,-0.9497,-0.1681,0.13,-0.74,0.13,800.783,-23.589,0.028
36140,85593.49,19.80,-0.2243,-0.9482,-0.1403,0.44,-0.75,-0.27,800.547,-23.589,0.028
36150,85596.20,19.80,-0.2311,-0.8737,-0.1674,0.49,-0.42,-0.12,800.311,-23.588,0.028
36160,85596.47,19.80,-0.2236,-0.9040,-0.1957,-0.17,-0.32,0.00,800.075,-23.588,0.028
36170,85598.33,19.80,-0.2038,-0.9702,-0.1883,-0.09,0.19,-0.06,799.839,-23.588,0.028
36180,85605.50,19.80,-0.2363,-0.9590,-0.1657,0.17,-0.43,-0.63,799.604,-23.587,0.028
36190,85604.64,19.80,-0.2732,-0.9501,-0.1946,0.08,-0.26,-0.36,799.368,-23.587,0.028
36200,85606.12,19.81,-0.2355,-0.9567,-0.1927,0.30,-0.36,-0.62,799.132,-23.587,0.028
36210,85605.52,19.81,-0.2234,-0.9304,-0.1761,0.05,0.16,-0.51,798.896,-23.587,0.028
36220,85611.69,19.81,-0.2642,-0.9673,-0.1813,-0.50,-0.08,-0.01,798.660,-23.586,0.028
36230,85616.72,19.81,-0.1921,-0.9682,-0.2033,0.09,0.12,0.20,798.424,-23.586,0.028
36240,85619.47,19.81,-0.2338,-0.9227,-0.1615,0.22,-0.43,0.27,798.188,-23.586,0.028
36250,85621.09,19.81,-0.2160,-0.9031,-0.1655,-0.06,-0.29,-0.42,797.953,-23.585,0.028
36260,85624.23,19.81,-0.2173,-0.9377,-0.1733,0.64,-0.39,-0.37,797.717,-23.585,0.028
36270,85622.62,19.82,-0.2250,-0.9084,-0.2158,0.38,-0.72,-0.18,797.481,-23.585,0.028
36280,85627.06,19.82,-0.2471,-0.9074,-0.1775,0.34,0.28,-0.07,797.245,-23.585,0.028
36290,85631.08,19.82,-0.2226,-0.9579,-0.1943,0.24,-0.05,-0.46,797.009,-23.584,0.028
36300,85631.63,19.82,-0.2399,-0.9309,-0.1876,0.16,-0.47,0.03,796.773,-23.584,0.028
36310,85631.43,19.82,-0.1931,-0.9516,-0.1612,0.08,-0.54,-0.12,796.537,-23.584,0.028
36320,85639.75,19.82,-0.2266,-0.9264,-0.2105,-0.10,0.06,0.18,796.302,-23.584,0.028
36330,85637.18,19.83,-0.2413,-0.9119,-0.2032,-0.09,-0.58,-0.75,796.066,-23.583,0.028
36340,85642.36,19.83,-0.2062,-0.9216,-0.1637,0.52,-0.03,-0.25,795.830,-23.583,0.028
36350,85647.61,19.83,-0.2193,-0.9470,-0.1991,-0.24,-0.16,0.02,795.594,-23.583,0.028
36360,85649.60,19.83,-0.2253,-0.9226,-0.2048,0.25,-0.62,-0.01,795.358,-23.582,0.028
36370,85649.59,19.83,-0.2173,-0.9340,-0.2005,0.27,-0.25,-0.19,795.122,-23.582,0.028
36380,85657.14,19.83,-0.2662,-0.9266,-0.1753,0.45,-0.57,-0.37,794.887,-23.582,0.028
36390,85658.33,19.83,-0.2260,-0.9462,-0.1812,-0.57,-0.27,-0.14,794.651,-23.582,0.028
36400,85657.54,19.84,-0.2100,-0.8801,-0.1794,0.12,-0.20,0.12,794.415,-23.581,0.028
36410,85659.11,19.84,-0.2261,-0.9241,-0.1413,0.27,0.23,-0.36,794.179,-23.581,0.028
36420,85663.95,19.84,-0.2263,-0.9605,-0.1897,0.40,-0.27,-0.38,793.943,-23.581,0.028
36430,85663.83,19.84,-0.2226,-0.9278,-0.1992,0.21,0.06,-0.43,793.708,-23.581,0.028
36440,85665.83,19.84,-0.1978,-0.9507,-0.1606,-0.20,-0.26,0.16,793.472,-23.580,0.028
36450,85665.15,19.84,-0.1909,-0.9193,-0.1792,0.06,-0.52,0.11,793.236,-23.580,0.028
36460,85675.39,19.85,-0.2213,-0.9142,-0.1752,-0.23,-0.55,-0.59,793.000,-23.580,0.028
36470,85671.88,19.85,-0.2084,-0.9441,-0.2001,0.41,-0.05,0.22,792.764,-23.579,0.028
36480,85681.19,19.85,-0.2440,-0.9287,-0.2142,-0.17,-0.30,0.04,792.529,-23.579,0.028
36490,85678.05,19.85,-0.2117,-0.9238,-0.2014,0.16,-0.79,-0.32,792.293,-23.579,0.028
36500,85682.43,19.85,-0.1886,-0.9521,-0.2162,-0.03,-0.72,0.44,792.057,-23.579,0.028
36510,85686.83,19.85,-0.2430,-0.9395,-0.1980,-0.55,-0.18,-0.30,791.821,-23.578,0.028
36520,85685.11,19.85,-0.2059,-0.9644,-0.1565,0.02,0.07,-0.52,791.585,-23.578,0.028
36530,85689.70,19.86,-0.1921,-0.9507,-0.1933,-0.09,-0.08,-0.51,791.350,-23.578,0.028
36540,85692.76,19.86,-0.2212,-0.9398,-0.1764,0.51,-0.05,0.17,791.114,-23.577,0.028
36550,85696.58,19.86,-0.2350,-0.9473,-0.2137,0.27,-0.45,-0.13,790.878,-23.577,0.028
36560,85699.97,19.86,-0.2501,-0.9317,-0.1770,0.58,-0.50,-0.51,790.642,-23.577,0.028
36570,85695.57,19.86,-0.2123,-0.9157,-0.1975,-0.23,0.13,-0.51,790.407,-23.577,0.028
36580,85697.84,19.86,-0.2394,-0.9377,-0.1766,0.17,-0.13,-0.39,790.171,-23.576,0.028
36590,85702.60,19.87,-0.1914,-0.9624,-0.2285,0.66,-0.44,-0.20,789.935,-23.576,0.028
36600,85708.11,19.87,-0.2504,-0.9332,-0.1925,-0.05,-0.70,0.26,789.699,-23.576,0.028
36610,85709.32,19.87,-0.2352,-0.9108,-0.1813,0.18,0.30,-0.58,789.464,-23.576,0.028
36620,85710.12,19.87,-0.2285,-0.9269,-0.2078,0.00,-0.03,-0.65,789.228,-23.575,0.028
36630,85714.23,19.87,-0.2385,-0.9443,-0.2004,-0.07,-0.72,-0.40,788.992,-23.575,0.028
36640,85717.02,19.87,-0.2304,-0.9257,-0.1986,-0.11,-0.06,0.15,788.756,-23.575,0.028
36650,85719.58,19.87,-0.1920,-0.9499,-0.1961,-0.45,-0.48,0.03,788.521,-23.574,0.028
36660,85726.18,19.88,-0.2146,-0.9322,-0.1806,-0.08,-0.69,-0.26,788.285,-23.574,0.028
36670,85721.12,19.88,-0.1881,-0.9238,-0.1827,0.01,-0.46,-0.28,788.049,-23.574,0.028
36680,85718.32,19.88,-0.1905,-0.9395,-0.1608,0.02,-0.24,-0.19,787.813,-23.574,0.028
36690,85727.09,19.88,-0.2223,-0.9379,-0.1720,-0.04,-0.90,-0.26,787.578,-23.573,0.028
36700,85736.11,19.88,-0.2378,-0.9267,-0.1544,0.28,-0.40,-0.39,787.342,-23.573,0.028
36710,85737.18,19.88,-0.2266,-0.9523,-0.1380,0.16,-0.07,-0.03,787.106,-23.573,0.028
36720,85732.72,19.89,-0.2189,-0.9452,-0.1486,-0.11,-0.03,0.31,786.870,-23.573,0.028
36730,85739.43,19.89,-0.2000,-0.9168,-0.1665,0.48,-0.43,-0.25,786.635,-23.572,0.028
36740,85741.88,19.89,-0.2004,-0.9295,-0.2050,0.22,-0.37,-0.67,786.399,-23.572,0.028
36750,85743.99,19.89,-0.2376,-0.9263,-0.1998,-0.19,-0.49,-0.03,786.163,-23.572,0.028
36760,85745.19,19.89,-0.1581,-0.9171,-0.1599,0.41,-0.28,-0.54,785.928,-23.571,0.028
36770,85750.51,19.89,-0.2129,-0.9154,-0.1902,0.25,-0.32,-0.10,785.692,-23.571,0.028
36780,85752.23,19.89,-0.2475,-0.9436,-0.2178,-0.07,0.19,-0.09,785.456,-23.571,0.028
36790,85751.34,19.90,-0.2646,-0.9228,-0.1620,-0.16,-0.73,-0.60,785.220,-23.571,0.028
36800,85753.38,19.90,-0.2104,-0.9446,-0.1799,-0.52,-0.63,-0.25,784.985,-23.570,0.028
36810,85761.30,19.90,-0.2291,-0.8678,-0.2147,-0.18,-0.35,-0.26,784.749,-23.570,0.028
36820,85761.16,19.90,-0.2321,-0.9243,-0.2112,0.22,-0.53,-0.31,784.513,-23.570,0.028
36830,85765.37,19.90,-0.2455,-0.9345,-0.1389,0.57,-0.12,-0.27,784.278,-23.569,0.028
36840,85766.71,19.90,-0.2196,-0.9380,-0.1699,0.21,-0.14,-0.87,784.042,-23.569,0.028
36850,85768.77,19.91,-0.2026,-0.8905,-0.1987,-0.10,-0.49,-0.39,783.806,-23.569,0.028
36860,85771.37,19.91,-0.2124,-0.9453,-0.1679,0.17,-0.14,-0.17,783.571,-23.569,0.028
36870,85775.72,19.91,-0.2193,-0.9412,-0.1801,0.12,-0.21,-0.26,783.335,-23.568,0.028
36880,85779.64,19.91,-0.1877,-0.9356,-0.1981,0.04,-0.41,-0.09,783.099,-23.568,0.028
36890,85777.61,19.91,-0.2160,-0.9205,-0.1956,-0.26,-0.65,0.25,782.863,-23.568,0.028
36900,85781.01,19.91,-0.2276,-0.9233,-0.2066,0.01,0.24,-0.29,782.628,-23.568,0.028
36910,85785.53,19.91,-0.2165,-0.9716,-0.1396,0.45,0.00,-0.38,782.392,-23.567,0.028
36920,85787.36,19.92,-0.2090,-0.9489,-0.2229,0.06,0.08,0.01,782.156,-23.567,0.028
36930,85790.81,19.92,-0.2413,-0.9532,-0.2173,-0.01,-0.11,-0.43,781.921,-23.567,0.028
36940,85794.96,19.92,-0.2410,-0.9283,-0.1846,-0.23,-0.09,-0.15,781.685,-23.566,0.028
36950,85795.42,19.92,-0.2075,-0.9186,-0.2285,-0.32,-0.06,-0.11,781.449,-23.566,0.028
36960,85795.94,19.92,-0.2416,-0.9245,-0.2145,0.33,-0.18,0.38,781.214,-23.566,0.028
36970,85800.63,19.92,-0.2641,-0.9591,-0.2244,-0.13,0.12,0.15,780.978,-23.566,0.028
36980,85798.76,19.93,-0.2407,-0.9349,-0.1967,-0.09,-0.84,-0.13,780.742,-23.565,0.028
36990,85801.48,19.93,-0.2409,-0.9481,-0.1747,0.15,0.08,0.48,780.507,-23.565,0.028
37000,85806.30,19.93,-0.2331,-0.9160,-0.1798,0.45,-0.20,-0.36,780.271,-23.565,0.028
37010,85811.89,19.93,-0.2327,-0.9461,-0.1806,-0.09,-0.26,0.09,780.036,-23.565,0.028
37020,85807.56,19.93,-0.2520,-0.9280,-0.1623,-0.28,-0.37,-1.02,779.800,-23.564,0.028
37030,85811.46,19.93,-0.2169,-0.9338,-0.1709,0.69,0.24,-0.42,779.564,-23.564,0.028
37040,85812.20,19.93,-0.2466,-0.9311,-0.2023,0.25,0.13,0.25,779.329,-23.564,0.028
37050,85820.83,19.94,-0.2440,-0.9428,-0.1325,-0.07,-0.52,-0.36,779.093,-23.563,0.028
37060,85818.70,19.94,-0.2282,-0.9419,-0.1927,0.25,-0.14,-0.28,778.857,-23.563,0.028
37070,85821.48,19.94,-0.2093,-0.9359,-0.1586,0.39,-0.48,-0.83,778.622,-23.563,0.028
37080,85825.43,19.94,-0.2146,-0.9262,-0.1585,-0.12,-0.15,-0.03,778.386,-23.563,0.028
37090,85824.77,19.94,-0.2376,-0.9227,-0.1597,-0.04,-0.23,-0.10,778.150,-23.562,0.028
37100,85827.95,19.94,-0.1939,-0.9553,-0.2106,0.08,-0.59,-0.50,777.915,-23.562,0.028
37110,85829.97,19.95,-0.2329,-0.9626,-0.1750,-0.04,-0.47,-0.55,777.679,-23.562,0.028
37120,85839.12,19.95,-0.2122,-0.9211,-0.1711,0.15,-0.21,-0.27,777.444,-23.562,0.028
37130,85839.38,19.95,-0.2376,-0.9270,-0.1729,0.01,-0.55,0.01,777.208,-23.561,0.028
37140,85838.01,19.95,-0.2028,-0.9207,-0.1899,0.06,-0.37,0.20,776.972,-23.561,0.028
37150,85846.49,19.95,-0.2205,-0.9338,-0.1812,-0.17,-0.28,-0.32,776.737,-23.561,0.028
37160,85842.05,19.95,-0.2124,-0.8987,-0.1905,0.10,-0.56,-0.02,776.501,-23.560,0.028
37170,85846.75,19.95,-0.2461,-0.9682,-0.1644,0.31,-0.05,-0.88,776.266,-23.560,0.028
37180,85851.77,19.96,-0.2391,-0.9203,-0.1854,0.36,-0.43,-0.54,776.030,-23.560,0.028
37190,85851.45,19.96,-0.2334,-0.9362,-0.2023,1.12,-0.12,-0.32,775.794,-23.560,0.028
37200,85856.66,19.96,-0.2202,-0.9050,-0.1683,-0.11,0.11,0.60,775.559,-23.559,0.028
37210,85859.87,19.96,-0.2329,-0.9545,-0.1711,0.12,-0.56,-0.45,775.323,-23.559,0.028
37220,85860.66,19.96,-0.2524,-0.9043,-0.2260,0.10,-0.35,-0.40,775.088,-23.559,0.028
37230,85863.88,19.96,-0.1856,-0.9223,-0.1916,-0.08,-0.69,0.05,774.852,-23.558,0.028
37240,85863.25,19.96,-0.2072,-0.9486,-0.1891,0.17,0.03,-0.34,774.616,-23.558,0.028
37250,85870.11,19.97,-0.2472,-0.9429,-0.2226,0.23,0.15,-0.07,774.381,-23.558,0.028
37260,85866.84,19.97,-0.2284,-0.9366,-0.1895,-0.08,-0.15,-0.23,774.145,-23.558,0.028
37270,85870.25,19.97,-0.2147,-0.9264,-0.1873,-0.36,-0.28,0.03,773.910,-23.557,0.028
37280,85872.03,19.97,-0.2110,-0.9075,-0.1849,-0.30,-0.21,0.29,773.674,-23.557,0.028
37290,85881.90,19.97,-0.2211,-0.9677,-0.1728,0.28,-0.18,-0.05,773.439,-23.557,0.028
37300,85878.80,19.97,-0.1852,-0.9384,-0.1856,-0.31,-0.89,-0.37,773.203,-23.557,0.028
37310,85884.82,19.98,-0.2335,-0.9490,-0.1860,0.44,-0.13,0.20,772.967,-23.556,0.028
37320,85882.31,19.98,-0.2559,-0.9569,-0.1940,-0.13,0.11,-0.65,772.732,-23.556,0.028
37330,85886.12,19.98,-0.2457,-0.9226,-0.1765,-0.36,-0.33,-0.48,772.496,-23.556,0.028
37340,85888.80,19.98,-0.2336,-0.9402,-0.1855,-0.27,0.18,-0.78,772.261,-23.555,0.028
37350,85890.52,19.98,-0.2340,-0.9534,-0.2019,0.02,-0.35,-0.84,772.025,-23.555,0.028
37360,85891.07,19.98,-0.2410,-0.9511,-0.1839,-0.13,0.47,-0.45,771.790,-23.555,0.028
37370,85900.30,19.98,-0.2434,-0.9224,-0.2191,-0.39,-0.35,-0.61,771.554,-23.555,0.028
37380,85895.27,19.99,-0.2464,-0.9212,-0.1924,0.61,-0.09,0.11,771.319,-23.554,0.028
37390,85903.64,19.99,-0.2029,-0.9640,-0.1973,-0.08,0.38,0.34,771.083,-23.554,0.028
37400,85908.14,19.99,-0.2118,-0.9123,-0.1746,-0.33,-0.33,0.16,770.847,-23.554,0.028
37410,85906.51,19.99,-0.2323,-0.9443,-0.1617,-0.05,-0.22,-0.36,770.612,-23.554,0.028
37420,85909.44,19.99,-0.2424,-0.9633,-0.2055,0.12,0.05,-0.53,770.376,-23.553,0.028
37430,85913.31,19.99,-0.2201,-0.9446,-0.1789,1.06,-0.87,0.18,770.141,-23.553,0.028
37440,85913.77,20.00,-0.2310,-0.9279,-0.1745,0.10,-0.06,0.34,769.905,-23.553,0.028
37450,85911.85,20.00,-0.2443,-0.9266,-0.2149,0.09,-0.22,-0.32,769.670,-23.552,0.028
37460,85922.25,20.00,-0.2273,-0.9122,-0.1513,-0.22,0.02,0.22,769.434,-23.552,0.028
37470,85923.19,20.00,-0.2922,-0.9479,-0.1627,-0.02,0.01,-0.21,769.199,-23.552,0.028
37480,85922.30,20.00,-0.2157,-0.9589,-0.1907,-0.27,0.51,-0.09,768.963,-23.552,0.028
37490,85929.34,20.00,-0.2276,-0.9391,-0.1947,0.71,-0.30,0.37,768.728,-23.551,0.028
37500,85929.17,20.00,-0.2348,-0.8782,-0.1592,0.60,-0.19,0.12,768.492,-23.551,0.028
37510,85930.25,20.01,-0.1980,-0.9556,-0.1708,0.06,-0.19,-0.53,768.257,-23.551,0.028
37520,85932.54,20.01,-0.2664,-0.9091,-0.1766,0.28,-0.55,-0.17,768.021,-23.550,0.028
37530,85937.77,20.01,-0.2057,-0.9508,-0.1847,0.23,-0.60,-0.13,767.786,-23.550,0.028
37540,85940.99,20.01,-0.2023,-0.9318,-0.1738,-0.32,0.01,-0.41,767.550,-23.550,0.028
37550,85938.80,20.01,-0.2116,-0.8979,-0.1890,0.07,-0.38,0.12,767.315,-23.550,0.028
37560,85942.20,20.01,-0.2054,-0.9147,-0.1756,0.33,-0.08,-0.09,767.079,-23.549,0.028
37570,85948.04,20.02,-0.2436,-0.9567,-0.1987,-0.54,-0.45,0.77,766.844,-23.549,0.028
37580,85950.60,20.02,-0.1967,-0.9043,-0.1866,-0.42,-0.31,-0.10,766.608,-23.549,0.028
37590,85950.18,20.02,-0.2510,-0.9483,-0.1840,0.52,-0.06,0.14,766.373,-23.549,0.028
37600,85956.69,20.02,-0.2100,-0.9234,-0.2054,-0.12,-1.10,-0.02,766.137,-23.548,0.028
37610,85958.54,20.02,-0.2616,-0.9322,-0.2118,0.12,-0.15,0.14,765.902,-23.548,0.028
37620,85962.21,20.02,-0.2312,-0.9381,-0.1618,0.61,-0.82,-0.21,765.666,-23.548,0.028
37630,85962.48,20.02,-0.1927,-0.9055,-0.1828,0.00,-0.59,-0.06,765.431,-23.547,0.028
37640,85964.56,20.03,-0.2452,-0.9208,-0.2097,0.54,-0.56,-0.17,765.195,-23.547,0.028
37650,85966.80,20.03,-0.2157,-0.9269,-0.1801,0.16,-0.66,-0.11,764.960,-23.547,0.028
37660,85967.19,20.03,-0.2508,-0.9810,-0.1975,-0.11,-1.12,-0.41,764.724,-23.547,0.028
37670,85967.70,20.03,-0.2463,-0.9229,-0.1918,0.22,-0.15,-0.27,764.489,-23.546,0.028
37680,85975.55,20.03,-0.2426,-0.9284,-0.1704,-0.39,-0.49,0.34,764.254,-23.546,0.028
37690,85977.12,20.03,-0.2428,-0.9560,-0.1824,-0.15,-0.24,-0.23,764.018,-23.546,0.028
37700,85981.24,20.04,-0.2199,-0.9132,-0.1706,0.21,-0.15,-0.24,763.783,-23.546,0.028
37710,85978.13,20.04,-0.2019,-0.9698,-0.2077,0.47,-0.73,-0.16,763.547,-23.545,0.028
37720,85982.64,20.04,-0.2280,-0.9505,-0.1655,0.40,-0.05,-0.08,763.312,-23.545,0.028
37730,85983.82,20.04,-0.2367,-0.9324,-0.1970,-0.15,-0.03,0.34,763.076,-23.545,0.028
37740,85984.52,20.04,-0.1840,-0.9416,-0.2078,0.05,-0.67,0.05,762.841,-23.544,0.028
37750,85988.10,20.04,-0.2371,-0.9312,-0.2011,0.37,-0.70,-0.67,762.605,-23.544,0.028
37760,85994.74,20.04,-0.2381,-0.9529,-0.1677,-0.15,-0.56,-0.06,762.370,-23.544,0.028
37770,85997.18,20.05,-0.2195,-0.9546,-0.2016,0.15,-0.04,-0.12,762.134,-23.544,0.028
37780,85997.35,20.05,-0.2169,-0.9646,-0.2389,-0.64,-0.37,-0.61,761.899,-23.543,0.028
37790,85997.40,20.05,-0.2154,-0.9598,-0.1509,0.25,-0.51,-0.11,761.664,-23.543,0.028
37800,86005.87,20.05,-0.2354,-0.9295,-0.1677,0.43,-0.40,-0.28,761.428,-23.543,0.028
37810,86011.03,20.05,-0.2143,-0.9776,-0.1924,0.23,-0.31,-0.28,761.193,-23.542,0.028
37820,86011.97,20.05,-0.2166,-0.9283,-0.2025,0.36,-0.37,-0.24,760.957,-23.542,0.028
37830,86008.01,20.06,-0.2108,-0.9674,-0.1769,0.21,-0.05,-0.15,760.722,-23.542,0.028
37840,86017.56,20.06,-0.2241,-0.9469,-0.1883,0.55,-0.31,0.34,760.486,-23.542,0.028
37850,86014.29,20.06,-0.2025,-0.9477,-0.1989,0.47,-0.21,0.35,760.251,-23.541,0.028
37860,86017.31,20.06,-0.2252,-0.9443,-0.2192,-0.16,-0.23,0.19,760.016,-23.541,0.028
37870,86019.35,20.06,-0.2005,-0.9273,-0.2061,0.06,-0.90,0.40,759.780,-23.541,0.028
37880,86017.16,20.06,-0.1928,-0.9541,-0.2092,-0.03,-0.07,-0.34,759.545,-23.541,0.028
37890,86027.12,20.06,-0.2224,-0.9345,-0.1825,-0.08,-0.95,-0.45,759.309,-23.540,0.028
37900,86030.14,20.07,-0.2191,-0.9476,-0.1736,-0.43,-0.27,-0.33,759.074,-23.540,0.028
37910,86030.43,20.07,-0.2157,-0.9619,-0.1950,0.08,0.08,-0.65,758.839,-23.540,0.028
37920,86033.23,20.07,-0.1839,-0.9216,-0.1903,0.19,-0.05,-0.62,758.603,-23.539,0.028
37930,86037.48,20.07,-0.2212,-0.9305,-0.1885,0.15,-0.83,0.17,758.368,-23.539,0.028
37940,86039.23,20.07,-0.2261,-0.9592,-0.1386,0.50,-0.14,-0.13,758.132,-23.539,0.028
37950,86041.73,20.07,-0.2285,-0.9183,-0.2293,0.13,-0.22,-0.51,757.897,-23.539,0.028
37960,86043.58,20.08,-0.2087,-0.9222,-0.1657,-0.04,0.14,-0.42,757.662,-23.538,0.028
37970,86044.73,20.08,-0.2287,-0.9410,-0.2015,-0.16,-0.05,-0.33,757.426,-23.538,0.028
37980,86045.55,20.08,-0.2344,-0.9497,-0.2060,-0.27,-0.27,-0.30,757.191,-23.538,0.028
37990,86049.98,20.08,-0.2043,-0.9167,-0.1886,0.13,-0.58,-0.23,756.956,-23.538,0.028
38000,86052.05,20.08,-0.2033,-0.9596,-0.2317,0.23,-0.07,-0.08,756.720,-23.537,0.028
38010,86056.91,20.08,-0.2162,-0.9201,-0.1768,-0.22,-0.64,-0.12,756.485,-23.537,0.028
38020,86061.60,20.08,-0.2382,-0.9422,-0.1760,-0.05,-0.35,-0.49,756.249,-23.537,0.028
38030,86061.51,20.09,-0.2247,-0.9549,-0.1704,0.68,0.46,0.43,756.014,-23.536,0.028
38040,86065.62,20.09,-0.2251,-0.9458,-0.2184,-0.26,-0.38,-0.05,755.779,-23.536,0.028
38050,86068.11,20.09,-0.2264,-0.9723,-0.1684,0.00,-0.19,0.05,755.543,-23.536,0.028
38060,86062.56,20.09,-0.2475,-0.9628,-0.1813,0.25,-0.62,0.36,755.308,-23.536,0.028
38070,86069.17,20.09,-0.2102,-0.9217,-0.2225,-0.07,-0.02,-0.63,755.073,-23.535,0.028
38080,86074.80,20.09,-0.2656,-0.9376,-0.1873,0.35,-0.12,-0.73,754.837,-23.535,0.028
38090,86074.44,20.10,-0.2120,-0.9097,-0.1845,-0.25,-0.02,-0.48,754.602,-23.535,0.028
38100,86075.93,20.10,-0.2194,-0.9219,-0.2035,-0.31,0.28,0.24,754.367,-23.535,0.028
38110,86082.74,20.10,-0.2375,-0.9153,-0.1953,-0.75,-0.01,0.00,754.131,-23.534,0.028
38120,86081.75,20.10,-0.2010,-0.9386,-0.1875,-0.07,0.42,0.22,753.896,-23.534,0.028
38130,86085.03,20.10,-0.2436,-0.9352,-0.2023,0.04,-0.25,0.28,753.661,-23.534,0.028
38140,86087.26,20.10,-0.2414,-0.9410,-0.1641,0.08,0.16,-0.27,753.425,-23.533,0.028
38150,86089.21,20.10,-0.2551,-0.9686,-0.2108,0.27,-0.42,-0.24,753.190,-23.533,0.027
38160,86096.47,20.11,-0.2345,-0.9499,-0.1599,-0.04,-0.12,-0.46,752.955,-23.533,0.027
38170,86097.57,20.11,-0.2086,-0.9201,-0.2113,-0.36,-0.50,-0.09,752.719,-23.533,0.027
38180,86100.19,20.11,-0.2060,-0.9623,-0.1853,0.37,-0.42,0.04,752.484,-23.532,0.027
38190,86101.15,20.11,-0.2547,-0.9217,-0.1648,0.04,-0.21,-0.33,752.249,-23.532,0.027
38200,86100.57,20.11,-0.2338,-0.9528,-0.1889,-0.19,0.59,-0.55,752.013,-23.532,0.027
38210,86107.44,20.11,-0.2046,-0.9189,-0.1506,0.38,-0.40,0.26,751.778,-23.531,0.027
38220,86107.69,20.11,-0.2421,-0.9168,-0.1936,-0.19,-0.30,-0.24,751.543,-23.531,0.027
38230,86109.13,20.12,-0.2254,-0.9566,-0.1759,0.01,-0.00,-0.08,751.307,-23.531,0.027
38240,86109.14,20.12,-0.2658,-0.9338,-0.2104,0.31,-0.23,-0.31,751.072,-23.531,0.027
38250,86117.32,20.12,-0.2102,-0.9491,-0.1723,0.37,-0.43,-0.12,750.837,-23.530,0.027
38260,86115.33,20.12,-0.2283,-0.9237,-0.2072,-0.16,-0.44,-0.44,750.601,-23.530,0.027
38270,86122.02,20.12,-0.2418,-0.9194,-0.1712,0.18,-0.21,-0.30,750.366,-23.530,0.027
38280,86115.73,20.12,-0.2261,-0.9490,-0.1986,-0.05,-0.72,-0.16,750.131,-23.530,0.027
38290,86125.54,20.13,-0.1988,-0.9270,-0.1683,0.44,-0.59,-0.39,749.896,-23.529,0.027
38300,86129.54,20.13,-0.2361,-0.9578,-0.1961,-0.02,-0.35,-0.39,749.660,-23.529,0.027
38310,86127.28,20.13,-0.2638,-0.9277,-0.1719,0.27,-0.37,-0.11,749.425,-23.529,0.027
38320,86135.04,20.13,-0.2611,-0.9112,-0.2060,0.42,-0.47,-0.25,749.190,-23.528,0.027
38330,86131.87,20.13,-0.1906,-0.9365,-0.1640,0.20,-0.26,-0.15,748.954,-23.528,0.027
38340,86139.76,20.13,-0.2269,-0.9228,-0.2191,0.16,-0.57,-0.31,748.719,-23.528,0.027
38350,86141.50,20.13,-0.2367,-0.8944,-0.2191,0.24,-0.34,0.55,748.484,-23.528,0.027
38360,86142.48,20.14,-0.2264,-0.9795,-0.2133,0.38,0.19,-0.33,748.249,-23.527,0.027
38370,86145.23,20.14,-0.2090,-0.9287,-0.1620,0.20,0.02,-0.53,748.013,-23.527,0.027
38380,86144.57,20.14,-0.2325,-0.9386,-0.2103,0.20,0.05,-0.15,747.778,-23.527,0.027
38390,86150.31,20.14,-0.2263,-0.9289,-0.1746,0.11,0.04,-0.23,747.543,-23.527,0.027
38400,86151.97,20.14,-0.2331,-0.9258,-0.1921,0.73,-0.38,-0.32,747.307,-23.526,0.027
38410,86154.56,20.14,-0.2216,-0.9525,-0.2224,0.19,-0.31,-0.33,747.072,-23.526,0.027
38420,86157.58,20.15,-0.2294,-0.9463,-0.1737,0.11,-0.44,-0.24,746.837,-23.526,0.027
38430,86155.83,20.15,-0.2599,-0.9117,-0.2161,0.10,0.05,-0.15,746.602,-23.525,0.027
38440,86162.71,20.15,-0.2540,-0.9220,-0.1918,-0.06,-0.01,0.05,746.366,-23.525,0.027
38450,86166.50,20.15,-0.2467,-0.9478,-0.1929,0.42,-0.72,-0.57,746.131,-23.525,0.027
38460,86163.63,20.15,-0.2240,-0.9422,-0.2013,0.03,-0.26,-0.13,745.896,-23.525,0.027
38470,86167.64,20.15,-0.2172,-0.9551,-0.1723,0.12,-0.31,-0.22,745.661,-23.524,0.027
38480,86171.55,20.15,-0.2061,-0.9544,-0.1823,0.17,-0.07,-0.51,745.425,-23.524,0.027
38490,86177.75,20.16,-0.2290,-0.9752,-0.1588,-0.01,-0.32,-1.01,745.190,-23.524,0.027
38500,86175.60,20.16,-0.1928,-0.9228,-0.1546,0.17,-0.43,-0.56,744.955,-23.524,0.027
38510,86181.14,20.16,-0.2062,-0.9168,-0.1985,0.03,0.06,-0.05,744.720,-23.523,0.027
38520,86177.29,20.16,-0.2277,-0.9290,-0.2057,0.23,-0.54,0.03,744.485,-23.523,0.027
38530,86184.55,20.16,-0.2086,-0.9458,-0.1830,-0.21,-0.57,-0.13,744.249,-23.523,0.027
38540,86188.19,20.16,-0.2250,-0.9428,-0.1812,0.14,-0.67,-0.02,744.014,-23.522,0.027
38550,86187.25,20.17,-0.2247,-0.9156,-0.2064,-0.07,-0.06,-0.25,743.779,-23.522,0.027
38560,86192.70,20.17,-0.2393,-0.9106,-0.1563,-0.12,-0.10,-0.48,743.544,-23.522,0.027
38570,86196.99,20.17,-0.2145,-0.9618,-0.2053,0.22,-0.23,0.01,743.308,-23.522,0.027
38580,86198.61,20.17,-0.2400,-0.9660,-0.1882,-0.18,-0.08,0.47,743.073,-23.521,0.027
38590,86199.47,20.17,-0.2172,-0.9508,-0.1652,0.05,-0.56,-0.67,742.838,-23.521,0.027
38600,86201.10,20.17,-0.2139,-0.9176,-0.2017,0.33,0.34,-0.24,742.603,-23.521,0.027
38610,86206.80,20.17,-0.2196,-0.9492,-0.1864,0.37,-0.26,-0.01,742.368,-23.521,0.027
38620,86208.44,20.18,-0.2296,-0.9239,-0.1748,-0.56,-0.55,-0.36,742.132,-23.520,0.027
38630,86208.10,20.18,-0.2102,-0.9250,-0.1647,0.01,-0.04,-0.37,741.897,-23.520,0.027
38640,86207.41,20.18,-0.2314,-0.9540,-0.2080,0.02,-0.32,-0.17,741.662,-23.520,0.027
38650,86213.15,20.18,-0.2064,-0.9581,-0.1760,-0.13,-0.08,0.24,741.427,-23.519,0.027
38660,86217.42,20.18,-0.1917,-0.9659,-0.2123,0.12,-0.62,-0.15,741.192,-23.519,0.027
38670,86214.74,20.18,-0.2458,-0.9208,-0.1621,0.15,0.22,-0.50,740.956,-23.519,0.027
38680,86219.87,20.19,-0.2199,-0.9104,-0.1971,0.14,0.18,-0.10,740.721,-23.519,0.027
38690,86227.61,20.19,-0.2243,-0.9112,-0.1922,0.79,0.08,0.07,740.486,-23.518,0.027
38700,86224.30,20.19,-0.2027,-0.9173,-0.1728,0.53,0.13,-0.76,740.251,-23.518,0.027
38710,86226.87,20.19,-0.2082,-0.9227,-0.1748,0.15,-0.38,-0.44,740.016,-23.518,0.027
38720,86230.12,20.19,-0.2276,-0.9209,-0.1862,0.27,0.09,0.61,739.780,-23.517,0.027
38730,86234.59,20.19,-0.2209,-0.9456,-0.1859,0.09,-0.41,-0.25,739.545,-23.517,0.027
38740,86238.60,20.19,-0.2217,-0.9421,-0.1554,0.60,-0.48,-0.24,739.310,-23.517,0.027
38750,86233.23,20.20,-0.2287,-0.9527,-0.1799,0.41,-0.12,-0.28,739.075,-23.517,0.027
38760,86242.85,20.20,-0.2463,-0.9385,-0.1993,0.10,-0.11,-0.48,738.840,-23.516,0.027
38770,86246.29,20.20,-0.2747,-0.9094,-0.1861,-0.07,-0.54,-0.16,738.605,-23.516,0.027
38780,86249.93,20.20,-0.2298,-0.9390,-0.1726,-0.23,-0.33,0.04,738.369,-23.516,0.027
38790,86250.38,20.20,-0.2067,-0.8981,-0.2594,0.32,-0.33,0.51,738.134,-23.516,0.027
38800,86248.61,20.20,-0.2218,-0.9540,-0.1922,0.40,-0.42,-0.71,737.899,-23.515,0.027
38810,86256.26,20.21,-0.2147,-0.9331,-0.2030,-0.01,-0.33,0.09,737.664,-23.515,0.027
38820,86254.71,20.21,-0.2435,-0.9499,-0.2177,0.18,-0.63,-0.27,737.429,-23.515,0.027
38830,86259.41,20.21,-0.2381,-0.9490,-0.1858,0.37,-0.06,-0.73,737.194,-23.514,0.027
38840,86264.46,20.21,-0.2342,-0.9228,-0.2110,0.36,-0.47,-0.51,736.959,-23.514,0.027
38850,86267.38,20.21,-0.2370,-0.9225,-0.1892,0.14,-0.58,-0.55,736.723,-23.514,0.027
38860,86268.06,20.21,-0.2248,-0.9027,-0.1940,-0.17,0.20,-0.09,736.488,-23.514,0.027
38870,86272.21,20.21,-0.2217,-0.9041,-0.2055,-0.09,-0.17,-0.20,736.253,-23.513,0.027
38880,86269.57,20.22,-0.2456,-0.9112,-0.1903,0.02,-0.34,-0.88,736.018,-23.513,0.027
38890,86275.02,20.22,-0.2346,-0.9240,-0.2082,0.15,-0.14,-0.19,735.783,-23.513,0.027
38900,86272.90,20.22,-0.2407,-0.9265,-0.2155,0.25,-0.88,-0.08,735.548,-23.513,0.027
38910,86278.39,20.22,-0.2249,-0.9378,-0.1506,0.31,0.47,-0.37,735.313,-23.512,0.027
38920,86279.13,20.22,-0.2493,-0.9133,-0.2028,-0.09,-0.08,-0.43,735.078,-23.512,0.027
38930,86282.75,20.22,-0.2255,-0.9255,-0.2003,0.19,-0.43,-0.55,734.842,-23.512,0.027
38940,86285.25,20.23,-0.2453,-0.9362,-0.1984,-0.13,-0.09,0.12,734.607,-23.511,0.027
38950,86288.13,20.23,-0.2046,-0.8923,-0.1782,0.18,-0.10,-0.31,734.372,-23.511,0.027
38960,86291.36,20.23,-0.2307,-0.9404,-0.2182,0.30,-0.13,-0.25,734.137,-23.511,0.027
38970,86296.73,20.23,-0.2239,-0.9484,-0.2233,-0.05,-0.27,-0.70,733.902,-23.511,0.027
38980,86295.93,20.23,-0.2606,-0.9501,-0.1956,-0.06,-0.44,-0.00,733.667,-23.510,0.027
38990,86294.72,20.23,-0.2022,-0.9570,-0.1740,-0.28,-0.36,-0.00,733.432,-23.510,0.027
39000,86297.04,20.23,-0.2154,-0.9593,-0.1950,-0.14,0.08,0.04,733.197,-23.510,0.027
39010,86302.19,20.24,-0.2448,-0.9165,-0.1684,0.52,0.13,-0.31,732.962,-23.510,0.027
39020,86306.86,20.24,-0.2008,-0.9466,-0.2232,0.29,-0.63,-0.49,732.726,-23.509,0.027
39030,86310.45,20.24,-0.2437,-0.9079,-0.2034,0.48,-0.01,-0.45,732.491,-23.509,0.027
39040,86307.13,20.24,-0.2137,-0.9339,-0.1942,0.36,0.17,-0.25,732.256,-23.509,0.027
39050,86312.32,20.24,-0.1994,-0.9759,-0.1835,0.58,0.10,-0.30,732.021,-23.508,0.027
39060,86317.17,20.24,-0.2224,-0.9532,-0.2023,-0.01,0.23,-0.34,731.786,-23.508,0.027
39070,86315.82,20.24,-0.2322,-0.9557,-0.1598,0.48,-0.77,-0.07,731.551,-23.508,0.027
39080,86320.87,20.25,-0.2604,-0.9667,-0.1819,0.25,-0.38,0.41,731.316,-23.508,0.027
39090,86324.31,20.25,-0.2206,-0.9704,-0.2070,-0.18,-0.33,-0.41,731.081,-23.507,0.027
39100,86326.16,20.25,-0.2512,-0.9401,-0.1834,0.75,-0.49,0.01,730.846,-23.507,0.027
39110,86327.11,20.25,-0.2100,-0.9349,-0.1872,0.13,-0.34,-0.19,730.611,-23.507,0.027
39120,86332.35,20.25,-0.2060,-0.9412,-0.2183,0.27,-0.32,-0.30,730.376,-23.507,0.027
39130,86331.19,20.25,-0.2375,-0.8999,-0.2109,-0.21,-0.22,-0.04,730.141,-23.506,0.027
39140,86335.34,20.26,-0.2268,-0.9107,-0.2143,0.04,0.16,-0.44,729.906,-23.506,0.027
39150,86335.93,20.26,-0.2042,-0.9269,-0.1861,-0.04,-0.21,-0.17,729.671,-23.506,0.027
39160,86343.57,20.26,-0.2213,-0.9009,-0.1920,-0.36,-0.16,-0.03,729.435,-23.505,0.027
39170,86338.82,20.26,-0.2378,-0.9637,-0.2029,-0.30,-0.14,-0.05,729.200,-23.505,0.027
39180,86346.14,20.26,-0.2028,-0.9306,-0.1792,0.43,-0.38,-0.23,728.965,-23.505,0.027
39190,86349.66,20.26,-0.1893,-0.9491,-0.2163,-0.16,0.10,0.13,728.730,-23.505,0.027
39200,86350.56,20.26,-0.2176,-0.9321,-0.1710,0.16,-0.47,-0.65,728.495,-23.504,0.027
39210,86354.88,20.27,-0.2413,-0.9511,-0.1926,-0.15,0.21,-0.66,728.260,-23.504,0.027
39220,86353.91,20.27,-0.2180,-0.9608,-0.1870,0.12,-0.80,-0.09,728.025,-23.504,0.027
39230,86358.65,20.27,-0.2240,-0.9653,-0.1780,0.10,0.22,-0.38,727.790,-23.503,0.027
39240,86362.27,20.27,-0.2542,-0.9913,-0.1937,0.65,-0.38,-0.12,727.555,-23.503,0.027
39250,86365.75,20.27,-0.2286,-0.9158,-0.1769,-0.33,-0.25,-0.42,727.320,-23.503,0.027
39260,86369.11,20.27,-0.2172,-0.9438,-0.2180,0.19,-0.44,-0.57,727.085,-23.503,0.027
39270,86372.98,20.28,-0.1873,-0.9268,-0.1899,0.07,-0.45,-0.03,726.850,-23.502,0.027
39280,86379.01,20.28,-0.2571,-0.9304,-0.1936,0.25,-0.41,-0.33,726.615,-23.502,0.027
39290,86374.33,20.28,-0.2302,-0.9528,-0.1753,0.31,-0.36,-0.39,726.380,-23.502,0.027
39300,86374.38,20.28,-0.2183,-0.9437,-0.1905,0.10,-0.18,-0.68,726.145,-23.502,0.027
39310,86378.88,20.28,-0.2366,-0.9150,-0.1761,-0.26,-0.55,-0.23,725.910,-23.501,0.027
39320,86382.38,20.28,-0.2301,-0.9318,-0.1781,-0.06,-0.09,0.15,725.675,-23.501,0.027
39330,86384.25,20.28,-0.2510,-0.9481,-0.1790,0.14,-0.40,-0.14,725.440,-23.501,0.027
39340,86389.06,20.29,-0.1836,-0.9177,-0.1757,-0.18,0.02,-0.33,725.205,-23.500,0.027
39350,86393.39,20.29,-0.2329,-0.9296,-0.1942,0.29,0.04,-0.26,724.970,-23.500,0.027
39360,86392.18,20.29,-0.2218,-0.9342,-0.1874,-0.40,-0.58,0.24,724.735,-23.500,0.027
39370,86396.04,20.29,-0.2260,-0.9422,-0.1869,0.11,-0.12,-0.80,724.500,-23.500,0.027
39380,86394.85,20.29,-0.2109,-0.9192,-0.1954,-0.27,-0.38,-0.30,724.265,-23.499,0.027
39390,86400.40,20.29,-0.2498,-0.9378,-0.1961,0.39,0.12,-0.11,724.030,-23.499,0.027
39400,86400.39,20.30,-0.2106,-0.9227,-0.2173,-0.16,-0.26,0.06,723.795,-23.499,0.027
39410,86404.35,20.30,-0.1993,-0.9531,-0.2006,0.24,-0.04,-0.40,723.560,-23.499,0.027
39420,86406.98,20.30,-0.2114,-0.9315,-0.2146,-0.05,-0.54,-0.32,723.325,-23.498,0.027
39430,86409.27,20.30,-0.1897,-0.9590,-0.2018,-0.15,-0.37,-0.28,723.090,-23.498,0.027
39440,86414.38,20.30,-0.2333,-0.9303,-0.1782,0.39,-0.62,-0.57,722.855,-23.498,0.027
39450,86416.44,20.30,-0.2047,-0.9199,-0.1937,-0.18,-0.04,-0.31,722.620,-23.497,0.027
39460,86419.00,20.30,-0.2192,-0.9500,-0.1908,-0.34,-0.40,-0.39,722.385,-23.497,0.027
39470,86419.88,20.31,-0.2128,-0.9447,-0.1704,0.21,0.08,0.11,722.150,-23.497,0.027
39480,86420.12,20.31,-0.2323,-0.9414,-0.1963,0.22,0.02,-0.36,721.915,-23.497,0.027
39490,86426.68,20.31,-0.2537,-0.9388,-0.2007,0.69,-0.04,-0.25,721.680,-23.496,0.027
39500,86425.03,20.31,-0.2001,-0.9298,-0.1606,-0.16,-0.14,-0.37,721.445,-23.496,0.027
39510,86429.44,20.31,-0.1981,-0.9346,-0.1759,0.43,-0.18,-0.28,721.210,-23.496,0.027
39520,86432.52,20.31,-0.2458,-0.9025,-0.1782,-0.09,-0.55,-0.26,720.975,-23.496,0.027
39530,86434.69,20.32,-0.2089,-0.9264,-0.1825,-0.12,0.01,-0.09,720.740,-23.495,0.027
39540,86438.07,20.32,-0.2257,-0.9348,-0.2139,-0.08,-0.79,-0.81,720.505,-23.495,0.027
39550,86438.74,20.32,-0.2218,-0.9356,-0.1921,0.68,0.05,0.18,720.270,-23.495,0.027
39560,86442.78,20.32,-0.2244,-0.9134,-0.1636,0.17,-0.83,-0.34,720.035,-23.494,0.027
39570,86441.06,20.32,-0.2191,-0.9384,-0.1895,0.27,-0.53,0.08,719.801,-23.494,0.027
39580,86443.87,20.32,-0.2088,-0.9267,-0.1963,-0.11,-0.22,-0.29,719.566,-23.494,0.027
39590,86447.34,20.32,-0.2042,-0.8776,-0.2396,0.26,0.45,-0.42,719.331,-23.494,0.027
39600,86446.85,20.33,-0.1845,-0.9542,-0.1649,0.08,0.15,-0.16,719.096,-23.493,0.027
39610,86452.41,20.33,-0.2470,-0.9809,-0.2225,0.16,0.02,-0.30,718.861,-23.493,0.027
39620,86453.87,20.33,-0.2278,-0.9248,-0.1997,0.10,0.04,0.18,718.626,-23.493,0.027
39630,86459.34,20.33,-0.2514,-0.9483,-0.1435,0.23,0.14,-0.68,718.391,-23.493,0.027
39640,86458.02,20.33,-0.2340,-0.9255,-0.1804,-0.51,-0.51,-0.28,718.156,-23.492,0.027
39650,86463.24,20.33,-0.2479,-0.9412,-0.1907,0.08,-0.29,0.21,717.921,-23.492,0.027
39660,86464.36,20.34,-0.2115,-0.9671,-0.1943,-0.10,-0.69,-0.24,717.686,-23.492,0.027
39670,86464.07,20.34,-0.2541,-0.9504,-0.1926,0.08,-0.11,-0.22,717.451,-23.491,0.027
39680,86469.40,20.34,-0.2136,-0.9188,-0.2138,0.02,-0.48,-0.16,717.216,-23.491,0.027
39690,86475.65,20.34,-0.2678,-0.9277,-0.1962,-0.24,-0.75,-0.31,716.981,-23.491,0.027
39700,86478.34,20.34,-0.2438,-0.9219,-0.1537,0.34,-0.22,-0.18,716.747,-23.491,0.027
39710,86477.54,20.34,-0.1788,-0.9087,-0.2064,0.23,-0.51,0.03,716.512,-23.490,0.027
39720,86480.85,20.34,-0.2344,-0.9315,-0.1583,-0.02,0.16,-0.16,716.277,-23.490,0.027
39730,86484.90,20.35,-0.2001,-0.9145,-0.2032,0.88,-0.58,-0.37,716.042,-23.490,0.027
39740,86484.07,20.35,-0.2307,-0.9171,-0.1776,0.57,-0.01,0.13,715.807,-23.490,0.027
39750,86488.43,20.35,-0.2477,-0.9598,-0.2055,0.03,-0.49,-0.55,715.572,-23.489,0.027
39760,86484.99,20.35,-0.2379,-0.9471,-0.1458,0.38,0.55,-0.27,715.337,-23.489,0.027
39770,86489.46,20.35,-0.2040,-0.9390,-0.1842,0.37,-0.54,0.01,715.102,-23.489,0.027
39780,86497.12,20.35,-0.2179,-0.9226,-0.1238,-0.22,-0.32,-0.13,714.867,-23.488,0.027
39790,86495.09,20.35,-0.2243,-0.9632,-0.1817,-0.26,-0.13,-0.28,714.632,-23.488,0.027
39800,86498.75,20.36,-0.1916,-0.9252,-0.1779,-0.24,-0.24,0.07,714.398,-23.488,0.027
39810,86503.48,20.36,-0.2136,-0.9138,-0.1986,0.26,-0.54,0.34,714.163,-23.488,0.027
39820,86502.81,20.36,-0.1989,-0.9227,-0.1613,0.38,0.28,-0.19,713.928,-23.487,0.027
39830,86507.97,20.36,-0.2079,-0.9204,-0.1777,0.11,-0.68,0.07,713.693,-23.487,0.027
39840,86507.05,20.36,-0.1851,-0.9221,-0.1840,-0.28,-0.43,-0.07,713.458,-23.487,0.027
39850,86516.14,20.36,-0.1985,-0.9237,-0.2153,0.18,-0.47,-0.06,713.223,-23.486,0.027
39860,86508.92,20.37,-0.2027,-0.8962,-0.2172,0.02,-0.56,-0.53,712.988,-23.486,0.027
39870,86518.20,20.37,-0.2391,-0.9443,-0.1568,0.14,-0.29,0.16,712.754,-23.486,0.027
39880,86520.63,20.37,-0.2616,-0.8977,-0.2035,0.48,-0.12,-0.39,712.519,-23.486,0.027
39890,86520.45,20.37,-0.1734,-0.9347,-0.2159,0.04,0.04,-0.40,712.284,-23.485,0.027
39900,86525.83,20.37,-0.2219,-0.9699,-0.2135,0.39,-0.32,-0.40,712.049,-23.485,0.027
39910,86529.70,20.37,-0.2380,-0.9054,-0.1696,0.64,0.44,0.35,711.814,-23.485,0.027
39920,86530.27,20.37,-0.2422,-0.9014,-0.1958,0.08,-0.59,0.14,711.579,-23.485,0.027
39930,86532.43,20.38,-0.2204,-0.9426,-0.1702,0.20,0.06,0.26,711.344,-23.484,0.027
39940,86529.46,20.38,-0.2607,-0.9055,-0.1803,-0.14,-0.70,-0.16,711.110,-23.484,0.027
39950,86532.39,20.38,-0.2219,-0.9156,-0.1846,0.55,-0.33,-0.20,710.875,-23.484,0.027
39960,86543.41,20.38,-0.2198,-0.9420,-0.2142,0.18,-0.73,-0.25,710.640,-23.483,0.027
39970,86542.11,20.38,-0.1802,-0.9340,-0.1975,0.33,-0.22,-0.17,710.405,-23.483,0.027
39980,86542.16,20.38,-0.2246,-0.9247,-0.1874,-0.00,-0.48,-0.09,710.170,-23.483,0.027
39990,86545.08,20.39,-0.2317,-0.9351,-0.1943,0.15,-0.21,0.02,709.935,-23.483,0.027
40000,86551.47,20.39,-0.2376,-0.9309,-0.1800,0.07,-0.17,0.44,709.701,-23.482,0.027
40010,86552.78,20.39,-0.2140,-0.9474,-0.1484,0.12,-0.44,-0.55,709.466,-23.482,0.027
40020,86556.21,20.39,-0.2235,-0.9467,-0.1622,0.09,-0.24,-0.32,709.231,-23.482,0.027
40030,86556.40,20.39,-0.2192,-0.9019,-0.1549,0.55,-0.08,-0.45,708.996,-23.482,0.027
40040,86559.02,20.39,-0.1992,-0.9350,-0.2052,0.33,-0.21,-0.10,708.761,-23.481,0.027
40050,86563.10,20.39,-0.1914,-0.9571,-0.2045,0.48,-0.02,-0.78,708.527,-23.481,0.027
40060,86567.25,20.40,-0.2328,-0.9270,-0.1767,0.36,0.35,-0.16,708.292,-23.481,0.027
40070,86566.34,20.40,-0.2367,-0.9453,-0.2001,0.33,-0.06,0.13,708.057,-23.480,0.027
40080,86565.57,20.40,-0.2073,-0.9287,-0.1818,0.51,0.27,-0.80,707.822,-23.480,0.027
40090,86574.74,20.40,-0.2567,-0.8765,-0.1845,-0.17,-0.32,-0.32,707.587,-23.480,0.027
40100,86574.15,20.40,-0.2209,-0.9200,-0.1847,0.35,-0.53,-0.13,707.352,-23.480,0.027
40110,86578.60,20.40,-0.2242,-0.9262,-0.1697,0.76,0.09,0.16,707.118,-23.479,0.027
40120,86577.24,20.41,-0.2628,-0.9354,-0.1766,0.16,-0.90,-0.26,706.883,-23.479,0.027
40130,86578.64,20.41,-0.2017,-0.9368,-0.1995,-0.46,-0.96,-0.41,706.648,-23.479,0.027
40140,86585.59,20.41,-0.2186,-0.9285,-0.1786,-0.35,-0.34,-0.02,706.413,-23.479,0.027
40150,86584.89,20.41,-0.2264,-0.9757,-0.1853,0.28,-0.80,-0.40,706.179,-23.478,0.027
40160,86588.53,20.41,-0.2417,-0.9261,-0.2088,-0.81,-0.17,-0.05,705.944,-23.478,0.027
40170,86590.65,20.41,-0.2304,-0.9561,-0.1631,-0.16,-0.18,-0.21,705.709,-23.478,0.027
40180,86592.58,20.41,-0.1894,-0.9508,-0.2006,0.22,-0.32,0.05,705.474,-23.477,0.027
40190,86594.54,20.42,-0.2601,-0.9419,-0.1958,-0.27,-0.30,-0.26,705.239,-23.477,0.027
40200,86599.75,20.42,-0.2081,-0.9525,-0.1941,-0.04,-0.30,-0.29,705.005,-23.477,0.027
40210,86598.41,20.42,-0.1939,-0.9334,-0.2087,0.22,0.16,-0.34,704.770,-23.477,0.027
40220,86606.02,20.42,-0.2451,-0.9074,-0.2125,0.36,0.04,0.02,704.535,-23.476,0.027
40230,86608.55,20.42,-0.2211,-0.9155,-0.1863,0.53,-0.35,0.26,704.300,-23.476,0.027
40240,86612.84,20.42,-0.2245,-0.9134,-0.1908,0.48,-0.26,0.45,704.066,-23.476,0.027
40250,86611.48,20.43,-0.2616,-0.9106,-0.2079,-0.01,-0.93,-0.19,703.831,-23.476,0.027
40260,86613.63,20.43,-0.2123,-0.9017,-0.1605,-0.14,-0.58,-0.22,703.596,-23.475,0.027
40270,86621.13,20.43,-0.2269,-0.9000,-0.1378,0.32,0.12,-0.27,703.361,-23.475,0.027
40280,86617.96,20.43,-0.2530,-0.9432,-0.1834,-0.12,-0.35,-0.28,703.127,-23.475,0.027
40290,86620.73,20.43,-0.2514,-0.9110,-0.1816,-0.40,-0.33,-0.19,702.892,-23.474,0.027
40300,86628.09,20.43,-0.2395,-0.9350,-0.2132,0.91,-1.10,0.14,702.657,-23.474,0.027
40310,86623.88,20.43,-0.2229,-0.9768,-0.1860,0.17,0.05,-0.54,702.422,-23.474,0.027
40320,86628.58,20.44,-0.2080,-0.9373,-0.2025,0.18,-0.40,-0.47,702.188,-23.474,0.027
40330,86632.97,20.44,-0.2649,-0.9669,-0.1747,-0.01,0.03,0.01,701.953,-23.473,0.027
40340,86636.89,20.44,-0.2307,-0.9663,-0.1795,0.32,-0.42,-0.44,701.718,-23.473,0.027
40350,86635.41,20.44,-0.2232,-0.9428,-0.1525,0.37,0.12,-0.09,701.483,-23.473,0.027
40360,86638.39,20.44,-0.1968,-0.9380,-0.1860,0.22,-0.60,-0.18,701.249,-23.473,0.027
40370,86635.99,20.44,-0.2187,-0.9586,-0.2326,-0.07,-0.41,-0.32,701.014,-23.472,0.027
40380,86643.42,20.44,-0.2276,-0.9466,-0.2185,0.03,0.04,-0.44,700.779,-23.472,0.027
40390,86645.66,20.45,-0.2136,-0.8864,-0.1986,0.11,-0.77,0.29,700.545,-23.472,0.027
40400,86649.84,20.45,-0.2465,-0.9381,-0.1855,0.42,-0.38,0.02,700.310,-23.471,0.027
40410,86651.47,20.45,-0.2396,-0.9113,-0.2179,0.07,-0.66,-0.29,700.075,-23.471,0.027
40420,86653.40,20.45,-0.2501,-0.9377,-0.2236,0.58,-0.46,0.29,699.840,-23.471,0.027
40430,86654.91,20.45,-0.1779,-0.9140,-0.1745,0.15,-0.53,0.34,699.606,-23.471,0.027
40440,86661.99,20.45,-0.2497,-0.9220,-0.1945,0.61,-0.69,-0.63,699.371,-23.470,0.027
40450,86658.12,20.46,-0.2116,-0.9262,-0.1844,0.44,0.12,-0.14,699.136,-23.470,0.027
40460,86665.05,20.46,-0.2452,-0.9132,-0.1831,0.26,-0.30,0.21,698.902,-23.470,0.027
40470,86667.65,20.46,-0.2659,-0.9460,-0.2002,0.60,-0.57,-0.32,698.667,-23.470,0.027
40480,86670.12,20.46,-0.2336,-0.9266,-0.1761,0.51,0.15,-0.39,698.432,-23.469,0.027
40490,86666.11,20.46,-0.2395,-0.9590,-0.2063,0.23,-0.43,-0.07,698.198,-23.469,0.027
40500,86673.07,20.46,-0.2321,-0.9758,-0.1816,-0.34,-0.39,-0.34,697.963,-23.469,0.027
40510,86677.93,20.46,-0.2258,-0.9773,-0.1664,0.34,0.39,-0.16,697.728,-23.468,0.027
40520,86677.78,20.47,-0.2325,-0.9210,-0.1765,-0.11,-0.18,-0.72,697.493,-23.468,0.027
40530,86679.96,20.47,-0.2457,-0.9251,-0.1808,0.25,0.07,-0.17,697.259,-23.468,0.027
40540,86686.08,20.47,-0.2129,-0.9175,-0.2114,0.21,-0.38,-0.27,697.024,-23.468,0.027
40550,86686.93,20.47,-0.2382,-0.9438,-0.1845,-0.27,-0.44,0.51,696.789,-23.467,0.027
40560,86688.48,20.47,-0.2272,-0.9588,-0.2088,0.34,-0.13,-0.48,696.555,-23.467,0.027
40570,86690.07,20.47,-0.2400,-0.9356,-0.1634,0.07,0.86,0.44,696.320,-23.467,0.027
40580,86691.08,20.48,-0.2390,-0.9477,-0.1695,-0.05,-0.17,-0.28,696.085,-23.467,0.027
40590,86695.32,20.48,-0.2678,-0.9646,-0.2250,0.08,-0.06,-0.10,695.851,-23.466,0.027
40600,86697.03,20.48,-0.2168,-0.9274,-0.1905,-0.18,-0.39,-0.22,695.616,-23.466,0.027
40610,86696.89,20.48,-0.2427,-0.9489,-0.2152,-0.01,-0.27,-0.02,695.381,-23.466,0.027
40620,86700.30,20.48,-0.2480,-0.9683,-0.1737,0.06,-0.42,0.08,695.147,-23.465,0.027
40630,86706.28,20.48,-0.2087,-0.9419,-0.1779,0.01,-0.38,-0.30,694.912,-23.465,0.027
40640,86706.81,20.48,-0.2456,-0.9368,-0.1876,-0.35,-0.55,-0.21,694.677,-23.465,0.027
40650,86711.99,20.49,-0.1955,-0.9220,-0.1520,0.31,-0.36,-0.12,694.443,-23.465,0.027
40660,86714.89,20.49,-0.2346,-0.9549,-0.1944,-0.36,0.01,0.22,694.208,-23.464,0.027
40670,86712.48,20.49,-0.2186,-0.9477,-0.1632,0.27,-0.04,-0.57,693.974,-23.464,0.027
40680,86719.26,20.49,-0.2506,-0.9603,-0.1932,0.33,-0.85,-0.22,693.739,-23.464,0.027
40690,86718.44,20.49,-0.2274,-0.9575,-0.2115,0.10,-0.37,-0.62,693.504,-23.464,0.027
40700,86723.21,20.49,-0.2612,-0.9348,-0.2075,0.10,-0.37,-0.72,693.270,-23.463,0.027
40710,86723.54,20.50,-0.2014,-0.9063,-0.2074,-0.67,-0.63,-0.00,693.035,-23.463,0.027
40720,86729.92,20.50,-0.2397,-0.9517,-0.1893,-0.24,-0.60,-0.20,692.800,-23.463,0.027
40730,86732.57,20.50,-0.2293,-0.9206,-0.1790,-0.06,-0.73,-0.32,692.566,-23.462,0.027
40740,86733.67,20.50,-0.2348,-0.9090,-0.1874,0.67,-0.15,-0.59,692.331,-23.462,0.027
40750,86737.33,20.50,-0.2222,-0.9477,-0.2050,0.07,-0.01,-0.79,692.096,-23.462,0.027
40760,86739.12,20.50,-0.2040,-0.8845,-0.1749,0.03,0.15,0.06,691.862,-23.462,0.027
40770,86738.14,20.50,-0.2530,-0.9354,-0.1901,-0.26,-0.07,-0.48,691.627,-23.461,0.027
40780,86739.84,20.51,-0.2471,-0.9252,-0.2045,-0.05,-0.81,-0.27,691.393,-23.461,0.027
40790,86746.95,20.51,-0.2019,-0.9019,-0.1970,-0.06,-0.58,-0.13,691.158,-23.461,0.027
40800,86752.66,20.51,-0.1978,-0.9201,-0.2088,-0.22,0.03,-0.17,690.923,-23.461,0.027
40810,86753.36,20.51,-0.2109,-0.9282,-0.1700,0.11,0.15,-0.81,690.689,-23.460,0.027
40820,86751.38,20.51,-0.2203,-0.9606,-0.1905,0.22,-0.03,-0.37,690.454,-23.460,0.027
40830,86760.67,20.51,-0.2486,-0.9335,-0.2205,0.12,-0.48,0.37,690.220,-23.460,0.027
40840,86760.64,20.52,-0.2326,-0.9652,-0.1739,0.20,0.13,-0.47,689.985,-23.459,0.027
40850,86758.83,20.52,-0.2419,-0.9312,-0.1534,-0.06,-0.71,-0.10,689.750,-23.459,0.027
40860,86761.23,20.52,-0.2033,-0.9033,-0.1893,0.11,-0.24,-0.93,689.516,-23.459,0.027
40870,86763.06,20.52,-0.2067,-0.9543,-0.1796,0.08,-0.69,-0.49,689.281,-23.459,0.027
40880,86766.30,20.52,-0.2420,-0.9181,-0.2097,-0.21,-0.07,0.05,689.047,-23.458,0.027
40890,86768.96,20.52,-0.2117,-0.9151,-0.2097,-0.00,-0.60,-0.51,688.812,-23.458,0.027
40900,86771.21,20.52,-0.2287,-0.9414,-0.1566,0.05,-0.48,-0.26,688.578,-23.458,0.027
40910,86774.43,20.53,-0.2346,-0.9193,-0.2393,0.22,-0.76,-0.09,688.343,-23.458,0.027
40920,86778.25,20.53,-0.2038,-0.9492,-0.1909,0.08,-0.23,-0.68,688.108,-23.457,0.027
40930,86778.74,20.53,-0.2069,-0.9657,-0.1905,0.16,0.15,-0.39,687.874,-23.457,0.027
40940,86782.60,20.53,-0.2117,-0.9023,-0.1834,0.16,0.14,0.17,687.639,-23.457,0.027
40950,86785.41,20.53,-0.2403,-0.9400,-0.1550,0.60,0.09,-0.24,687.405,-23.456,0.027
40960,86786.54,20.53,-0.2608,-0.9517,-0.1988,0.52,-0.27,-0.37,687.170,-23.456,0.027
40970,86786.65,20.53,-0.2215,-0.9056,-0.2246,0.25,-0.43,0.07,686.936,-23.456,0.027
40980,86790.11,20.54,-0.2316,-0.9581,-0.1788,0.32,-0.36,-0.11,686.701,-23.456,0.027
40990,86794.89,20.54,-0.2288,-0.9494,-0.2014,-0.00,-0.05,0.57,686.466,-23.455,0.027
41000,86794.87,20.54,-0.2216,-0.9754,-0.1515,0.47,-0.28,-0.19,686.232,-23.455,0.027
41010,86797.40,20.54,-0.2171,-0.9398,-0.2013,-0.13,0.04,-0.23,685.997,-23.455,0.027
41020,86803.31,20.54,-0.2275,-0.9747,-0.2342,-0.13,-0.45,-0.57,685.763,-23.455,0.027
41030,86801.19,20.54,-0.2205,-0.9253,-0.1934,-0.03,-0.56,0.18,685.528,-23.454,0.027
41040,86806.83,20.55,-0.2273,-0.9088,-0.1810,0.14,-0.49,-0.04,685.294,-23.454,0.027
41050,86814.87,20.55,-0.2150,-0.9191,-0.2233,0.29,0.29,0.08,685.059,-23.454,0.027
41060,86815.21,20.55,-0.2234,-0.9791,-0.2033,0.25,-0.25,-0.30,684.825,-23.453,0.027
41070,86814.82,20.55,-0.2411,-0.9479,-0.2239,-0.03,-0.57,-0.39,684.590,-23.453,0.027
41080,86812.66,20.55,-0.2225,-0.9426,-0.1807,-0.17,-0.79,-0.34,684.356,-23.453,0.027
41090,86821.49,20.55,-0.2203,-0.9236,-0.1897,0.17,-0.49,0.02,684.121,-23.453,0.027
41100,86822.68,20.55,-0.2167,-0.9285,-0.2049,0.24,-0.37,-0.52,683.887,-23.452,0.027
41110,86825.39,20.56,-0.2323,-0.9097,-0.1645,-0.50,0.13,0.64,683.652,-23.452,0.027
41120,86830.34,20.56,-0.2462,-0.9025,-0.2007,0.75,-0.41,-0.45,683.417,-23.452,0.027
41130,86830.80,20.56,-0.2154,-0.9244,-0.1755,-0.01,-0.30,-0.63,683.183,-23.452,0.027
41140,86829.32,20.56,-0.2086,-0.9567,-0.1596,-0.01,0.02,0.05,682.948,-23.451,0.027
41150,86836.02,20.56,-0.1975,-0.9472,-0.2083,-0.22,-0.26,0.48,682.714,-23.451,0.027
41160,86839.14,20.56,-0.1985,-0.9148,-0.1605,0.12,0.06,0.02,682.479,-23.451,0.027
41170,86838.17,20.57,-0.2053,-0.9267,-0.1947,-0.05,-0.15,0.05,682.245,-23.450,0.027
41180,86842.19,20.57,-0.2050,-0.8977,-0.1893,0.58,0.10,0.01,682.010,-23.450,0.027
41190,86841.77,20.57,-0.2388,-0.9317,-0.1940,0.60,-0.17,-0.62,681.776,-23.450,0.027
41200,86842.95,20.57,-0.2297,-0.9408,-0.1678,0.69,-0.12,-0.23,681.541,-23.450,0.027
41210,86849.93,20.57,-0.2180,-0.9543,-0.2036,0.39,-0.65,-0.40,681.307,-23.449,0.027
41220,86854.63,20.57,-0.2561,-0.9144,-0.2150,-0.18,0.10,-0.63,681.072,-23.449,0.027
41230,86856.05,20.57,-0.2284,-0.9446,-0.1701,0.17,-0.20,-0.34,680.838,-23.449,0.027
41240,86853.80,20.58,-0.2604,-0.9334,-0.2219,-0.28,-0.48,-0.48,680.603,-23.449,0.027
41250,86858.70,20.58,-0.2340,-0.9408,-0.2523,-0.50,-0.02,0.10,680.369,-23.448,0.027
41260,86859.19,20.58,-0.2398,-0.9363,-0.2096,0.41,-0.15,-0.48,680.134,-23.448,0.027
41270,86868.80,20.58,-0.2540,-0.9367,-0.1638,-0.47,-0.54,-0.44,679.900,-23.448,0.027
41280,86866.37,20.58,-0.2266,-0.9120,-0.1772,-0.33,-0.46,-0.33,679.666,-23.447,0.027
41290,86870.43,20.58,-0.2136,-0.9769,-0.1824,-0.18,-0.23,0.12,679.431,-23.447,0.027
41300,86870.22,20.59,-0.2316,-0.9418,-0.2134,0.29,-0.51,0.10,679.197,-23.447,0.027
41310,86876.52,20.59,-0.2515,-0.9164,-0.2152,0.14,-0.33,-0.10,678.962,-23.447,0.027
41320,86874.47,20.59,-0.2447,-0.9147,-0.2122,0.04,-0.28,-0.41,678.728,-23.446,0.027
41330,86879.66,20.59,-0.2152,-0.9381,-0.1913,0.92,-0.56,-0.02,678.493,-23.446,0.027
41340,86882.23,20.59,-0.2220,-0.9240,-0.1744,0.37,-0.64,-0.39,678.259,-23.446,0.027
41350,86887.20,20.59,-0.2650,-0.9938,-0.2168,-0.12,-0.48,-0.49,678.024,-23.446,0.027
41360,86885.98,20.59,-0.2150,-0.9388,-0.1754,0.07,0.05,-0.05,677.790,-23.445,0.027
41370,86889.41,20.60,-0.2402,-0.8949,-0.2203,-0.01,-0.34,-0.19,677.555,-23.445,0.027
41380,86891.68,20.60,-0.2476,-0.9268,-0.1878,-0.06,0.06,-0.06,677.321,-23.445,0.027
41390,86896.88,20.60,-0.2033,-0.9514,-0.1956,0.40,-0.52,-0.09,677.086,-23.444,0.027
41400,86895.72,20.60,-0.2162,-0.9645,-0.1808,-0.33,-0.49,-0.36,676.852,-23.444,0.027
41410,86901.95,20.60,-0.2300,-0.9200,-0.1819,0.76,-0.28,-0.40,676.618,-23.444,0.027
41420,86901.07,20.60,-0.2268,-0.9380,-0.1880,-0.21,-0.54,-0.05,676.383,-23.444,0.027
41430,86907.99,20.61,-0.2185,-0.9447,-0.1557,0.33,-0.19,-0.03,676.149,-23.443,0.027
41440,86909.78,20.61,-0.2477,-0.8989,-0.1833,0.33,-0.22,-0.29,675.914,-23.443,0.027
41450,86912.89,20.61,-0.2387,-0.8897,-0.1917,0.09,-0.44,0.15,675.680,-23.443,0.027
41460,86914.84,20.61,-0.2245,-0.9295,-0.1729,-0.09,-0.28,-0.37,675.445,-23.443,0.027
41470,86919.70,20.61,-0.1853,-0.9532,-0.1850,-0.28,-0.56,0.13,675.211,-23.442,0.027
41480,86914.95,20.61,-0.2476,-0.9217,-0.2044,-0.19,-0.20,0.24,674.977,-23.442,0.027
41490,86919.44,20.61,-0.2285,-0.9344,-0.2047,0.15,-0.33,-0.41,674.742,-23.442,0.027
41500,86920.29,20.62,-0.2044,-0.9441,-0.2184,0.67,-0.00,-0.88,674.508,-23.441,0.027
41510,86922.48,20.62,-0.2230,-0.9215,-0.2105,-0.32,-0.48,0.11,674.273,-23.441,0.027
41520,86932.96,20.62,-0.2368,-0.9142,-0.1916,0.39,-0.50,-0.30,674.039,-23.441,0.027
41530,86927.76,20.62,-0.2169,-0.9423,-0.1917,-0.33,-0.19,-0.72,673.805,-23.441,0.027
41540,86936.44,20.62,-0.2434,-0.9080,-0.1913,0.51,-0.72,-0.54,673.570,-23.440,0.027
41550,86938.46,20.62,-0.2150,-0.9360,-0.1893,-0.28,-0.06,-0.83,673.336,-23.440,0.027
41560,86937.73,20.62,-0.1952,-0.9590,-0.1815,-0.34,0.00,-0.45,673.101,-23.440,0.027
41570,86936.65,20.63,-0.2586,-0.9513,-0.2151,-0.46,-0.06,-0.29,672.867,-23.440,0.027
41580,86943.92,20.63,-0.2092,-0.9372,-0.1655,0.12,-0.06,-0.17,672.633,-23.439,0.027
41590,86941.58,20.63,-0.1777,-0.9176,-0.1900,0.25,-0.26,-0.41,672.398,-23.439,0.027
41600,86947.41,20.63,-0.2286,-0.9141,-0.1943,0.08,0.50,0.09,672.164,-23.439,0.027
41610,86946.37,20.63,-0.2239,-0.9621,-0.2224,-0.48,-0.48,-0.15,671.929,-23.438,0.027
41620,86945.76,20.63,-0.1656,-0.9676,-0.2080,0.23,-0.62,-0.50,671.695,-23.438,0.027
41630,86953.75,20.64,-0.2158,-0.9366,-0.1898,-0.06,-0.22,-0.28,671.461,-23.438,0.027
41640,86954.71,20.64,-0.2584,-0.9690,-0.1751,0.19,0.05,-0.43,671.226,-23.438,0.027
41650,86958.50,20.64,-0.2346,-0.9475,-0.1645,0.36,-0.49,-0.43,670.992,-23.437,0.027
41660,86964.52,20.64,-0.2223,-0.9149,-0.2157,-0.33,-0.33,0.01,670.757,-23.437,0.027
41670,86964.82,20.64,-0.2740,-0.9361,-0.2056,0.35,-0.40,0.18,670.523,-23.437,0.027
41680,86968.76,20.64,-0.2607,-0.9442,-0.1456,0.64,-0.48,-0.31,670.289,-23.437,0.027
41690,86963.06,20.64,-0.2233,-0.9436,-0.2145,0.33,-0.04,-0.34,670.054,-23.436,0.027
41700,86970.52,20.65,-0.2553,-0.9355,-0.1434,0.34,0.05,0.04,669.820,-23.436,0.027
41710,86972.95,20.65,-0.2547,-0.9390,-0.2005,0.35,-0.82,-0.81,669.586,-23.436,0.027
41720,86976.04,20.65,-0.2266,-0.9245,-0.1863,0.16,-0.55,-0.15,669.351,-23.435,0.027
41730,86983.28,20.65,-0.2685,-0.9617,-0.2064,0.29,-0.34,0.32,669.117,-23.435,0.027
41740,86981.55,20.65,-0.1821,-0.9152,-0.1859,0.48,-0.32,-0.26,668.883,-23.435,0.027
41750,86984.82,20.65,-0.2316,-0.9343,-0.1810,0.32,-0.40,-0.19,668.648,-23.435,0.027
41760,86985.83,20.66,-0.2274,-0.9077,-0.1511,0.01,0.24,-0.25,668.414,-23.434,0.027
41770,86988.55,20.66,-0.1704,-0.9209,-0.1508,-0.24,-0.82,-0.61,668.180,-23.434,0.027
41780,86990.39,20.66,-0.2356,-0.9486,-0.2105,-0.06,0.09,0.12,667.945,-23.434,0.027
41790,86998.75,20.66,-0.2356,-0.9693,-0.1949,-0.16,-0.28,0.12,667.711,-23.434,0.027
41800,86997.00,20.66,-0.2626,-0.9521,-0.2132,0.05,0.05,-0.15,667.477,-23.433,0.027
41810,86999.75,20.66,-0.2020,-0.9515,-0.1791,0.16,-0.27,-0.27,667.242,-23.433,0.027
41820,87002.14,20.66,-0.2273,-0.9678,-0.1572,0.20,-0.37,0.21,667.008,-23.433,0.027
41830,87007.08,20.67,-0.2427,-0.8974,-0.1767,0.05,-0.23,-0.08,666.774,-23.432,0.027
41840,87007.61,20.67,-0.2325,-0.9224,-0.1721,0.47,-0.68,-0.49,666.539,-23.432,0.027
41850,87008.92,20.67,-0.1964,-0.9545,-0.1777,0.11,-0.41,-0.16,666.305,-23.432,0.027
41860,87013.62,20.67,-0.2429,-0.9229,-0.1909,0.31,-0.56,-0.61,666.071,-23.432,0.027
41870,87016.31,20.67,-0.2068,-0.9183,-0.1984,0.10,-0.61,-0.28,665.836,-23.431,0.027
41880,87015.02,20.67,-0.2310,-0.9536,-0.2171,0.50,-0.32,-0.10,665.602,-23.431,0.027
41890,87018.39,20.68,-0.2211,-0.9440,-0.1739,0.27,-0.07,-0.69,665.368,-23.431,0.027
41900,87020.36,20.68,-0.2455,-0.9313,-0.2056,0.38,-0.30,-0.46,665.133,-23.431,0.027
41910,87027.67,20.68,-0.2739,-0.9400,-0.1942,-0.02,0.33,-0.27,664.899,-23.430,0.027
41920,87023.81,20.68,-0.2253,-0.9265,-0.2019,0.10,-0.41,-0.04,664.665,-23.430,0.027
41930,87028.18,20.68,-0.2167,-0.9163,-0.2198,0.34,-0.38,0.01,664.430,-23.430,0.027
41940,87029.54,20.68,-0.2211,-0.9452,-0.1587,-0.08,-0.24,-0.60,664.196,-23.429,0.027
41950,87029.03,20.68,-0.1962,-0.9479,-0.1836,0.25,-0.01,-0.07,663.962,-23.429,0.027
41960,87031.75,20.69,-0.2176,-0.9412,-0.1560,0.24,-0.06,0.00,663.728,-23.429,0.027
41970,87040.23,20.69,-0.2473,-0.9547,-0.1448,0.12,-0.61,-1.08,663.493,-23.429,0.027
41980,87041.77,20.69,-0.2455,-0.9119,-0.1689,-0.00,0.41,-0.43,663.259,-23.428,0.027
41990,87045.04,20.69,-0.2218,-0.9769,-0.1964,0.22,-0.22,-0.30,663.025,-23.428,0.027
42000,87046.46,20.69,-0.2488,-0.9283,-0.2084,0.20,-0.28,0.21,662.790,-23.428,0.027
42010,87046.44,20.69,-0.2353,-0.9296,-0.1681,0.11,-0.51,-0.40,662.556,-23.428,0.027
42020,87051.28,20.69,-0.1997,-0.9400,-0.1671,-0.08,0.04,-0.11,662.322,-23.427,0.027
42030,87050.83,20.70,-0.2432,-0.9166,-0.1866,0.01,-0.18,-0.10,662.088,-23.427,0.027
42040,87055.84,20.70,-0.2897,-0.9187,-0.1637,-0.10,-0.32,0.41,661.853,-23.427,0.027
42050,87056.46,20.70,-0.2372,-0.9539,-0.1677,-0.12,0.12,0.04,661.619,-23.426,0.027
42060,87059.64,20.70,-0.2004,-0.9464,-0.1755,-0.13,-0.35,-0.01,661.385,-23.426,0.027
42070,87067.60,20.70,-0.2093,-0.9433,-0.1381,0.12,-0.45,-0.35,661.151,-23.426,0.027
42080,87066.94,20.70,-0.2269,-0.9550,-0.1921,0.27,-0.35,0.14,660.916,-23.426,0.027
42090,87067.97,20.71,-0.2055,-0.9317,-0.2128,-0.12,-0.32,-0.27,660.682,-23.425,0.027
42100,87074.58,20.71,-0.2818,-0.9509,-0.1775,0.10,-0.24,-0.11,660.448,-23.425,0.027
42110,87074.54,20.71,-0.1963,-0.9257,-0.1705,0.38,-0.18,-0.02,660.214,-23.425,0.027
42120,87075.45,20.71,-0.2322,-0.9238,-0.2099,-0.04,-0.41,0.01,659.979,-23.425,0.027
42130,87077.75,20.71,-0.2526,-0.9524,-0.1807,0.09,-0.71,-0.65,659.745,-23.424,0.027
42140,87082.39,20.71,-0.2592,-0.9350,-0.1410,-0.56,-0.37,-1.03,659.511,-23.424,0.027
42150,87082.09,20.71,-0.2180,-0.9189,-0.2033,-0.71,-0.44,-0.16,659.277,-23.424,0.027
42160,87086.21,20.72,-0.2189,-0.8854,-0.1853,-0.38,-0.61,-0.06,659.042,-23.423,0.027
42170,87089.08,20.72,-0.2389,-0.9144,-0.1627,-0.25,-0.54,0.05,658.808,-23.423,0.027
42180,87090.02,20.72,-0.2009,-0.9354,-0.1833,0.39,0.04,-0.04,658.574,-23.423,0.027
42190,87092.52,20.72,-0.2265,-0.9420,-0.2022,0.23,-0.66,-0.28,658.340,-23.423,0.027
42200,87096.26,20.72,-0.2282,-0.9170,-0.1650,0.17,0.02,-0.29,658.105,-23.422,0.027
42210,87094.37,20.72,-0.2276,-0.9685,-0.1923,0.13,-0.44,-0.12,657.871,-23.422,0.027
42220,87102.00,20.73,-0.1869,-0.9178,-0.1959,0.24,-0.54,-0.94,657.637,-23.422,0.027
42230,87101.98,20.73,-0.2035,-0.9378,-0.2262,0.48,-0.31,-0.65,657.403,-23.422,0.027
42240,87107.27,20.73,-0.2195,-0.9164,-0.1566,0.27,-0.16,-0.48,657.169,-23.421,0.027
42250,87109.93,20.73,-0.2330,-0.9349,-0.1779,-0.30,-0.46,0.05,656.934,-23.421,0.027
42260,87109.83,20.73,-0.2508,-0.9198,-0.1851,0.10,0.39,-0.10,656.700,-23.421,0.027
42270,87111.27,20.73,-0.2226,-0.9393,-0.1749,0.43,-0.19,-0.05,656.466,-23.420,0.027
42280,87116.45,20.73,-0.2245,-0.9464,-0.2004,-0.05,-0.26,-0.35,656.232,-23.420,0.027
42290,87120.95,20.74,-0.2430,-0.9332,-0.2255,0.41,-0.33,-0.55,655.998,-23.420,0.027
42300,87119.58,20.74,-0.2186,-0.9511,-0.2003,0.20,-0.00,-0.29,655.763,-23.420,0.027
42310,87125.48,20.74,-0.1691,-0.9110,-0.2053,0.31,-0.59,-0.19,655.529,-23.419,0.027
42320,87126.10,20.74,-0.2344,-0.9455,-0.1611,0.25,0.29,-0.27,655.295,-23.419,0.027
42330,87126.29,20.74,-0.2221,-0.9135,-0.1883,0.26,0.11,-0.38,655.061,-23.419,0.027
42340,87132.34,20.74,-0.2553,-0.9563,-0.1785,-0.41,0.47,-0.46,654.827,-23.419,0.027
42350,87131.07,20.75,-0.2209,-0.9415,-0.1856,-0.03,-0.57,-0.01,654.592,-23.418,0.027
42360,87137.98,20.75,-0.2156,-0.9539,-0.1887,-0.05,-0.12,-0.03,654.358,-23.418,0.027
42370,87138.95,20.75,-0.2192,-0.9055,-0.1729,0.03,-0.10,0.02,654.124,-23.418,0.027
42380,87140.07,20.75,-0.2246,-0.9501,-0.2006,0.49,-0.12,-0.29,653.890,-23.417,0.027
42390,87146.35,20.75,-0.2206,-0.9546,-0.2261,-0.10,-0.49,-0.49,653.656,-23.417,0.027
42400,87149.47,20.75,-0.2438,-0.9044,-0.1734,-0.16,-0.41,-0.37,653.422,-23.417,0.027
42410,87149.37,20.75,-0.2024,-0.8931,-0.2053,0.15,-0.25,-0.03,653.187,-23.417,0.027
42420,87149.14,20.76,-0.2164,-0.9216,-0.1635,0.22,-0.14,-0.20,652.953,-23.416,0.027
42430,87149.16,20.76,-0.2124,-0.9424,-0.1766,0.23,-0.38,0.32,652.719,-23.416,0.027
42440,87159.16,20.76,-0.2093,-0.9308,-0.2069,0.58,-0.76,-0.60,652.485,-23.416,0.027
42450,87156.77,20.76,-0.2108,-0.9262,-0.2125,0.13,-0.44,-0.67,652.251,-23.416,0.027
42460,87161.76,20.76,-0.2215,-0.9823,-0.2143,0.51,-0.31,0.00,652.017,-23.415,0.027
42470,87155.98,20.76,-0.2438,-0.9340,-0.1795,0.17,-0.53,0.09,651.782,-23.415,0.027
42480,87166.65,20.76,-0.2509,-0.9426,-0.1740,-0.05,-0.28,0.03,651.548,-23.415,0.027
42490,87169.73,20.77,-0.2245,-0.9199,-0.1673,0.73,-0.53,-0.05,651.314,-23.414,0.027
42500,87164.57,20.77,-0.2539,-0.9208,-0.2040,-0.31,-0.29,-0.21,651.080,-23.414,0.027
42510,87174.17,20.77,-0.2421,-0.9633,-0.1626,-0.07,-0.05,-0.73,650.846,-23.414,0.027
42520,87175.28,20.77,-0.2563,-0.9434,-0.1861,-0.40,-0.44,-0.30,650.612,-23.414,0.027
42530,87179.07,20.77,-0.2403,-0.9125,-0.2044,0.17,0.18,-0.34,650.378,-23.413,0.027
42540,87181.64,20.77,-0.2246,-0.9418,-0.1799,0.49,-0.32,-0.56,650.143,-23.413,0.027
42550,87183.35,20.78,-0.2184,-0.9535,-0.2142,-0.03,-0.30,0.18,649.909,-23.413,0.027
42560,87185.68,20.78,-0.1977,-0.9542,-0.2249,-0.40,0.29,-0.25,649.675,-23.413,0.027
42570,87186.93,20.78,-0.2163,-0.9571,-0.1598,0.26,-0.34,-0.45,649.441,-23.412,0.027
42580,87192.14,20.78,-0.2590,-0.9518,-0.1832,0.46,-0.02,0.26,649.207,-23.412,0.027
42590,87194.93,20.78,-0.2246,-0.9548,-0.1881,0.20,-0.11,-0.53,648.973,-23.412,0.027
42600,87194.44,20.78,-0.2403,-0.9357,-0.1606,0.40,-0.28,-0.00,648.739,-23.412,0.027
42610,87197.58,20.78,-0.2270,-0.9464,-0.2154,0.56,0.33,-0.97,648.505,-23.411,0.027
42620,87202.85,20.79,-0.2073,-0.9295,-0.2022,-0.20,-0.16,-0.20,648.270,-23.411,0.027
42630,87201.68,20.79,-0.2308,-0.9161,-0.1837,0.05,-0.41,0.47,648.036,-23.411,0.027
42640,87196.28,20.79,-0.2413,-0.9235,-0.1994,-0.24,-0.79,-0.06,647.802,-23.410,0.027
42650,87209.75,20.79,-0.2483,-0.9228,-0.2235,0.48,0.21,-0.04,647.568,-23.410,0.027
42660,87210.27,20.79,-0.2061,-0.9120,-0.2142,-0.40,-0.62,-0.33,647.334,-23.410,0.027
42670,87212.90,20.79,-0.2182,-0.9102,-0.1837,0.19,-0.72,0.23,647.100,-23.410,0.027
42680,87213.26,20.80,-0.2126,-0.9326,-0.1881,0.19,-0.13,-0.61,646.866,-23.409,0.027
42690,87219.06,20.80,-0.2200,-0.9288,-0.1862,0.17,0.01,-0.18,646.632,-23.409,0.027
42700,87219.43,20.80,-0.2415,-0.9146,-0.1377,0.88,0.03,-0.47,646.398,-23.409,0.027
42710,87225.90,20.80,-0.2428,-0.9264,-0.1720,0.06,-0.27,-0.02,646.164,-23.409,0.027
42720,87228.81,20.80,-0.2131,-0.9364,-0.1827,-0.31,0.09,-0.60,645.929,-23.408,0.027
42730,87226.95,20.80,-0.2440,-0.9483,-0.2316,-0.07,-0.74,-0.46,645.695,-23.408,0.027
42740,87229.47,20.80,-0.2038,-0.9119,-0.2119,0.22,-0.19,0.05,645.461,-23.408,0.027
42750,87235.70,20.81,-0.2283,-0.9517,-0.2092,0.58,-0.41,0.29,645.227,-23.407,0.027
42760,87237.66,20.81,-0.2206,-0.9215,-0.1775,0.20,-0.45,-0.70,644.993,-23.407,0.027
42770,87241.19,20.81,-0.2290,-0.9486,-0.1543,-0.13,-0.16,-0.12,644.759,-23.407,0.027
42780,87242.97,20.81,-0.2580,-0.9246,-0.1861,0.01,-0.06,-0.28,644.525,-23.407,0.027
42790,87245.42,20.81,-0.2657,-0.9250,-0.2349,0.15,-0.79,0.04,644.291,-23.406,0.027
42800,87239.94,20.81,-0.2655,-0.9741,-0.1906,0.20,-0.22,0.07,644.057,-23.406,0.027
42810,87247.71,20.82,-0.1946,-0.9246,-0.1874,-0.07,-0.12,0.26,643.823,-23.406,0.027
42820,87250.47,20.82,-0.2237,-0.9580,-0.2002,-0.46,-0.15,-0.36,643.589,-23.406,0.027
42830,87251.33,20.82,-0.2008,-0.9901,-0.1777,-0.15,-0.26,-0.63,643.355,-23.405,0.027
42840,87257.42,20.82,-0.2057,-0.9368,-0.2215,1.01,-0.28,-0.34,643.121,-23.405,0.027
42850,87260.04,20.82,-0.2378,-0.9026,-0.1769,0.59,-0.04,-0.37,642.887,-23.405,0.027
42860,87257.69,20.82,-0.2314,-0.9408,-0.2334,-0.35,0.56,-0.44,642.653,-23.404,0.027
42870,87267.21,20.82,-0.2101,-0.9505,-0.1988,-0.29,-0.05,0.18,642.419,-23.404,0.027
42880,87265.99,20.83,-0.2289,-0.9649,-0.1578,0.61,-0.10,-0.33,642.185,-23.404,0.027
42890,87269.54,20.83,-0.2027,-0.8974,-0.2259,0.54,0.18,-0.55,641.950,-23.404,0.027
42900,87279.61,20.83,-0.2225,-0.9109,-0.1859,0.30,-0.38,0.05,641.716,-23.403,0.027
42910,87271.63,20.83,-0.2270,-0.9510,-0.1504,0.43,-0.60,-0.47,641.482,-23.403,0.027
42920,87278.35,20.83,-0.2138,-0.9387,-0.2076,0.49,-0.02,-0.03,641.248,-23.403,0.027
42930,87275.43,20.83,-0.2214,-0.9042,-0.2343,-0.27,-0.50,0.35,641.014,-23.403,0.027
42940,87283.25,20.83,-0.1996,-0.9515,-0.1641,-0.12,-0.62,-0.23,640.780,-23.402,0.027
42950,87285.24,20.84,-0.2288,-0.9577,-0.1971,0.12,0.12,-0.01,640.546,-23.402,0.027
42960,87285.13,20.84,-0.2294,-0.9595,-0.2100,0.41,0.07,0.05,640.312,-23.402,0.027
42970,87287.86,20.84,-0.2050,-0.9306,-0.1981,0.33,0.23,-0.44,640.078,-23.401,0.027
42980,87288.88,20.84,-0.2399,-0.9430,-0.1991,0.21,-0.27,-0.36,639.844,-23.401,0.027
42990,87294.45,20.84,-0.2158,-0.9071,-0.2091,-0.36,-0.29,0.15,639.610,-23.401,0.027
43000,87291.19,20.84,-0.2266,-0.9327,-0.1746,-0.41,0.10,-0.54,639.376,-23.401,0.027
43010,87295.25,20.85,-0.2264,-0.9200,-0.1744,-0.22,-0.40,-0.59,639.142,-23.400,0.027
43020,87302.49,20.85,-0.2089,-0.9260,-0.1706,-0.24,-0.36,-0.25,638.908,-23.400,0.027
43030,87301.09,20.85,-0.2491,-0.9659,-0.1746,0.10,-0.03,-0.31,638.674,-23.400,0.027
43040,87307.54,20.85,-0.2233,-0.8814,-0.1694,0.12,0.24,-0.71,638.440,-23.400,0.027
43050,87305.06,20.85,-0.1945,-0.9339,-0.2120,0.10,-0.10,-0.39,638.206,-23.399,0.027
43060,87315.41,20.85,-0.2149,-0.9144,-0.1806,-0.39,0.08,-0.18,637.972,-23.399,0.027
43070,87314.28,20.85,-0.2281,-0.9297,-0.2193,0.12,-0.35,-0.29,637.738,-23.399,0.027
43080,87313.10,20.86,-0.2436,-0.9305,-0.2059,0.01,-0.43,-0.09,637.504,-23.398,0.027
43090,87315.56,20.86,-0.2398,-0.9667,-0.2051,0.09,-0.32,-0.59,637.270,-23.398,0.027
43100,87319.47,20.86,-0.1872,-0.9203,-0.1938,-0.08,-0.36,-0.47,637.036,-23.398,0.027
43110,87323.14,20.86,-0.1973,-0.9470,-0.1882,0.60,-0.19,-0.05,636.802,-23.398,0.027
43120,87330.30,20.86,-0.2191,-0.9522,-0.1891,0.51,-0.17,0.27,636.568,-23.397,0.027
43130,87329.39,20.86,-0.2097,-0.9357,-0.1975,0.06,-0.47,-0.43,636.334,-23.397,0.027
43140,87329.12,20.87,-0.2102,-0.9403,-0.1873,0.67,-0.27,-0.00,636.100,-23.397,0.027
43150,87333.24,20.87,-0.1894,-0.9359,-0.2036,0.35,0.00,-0.16,635.866,-23.397,0.027
43160,87336.24,20.87,-0.2108,-0.9289,-0.1605,-0.28,0.18,-0.52,635.632,-23.396,0.027
43170,87339.55,20.87,-0.1985,-0.9278,-0.1609,-0.03,-0.43,-0.24,635.399,-23.396,0.027
43180,87341.41,20.87,-0.2237,-0.9451,-0.1869,0.42,-0.24,-0.73,635.165,-23.396,0.027
43190,87340.46,20.87,-0.2301,-0.9105,-0.1798,-0.05,-0.51,0.29,634.931,-23.395,0.027
43200,87342.46,20.87,-0.1985,-0.9511,-0.1722,-0.22,0.17,-0.49,634.697,-23.395,0.027
43210,87353.01,20.88,-0.2141,-0.9681,-0.1690,-0.15,-0.54,-0.75,634.463,-23.395,0.027
43220,87353.69,20.88,-0.2190,-0.9473,-0.1673,0.24,-1.06,-0.76,634.229,-23.395,0.027
43230,87355.91,20.88,-0.2309,-0.9449,-0.2170,-0.45,-0.56,-0.34,633.995,-23.394,0.027
43240,87356.35,20.88,-0.2053,-0.9350,-0.1939,-0.33,-0.55,-0.01,633.761,-23.394,0.027
43250,87358.00,20.88,-0.2323,-0.9153,-0.2142,0.49,0.52,-0.41,633.527,-23.394,0.027
43260,87358.00,20.88,-0.2703,-0.9455,-0.1669,0.24,-0.02,-0.13,633.293,-23.394,0.027
43270,87366.47,20.89,-0.2097,-0.9299,-0.1793,0.16,-0.37,-0.40,633.059,-23.393,0.027
43280,87367.54,20.89,-0.1793,-0.9314,-0.1871,0.37,-0.35,-0.07,632.825,-23.393,0.027
43290,87370.29,20.89,-0.2414,-0.9104,-0.2030,0.32,-0.50,-0.04,632.591,-23.393,0.027
43300,87368.77,20.89,-0.2253,-0.9307,-0.1862,-0.12,-0.47,0.18,632.357,-23.393,0.027
43310,87368.70,20.89,-0.2182,-0.9452,-0.1869,0.48,-0.32,-0.35,632.123,-23.392,0.027
43320,87368.87,20.89,-0.2194,-0.9433,-0.1880,-0.19,-0.60,0.27,631.889,-23.392,0.027
43330,87381.54,20.89,-0.2309,-0.9257,-0.2234,-0.09,-0.65,-0.55,631.656,-23.392,0.027
43340,87380.15,20.90,-0.2359,-0.9391,-0.1893,-0.28,-0.59,-0.40,631.422,-23.391,0.027
43350,87384.30,20.90,-0.2351,-0.9380,-0.1849,0.05,-0.80,0.19,631.188,-23.391,0.027
43360,87388.75,20.90,-0.2167,-0.9490,-0.2029,-0.11,-0.05,-0.14,630.954,-23.391,0.027
43370,87387.80,20.90,-0.2273,-0.9320,-0.1744,0.06,-0.51,0.43,630.720,-23.391,0.027
43380,87387.16,20.90,-0.2108,-0.9231,-0.2080,0.17,-0.50,-0.28,630.486,-23.390,0.027
43390,87395.43,20.90,-0.1884,-0.9561,-0.1802,0.13,-0.23,-0.32,630.252,-23.390,0.027
43400,87396.31,20.90,-0.2158,-0.9334,-0.1927,-0.14,-0.64,-0.46,630.018,-23.390,0.027
43410,87397.25,20.91,-0.2208,-0.9180,-0.1830,0.16,-1.04,0.06,629.784,-23.390,0.027
43420,87403.64,20.91,-0.2299,-0.9531,-0.1721,-0.18,0.10,-0.55,629.550,-23.389,0.027
43430,87399.69,20.91,-0.2426,-0.9605,-0.1964,0.48,0.19,0.25,629.316,-23.389,0.027
43440,87411.28,20.91,-0.2286,-0.9463,-0.2034,-0.01,-0.47,-0.50,629.083,-23.389,0.027
43450,87408.89,20.91,-0.2663,-0.9166,-0.1983,-0.16,-0.26,-0.13,628.849,-23.388,0.027
43460,87413.54,20.91,-0.2460,-0.9513,-0.2094,-0.30,-0.06,0.06,628.615,-23.388,0.027
43470,87412.80,20.92,-0.2232,-0.9427,-0.1783,0.41,0.03,-0.13,628.381,-23.388,0.027
43480,87412.63,20.92,-0.2085,-0.9690,-0.1833,0.07,0.17,-0.49,628.147,-23.388,0.027
43490,87416.76,20.92,-0.2065,-0.9248,-0.1880,0.00,-0.49,-0.40,627.913,-23.387,0.027
43500,87421.58,20.92,-0.2271,-0.9199,-0.1782,0.51,-0.29,-0.81,627.679,-23.387,0.027
43510,87422.72,20.92,-0.2427,-0.9504,-0.1532,-0.04,-0.12,0.28,627.445,-23.387,0.027
43520,87429.94,20.92,-0.2119,-0.9264,-0.1944,0.31,-0.38,-1.10,627.212,-23.387,0.027
43530,87424.47,20.92,-0.2376,-0.9610,-0.1522,-0.07,-0.78,-0.74,626.978,-23.386,0.027
43540,87432.49,20.93,-0.2125,-0.8995,-0.2013,0.16,-0.27,-0.64,626.744,-23.386,0.027
43550,87435.70,20.93,-0.2222,-0.9448,-0.1858,0.01,-0.24,-0.38,626.510,-23.386,0.027
43560,87431.64,20.93,-0.2347,-0.9435,-0.1716,0.21,-0.16,0.02,626.276,-23.385,0.027
43570,87438.12,20.93,-0.2130,-0.9236,-0.1872,0.12,-0.18,-0.54,626.042,-23.385,0.027
43580,87441.22,20.93,-0.2213,-0.9735,-0.1777,-0.55,-0.02,-0.63,625.808,-23.385,0.027
43590,87439.04,20.93,-0.2397,-0.9361,-0.2167,0.39,-0.26,-0.40,625.575,-23.385,0.027
43600,87447.47,20.94,-0.2540,-0.9064,-0.2116,-0.51,-0.56,-0.58,625.341,-23.384,0.027
43610,87450.77,20.94,-0.2405,-0.9209,-0.1781,0.27,-0.95,-0.48,625.107,-23.384,0.027
43620,87452.74,20.94,-0.2439,-0.9388,-0.2216,-0.15,-0.99,-0.75,624.873,-23.384,0.027
43630,87454.89,20.94,-0.2395,-0.9168,-0.1834,-0.06,-0.46,-0.69,624.639,-23.384,0.027
43640,87456.52,20.94,-0.2715,-0.9604,-0.1778,0.37,-0.36,-0.12,624.405,-23.383,0.027
43650,87455.95,20.94,-0.1963,-0.8865,-0.2084,0.36,-0.40,-0.41,624.172,-23.383,0.027
43660,87459.27,20.94,-0.1997,-0.9632,-0.2329,0.49,-0.40,0.13,623.938,-23.383,0.027
43670,87461.80,20.95,-0.2250,-0.9489,-0.1867,0.24,-0.00,0.06,623.704,-23.382,0.027
43680,87462.02,20.95,-0.2322,-0.9509,-0.1982,0.01,-0.03,-0.51,623.470,-23.382,0.027
43690,87468.60,20.95,-0.2062,-0.9609,-0.2471,0.25,-0.14,-0.14,623.236,-23.382,0.027
43700,87468.83,20.95,-0.2395,-0.9497,-0.1967,-0.12,-0.42,-0.26,623.002,-23.382,0.027
43710,87473.16,20.95,-0.2270,-0.9485,-0.1601,0.08,0.12,0.27,622.769,-23.381,0.027
43720,87477.47,20.95,-0.2368,-0.9571,-0.1923,0.02,-0.08,-0.33,622.535,-23.381,0.027
43730,87477.49,20.96,-0.2472,-0.9171,-0.2003,0.11,0.21,-0.41,622.301,-23.381,0.027
43740,87475.27,20.96,-0.2490,-0.9457,-0.1585,-0.18,-0.19,-0.01,622.067,-23.381,0.027
43750,87482.34,20.96,-0.2262,-0.9493,-0.1886,-0.05,0.05,-0.17,621.833,-23.380,0.027
43760,87485.71,20.96,-0.2459,-0.9373,-0.1979,0.36,-0.44,-0.27,621.600,-23.380,0.027
43770,87487.16,20.96,-0.2236,-0.9125,-0.1956,0.20,-0.27,-0.14,621.366,-23.380,0.027
43780,87489.74,20.96,-0.1898,-0.9761,-0.1708,0.57,-0.14,-0.48,621.132,-23.380,0.027
43790,87492.60,20.96,-0.1891,-0.9145,-0.2005,0.12,-0.27,-0.36,620.898,-23.379,0.027
43800,87494.91,20.97,-0.2427,-0.9312,-0.1617,0.57,-0.23,-0.45,620.664,-23.379,0.027
43810,87493.96,20.97,-0.2471,-0.9422,-0.1800,0.25,-0.48,-0.46,620.431,-23.379,0.027
43820,87502.97,20.97,-0.2209,-0.8993,-0.1797,-0.03,-0.02,0.14,620.197,-23.378,0.027
43830,87502.76,20.97,-0.2298,-0.9626,-0.1865,0.12,-0.40,-0.75,619.963,-23.378,0.027
43840,87501.28,20.97,-0.2205,-0.9656,-0.1871,-0.13,-0.13,0.25,619.729,-23.378,0.027
43850,87505.20,20.97,-0.2310,-0.9256,-0.1945,0.56,-0.04,0.09,619.496,-23.378,0.027
43860,87507.80,20.97,-0.2326,-0.9628,-0.1867,0.37,-0.13,-0.38,619.262,-23.377,0.027
43870,87515.36,20.98,-0.2550,-0.9407,-0.1659,0.22,-0.41,0.26,619.028,-23.377,0.027
43880,87514.99,20.98,-0.2195,-0.9059,-0.1791,0.24,-0.27,-0.30,618.794,-23.377,0.027
43890,87518.28,20.98,-0.2243,-0.9356,-0.2140,-0.13,-0.49,-0.14,618.560,-23.377,0.027
43900,87519.80,20.98,-0.2295,-0.9475,-0.1710,0.27,-0.75,0.23,618.327,-23.376,0.027
43910,87522.31,20.98,-0.1956,-0.9433,-0.2080,0.02,-0.37,-0.55,618.093,-23.376,0.027
43920,87523.46,20.98,-0.2291,-0.9487,-0.2178,-0.09,-0.18,0.31,617.859,-23.376,0.027
43930,87525.77,20.99,-0.1944,-0.9690,-0.2342,0.35,-0.24,-0.35,617.625,-23.375,0.027
43940,87531.51,20.99,-0.2339,-0.9422,-0.2047,0.05,-0.60,-0.21,617.392,-23.375,0.027
43950,87532.28,20.99,-0.2332,-0.9573,-0.1729,0.27,0.12,-0.48,617.158,-23.375,0.027
43960,87540.94,20.99,-0.2534,-0.9315,-0.1787,0.10,-0.61,-0.15,616.924,-23.375,0.027
43970,87531.81,20.99,-0.2475,-0.9245,-0.1796,0.58,0.29,0.09,616.690,-23.374,0.027
43980,87537.97,20.99,-0.2429,-0.9271,-0.1780,-0.41,0.03,-0.03,616.457,-23.374,0.027
43990,87541.06,20.99,-0.2216,-0.9390,-0.2199,-0.17,0.44,-0.22,616.223,-23.374,0.027
44000,87541.14,21.00,-0.2194,-0.9079,-0.1706,-0.17,-0.22,0.10,615.989,-23.374,0.027
44010,87544.09,21.00,-0.2055,-0.9237,-0.1984,0.21,0.25,-0.22,615.755,-23.373,0.027
44020,87549.70,21.00,-0.2144,-0.8987,-0.1622,0.17,-0.52,-0.31,615.522,-23.373,0.027
44030,87553.68,21.00,-0.2522,-0.9412,-0.1679,-0.08,-0.60,-0.52,615.288,-23.373,0.027
44040,87554.15,21.00,-0.2327,-0.9319,-0.1852,-0.15,-0.38,-0.32,615.054,-23.372,0.027
44050,87556.99,21.00,-0.2440,-0.9352,-0.1538,0.31,-0.09,-0.24,614.821,-23.372,0.027
44060,87559.24,21.01,-0.2640,-0.9640,-0.2091,0.05,0.13,-0.20,614.587,-23.372,0.027
44070,87562.58,21.01,-0.2086,-0.9234,-0.1770,0.05,-0.37,0.36,614.353,-23.372,0.027
44080,87562.99,21.01,-0.2603,-0.9370,-0.1629,0.06,-0.72,0.22,614.119,-23.371,0.027
44090,87569.73,21.01,-0.2395,-0.9290,-0.1819,-0.52,-0.06,0.25,613.886,-23.371,0.027
44100,87573.00,21.01,-0.1912,-0.9205,-0.1712,0.35,-0.18,-0.06,613.652,-23.371,0.027
44110,87573.10,21.01,-0.2262,-0.9319,-0.1611,-0.22,-0.19,-0.29,613.418,-23.371,0.027
44120,87574.61,21.01,-0.2156,-0.9399,-0.1906,0.19,-1.25,-0.08,613.185,-23.370,0.027
44130,87577.87,21.02,-0.2355,-0.9367,-0.1902,0.12,-0.06,-0.32,612.951,-23.370,0.027
44140,87582.32,21.02,-0.2129,-0.9207,-0.1938,0.15,0.25,0.06,612.717,-23.370,0.027
44150,87583.69,21.02,-0.2162,-0.9508,-0.1810,-0.16,-0.48,-0.43,612.483,-23.369,0.027
44160,87586.20,21.02,-0.2135,-0.9549,-0.2013,0.31,-0.07,-0.10,612.250,-23.369,0.027
44170,87586.65,21.02,-0.2166,-0.9096,-0.1999,-0.02,-0.03,-0.58,612.016,-23.369,0.027
44180,87590.13,21.02,-0.2120,-0.9659,-0.1720,0.10,-0.12,-0.56,611.782,-23.369,0.027
44190,87592.12,21.02,-0.2482,-0.9424,-0.1880,-0.07,-0.23,-0.43,611.549,-23.368,0.027
44200,87588.20,21.03,-0.2594,-0.9235,-0.1842,-0.02,-0.23,0.12,611.315,-23.368,0.027
44210,87594.93,21.03,-0.1864,-0.9889,-0.1837,0.20,-0.36,-0.17,611.081,-23.368,0.027
44220,87597.86,21.03,-0.2091,-0.9380,-0.1724,0.35,-0.38,-0.71,610.848,-23.368,0.027
44230,87603.51,21.03,-0.2365,-0.9478,-0.2094,-0.29,-0.41,0.28,610.614,-23.367,0.027
44240,87606.46,21.03,-0.2340,-0.9080,-0.1921,0.06,-0.37,-0.25,610.380,-23.367,0.027
44250,87609.02,21.03,-0.2289,-0.9455,-0.1877,-0.20,0.23,0.33,610.147,-23.367,0.027
44260,87607.21,21.04,-0.2054,-0.9560,-0.1816,-0.23,-0.32,-0.06,609.913,-23.367,0.027
44270,87612.41,21.04,-0.2395,-0.9284,-0.1935,0.17,-0.24,0.07,609.679,-23.366,0.027
44280,87618.39,21.04,-0.2415,-0.9071,-0.1877,-0.05,-0.02,-0.82,609.446,-23.366,0.027
44290,87618.52,21.04,-0.2314,-0.9304,-0.1799,-0.24,0.33,0.15,609.212,-23.366,0.027
44300,87618.91,21.04,-0.2265,-0.9512,-0.1762,-0.03,-0.58,-0.33,608.978,-23.365,0.027
44310,87619.70,21.04,-0.2120,-0.9382,-0.2283,-0.32,-0.15,-0.48,608.745,-23.365,0.027
44320,87621.67,21.04,-0.2156,-0.9158,-0.1797,0.61,0.12,0.32,608.511,-23.365,0.027
44330,87625.48,21.05,-0.2285,-0.9318,-0.1883,0.24,-0.19,-0.03,608.277,-23.365,0.027
44340,87633.06,21.05,-0.1972,-0.9503,-0.1748,-0.28,-0.39,-0.32,608.044,-23.364,0.027
44350,87635.73,21.05,-0.2059,-0.9332,-0.1934,-0.37,-0.18,-0.25,607.810,-23.364,0.027
44360,87633.11,21.05,-0.2496,-0.9424,-0.1916,0.20,-0.58,0.15,607.576,-23.364,0.027
44370,87639.44,21.05,-0.2166,-0.9453,-0.1738,-0.03,-0.28,0.11,607.343,-23.364,0.027
44380,87637.12,21.05,-0.2324,-0.9070,-0.1923,0.52,0.21,-0.19,607.109,-23.363,0.027
44390,87643.93,21.06,-0.2175,-0.9110,-0.2220,-0.31,-0.47,-0.33,606.876,-23.363,0.027
44400,87645.80,21.06,-0.2423,-0.9356,-0.1550,-0.10,-0.39,-0.22,606.642,-23.363,0.027
44410,87648.79,21.06,-0.2117,-0.9344,-0.1502,-0.32,-0.37,-0.08,606.408,-23.362,0.027
44420,87644.72,21.06,-0.2336,-0.9475,-0.1875,0.20,-0.08,-0.39,606.175,-23.362,0.027
44430,87649.10,21.06,-0.2325,-0.9600,-0.2177,-0.06,-0.08,-0.41,605.941,-23.362,0.027
44440,87657.77,21.06,-0.2061,-0.9411,-0.1948,0.42,-0.32,-0.03,605.707,-23.362,0.027
44450,87653.51,21.06,-0.2087,-0.9318,-0.1794,0.51,0.16,-0.14,605.474,-23.361,0.027
44460,87657.22,21.07,-0.2173,-0.9136,-0.2035,0.27,-0.23,0.04,605.240,-23.361,0.027
44470,87659.11,21.07,-0.2181,-0.9276,-0.2015,0.22,-0.44,0.04,605.007,-23.361,0.027
44480,87663.47,21.07,-0.2306,-0.9505,-0.1996,0.11,-0.47,0.05,604.773,-23.361,0.027
44490,87665.76,21.07,-0.2155,-0.9305,-0.2100,0.09,0.02,-0.01,604.539,-23.360,0.027
44500,87666.21,21.07,-0.2242,-0.9718,-0.1975,0.47,-0.38,-0.97,604.306,-23.360,0.027
44510,87669.16,21.07,-0.2590,-0.9244,-0.1926,-0.37,-0.12,-0.24,604.072,-23.360,0.027
44520,87677.15,21.08,-0.2108,-0.9112,-0.1544,-0.05,0.10,-0.48,603.839,-23.359,0.027
44530,87670.59,21.08,-0.2037,-0.9487,-0.2028,0.06,-0.04,-0.20,603.605,-23.359,0.027
44540,87677.89,21.08,-0.2400,-0.9397,-0.2062,-0.14,-0.15,-0.04,603.371,-23.359,0.027
44550,87682.59,21.08,-0.2366,-0.9152,-0.1955,0.17,-0.21,-0.41,603.138,-23.359,0.027
44560,87684.36,21.08,-0.2071,-0.9379,-0.1939,0.53,-0.47,-0.35,602.904,-23.358,0.027
44570,87681.85,21.08,-0.2259,-0.9382,-0.1920,-0.64,-0.76,-0.19,602.671,-23.358,0.027
44580,87686.94,21.08,-0.2817,-0.9194,-0.1832,-0.02,-1.09,0.49,602.437,-23.358,0.027
44590,87695.86,21.09,-0.2246,-0.9593,-0.2023,-0.28,-0.46,-0.16,602.203,-23.358,0.027
44600,87694.27,21.09,-0.2519,-0.9328,-0.1759,0.30,-0.32,-0.47,601.970,-23.357,0.027
44610,87701.17,21.09,-0.2174,-0.9333,-0.1830,0.42,-0.21,-0.04,601.736,-23.357,0.027
44620,87698.16,21.09,-0.2375,-0.9538,-0.1853,-0.07,-0.25,-0.26,601.503,-23.357,0.027
44630,87704.22,21.09,-0.2590,-0.9506,-0.1770,0.34,-0.55,-0.24,601.269,-23.357,0.027
44640,87707.85,21.09,-0.2504,-0.9629,-0.2018,-0.39,-0.27,-0.96,601.036,-23.356,0.027
44650,87708.83,21.09,-0.2426,-0.9039,-0.2001,0.37,-1.20,-0.32,600.802,-23.356,0.027
44660,87709.41,21.10,-0.1699,-0.9852,-0.1780,0.12,0.42,-0.15,600.569,-23.356,0.027
44670,87710.03,21.10,-0.2314,-0.8915,-0.1925,-0.16,-0.66,-0.13,600.335,-23.355,0.027
44680,87713.30,21.10,-0.2437,-0.9312,-0.1857,0.23,-0.41,-0.16,600.101,-23.355,0.027
44690,87722.58,21.10,-0.2392,-0.9549,-0.1738,0.02,-0.84,-0.71,599.868,-23.355,0.027
44700,87720.78,21.10,-0.2732,-0.9552,-0.1487,0.36,-0.64,-0.24,599.634,-23.355,0.027
44710,87721.60,21.10,-0.2270,-0.9074,-0.1987,-0.15,-0.41,-0.02,599.401,-23.354,0.027
44720,87719.55,21.11,-0.2212,-0.9428,-0.1483,-0.21,-0.52,-0.12,599.167,-23.354,0.027
44730,87730.43,21.11,-0.2465,-0.9417,-0.1876,-0.28,0.05,0.30,598.934,-23.354,0.027
44740,87729.00,21.11,-0.2209,-0.9256,-0.1675,0.43,-0.38,-0.12,598.700,-23.354,0.027
44750,87729.48,21.11,-0.2272,-0.9334,-0.1935,0.37,-0.35,-0.13,598.467,-23.353,0.027
44760,87734.85,21.11,-0.2614,-0.9236,-0.1754,-0.52,0.12,-0.12,598.233,-23.353,0.027
44770,87739.00,21.11,-0.2412,-0.9361,-0.1381,-0.14,0.10,-0.56,598.000,-23.353,0.027
44780,87736.18,21.11,-0.2123,-0.9669,-0.1890,-0.59,-0.43,-0.08,597.766,-23.352,0.027
44790,87740.83,21.12,-0.2848,-0.9427,-0.1678,0.59,-0.22,0.41,597.533,-23.352,0.027
44800,87745.27,21.12,-0.2110,-0.9026,-0.2317,0.29,-0.50,0.35,597.299,-23.352,0.027
44810,87745.51,21.12,-0.2378,-0.9344,-0.1616,0.11,-0.14,-0.08,597.065,-23.352,0.027
44820,87746.62,21.12,-0.2406,-0.9683,-0.1850,0.09,0.01,0.02,596.832,-23.351,0.027
44830,87754.37,21.12,-0.2003,-0.9203,-0.1844,0.17,-0.18,-0.24,596.598,-23.351,0.027
44840,87749.45,21.12,-0.2411,-0.9320,-0.2293,-0.03,-0.46,-0.28,596.365,-23.351,0.027
44850,87751.87,21.13,-0.2408,-0.9463,-0.2037,0.02,-0.23,-0.48,596.131,-23.351,0.027
44860,87760.10,21.13,-0.2149,-0.8976,-0.1695,0.17,0.00,0.07,595.898,-23.350,0.027
44870,87763.81,21.13,-0.2183,-0.9496,-0.1891,-0.12,-0.28,0.07,595.664,-23.350,0.027
44880,87761.94,21.13,-0.2115,-0.9347,-0.2206,-0.27,-0.30,0.22,595.431,-23.350,0.027
44890,87764.49,21.13,-0.2323,-0.9193,-0.1963,-0.12,-0.41,-0.59,595.197,-23.349,0.027
44900,87764.17,21.13,-0.2621,-0.9330,-0.1751,0.20,-0.18,-0.51,594.964,-23.349,0.027
44910,87771.12,21.13,-0.2200,-0.9375,-0.1823,0.24,-0.16,-0.44,594.730,-23.349,0.027
44920,87771.79,21.14,-0.2150,-0.9390,-0.2158,0.08,-0.94,-0.17,594.497,-23.349,0.027
44930,87774.54,21.14,-0.1793,-0.9264,-0.2042,-0.12,-0.37,-0.58,594.263,-23.348,0.027
44940,87781.13,21.14,-0.2637,-0.9615,-0.1530,0.06,-0.32,-0.22,594.030,-23.348,0.027
44950,87781.45,21.14,-0.2182,-0.9485,-0.1718,0.14,-0.15,-0.14,593.797,-23.348,0.027
44960,87784.04,21.14,-0.2309,-0.9312,-0.1739,0.40,-0.18,-0.10,593.563,-23.348,0.027
44970,87785.73,21.14,-0.2231,-0.9149,-0.1522,-0.12,-0.49,0.03,593.330,-23.347,0.027
44980,87790.70,21.14,-0.2159,-0.9559,-0.1718,0.01,-0.10,0.36,593.096,-23.347,0.027
44990,87793.61,21.15,-0.2562,-0.9056,-0.1726,0.05,-0.45,-0.09,592.863,-23.347,0.027
45000,87794.74,21.15,-0.2485,-0.9195,-0.2031,0.46,-0.64,-0.45,592.629,-23.347,0.027
45010,87797.21,21.15,-0.2270,-0.9084,-0.2095,0.60,-0.31,-0.39,592.396,-23.346,0.027
45020,87800.25,21.15,-0.1966,-0.9461,-0.1837,-0.20,-0.63,-0.73,592.162,-23.346,0.027
45030,87803.35,21.15,-0.2438,-0.9212,-0.1697,-0.41,0.41,-0.36,591.929,-23.346,0.027
45040,87808.82,21.15,-0.2267,-0.9355,-0.1949,0.15,-0.35,-0.36,591.695,-23.345,0.027
45050,87802.82,21.16,-0.2696,-0.9178,-0.1689,-0.01,-0.50,0.25,591.462,-23.345,0.027
45060,87805.34,21.16,-0.2137,-0.9815,-0.1754,-0.15,-0.36,-0.38,591.228,-23.345,0.027
45070,87816.97,21.16,-0.2377,-0.9286,-0.1873,0.09,-0.35,0.10,590.995,-23.345,0.027
45080,87814.35,21.16,-0.2045,-0.8940,-0.2289,0.71,-0.41,0.33,590.762,-23.344,0.027
45090,87818.03,21.16,-0.2162,-0.9374,-0.1801,0.06,-0.00,-0.43,590.528,-23.344,0.027
45100,87819.84,21.16,-0.2178,-0.9348,-0.1693,-0.29,0.01,0.17,590.295,-23.344,0.027
45110,87823.85,21.16,-0.2279,-0.9219,-0.1859,-0.07,-0.47,-0.47,590.061,-23.344,0.027
45120,87822.98,21.17,-0.2607,-0.9431,-0.1866,-0.28,-0.99,-0.22,589.828,-23.343,0.027
45130,87829.92,21.17,-0.2423,-0.9453,-0.1910,0.28,0.12,0.15,589.594,-23.343,0.027
45140,87828.61,21.17,-0.2360,-0.9462,-0.2118,0.16,-0.72,-0.01,589.361,-23.343,0.027
45150,87832.34,21.17,-0.2406,-0.9358,-0.1819,0.38,-0.68,0.17,589.127,-23.342,0.027
45160,87834.31,21.17,-0.2200,-0.9066,-0.1932,0.39,-0.34,0.18,588.894,-23.342,0.027
45170,87838.60,21.17,-0.2044,-0.9575,-0.1667,-0.09,0.17,-0.36,588.661,-23.342,0.027
45180,87835.69,21.18,-0.2125,-0.9375,-0.2007,0.08,-0.13,-0.62,588.427,-23.342,0.027
45190,87842.65,21.18,-0.2001,-0.9406,-0.2017,-0.32,-0.31,-0.12,588.194,-23.341,0.027
45200,87847.43,21.18,-0.2462,-0.9043,-0.1674,-0.10,-0.02,0.07,587.960,-23.341,0.027
45210,87844.97,21.18,-0.2203,-0.9134,-0.2227,0.22,-0.31,-0.33,587.727,-23.341,0.027
45220,87848.22,21.18,-0.2183,-0.9503,-0.1405,-0.16,-0.44,0.03,587.494,-23.341,0.027
45230,87850.90,21.18,-0.2359,-0.9546,-0.2071,0.15,-0.39,-0.13,587.260,-23.340,0.027
45240,87855.66,21.18,-0.2100,-0.9501,-0.1831,0.65,-0.48,-0.38,587.027,-23.340,0.027
45250,87858.11,21.19,-0.2522,-0.9313,-0.1854,0.60,-0.07,-0.06,586.793,-23.340,0.027
45260,87858.05,21.19,-0.2231,-0.9259,-0.1867,-0.14,-0.39,-0.01,586.560,-23.340,0.027
45270,87857.57,21.19,-0.2090,-0.9417,-0.2085,-0.32,-0.25,-0.25,586.327,-23.339,0.027
45280,87863.03,21.19,-0.2442,-0.9519,-0.1979,0.18,-0.44,-0.26,586.093,-23.339,0.027
45290,87864.35,21.19,-0.2353,-0.9271,-0.1554,0.53,0.10,-0.39,585.860,-23.339,0.027
45300,87869.97,21.19,-0.2182,-0.9169,-0.1613,0.35,-0.35,-0.07,585.626,-23.338,0.027
45310,87872.12,21.19,-0.2108,-0.9245,-0.1795,0.51,-0.30,0.31,585.393,-23.338,0.027
45320,87874.84,21.20,-0.1918,-0.9466,-0.1687,0.31,-0.07,-0.24,585.160,-23.338,0.027
45330,87875.53,21.20,-0.2076,-0.9419,-0.1822,-0.38,-0.42,-0.52,584.926,-23.338,0.027
45340,87877.78,21.20,-0.1856,-0.9200,-0.1936,0.57,-0.25,-0.34,584.693,-23.337,0.027
45350,87880.71,21.20,-0.2571,-0.9638,-0.2400,0.23,-0.26,-0.45,584.460,-23.337,0.027
45360,87881.53,21.20,-0.2123,-0.9193,-0.1705,-0.03,-0.73,-0.12,584.226,-23.337,0.027
45370,87886.48,21.20,-0.2328,-0.9393,-0.1861,0.37,-0.67,-0.54,583.993,-23.337,0.027
45380,87889.19,21.21,-0.2127,-0.9831,-0.2207,0.05,-0.13,-0.14,583.759,-23.336,0.027
45390,87893.41,21.21,-0.2632,-0.9603,-0.1865,-0.23,0.24,-0.25,583.526,-23.336,0.027
45400,87893.92,21.21,-0.2628,-0.8988,-0.2244,0.05,0.40,-0.71,583.293,-23.336,0.027
45410,87901.62,21.21,-0.2634,-0.9030,-0.2110,0.02,-0.25,-0.74,583.059,-23.335,0.027
45420,87901.13,21.21,-0.2226,-0.9595,-0.1573,-0.08,-0.16,-0.19,582.826,-23.335,0.027
45430,87900.85,21.21,-0.2258,-0.9631,-0.1922,0.44,-0.42,-0.14,582.593,-23.335,0.027
45440,87901.35,21.21,-0.1994,-0.9429,-0.1584,0.22,-0.23,-0.32,582.359,-23.335,0.027
45450,87907.54,21.22,-0.1841,-0.9402,-0.1874,-0.35,-0.14,0.11,582.126,-23.334,0.027
45460,87910.28,21.22,-0.1913,-0.9068,-0.2058,-0.05,0.09,-0.38,581.893,-23.334,0.027
45470,87908.76,21.22,-0.2111,-0.9130,-0.1828,0.32,-0.19,-0.12,581.659,-23.334,0.027
45480,87911.89,21.22,-0.2259,-0.9147,-0.2093,0.42,0.20,-0.35,581.426,-23.334,0.027
45490,87912.96,21.22,-0.2239,-0.9455,-0.1710,-0.44,0.06,-0.31,581.193,-23.333,0.027
45500,87918.00,21.22,-0.2309,-0.9627,-0.1812,0.13,-0.44,-0.78,580.959,-23.333,0.027
45510,87920.52,21.23,-0.2223,-0.9251,-0.2148,0.22,-0.60,-0.12,580.726,-23.333,0.027
45520,87921.14,21.23,-0.2381,-0.9648,-0.1593,-0.19,-0.16,-0.18,580.493,-23.333,0.027
45530,87928.32,21.23,-0.2149,-0.9259,-0.2111,0.26,-0.66,-0.34,580.259,-23.332,0.027
45540,87928.92,21.23,-0.2379,-0.9282,-0.1994,0.06,-0.70,-0.33,580.026,-23.332,0.027
45550,87929.82,21.23,-0.2246,-0.9209,-0.1935,-0.21,0.38,-0.41,579.793,-23.332,0.027
45560,87931.92,21.23,-0.2381,-0.9327,-0.1946,-0.16,-0.25,0.25,579.559,-23.331,0.027
45570,87936.51,21.23,-0.2417,-0.9220,-0.1750,-0.20,-0.18,-0.63,579.326,-23.331,0.027
45580,87932.90,21.24,-0.2607,-0.9202,-0.1886,0.61,-0.20,-0.24,579.093,-23.331,0.027
45590,87941.54,21.24,-0.2119,-0.9123,-0.1954,0.24,-0.20,-0.19,578.859,-23.331,0.027
45600,87945.48,21.24,-0.1912,-0.9182,-0.2164,-0.34,-0.10,-0.26,578.626,-23.330,0.027
45610,87946.40,21.24,-0.2057,-0.9127,-0.1886,0.04,-0.24,-0.23,578.393,-23.330,0.027
45620,87945.04,21.24,-0.2432,-0.9421,-0.2378,0.07,-0.71,0.31,578.160,-23.330,0.027
45630,87950.99,21.24,-0.2449,-0.9367,-0.1914,0.26,0.08,-0.95,577.926,-23.330,0.027
45640,87953.61,21.24,-0.2317,-0.9297,-0.1798,-0.07,-0.87,-0.12,577.693,-23.329,0.027
45650,87955.37,21.25,-0.2552,-0.8875,-0.2256,0.40,-0.23,0.16,577.460,-23.329,0.027
45660,87961.29,21.25,-0.2590,-0.9650,-0.1972,0.19,0.36,-0.58,577.226,-23.329,0.027
45670,87963.70,21.25,-0.2373,-0.9296,-0.1932,0.26,0.11,-0.86,576.993,-23.328,0.027
45680,87962.92,21.25,-0.2375,-0.9415,-0.1877,0.03,0.33,0.32,576.760,-23.328,0.027
45690,87968.71,21.25,-0.2174,-0.8998,-0.2103,0.35,-0.10,-0.04,576.526,-23.328,0.027
45700,87966.44,21.25,-0.2231,-0.9313,-0.2330,0.00,-0.04,-0.46,576.293,-23.328,0.027
45710,87970.74,21.26,-0.1975,-0.9326,-0.2049,-0.20,-0.67,-0.12,576.060,-23.327,0.027
45720,87972.09,21.26,-0.2401,-0.8912,-0.1662,0.44,-0.26,-0.15,575.827,-23.327,0.027
45730,87978.58,21.26,-0.1943,-0.9339,-0.2166,0.59,0.14,-0.21,575.593,-23.327,0.027
45740,87981.19,21.26,-0.2285,-0.9250,-0.1550,0.44,-0.15,-0.15,575.360,-23.327,0.027
45750,87981.26,21.26,-0.2377,-0.9729,-0.1838,0.29,0.31,-0.38,575.127,-23.326,0.027
45760,87985.13,21.26,-0.2525,-0.9675,-0.2156,0.41,-0.19,-0.13,574.894,-23.326,0.027
45770,87987.20,21.26,-0.2158,-0.9353,-0.2164,-0.17,-0.40,0.09,574.660,-23.326,0.027
45780,87989.46,21.27,-0.2238,-0.9335,-0.1781,0.35,-0.24,-0.50,574.427,-23.326,0.027
45790,87994.55,21.27,-0.2383,-0.9354,-0.1946,0.57,-0.29,-0.08,574.194,-23.325,0.027
45800,87993.56,21.27,-0.2217,-0.9228,-0.2111,0.13,0.09,-0.32,573.961,-23.325,0.027
45810,87997.23,21.27,-0.2272,-0.9226,-0.1741,0.04,-0.47,-0.71,573.727,-23.325,0.027
45820,87998.40,21.27,-0.2206,-0.9362,-0.1806,0.42,-0.56,-0.24,573.494,-23.324,0.027
45830,88002.27,21.27,-0.2246,-0.9305,-0.1642,0.32,-0.76,-0.01,573.261,-23.324,0.027
45840,88002.76,21.28,-0.2341,-0.9469,-0.1904,-0.35,0.00,0.02,573.028,-23.324,0.027
45850,88008.76,21.28,-0.2053,-0.9525,-0.2002,0.19,-0.22,0.15,572.794,-23.324,0.027
45860,88007.97,21.28,-0.2302,-0.9150,-0.1631,-0.45,0.09,-0.43,572.561,-23.323,0.027
45870,88010.19,21.28,-0.2249,-0.9403,-0.1793,-0.40,-0.19,-0.32,572.328,-23.323,0.027
45880,88012.88,21.28,-0.2160,-0.9435,-0.1995,-0.37,-0.17,-0.66,572.095,-23.323,0.027
45890,88016.42,21.28,-0.2291,-0.9522,-0.2156,0.26,-0.29,-0.37,571.861,-23.323,0.027
45900,88015.34,21.28,-0.2474,-0.9499,-0.2020,0.34,-0.17,0.43,571.628,-23.322,0.027
45910,88021.58,21.29,-0.2128,-0.9583,-0.1800,0.41,0.72,0.42,571.395,-23.322,0.027
45920,88023.44,21.29,-0.2103,-0.9493,-0.2148,-0.54,-0.32,0.07,571.162,-23.322,0.027
45930,88026.20,21.29,-0.2180,-0.9397,-0.1741,0.33,-0.64,-0.35,570.929,-23.321,0.027
45940,88027.61,21.29,-0.2013,-0.9357,-0.1954,0.68,-0.51,0.29,570.695,-23.321,0.027
45950,88033.29,21.29,-0.2251,-0.9415,-0.1876,-0.44,-0.06,-0.36,570.462,-23.321,0.027
45960,88031.82,21.29,-0.2520,-0.9259,-0.1973,0.48,-0.12,-0.24,570.229,-23.321,0.027
45970,88036.02,21.30,-0.2183,-0.9334,-0.1991,-0.14,0.45,-0.30,569.996,-23.320,0.027
45980,88038.92,21.30,-0.2356,-0.9484,-0.1788,0.14,-0.26,-0.49,569.763,-23.320,0.027
45990,88041.21,21.30,-0.2162,-0.9531,-0.1907,-0.28,0.09,-0.03,569.529,-23.320,0.027
46000,88045.80,21.30,-0.2208,-0.9476,-0.1786,-0.07,-0.65,-0.14,569.296,-23.320,0.027
46010,88047.21,21.30,-0.2229,-0.9737,-0.1759,0.41,0.05,-0.28,569.063,-23.319,0.027
46020,88048.36,21.30,-0.2060,-0.9508,-0.1826,0.16,-0.49,-0.47,568.830,-23.319,0.027
46030,88046.11,21.30,-0.2559,-0.9671,-0.2166,0.18,-0.41,-0.11,568.597,-23.319,0.027
46040,88051.13,21.31,-0.2157,-0.9140,-0.1871,-0.11,-0.79,-0.10,568.363,-23.319,0.027
46050,88059.54,21.31,-0.2259,-0.9507,-0.2036,0.12,-0.08,-0.53,568.130,-23.318,0.027
46060,88058.09,21.31,-0.1987,-0.9717,-0.2108,0.00,-0.94,0.36,567.897,-23.318,0.027
46070,88058.27,21.31,-0.2164,-0.9382,-0.1920,0.05,-0.04,0.08,567.664,-23.318,0.027
46080,88067.44,21.31,-0.1945,-0.9011,-0.2054,0.28,-0.75,-0.29,567.431,-23.317,0.027
46090,88067.41,21.31,-0.2547,-0.9136,-0.2275,0.09,-0.24,-0.13,567.197,-23.317,0.027
46100,88071.27,21.31,-0.2191,-0.9311,-0.1810,0.10,0.23,-0.04,566.964,-23.317,0.027
46110,88075.65,21.32,-0.2343,-0.9389,-0.2159,-0.15,-0.27,0.09,566.731,-23.317,0.027
46120,88077.27,21.32,-0.2470,-0.9656,-0.1967,-0.48,-0.29,0.03,566.498,-23.316,0.027
46130,88073.53,21.32,-0.2165,-0.9548,-0.1846,-0.03,-0.28,-0.13,566.265,-23.316,0.027
46140,88078.03,21.32,-0.2144,-0.9364,-0.2184,0.12,-0.06,-0.39,566.032,-23.316,0.027
46150,88080.61,21.32,-0.1990,-0.8980,-0.2103,0.11,0.07,-0.06,565.798,-23.316,0.027
46160,88084.08,21.32,-0.2327,-0.8907,-0.2034,0.26,-0.33,0.06,565.565,-23.315,0.027
46170,88082.71,21.33,-0.2498,-0.9159,-0.1781,-0.27,-0.37,0.00,565.332,-23.315,0.027
46180,88089.81,21.33,-0.2515,-0.9108,-0.1596,0.22,-0.30,-0.61,565.099,-23.315,0.027
46190,88091.19,21.33,-0.1917,-0.9861,-0.2142,0.10,-0.74,-0.12,564.866,-23.314,0.027
46200,88096.23,21.33,-0.2111,-0.9375,-0.2176,0.17,-0.67,0.02,564.633,-23.314,0.027
46210,88101.41,21.33,-0.2228,-0.9433,-0.2433,-0.21,-0.59,-0.07,564.400,-23.314,0.027
46220,88098.55,21.33,-0.1906,-0.8985,-0.2032,0.12,-0.11,-0.92,564.166,-23.314,0.027
46230,88097.28,21.33,-0.2241,-0.9220,-0.1687,-0.10,-0.29,-0.15,563.933,-23.313,0.027
46240,88105.56,21.34,-0.1933,-0.9441,-0.1959,0.03,-0.63,-0.07,563.700,-23.313,0.027
46250,88105.47,21.34,-0.2062,-0.9297,-0.1774,-0.07,-0.39,-0.36,563.467,-23.313,0.027
46260,88107.75,21.34,-0.2048,-0.9229,-0.1548,0.16,-0.23,-0.20,563.234,-23.313,0.027
46270,88112.99,21.34,-0.2153,-0.9442,-0.2065,0.10,0.16,0.02,563.001,-23.312,0.027
46280,88114.44,21.34,-0.2332,-0.9011,-0.1772,0.11,-0.00,-0.04,562.768,-23.312,0.027
46290,88117.38,21.34,-0.2350,-0.9035,-0.2111,-0.03,-0.50,-0.30,562.535,-23.312,0.027
46300,88122.84,21.35,-0.2169,-0.9203,-0.2280,0.23,-0.27,-0.24,562.301,-23.312,0.027
46310,88123.06,21.35,-0.2347,-0.9357,-0.2138,-0.08,-0.20,0.34,562.068,-23.311,0.027
46320,88126.20,21.35,-0.2561,-0.9447,-0.2092,-0.34,-0.57,0.09,561.835,-23.311,0.027
46330,88127.32,21.35,-0.2547,-0.9386,-0.1885,0.56,-0.56,-0.07,561.602,-23.311,0.027
46340,88126.37,21.35,-0.2511,-0.9247,-0.1208,0.19,0.03,-0.14,561.369,-23.310,0.027
46350,88132.17,21.35,-0.2289,-0.9062,-0.1924,0.26,-0.43,0.15,561.136,-23.310,0.027
46360,88135.52,21.35,-0.1929,-0.9151,-0.1689,-0.29,0.06,-0.40,560.903,-23.310,0.027
46370,88134.87,21.36,-0.2179,-0.9438,-0.2291,0.44,-0.10,0.18,560.670,-23.310,0.027
46380,88136.27,21.36,-0.2058,-0.9227,-0.1932,0.32,-0.21,0.26,560.437,-23.309,0.027
46390,88138.64,21.36,-0.2233,-0.9317,-0.1947,-0.37,-0.20,-0.16,560.204,-23.309,0.027
46400,88143.45,21.36,-0.2189,-0.8987,-0.1990,0.26,-0.37,-0.20,559.970,-23.309,0.027
46410,88145.17,21.36,-0.2655,-0.9351,-0.1494,-0.22,-0.30,-0.02,559.737,-23.309,0.027
46420,88150.60,21.36,-0.2218,-0.9332,-0.1627,-0.20,0.02,0.10,559.504,-23.308,0.027
46430,88153.72,21.36,-0.2272,-0.9155,-0.2196,-0.10,-0.67,-0.33,559.271,-23.308,0.027
46440,88158.41,21.37,-0.2142,-0.9115,-0.1834,0.05,-0.29,-0.14,559.038,-23.308,0.027
46450,88157.99,21.37,-0.2390,-0.9112,-0.2079,0.14,-0.01,-0.14,558.805,-23.307,0.027
46460,88154.05,21.37,-0.2302,-0.9260,-0.2137,-0.25,-0.82,-0.25,558.572,-23.307,0.027
46470,88163.93,21.37,-0.2208,-0.9386,-0.2019,0.03,-0.18,-0.62,558.339,-23.307,0.027
46480,88162.20,21.37,-0.2150,-0.9476,-0.2019,0.39,-0.52,0.20,558.106,-23.307,0.027
46490,88164.72,21.37,-0.2123,-0.9146,-0.1926,0.18,-0.33,-0.33,557.873,-23.306,0.027
46500,88168.03,21.38,-0.2327,-0.9307,-0.1996,0.13,-0.17,-0.30,557.640,-23.306,0.027
46510,88168.62,21.38,-0.2031,-0.9578,-0.1518,0.16,-0.41,0.17,557.407,-23.306,0.027
46520,88176.08,21.38,-0.2048,-0.9142,-0.1952,-0.51,-0.35,-0.42,557.174,-23.306,0.027
46530,88177.83,21.38,-0.2058,-0.9360,-0.1804,0.04,-0.26,-0.22,556.941,-23.305,0.027
46540,88179.91,21.38,-0.2519,-0.9210,-0.1938,0.91,0.11,-0.08,556.707,-23.305,0.027
46550,88182.81,21.38,-0.2509,-0.9236,-0.2093,-0.12,-0.16,0.30,556.474,-23.305,0.027
46560,88183.27,21.38,-0.1938,-0.9088,-0.1554,0.35,-0.19,-0.24,556.241,-23.305,0.027
46570,88186.22,21.39,-0.2403,-0.9359,-0.1589,-0.16,0.09,0.15,556.008,-23.304,0.027
46580,88189.92,21.39,-0.2213,-0.9315,-0.1614,0.02,-0.19,-0.39,555.775,-23.304,0.027
46590,88191.73,21.39,-0.2293,-0.9137,-0.2040,-0.07,-0.23,0.20,555.542,-23.304,0.027
46600,88191.01,21.39,-0.2228,-0.9263,-0.1967,-0.11,-0.41,-0.29,555.309,-23.303,0.027
46610,88195.41,21.39,-0.2105,-0.9777,-0.2089,0.17,0.02,-0.51,555.076,-23.303,0.027
46620,88196.51,21.39,-0.2348,-0.9069,-0.1624,0.06,-0.23,-0.04,554.843,-23.303,0.027
46630,88202.70,21.40,-0.2043,-0.9648,-0.1237,0.23,-0.11,0.69,554.610,-23.303,0.027
46640,88206.38,21.40,-0.2352,-0.9225,-0.2087,-0.17,-0.33,-0.05,554.377,-23.302,0.027
46650,88207.68,21.40,-0.2660,-0.9157,-0.2182,0.15,0.02,-0.18,554.144,-23.302,0.027
46660,88216.83,21.40,-0.2072,-0.9350,-0.2240,0.51,-0.09,0.12,553.911,-23.302,0.027
46670,88215.33,21.40,-0.2313,-0.8990,-0.1661,0.35,-0.09,-0.24,553.678,-23.302,0.027
46680,88215.29,21.40,-0.2004,-0.9381,-0.1856,-0.21,-0.39,-0.27,553.445,-23.301,0.027
46690,88216.67,21.40,-0.2384,-0.9269,-0.2351,0.00,-0.02,-0.02,553.212,-23.301,0.027
46700,88221.48,21.41,-0.2569,-0.8997,-0.1750,0.11,-0.80,-0.57,552.979,-23.301,0.027
46710,88224.95,21.41,-0.2242,-0.9530,-0.2031,-0.15,0.32,-0.03,552.746,-23.301,0.027
46720,88225.04,21.41,-0.2386,-0.9012,-0.1938,-0.36,0.14,-0.02,552.513,-23.300,0.027
46730,88225.13,21.41,-0.2168,-0.9545,-0.2007,0.12,-0.16,-0.28,552.280,-23.300,0.027
46740,88226.61,21.41,-0.2197,-0.9110,-0.1642,0.60,-0.53,-0.71,552.047,-23.300,0.027
46750,88229.58,21.41,-0.2385,-0.9283,-0.2181,0.40,-0.84,-0.46,551.814,-23.299,0.027
46760,88233.58,21.41,-0.2530,-0.9375,-0.1674,-0.09,-0.37,0.28,551.581,-23.299,0.027
46770,88234.87,21.42,-0.2307,-0.9512,-0.2079,-0.21,-0.11,-0.16,551.348,-23.299,0.027
46780,88240.20,21.42,-0.2062,-0.9215,-0.1813,-0.27,-0.02,-0.12,551.115,-23.299,0.027
46790,88242.56,21.42,-0.2128,-0.9173,-0.1769,-0.14,0.07,-0.29,550.882,-23.298,0.027
46800,88246.33,21.42,-0.2227,-0.9072,-0.1638,-0.27,0.05,-0.51,550.649,-23.298,0.027
46810,88249.87,21.42,-0.2026,-0.9567,-0.1829,0.08,-0.33,-0.31,550.416,-23.298,0.027
46820,88253.98,21.42,-0.2252,-0.9407,-0.1541,-0.05,-0.04,-0.37,550.183,-23.298,0.027
46830,88249.05,21.43,-0.2245,-0.9535,-0.1969,0.26,-0.56,-0.16,549.950,-23.297,0.027
46840,88248.44,21.43,-0.2158,-0.9572,-0.2288,-0.08,-0.00,0.23,549.717,-23.297,0.027
46850,88252.54,21.43,-0.1938,-0.9579,-0.1566,0.23,-0.18,-0.11,549.484,-23.297,0.027
46860,88262.80,21.43,-0.2221,-0.9639,-0.1969,-0.13,-0.47,0.05,549.251,-23.296,0.027
46870,88261.87,21.43,-0.2167,-0.9150,-0.1926,-0.31,-0.11,0.07,549.018,-23.296,0.027
46880,88261.38,21.43,-0.2061,-0.9432,-0.2254,0.26,-0.06,-0.28,548.785,-23.296,0.027
46890,88270.79,21.43,-0.2065,-0.9468,-0.1938,-0.28,0.23,0.01,548.552,-23.296,0.027
46900,88268.34,21.44,-0.2166,-0.9610,-0.1871,0.41,-0.43,-0.31,548.319,-23.295,0.027
46910,88272.47,21.44,-0.2323,-0.9434,-0.1738,0.57,-0.12,-0.19,548.086,-23.295,0.027
46920,88273.79,21.44,-0.2311,-0.9555,-0.1793,-0.12,-0.11,-0.55,547.853,-23.295,0.027
46930,88279.83,21.44,-0.2352,-0.9614,-0.1786,0.40,-0.34,-0.09,547.621,-23.295,0.027
46940,88277.63,21.44,-0.2158,-0.9193,-0.1785,0.62,-0.04,-0.42,547.388,-23.294,0.027
46950,88281.77,21.44,-0.2115,-0.9373,-0.1676,0.12,-0.79,0.10,547.155,-23.294,0.027
46960,88284.52,21.45,-0.2083,-0.9474,-0.1792,0.06,0.16,0.34,546.922,-23.294,0.027
46970,88286.76,21.45,-0.2209,-0.9289,-0.2040,-0.06,-0.33,-0.45,546.689,-23.294,0.027
46980,88283.12,21.45,-0.2387,-0.9017,-0.1576,-0.39,0.41,-0.32,546.456,-23.293,0.027
46990,88290.44,21.45,-0.2266,-0.9552,-0.1837,-0.20,-0.23,-0.00,546.223,-23.293,0.027
47000,88291.22,21.45,-0.2252,-0.9446,-0.1522,0.75,-0.29,-0.07,545.990,-23.293,0.027
47010,88302.10,21.45,-0.2064,-0.9471,-0.1921,0.17,-0.53,-0.23,545.757,-23.292,0.027
47020,88297.74,21.45,-0.2056,-0.9188,-0.2044,0.40,-0.06,-0.09,545.524,-23.292,0.027
47030,88304.32,21.46,-0.1959,-0.9038,-0.1924,0.55,0.36,0.17,545.291,-23.292,0.027
47040,88302.66,21.46,-0.2163,-0.9516,-0.1972,0.03,-0.49,0.03,545.058,-23.292,0.027
47050,88299.90,21.46,-0.2115,-0.9181,-0.1495,0.52,-0.54,0.29,544.825,-23.291,0.027
47060,88308.65,21.46,-0.1984,-0.8955,-0.2315,0.10,-0.02,-0.51,544.592,-23.291,0.027
47070,88309.43,21.46,-0.2392,-0.9479,-0.1717,0.22,0.11,-0.23,544.360,-23.291,0.027
47080,88312.28,21.46,-0.2473,-0.9135,-0.2007,0.35,-0.13,-0.60,544.127,-23.291,0.027
47090,88322.90,21.46,-0.2228,-0.9651,-0.1205,0.53,-0.46,-0.05,543.894,-23.290,0.027
47100,88317.78,21.47,-0.2505,-0.9414,-0.1726,0.20,-0.03,0.06,543.661,-23.290,0.027
47110,88324.70,21.47,-0.2128,-0.9563,-0.1974,0.13,-0.15,-0.39,543.428,-23.290,0.027
47120,88327.34,21.47,-0.2369,-0.9215,-0.1784,-0.07,-0.23,0.44,543.195,-23.290,0.027
47130,88326.52,21.47,-0.2114,-0.9334,-0.2376,0.20,0.09,-0.27,542.962,-23.289,0.027
47140,88329.60,21.47,-0.1794,-0.9392,-0.1750,-0.31,-0.12,0.08,542.729,-23.289,0.027
47150,88335.19,21.47,-0.2149,-0.9562,-0.1972,0.27,-0.14,-0.04,542.496,-23.289,0.027
47160,88330.70,21.48,-0.1980,-0.9515,-0.2055,-0.23,-0.10,-0.06,542.263,-23.288,0.027
47170,88332.99,21.48,-0.2115,-0.9373,-0.2007,0.22,-0.19,-0.52,542.031,-23.288,0.027
47180,88337.41,21.48,-0.2041,-0.9426,-0.1891,0.02,-0.53,-0.27,541.798,-23.288,0.027
47190,88342.22,21.48,-0.2594,-0.9705,-0.1770,0.10,0.33,-0.12,541.565,-23.288,0.027
47200,88344.39,21.48,-0.1909,-0.9268,-0.1867,0.03,-0.12,-0.79,541.332,-23.287,0.027
47210,88348.09,21.48,-0.2503,-0.9229,-0.1856,0.12,-0.22,-0.13,541.099,-23.287,0.027
47220,88353.12,21.48,-0.2459,-0.9642,-0.1848,0.03,-0.10,-0.73,540.866,-23.287,0.027
47230,88350.85,21.49,-0.2039,-0.8925,-0.1898,-0.22,-0.41,-0.68,540.633,-23.287,0.027
47240,88358.42,21.49,-0.1999,-0.9518,-0.1818,0.07,-0.06,0.02,540.401,-23.286,0.027
47250,88353.35,21.49,-0.2572,-0.9438,-0.1432,0.18,0.10,-0.11,540.168,-23.286,0.027
47260,88362.78,21.49,-0.2302,-0.9309,-0.2139,-0.23,-0.28,-0.68,539.935,-23.286,0.027
47270,88363.67,21.49,-0.2774,-0.9197,-0.1682,-0.27,-0.67,-0.16,539.702,-23.285,0.027
47280,88367.00,21.49,-0.1907,-0.9766,-0.1869,-0.29,-0.32,-0.59,539.469,-23.285,0.027
47290,88363.94,21.49,-0.2207,-0.8829,-0.1696,-0.04,-0.67,-0.49,539.236,-23.285,0.027
47300,88368.20,21.50,-0.2113,-0.9251,-0.1804,-0.07,-0.04,0.05,539.003,-23.285,0.027
47310,88370.86,21.50,-0.1929,-0.9490,-0.1364,0.45,-0.53,-0.35,538.771,-23.284,0.027
47320,88372.82,21.50,-0.2180,-0.9130,-0.2378,0.09,-0.86,-0.52,538.538,-23.284,0.027
47330,88379.66,21.50,-0.2550,-0.9473,-0.2048,0.45,-0.14,-0.63,538.305,-23.284,0.027
47340,88381.33,21.50,-0.2423,-0.9414,-0.1803,-0.28,0.31,-0.87,538.072,-23.284,0.027
47350,88385.35,21.50,-0.2531,-0.9149,-0.1877,-0.05,-0.25,-0.33,537.839,-23.283,0.027
47360,88384.48,21.51,-0.2158,-0.9455,-0.1790,-0.05,-0.35,-0.01,537.606,-23.283,0.027
47370,88385.99,21.51,-0.2449,-0.9362,-0.1873,-0.00,-0.13,-0.41,537.374,-23.283,0.027
47380,88392.22,21.51,-0.2323,-0.9453,-0.2195,0.01,-0.41,-0.60,537.141,-23.283,0.027
47390,88387.61,21.51,-0.2152,-0.9105,-0.1952,0.14,-0.75,-0.14,536.908,-23.282,0.027
47400,88396.77,21.51,-0.2366,-0.9305,-0.1933,-0.14,0.22,-0.36,536.675,-23.282,0.027
47410,88398.79,21.51,-0.2425,-0.9155,-0.1752,0.32,-0.84,-0.19,536.442,-23.282,0.027
47420,88399.97,21.51,-0.2176,-0.9507,-0.1814,0.03,-0.27,-0.58,536.209,-23.281,0.027
47430,88399.70,21.52,-0.2071,-0.9202,-0.1702,0.48,-0.29,-0.27,535.977,-23.281,0.027
47440,88399.50,21.52,-0.2380,-0.9151,-0.2177,0.10,-0.15,-0.53,535.744,-23.281,0.027
47450,88409.64,21.52,-0.2158,-0.9414,-0.1526,-0.27,-0.15,-0.12,535.511,-23.281,0.027
47460,88406.20,21.52,-0.2074,-0.9800,-0.2088,-0.18,-0.06,-0.74,535.278,-23.280,0.027
47470,88413.78,21.52,-0.2189,-0.9362,-0.1967,0.47,-0.08,-0.68,535.045,-23.280,0.027
47480,88414.75,21.52,-0.2702,-0.9409,-0.2062,-0.07,0.09,-0.20,534.813,-23.280,0.027
47490,88419.46,21.53,-0.2233,-0.9239,-0.1729,0.44,-0.08,0.22,534.580,-23.280,0.027
47500,88421.08,21.53,-0.2182,-0.9108,-0.2073,-0.15,-0.04,-0.34,534.347,-23.279,0.027
47510,88421.85,21.53,-0.2185,-0.9083,-0.1849,0.03,-0.68,0.04,534.114,-23.279,0.027
47520,88425.09,21.53,-0.2047,-0.9484,-0.1912,-0.21,-0.70,0.33,533.881,-23.279,0.027
47530,88427.56,21.53,-0.2323,-0.9144,-0.2246,0.36,-0.09,-0.53,533.649,-23.279,0.027
47540,88426.58,21.53,-0.2519,-0.9451,-0.2028,0.09,-0.06,-0.20,533.416,-23.278,0.027
47550,88431.27,21.53,-0.2154,-0.9798,-0.2042,-0.32,-0.21,0.13,533.183,-23.278,0.027
47560,88430.06,21.54,-0.2266,-0.9416,-0.1953,-0.24,-0.37,0.08,532.950,-23.278,0.027
47570,88436.96,21.54,-0.2347,-0.9393,-0.1782,0.34,-0.75,-0.44,532.717,-23.277,0.027
47580,88438.18,21.54,-0.2432,-0.9434,-0.1854,0.06,-0.39,-0.09,532.485,-23.277,0.027
47590,88445.11,21.54,-0.2264,-0.9545,-0.2158,-0.01,-0.54,0.00,532.252,-23.277,0.027
47600,88443.96,21.54,-0.2305,-0.9354,-0.2104,0.07,-0.30,-0.01,532.019,-23.277,0.027
47610,88450.70,21.54,-0.1895,-0.9409,-0.1894,-0.33,0.21,-0.23,531.786,-23.276,0.027
47620,88444.47,21.54,-0.2290,-0.9425,-0.1999,-0.23,-0.05,-0.33,531.554,-23.276,0.027
47630,88449.34,21.55,-0.2415,-0.9086,-0.1651,0.26,-0.45,-0.45,531.321,-23.276,0.027
47640,88454.13,21.55,-0.1939,-0.9148,-0.1808,-0.24,-0.07,-0.63,531.088,-23.276,0.027
47650,88456.18,21.55,-0.2016,-0.9218,-0.1430,0.54,-0.37,0.09,530.855,-23.275,0.027
47660,88460.98,21.55,-0.2240,-0.9501,-0.1863,0.07,0.22,-0.57,530.623,-23.275,0.027
47670,88459.44,21.55,-0.2129,-0.9299,-0.1975,0.16,0.33,-0.38,530.390,-23.275,0.027
47680,88465.89,21.55,-0.2141,-0.9290,-0.1491,-0.03,-0.62,-0.38,530.157,-23.275,0.027
47690,88466.13,21.56,-0.1983,-0.9054,-0.2114,0.38,-0.92,-0.23,529.924,-23.274,0.027
47700,88469.67,21.56,-0.1932,-0.9108,-0.1729,-0.34,-0.68,-0.28,529.692,-23.274,0.027
47710,88470.27,21.56,-0.2375,-0.9447,-0.2098,0.12,0.16,-0.36,529.459,-23.274,0.027
47720,88474.48,21.56,-0.2304,-0.9618,-0.2044,0.12,-0.22,-0.15,529.226,-23.273,0.027
47730,88478.58,21.56,-0.2310,-0.9731,-0.1823,0.65,-0.30,-0.58,528.993,-23.273,0.027
47740,88480.16,21.56,-0.2477,-0.9479,-0.2044,0.11,-0.11,0.15,528.761,-23.273,0.027
47750,88485.69,21.56,-0.2371,-0.9644,-0.1825,0.43,-0.26,-0.17,528.528,-23.273,0.027
47760,88485.88,21.57,-0.2379,-0.9383,-0.1583,0.55,-0.20,0.61,528.295,-23.272,0.027
47770,88485.72,21.57,-0.2178,-0.9552,-0.1845,-0.23,-0.25,-0.48,528.063,-23.272,0.027
47780,88492.03,21.57,-0.2187,-0.9554,-0.1759,-0.07,-0.07,0.38,527.830,-23.272,0.027
47790,88489.21,21.57,-0.2035,-0.9316,-0.2245,0.24,0.17,-0.13,527.597,-23.272,0.027
47800,88495.46,21.57,-0.2283,-0.9271,-0.2152,0.46,-0.41,-0.34,527.364,-23.271,0.027
47810,88499.60,21.57,-0.2158,-0.9166,-0.2180,0.46,-0.39,-0.29,527.132,-23.271,0.027
47820,88500.93,21.58,-0.2220,-0.9397,-0.2118,0.30,-0.78,-0.05,526.899,-23.271,0.027
47830,88506.04,21.58,-0.2219,-0.9494,-0.2323,-0.10,-0.85,-0.65,526.666,-23.270,0.027
47840,88508.79,21.58,-0.2209,-0.9731,-0.2086,-0.10,-0.37,-0.50,526.434,-23.270,0.027
47850,88507.84,21.58,-0.2080,-0.9498,-0.2122,0.21,-0.72,-0.22,526.201,-23.270,0.027
47860,88506.66,21.58,-0.2261,-0.9347,-0.1566,-0.13,-0.37,0.12,525.968,-23.270,0.027
47870,88510.49,21.58,-0.2278,-0.9462,-0.2217,-0.00,-0.58,-0.07,525.735,-23.269,0.027
47880,88520.36,21.58,-0.1946,-0.9143,-0.1855,0.31,0.15,-0.77,525.503,-23.269,0.027
47890,88519.96,21.59,-0.1953,-0.9597,-0.1802,0.15,-0.36,0.21,525.270,-23.269,0.027
47900,88522.73,21.59,-0.2065,-0.9156,-0.2086,-0.13,0.21,0.25,525.037,-23.269,0.027
47910,88525.48,21.59,-0.2041,-0.9344,-0.1614,0.00,-0.56,-0.03,524.805,-23.268,0.027
47920,88526.56,21.59,-0.2177,-0.9447,-0.1676,0.09,-0.56,0.07,524.572,-23.268,0.027
47930,88526.85,21.59,-0.2661,-0.9360,-0.1668,-0.04,-0.05,-0.25,524.339,-23.268,0.027
47940,88533.08,21.59,-0.2362,-0.8959,-0.1808,0.26,-0.20,-0.36,524.107,-23.268,0.027
47950,88529.77,21.59,-0.2369,-0.9206,-0.1920,-0.20,-0.25,0.23,523.874,-23.267,0.027
47960,88532.04,21.60,-0.2337,-0.9523,-0.1822,0.16,-0.69,0.12,523.641,-23.267,0.027
47970,88537.10,21.60,-0.2322,-0.9214,-0.2375,0.48,-0.12,0.03,523.409,-23.267,0.027
47980,88537.88,21.60,-0.2255,-0.9221,-0.1850,0.76,0.55,-0.39,523.176,-23.266,0.027
47990,88546.30,21.60,-0.2091,-0.9292,-0.2033,-0.08,-0.37,-0.22,522.943,-23.266,0.027
48000,88542.98,21.60,-0.2268,-0.9701,-0.1762,-0.45,-0.12,0.04,522.711,-23.266,0.027
48010,88545.47,21.60,-0.2321,-0.9368,-0.2047,0.55,-0.34,0.24,522.478,-23.266,0.027
48020,88549.49,21.61,-0.2429,-0.9433,-0.1740,0.17,-0.32,-0.58,522.245,-23.265,0.027
48030,88554.13,21.61,-0.2018,-0.9604,-0.1870,-0.13,-0.20,-0.28,522.013,-23.265,0.027
48040,88557.11,21.61,-0.2197,-0.9267,-0.1726,0.49,-0.41,0.17,521.780,-23.265,0.027
48050,88557.79,21.61,-0.2320,-0.9458,-0.1819,-0.29,-0.41,-0.09,521.547,-23.265,0.027
48060,88564.57,21.61,-0.2742,-0.9255,-0.2097,-0.18,-1.06,-0.06,521.315,-23.264,0.027
48070,88560.13,21.61,-0.1662,-0.9387,-0.1790,-0.26,-0.30,-0.23,521.082,-23.264,0.027
48080,88559.04,21.61,-0.2412,-0.9463,-0.1695,-0.11,0.14,-0.59,520.849,-23.264,0.027
48090,88567.43,21.62,-0.2301,-0.9073,-0.2196,0.06,-0.37,-0.77,520.617,-23.264,0.027
48100,88574.35,21.62,-0.2076,-0.8915,-0.1775,0.14,-0.43,0.39,520.384,-23.263,0.027
48110,88568.23,21.62,-0.1999,-0.9298,-0.2066,-0.36,-0.44,-0.38,520.152,-23.263,0.027
48120,88574.25,21.62,-0.2467,-0.9047,-0.1576,0.34,-0.45,-0.05,519.919,-23.263,0.027
48130,88578.32,21.62,-0.2234,-0.9397,-0.1760,-0.33,-0.27,-0.13,519.686,-23.262,0.027
48140,88578.50,21.62,-0.2458,-0.9488,-0.1998,0.04,-0.55,0.29,519.454,-23.262,0.027
48150,88588.43,21.63,-0.2383,-0.9321,-0.2034,0.06,0.31,0.14,519.221,-23.262,0.027
48160,88585.41,21.63,-0.2237,-0.9378,-0.2215,0.06,0.04,-0.47,518.988,-23.262,0.027
48170,88586.07,21.63,-0.2524,-0.9410,-0.2008,-0.70,-0.19,-0.28,518.756,-23.261,0.027
48180,88591.61,21.63,-0.2426,-0.9366,-0.1889,-0.22,-0.11,-0.74,518.523,-23.261,0.027
48190,88588.24,21.63,-0.1903,-0.9277,-0.2038,0.34,-0.25,-0.65,518.291,-23.261,0.027
48200,88593.28,21.63,-0.2184,-0.9281,-0.2047,0.14,-0.62,0.07,518.058,-23.261,0.027
48210,88594.37,21.63,-0.2079,-0.9161,-0.1639,0.30,-0.54,-0.67,517.825,-23.260,0.027
48220,88598.19,21.64,-0.2107,-0.9430,-0.1620,0.19,-0.66,-0.08,517.593,-23.260,0.027
48230,88604.82,21.64,-0.2467,-0.9565,-0.2070,0.32,-0.04,-0.06,517.360,-23.260,0.027
48240,88603.90,21.64,-0.2291,-0.8891,-0.1801,0.50,0.02,-0.33,517.128,-23.260,0.027
48250,88607.33,21.64,-0.1852,-0.8885,-0.1749,-0.45,-0.42,-0.33,516.895,-23.259,0.027
48260,88609.43,21.64,-0.2196,-0.9696,-0.1820,0.39,-0.30,0.19,516.662,-23.259,0.027
48270,88614.20,21.64,-0.2182,-0.9367,-0.1655,0.06,0.13,0.06,516.430,-23.259,0.027
48280,88615.39,21.64,-0.1803,-0.9433,-0.1815,-0.11,-0.68,-0.03,516.197,-23.258,0.027
48290,88617.11,21.65,-0.2074,-0.9616,-0.1889,0.09,-0.67,-0.66,515.965,-23.258,0.027
48300,88620.36,21.65,-0.2471,-0.9265,-0.1953,-0.05,-0.24,-0.40,515.732,-23.258,0.027
48310,88623.49,21.65,-0.2021,-0.9148,-0.2194,-0.02,-0.33,0.08,515.500,-23.258,0.027
48320,88626.85,21.65,-0.2411,-0.9426,-0.1867,-0.01,0.15,0.08,515.267,-23.257,0.027
48330,88627.88,21.65,-0.1996,-0.9429,-0.1768,-0.16,-0.08,0.26,515.034,-23.257,0.027
48340,88628.13,21.65,-0.2282,-0.9120,-0.1508,-0.83,-0.84,-0.44,514.802,-23.257,0.027
48350,88633.49,21.66,-0.2135,-0.9447,-0.1911,-0.67,-0.05,-0.06,514.569,-23.257,0.027
48360,88636.89,21.66,-0.1825,-0.9770,-0.1845,-0.14,-0.29,-0.20,514.337,-23.256,0.027
48370,88636.69,21.66,-0.2155,-0.9651,-0.1975,0.14,-0.14,-0.20,514.104,-23.256,0.027
48380,88640.96,21.66,-0.2393,-0.9524,-0.1838,0.15,-0.71,-0.44,513.872,-23.256,0.027
48390,88647.77,21.66,-0.2732,-0.9275,-0.1825,0.32,-0.21,-0.01,513.639,-23.256,0.027
48400,88644.99,21.66,-0.2243,-0.9452,-0.2256,0.22,0.25,-0.34,513.406,-23.255,0.027
48410,88647.11,21.66,-0.2310,-0.9241,-0.1975,0.05,-0.45,-0.68,513.174,-23.255,0.027
48420,88651.26,21.67,-0.2364,-0.9266,-0.2067,0.12,-0.50,-0.38,512.941,-23.255,0.027
48430,88652.88,21.67,-0.2012,-0.9340,-0.1981,0.04,0.06,-0.24,512.709,-23.254,0.027
48440,88651.66,21.67,-0.1978,-0.9517,-0.1803,-0.18,-0.46,0.19,512.476,-23.254,0.027
48450,88655.61,21.67,-0.2216,-0.8926,-0.1821,0.43,0.02,-0.61,512.244,-23.254,0.027
48460,88658.77,21.67,-0.2252,-0.9387,-0.1654,-0.06,-0.48,0.14,512.011,-23.254,0.027
48470,88663.79,21.67,-0.2272,-0.9338,-0.2038,0.47,-0.32,-0.54,511.779,-23.253,0.027
48480,88664.87,21.67,-0.1803,-0.9068,-0.1964,-0.14,-0.49,0.25,511.546,-23.253,0.027
48490,88667.26,21.68,-0.2217,-0.9331,-0.1815,0.17,-0.44,0.06,511.314,-23.253,0.027
48500,88672.78,21.68,-0.2578,-0.9436,-0.2063,0.06,-0.01,-0.08,511.081,-23.253,0.027
48510,88669.45,21.68,-0.2459,-0.9251,-0.1949,-0.19,-0.43,-0.11,510.849,-23.252,0.027
48520,88675.79,21.68,-0.2233,-0.9103,-0.1965,0.48,-0.09,0.10,510.616,-23.252,0.027
48530,88678.92,21.68,-0.2614,-0.9218,-0.2058,-0.44,-0.59,-0.08,510.383,-23.252,0.027
48540,88674.11,21.68,-0.2402,-0.9242,-0.1698,-0.13,-0.09,-0.13,510.151,-23.252,0.027
48550,88679.79,21.69,-0.2259,-0.9286,-0.2115,0.26,-0.47,0.18,509.918,-23.251,0.027
48560,88689.23,21.69,-0.1998,-0.9458,-0.2005,-0.26,-0.22,-0.42,509.686,-23.251,0.027
48570,88689.70,21.69,-0.2592,-0.9409,-0.1480,0.68,-0.33,0.09,509.453,-23.251,0.027
48580,88688.21,21.69,-0.2125,-0.9514,-0.2090,-0.30,-0.47,-0.00,509.221,-23.250,0.027
48590,88697.48,21.69,-0.2288,-0.9345,-0.1881,0.61,0.03,-0.15,508.988,-23.250,0.027
48600,88690.28,21.69,-0.2879,-0.8994,-0.1751,0.58,-1.00,-0.27,508.756,-23.250,0.027
48610,88700.01,21.69,-0.2519,-0.9453,-0.2008,-0.31,-0.46,-0.50,508.523,-23.250,0.027
48620,88698.79,21.70,-0.2065,-0.9234,-0.2085,-0.29,-0.12,0.11,508.291,-23.249,0.027
48630,88699.76,21.70,-0.2176,-0.9326,-0.2170,0.31,-0.18,0.13,508.058,-23.249,0.027
48640,88706.26,21.70,-0.2397,-0.9224,-0.2157,0.31,-0.04,-0.23,507.826,-23.249,0.027
48650,88711.73,21.70,-0.2097,-0.9305,-0.1975,0.07,-0.04,-0.07,507.593,-23.249,0.027
48660,88711.32,21.70,-0.2303,-0.9535,-0.2218,0.02,-0.24,-1.05,507.361,-23.248,0.027
48670,88707.23,21.70,-0.1833,-0.9578,-0.2132,-0.00,-0.28,-0.47,507.128,-23.248,0.027
48680,88711.99,21.71,-0.2278,-0.9118,-0.1617,-0.11,-0.21,-0.59,506.896,-23.248,0.027
48690,88722.11,21.71,-0.2334,-0.9050,-0.2125,-0.08,-0.10,-0.16,506.664,-23.248,0.027
48700,88717.14,21.71,-0.1889,-0.9320,-0.1923,0.40,-0.62,-0.28,506.431,-23.247,0.027
48710,88723.72,21.71,-0.1774,-0.9389,-0.1401,-0.02,-0.14,-0.16,506.199,-23.247,0.027
48720,88726.98,21.71,-0.1973,-0.9287,-0.2010,0.18,-0.37,-0.16,505.966,-23.247,0.027
48730,88725.16,21.71,-0.2628,-0.9497,-0.1666,0.35,0.17,-0.36,505.734,-23.246,0.027
48740,88727.51,21.71,-0.2347,-0.9362,-0.1808,-0.07,-0.17,-0.29,505.501,-23.246,0.027
48750,88736.77,21.72,-0.2217,-0.9586,-0.1724,0.39,-0.01,-0.04,505.269,-23.246,0.027
48760,88736.16,21.72,-0.2386,-0.9477,-0.1835,0.40,-0.33,-0.85,505.036,-23.246,0.027
48770,88736.31,21.72,-0.1998,-0.8942,-0.1488,-0.30,-0.53,-0.57,504.804,-23.245,0.027
48780,88736.83,21.72,-0.2018,-0.9252,-0.1856,0.15,0.07,-0.50,504.571,-23.245,0.027
48790,88740.06,21.72,-0.2177,-0.9343,-0.2163,0.08,-0.35,-0.60,504.339,-23.245,0.027
48800,88745.72,21.72,-0.2238,-0.9394,-0.1943,0.16,-0.47,-0.25,504.106,-23.245,0.027
48810,88744.52,21.72,-0.2509,-0.9264,-0.2112,0.84,-0.15,-0.55,503.874,-23.244,0.027
48820,88747.56,21.73,-0.2240,-0.9337,-0.2035,0.19,-0.33,-0.40,503.642,-23.244,0.027
48830,88752.66,21.73,-0.2233,-0.9360,-0.2137,0.12,-0.14,-0.44,503.409,-23.244,0.027
48840,88754.15,21.73,-0.2598,-0.9349,-0.2061,-0.18,-0.61,-0.36,503.177,-23.243,0.027
48850,88760.31,21.73,-0.2208,-0.9490,-0.1791,0.53,-0.13,0.04,502.944,-23.243,0.027
48860,88758.86,21.73,-0.2339,-0.9280,-0.1771,-0.18,-0.01,-0.11,502.712,-23.243,0.027
48870,88762.79,21.73,-0.2495,-0.9352,-0.1578,0.45,-0.03,-0.49,502.479,-23.243,0.027
48880,88762.58,21.74,-0.1873,-0.9232,-0.1807,-0.35,-0.09,-0.66,502.247,-23.242,0.027
48890,88765.99,21.74,-0.2139,-0.9321,-0.2007,-0.10,-0.25,-0.24,502.015,-23.242,0.027
48900,88768.59,21.74,-0.2322,-0.9279,-0.1725,0.05,-0.97,-0.36,501.782,-23.242,0.027
48910,88770.93,21.74,-0.2138,-0.9175,-0.2143,-0.06,-0.54,-0.27,501.550,-23.242,0.027
48920,88776.19,21.74,-0.2028,-0.9341,-0.2011,0.58,0.04,-0.41,501.317,-23.241,0.027
48930,88778.58,21.74,-0.2260,-0.9261,-0.2065,-0.09,-0.60,0.09,501.085,-23.241,0.027
48940,88780.92,21.74,-0.1989,-0.9280,-0.1440,-0.03,-0.17,-0.20,500.853,-23.241,0.027
48950,88777.67,21.75,-0.2210,-0.9367,-0.1783,0.11,-0.46,-0.45,500.620,-23.241,0.027
48960,88782.64,21.75,-0.2467,-0.9614,-0.1736,0.56,-0.52,-0.41,500.388,-23.240,0.027
48970,88781.70,21.75,-0.2011,-0.9381,-0.1574,0.21,0.20,0.23,500.155,-23.240,0.027
48980,88793.24,21.75,-0.2310,-0.9526,-0.2067,-0.14,-0.17,-0.01,499.923,-23.240,0.027
48990,88794.20,21.75,-0.2004,-0.9561,-0.2057,-0.17,-0.08,-0.56,499.690,-23.239,0.027
49000,88796.25,21.75,-0.2158,-0.9491,-0.1383,0.43,-0.28,-0.12,499.458,-23.239,0.027
49010,88796.31,21.76,-0.2077,-0.9659,-0.1923,0.54,-0.13,-0.21,499.226,-23.239,0.027
49020,88796.02,21.76,-0.2240,-0.9331,-0.2114,0.16,-0.45,-0.36,498.993,-23.239,0.027
49030,88807.14,21.76,-0.2371,-0.9386,-0.1714,0.05,0.07,-0.48,498.761,-23.238,0.027
49040,88806.76,21.76,-0.2504,-0.9688,-0.2104,0.08,0.11,-0.37,498.529,-23.238,0.027
49050,88809.14,21.76,-0.2207,-0.9469,-0.1986,0.66,-0.40,-0.37,498.296,-23.238,0.027
49060,88813.32,21.76,-0.2119,-0.9344,-0.1825,0.25,-0.35,-0.40,498.064,-23.238,0.027
49070,88811.11,21.76,-0.2486,-0.9238,-0.1947,0.15,-0.20,-0.24,497.831,-23.237,0.027
49080,88817.99,21.77,-0.1714,-0.9322,-0.2084,0.30,-0.65,-0.31,497.599,-23.237,0.027
49090,88821.43,21.77,-0.2301,-0.9359,-0.1923,0.41,-0.29,-0.12,497.367,-23.237,0.027
49100,88818.36,21.77,-0.2140,-0.9441,-0.1838,0.80,-0.12,-0.20,497.134,-23.237,0.027
49110,88822.82,21.77,-0.2244,-0.9399,-0.1630,-0.58,-0.29,-0.07,496.902,-23.236,0.027
49120,88828.94,21.77,-0.1955,-0.9585,-0.1950,-0.17,-0.18,-0.15,496.670,-23.236,0.027
49130,88826.69,21.77,-0.2217,-0.9462,-0.2054,0.45,-0.37,-0.06,496.437,-23.236,0.027
49140,88830.20,21.77,-0.2086,-0.9479,-0.1937,0.29,-0.38,-0.82,496.205,-23.235,0.027
49150,88830.52,21.78,-0.2468,-0.8970,-0.2258,0.20,-0.79,-0.17,495.973,-23.235,0.027
49160,88838.87,21.78,-0.2460,-0.9388,-0.1617,0.05,-0.47,0.22,495.740,-23.235,0.027
49170,88838.66,21.78,-0.2244,-0.9399,-0.1773,0.40,-0.33,0.02,495.508,-23.235,0.027
49180,88846.46,21.78,-0.1875,-0.9292,-0.1827,0.34,-0.64,-0.75,495.275,-23.234,0.027
49190,88840.08,21.78,-0.2797,-0.9123,-0.1699,-0.18,-0.55,0.12,495.043,-23.234,0.027
49200,88843.69,21.78,-0.2118,-0.9136,-0.2069,0.10,-0.32,-0.59,494.811,-23.234,0.027
49210,88850.64,21.79,-0.2220,-0.9362,-0.1757,0.00,-0.65,-0.16,494.578,-23.234,0.027
49220,88852.02,21.79,-0.2307,-0.9259,-0.2034,-0.22,-0.70,0.26,494.346,-23.233,0.027
49230,88848.75,21.79,-0.1991,-0.8956,-0.1656,-0.22,0.06,-0.41,494.114,-23.233,0.027
49240,88855.80,21.79,-0.1848,-0.9354,-0.1407,0.52,-0.95,-0.07,493.881,-23.233,0.027
49250,88855.85,21.79,-0.2345,-0.9405,-0.2012,-0.05,-0.36,-0.17,493.649,-23.233,0.027
49260,88860.65,21.79,-0.2262,-0.9303,-0.2087,0.53,-0.30,-0.46,493.417,-23.232,0.027
49270,88865.69,21.79,-0.1949,-0.9538,-0.2075,-0.05,-0.71,-0.43,493.184,-23.232,0.027
49280,88865.51,21.80,-0.2279,-0.9474,-0.2033,0.91,-0.56,0.11,492.952,-23.232,0.027
49290,88870.96,21.80,-0.2439,-0.9392,-0.1697,0.08,0.40,0.22,492.720,-23.231,0.027
49300,88875.48,21.80,-0.2502,-0.9514,-0.1994,0.50,-1.00,-0.05,492.488,-23.231,0.027
49310,88873.24,21.80,-0.2369,-0.9600,-0.1613,-0.29,-0.05,-0.06,492.255,-23.231,0.027
49320,88871.96,21.80,-0.2392,-0.9102,-0.1817,-0.05,-0.43,-0.63,492.023,-23.231,0.027
49330,88874.40,21.80,-0.1733,-0.9124,-0.1968,0.16,-0.31,-0.25,491.791,-23.230,0.027
49340,88878.48,21.80,-0.2011,-0.9508,-0.1852,-0.07,-0.62,-0.27,491.558,-23.230,0.027
49350,88883.52,21.81,-0.2239,-0.9449,-0.1662,0.32,-0.81,-0.32,491.326,-23.230,0.027
49360,88886.53,21.81,-0.2553,-0.9469,-0.1696,0.38,-0.33,-0.09,491.094,-23.230,0.027
49370,88891.57,21.81,-0.2519,-0.9551,-0.1835,0.29,0.18,-0.21,490.861,-23.229,0.027
49380,88888.95,21.81,-0.2121,-0.9367,-0.1730,0.20,-0.56,0.27,490.629,-23.229,0.027
49390,88891.95,21.81,-0.1795,-0.9053,-0.1702,0.41,-0.52,-0.08,490.397,-23.229,0.027
49400,88896.98,21.81,-0.2201,-0.9594,-0.2100,0.26,-0.44,0.05,490.165,-23.229,0.027
49410,88897.68,21.82,-0.2492,-0.9376,-0.1706,0.40,-0.73,0.24,489.932,-23.228,0.027
49420,88900.94,21.82,-0.2381,-0.9299,-0.2100,0.58,-0.44,0.23,489.700,-23.228,0.027
49430,88903.02,21.82,-0.2673,-0.9428,-0.2049,-0.50,-0.19,0.01,489.468,-23.228,0.027
49440,88902.70,21.82,-0.2109,-0.9430,-0.1664,0.32,-0.61,-0.29,489.235,-23.228,0.027
49450,88906.83,21.82,-0.2375,-0.9478,-0.2055,0.40,0.19,0.11,489.003,-23.227,0.027
49460,88911.77,21.82,-0.2515,-0.9361,-0.1917,0.59,0.23,-0.20,488.771,-23.227,0.027
49470,88911.41,21.82,-0.2208,-0.9845,-0.1893,-0.09,0.05,-0.19,488.539,-23.227,0.027
49480,88918.25,21.83,-0.2187,-0.9494,-0.1998,0.24,-0.21,-0.34,488.306,-23.226,0.027
49490,88918.89,21.83,-0.2050,-0.9232,-0.1609,0.23,-0.55,-0.15,488.074,-23.226,0.027
49500,88920.09,21.83,-0.2439,-0.9369,-0.1677,-0.15,-0.65,-0.52,487.842,-23.226,0.027
49510,88924.55,21.83,-0.2131,-0.9454,-0.1775,-0.48,-0.46,-0.35,487.610,-23.226,0.027
49520,88926.71,21.83,-0.2267,-0.8893,-0.2236,-0.76,-0.06,0.09,487.377,-23.225,0.027
49530,88930.68,21.83,-0.2309,-0.9144,-0.1904,-0.30,-0.89,-0.05,487.145,-23.225,0.027
49540,88932.41,21.84,-0.2256,-0.9469,-0.2110,0.42,-0.11,-0.71,486.913,-23.225,0.027
49550,88937.90,21.84,-0.2364,-0.9169,-0.1888,-0.14,-0.15,-0.02,486.681,-23.225,0.027
49560,88936.29,21.84,-0.2415,-0.9230,-0.2053,0.20,-0.85,-0.11,486.448,-23.224,0.027
49570,88940.26,21.84,-0.2219,-0.9391,-0.1658,0.06,-0.54,-0.25,486.216,-23.224,0.027
49580,88942.11,21.84,-0.2251,-0.9383,-0.1999,-0.65,-0.18,-0.19,485.984,-23.224,0.027
49590,88944.01,21.84,-0.2432,-0.9778,-0.1869,0.21,-0.42,0.03,485.752,-23.224,0.027
49600,88943.82,21.84,-0.2527,-0.9490,-0.1982,0.10,-0.34,-0.62,485.519,-23.223,0.027
49610,88947.78,21.85,-0.2325,-0.9362,-0.2118,0.09,-0.45,-0.06,485.287,-23.223,0.027
49620,88950.58,21.85,-0.2611,-0.9597,-0.1623,-0.62,-0.92,-0.10,485.055,-23.223,0.027
49630,88956.71,21.85,-0.2474,-0.9288,-0.1711,-0.18,-0.10,-0.29,484.823,-23.222,0.027
49640,88956.24,21.85,-0.2040,-0.9189,-0.2104,-0.25,-0.79,-0.04,484.590,-23.222,0.027
49650,88957.01,21.85,-0.2294,-0.9277,-0.1868,0.56,0.10,-0.55,484.358,-23.222,0.027
49660,88965.33,21.85,-0.1990,-0.9419,-0.2044,0.08,-0.06,-0.24,484.126,-23.222,0.027
49670,88964.98,21.85,-0.2511,-0.9087,-0.2109,-0.26,-0.46,-0.31,483.894,-23.221,0.027
49680,88967.10,21.86,-0.2349,-0.8948,-0.1886,0.01,-0.59,-0.43,483.662,-23.221,0.027
49690,88967.36,21.86,-0.2353,-0.9562,-0.1906,0.02,0.03,-0.54,483.429,-23.221,0.027
49700,88970.15,21.86,-0.2322,-0.9614,-0.1869,0.16,-0.05,-0.40,483.197,-23.221,0.027
49710,88977.83,21.86,-0.2255,-0.9266,-0.1627,-0.02,-0.12,0.24,482.965,-23.220,0.027
49720,88975.86,21.86,-0.2048,-0.9160,-0.1951,0.08,-0.17,-0.41,482.733,-23.220,0.027
49730,88975.01,21.86,-0.2203,-0.9380,-0.2159,0.11,0.35,-0.35,482.501,-23.220,0.027
49740,88980.51,21.87,-0.2575,-0.9134,-0.1656,-0.03,-0.39,-0.02,482.268,-23.220,0.027
49750,88980.81,21.87,-0.2425,-0.9659,-0.1902,0.02,-0.26,-0.11,482.036,-23.219,0.027
49760,88986.37,21.87,-0.2253,-0.9728,-0.1894,0.05,-0.19,-0.30,481.804,-23.219,0.027
49770,88986.25,21.87,-0.2295,-0.9360,-0.1727,0.05,0.08,-0.32,481.572,-23.219,0.027
49780,88992.92,21.87,-0.2006,-0.9587,-0.2094,-0.05,-0.04,-0.21,481.340,-23.218,0.027
49790,88996.09,21.87,-0.2065,-0.9110,-0.2232,-0.06,-0.46,-0.05,481.107,-23.218,0.027
49800,88997.32,21.87,-0.2069,-0.9155,-0.2285,0.10,-0.54,-0.55,480.875,-23.218,0.027
49810,89001.03,21.88,-0.2093,-0.9511,-0.1816,-0.18,-0.61,0.12,480.643,-23.218,0.027
49820,89003.82,21.88,-0.2511,-0.9182,-0.2146,-0.04,-0.16,0.18,480.411,-23.217,0.027
49830,89005.24,21.88,-0.1983,-0.9538,-0.1787,0.39,-0.11,-0.26,480.179,-23.217,0.027
49840,89006.40,21.88,-0.2011,-0.8923,-0.1792,0.12,-0.55,0.33,479.947,-23.217,0.027
49850,89009.76,21.88,-0.2211,-0.9442,-0.1704,0.25,-0.62,-0.55,479.714,-23.217,0.027
49860,89012.13,21.88,-0.2229,-0.9327,-0.1754,0.61,-0.07,-0.49,479.482,-23.216,0.027
49870,89013.50,21.88,-0.2260,-0.9341,-0.2059,-0.15,-0.30,0.26,479.250,-23.216,0.027
49880,89018.59,21.89,-0.2087,-0.9252,-0.2094,-0.03,-0.44,0.01,479.018,-23.216,0.027
49890,89020.68,21.89,-0.2235,-0.9223,-0.1703,0.03,-0.42,0.23,478.786,-23.216,0.027
49900,89022.86,21.89,-0.2333,-0.9270,-0.1800,0.50,-0.56,-0.19,478.554,-23.215,0.027
49910,89020.08,21.89,-0.2439,-0.9335,-0.1890,-0.47,-0.17,-0.10,478.321,-23.215,0.027
49920,89026.66,21.89,-0.1923,-0.9551,-0.1792,0.09,-0.54,-0.15,478.089,-23.215,0.027
49930,89024.88,21.89,-0.2157,-0.9158,-0.1884,0.45,-0.49,-0.03,477.857,-23.214,0.027
49940,89030.46,21.90,-0.2445,-0.9360,-0.1971,0.22,-0.53,-0.29,477.625,-23.214,0.027
49950,89033.59,21.90,-0.2712,-0.9024,-0.2055,0.25,-0.09,-0.48,477.393,-23.214,0.027
49960,89037.19,21.90,-0.1981,-0.9446,-0.1818,0.26,-0.14,-0.18,477.161,-23.214,0.027
49970,89042.77,21.90,-0.1935,-0.9396,-0.2055,0.37,-0.56,-0.25,476.929,-23.213,0.027
49980,89043.72,21.90,-0.2078,-0.9435,-0.2231,0.29,0.22,0.40,476.696,-23.213,0.027
49990,89042.71,21.90,-0.2141,-0.9516,-0.2193,0.16,-0.46,-0.49,476.464,-23.213,0.027
50000,89043.26,21.90,-0.2355,-0.9317,-0.2053,0.27,-0.76,-0.63,476.232,-23.213,0.027
50010,89040.70,21.91,-0.2212,-0.9261,-0.1723,-0.15,-0.50,-0.47,476.000,-23.212,0.027
50020,89050.32,21.91,-0.2305,-0.9372,-0.1810,0.09,-0.08,-0.15,475.768,-23.212,0.027
50030,89052.68,21.91,-0.2126,-0.9065,-0.1922,-0.30,-0.18,-0.01,475.536,-23.212,0.027
50040,89056.40,21.91,-0.2463,-0.9081,-0.2039,0.08,-0.47,-0.10,475.304,-23.212,0.027
50050,89059.29,21.91,-0.2424,-0.9464,-0.1740,-0.11,-0.99,-0.41,475.072,-23.211,0.027
50060,89060.67,21.91,-0.2146,-0.9107,-0.1691,0.25,-0.23,-0.21,474.840,-23.211,0.027
50070,89060.51,21.92,-0.2424,-0.9575,-0.2009,0.47,0.09,0.19,474.607,-23.211,0.027
50080,89062.56,21.92,-0.2766,-0.9599,-0.1824,-0.33,-0.26,-0.14,474.375,-23.210,0.027
50090,89070.43,21.92,-0.2135,-0.9428,-0.1954,0.17,0.31,-0.58,474.143,-23.210,0.027
50100,89072.58,21.92,-0.2501,-0.9676,-0.2164,0.58,-0.73,0.47,473.911,-23.210,0.027
50110,89079.70,21.92,-0.1875,-0.9168,-0.1889,0.06,0.08,-0.30,473.679,-23.210,0.027
50120,89078.31,21.92,-0.2353,-0.9253,-0.1765,-0.23,0.15,-0.36,473.447,-23.209,0.027
50130,89081.01,21.92,-0.2115,-0.9392,-0.1763,0.10,-0.25,0.08,473.215,-23.209,0.027
50140,89084.31,21.93,-0.1821,-0.9468,-0.1743,0.30,0.02,-0.16,472.983,-23.209,0.027
50150,89084.37,21.93,-0.2213,-0.9778,-0.2032,-0.11,-0.45,0.09,472.751,-23.209,0.027
50160,89088.08,21.93,-0.2611,-0.9350,-0.1800,-0.17,-0.92,-0.45,472.519,-23.208,0.027
50170,89087.34,21.93,-0.2006,-0.9782,-0.2127,0.63,0.03,0.07,472.286,-23.208,0.027
50180,89089.63,21.93,-0.1953,-0.9527,-0.1496,0.03,-0.81,-0.26,472.054,-23.208,0.027
50190,89095.10,21.93,-0.2646,-0.9120,-0.1777,0.22,-0.56,-0.05,471.822,-23.208,0.027
50200,89096.17,21.93,-0.2243,-0.9433,-0.1506,-0.48,0.11,0.04,471.590,-23.207,0.027
50210,89098.61,21.94,-0.2601,-0.9627,-0.1919,0.53,-0.15,-0.20,471.358,-23.207,0.027
50220,89106.28,21.94,-0.2691,-0.9183,-0.1917,-0.16,-0.27,-0.39,471.126,-23.207,0.027
50230,89101.98,21.94,-0.2238,-0.9117,-0.1621,-0.01,-0.49,0.34,470.894,-23.206,0.027
50240,89108.34,21.94,-0.2253,-0.9132,-0.1738,0.40,-0.91,0.01,470.662,-23.206,0.027
50250,89108.62,21.94,-0.2195,-0.9327,-0.1721,0.36,-0.38,-0.58,470.430,-23.206,0.027
50260,89121.45,21.94,-0.1827,-0.9422,-0.1878,-0.22,-0.55,-0.22,470.198,-23.206,0.027
50270,89114.43,21.95,-0.1986,-0.9217,-0.1798,0.37,0.11,-0.55,469.966,-23.205,0.027
50280,89118.12,21.95,-0.2338,-0.9732,-0.1724,0.19,-0.18,-0.11,469.734,-23.205,0.027
50290,89119.48,21.95,-0.2439,-0.8983,-0.2332,0.04,-0.47,-0.02,469.502,-23.205,0.027
50300,89121.30,21.95,-0.2036,-0.9600,-0.1859,-0.20,-0.45,-0.79,469.270,-23.205,0.027
50310,89121.45,21.95,-0.2075,-0.9537,-0.2030,-0.19,-0.71,-0.03,469.038,-23.204,0.027
50320,89125.91,21.95,-0.2088,-0.9452,-0.1780,0.16,-0.24,-0.16,468.806,-23.204,0.027
50330,89127.68,21.95,-0.2500,-0.9829,-0.2112,0.72,-0.11,0.46,468.574,-23.204,0.027
50340,89134.96,21.96,-0.2164,-0.8995,-0.1586,0.25,-0.49,-0.27,468.341,-23.204,0.027
50350,89136.26,21.96,-0.2429,-0.9555,-0.1925,-0.58,-0.02,0.00,468.109,-23.203,0.027
50360,89136.51,21.96,-0.2111,-0.9390,-0.1920,0.14,-0.08,-0.22,467.877,-23.203,0.027
50370,89137.66,21.96,-0.2610,-0.9310,-0.1954,0.31,-0.61,-0.07,467.645,-23.203,0.027
50380,89146.66,21.96,-0.2006,-0.9665,-0.2283,-0.17,-0.47,0.19,467.413,-23.202,0.027
50390,89146.90,21.96,-0.2268,-0.9499,-0.2053,0.21,-0.09,0.35,467.181,-23.202,0.027
50400,89142.97,21.96,-0.2671,-0.8925,-0.2121,-0.33,-0.02,0.03,466.949,-23.202,0.027
50410,89152.94,21.97,-0.2208,-0.9269,-0.1896,0.06,-0.04,-0.15,466.717,-23.202,0.027
50420,89155.64,21.97,-0.2091,-0.9402,-0.1822,0.06,-0.24,-0.14,466.485,-23.201,0.027
50430,89153.80,21.97,-0.2051,-0.9478,-0.2299,0.28,-0.43,-0.54,466.253,-23.201,0.027
50440,89155.07,21.97,-0.2300,-0.9178,-0.2001,0.16,-0.09,0.05,466.021,-23.201,0.027
50450,89158.40,21.97,-0.2233,-0.9235,-0.1977,-0.13,-0.14,-0.05,465.789,-23.201,0.027
50460,89165.39,21.97,-0.2355,-0.8952,-0.1904,0.05,0.10,-0.37,465.557,-23.200,0.027
50470,89166.92,21.98,-0.2060,-0.9440,-0.1980,0.07,-0.41,-0.46,465.325,-23.200,0.027
50480,89170.36,21.98,-0.2195,-0.9288,-0.1990,0.09,-0.13,-0.13,465.093,-23.200,0.027
50490,89168.69,21.98,-0.1925,-0.9464,-0.2254,-0.43,-0.53,-0.27,464.861,-23.200,0.027
50500,89171.59,21.98,-0.2109,-0.9705,-0.2155,0.44,-0.32,-0.69,464.629,-23.199,0.027
50510,89172.84,21.98,-0.2278,-0.9460,-0.2136,-0.59,-0.18,0.33,464.397,-23.199,0.027
50520,89176.67,21.98,-0.2379,-0.9479,-0.1337,-0.38,-0.45,-0.15,464.165,-23.199,0.027
50530,89177.92,21.98,-0.2302,-0.9893,-0.1871,-0.12,0.47,-0.50,463.933,-23.199,0.027
50540,89184.74,21.99,-0.2734,-0.9437,-0.2153,-0.31,-0.91,-0.26,463.701,-23.198,0.027
50550,89182.12,21.99,-0.2671,-0.9316,-0.1933,-0.23,-0.08,-0.08,463.469,-23.198,0.027
50560,89185.80,21.99,-0.2477,-0.9158,-0.1898,0.22,-0.05,-0.18,463.237,-23.198,0.027
50570,89193.49,21.99,-0.2418,-0.9497,-0.1676,-0.13,-0.46,0.53,463.005,-23.197,0.027
50580,89189.05,21.99,-0.2085,-0.9288,-0.1890,0.38,0.40,0.15,462.773,-23.197,0.027
50590,89196.36,21.99,-0.2280,-0.9462,-0.2064,-0.44,-0.11,-0.61,462.541,-23.197,0.027
50600,89195.83,21.99,-0.2449,-0.9503,-0.2038,-0.01,-0.45,-0.15,462.309,-23.197,0.027
50610,89202.59,22.00,-0.2452,-0.9717,-0.1771,-0.05,-0.21,-0.06,462.077,-23.196,0.027
50620,89200.88,22.00,-0.2247,-0.9135,-0.1839,-0.75,0.00,-0.22,461.846,-23.196,0.027
50630,89203.43,22.00,-0.2030,-0.8998,-0.2112,0.14,-0.32,-0.90,461.614,-23.196,0.027
50640,89212.31,22.00,-0.2462,-0.9427,-0.1876,0.23,-0.37,-0.03,461.382,-23.196,0.027
50650,89209.69,22.00,-0.1956,-0.9628,-0.1801,-0.09,0.16,-0.31,461.150,-23.195,0.027
50660,89212.23,22.00,-0.2110,-0.9329,-0.1421,0.06,0.39,-0.21,460.918,-23.195,0.027
50670,89211.77,22.01,-0.2439,-0.9208,-0.1478,0.01,-0.32,0.12,460.686,-23.195,0.027
50680,89216.34,22.01,-0.1845,-0.9109,-0.2218,-0.28,-0.16,0.32,460.454,-23.195,0.027
50690,89220.00,22.01,-0.2185,-0.9266,-0.1862,0.13,-0.09,-0.32,460.222,-23.194,0.027
50700,89226.68,22.01,-0.2461,-0.9616,-0.1996,-0.18,-0.26,-0.07,459.990,-23.194,0.027
50710,89220.72,22.01,-0.2356,-0.9204,-0.1798,-0.08,-0.07,-0.50,459.758,-23.194,0.027
50720,89226.58,22.01,-0.2189,-0.9237,-0.1755,-0.14,-0.22,0.06,459.526,-23.193,0.027
50730,89224.95,22.01,-0.1920,-0.9349,-0.1910,-0.27,0.16,-0.64,459.294,-23.193,0.027
50740,89237.56,22.02,-0.2023,-0.9536,-0.2067,0.31,-0.28,-0.38,459.062,-23.193,0.027
50750,89234.77,22.02,-0.2653,-0.9250,-0.1703,0.19,-0.34,0.19,458.830,-23.193,0.027
50760,89235.95,22.02,-0.1913,-0.9358,-0.1666,0.28,-0.34,0.09,458.598,-23.192,0.027
50770,89239.65,22.02,-0.2150,-0.9428,-0.1634,0.02,-0.23,-0.33,458.366,-23.192,0.027
50780,89241.42,22.02,-0.2509,-0.9216,-0.1892,0.06,-0.22,-0.16,458.134,-23.192,0.027
50790,89244.04,22.02,-0.2016,-0.9199,-0.2019,0.20,-0.52,-0.19,457.903,-23.192,0.027
50800,89250.35,22.03,-0.2244,-0.9197,-0.1536,0.32,-0.50,-0.64,457.671,-23.191,0.027
50810,89252.11,22.03,-0.2212,-0.9363,-0.2109,0.27,0.25,0.35,457.439,-23.191,0.027
50820,89248.37,22.03,-0.2291,-0.9368,-0.1396,0.31,0.08,0.09,457.207,-23.191,0.027
50830,89252.62,22.03,-0.2581,-0.9037,-0.1427,0.22,0.14,-0.05,456.975,-23.191,0.027
50840,89264.01,22.03,-0.1900,-0.9453,-0.2195,-0.07,0.24,-0.27,456.743,-23.190,0.027
50850,89261.04,22.03,-0.2437,-0.9142,-0.1539,0.17,-0.66,-0.52,456.511,-23.190,0.027
50860,89263.26,22.03,-0.2285,-0.9266,-0.1960,0.38,0.10,-0.16,456.279,-23.190,0.027
50870,89264.62,22.04,-0.2135,-0.9247,-0.2018,0.14,-0.48,-0.40,456.047,-23.189,0.027
50880,89270.91,22.04,-0.2028,-0.8964,-0.1999,0.22,-0.48,-0.42,455.815,-23.189,0.027
50890,89271.02,22.04,-0.1959,-0.9337,-0.1716,-0.69,-0.11,-0.28,455.584,-23.189,0.027
50900,89274.43,22.04,-0.2369,-0.9026,-0.1948,-0.08,-0.20,-0.48,455.352,-23.189,0.027
50910,89277.89,22.04,-0.2236,-0.9470,-0.1865,0.47,0.00,-0.13,455.120,-23.188,0.027
50920,89277.03,22.04,-0.2403,-0.9406,-0.1849,-0.25,-0.16,-0.53,454.888,-23.188,0.027
50930,89283.53,22.04,-0.2223,-0.9316,-0.1591,0.58,-0.10,-0.28,454.656,-23.188,0.027
50940,89278.84,22.05,-0.2371,-0.9233,-0.1635,0.31,-0.19,-0.45,454.424,-23.188,0.027
50950,89281.99,22.05,-0.2328,-0.9337,-0.1635,-0.07,-0.33,-0.10,454.192,-23.187,0.027
50960,89288.17,22.05,-0.2387,-0.9380,-0.1861,-0.49,0.00,-0.06,453.960,-23.187,0.027
50970,89291.66,22.05,-0.2314,-0.9189,-0.1846,0.78,-0.24,0.32,453.729,-23.187,0.027
50980,89295.05,22.05,-0.2291,-0.9325,-0.1753,-0.42,-0.18,0.05,453.497,-23.187,0.027
50990,89295.46,22.05,-0.1995,-0.9186,-0.1936,0.35,-0.06,-0.16,453.265,-23.186,0.027
51000,89298.56,22.06,-0.2210,-0.9378,-0.2002,0.61,-0.53,0.23,453.033,-23.186,0.027
51010,89300.18,22.06,-0.2418,-0.9342,-0.1823,0.05,-0.11,-0.62,452.801,-23.186,0.027
51020,89305.22,22.06,-0.2287,-0.9872,-0.1718,-0.04,-0.44,-0.10,452.569,-23.186,0.027
51030,89302.36,22.06,-0.2124,-0.9236,-0.1875,-0.44,-0.67,0.02,452.337,-23.185,0.027
51040,89308.10,22.06,-0.2124,-0.9355,-0.1780,0.32,-0.41,-0.46,452.105,-23.185,0.027
51050,89311.06,22.06,-0.2210,-0.9480,-0.1950,0.05,-0.26,-0.30,451.874,-23.185,0.027
51060,89317.07,22.06,-0.2396,-0.9662,-0.1972,0.72,-0.25,-0.43,451.642,-23.184,0.027
51070,89312.85,22.07,-0.2195,-0.9473,-0.1890,0.69,0.34,-0.59,451.410,-23.184,0.027
51080,89321.38,22.07,-0.2459,-0.9426,-0.1863,0.16,-0.16,0.16,451.178,-23.184,0.027
51090,89323.09,22.07,-0.2214,-0.9316,-0.2078,-0.10,-0.02,-0.10,450.946,-23.184,0.027
51100,89322.73,22.07,-0.2096,-0.9408,-0.1687,-0.20,-0.35,-0.87,450.714,-23.183,0.027
51110,89325.80,22.07,-0.2416,-0.9079,-0.2055,-0.07,-0.22,0.51,450.483,-23.183,0.027
51120,89328.71,22.07,-0.2255,-0.9158,-0.1826,0.41,-0.23,-0.26,450.251,-23.183,0.027
51130,89329.59,22.07,-0.2461,-0.9309,-0.1776,0.08,-0.34,-0.19,450.019,-23.183,0.027
51140,89331.42,22.08,-0.2142,-0.9679,-0.1980,-0.20,-0.44,-0.66,449.787,-23.182,0.027
51150,89338.12,22.08,-0.2323,-0.9713,-0.1793,0.00,-0.35,-0.47,449.555,-23.182,0.027
51160,89336.36,22.08,-0.2251,-0.9133,-0.2209,-0.05,-0.52,0.14,449.323,-23.182,0.027
51170,89340.04,22.08,-0.2344,-0.8974,-0.2202,0.03,0.10,-0.38,449.092,-23.182,0.027
51180,89345.30,22.08,-0.2450,-0.9267,-0.1804,0.66,-0.19,0.04,448.860,-23.181,0.027
51190,89342.79,22.08,-0.1949,-0.9253,-0.2501,-0.10,0.09,-0.19,448.628,-23.181,0.027
51200,89345.65,22.09,-0.1812,-0.9441,-0.1866,-0.05,-0.06,-0.07,448.396,-23.181,0.027
51210,89349.89,22.09,-0.1939,-0.9414,-0.1776,0.07,-0.50,-0.60,448.164,-23.180,0.027
51220,89349.56,22.09,-0.2470,-0.9163,-0.2007,0.36,-0.71,-0.16,447.933,-23.180,0.027
51230,89354.51,22.09,-0.2597,-0.9203,-0.1740,-0.08,-0.72,-0.04,447.701,-23.180,0.027
51240,89354.54,22.09,-0.2311,-0.9276,-0.1828,0.44,0.06,-0.23,447.469,-23.180,0.027
51250,89359.34,22.09,-0.2518,-0.9308,-0.1683,0.12,0.06,-0.52,447.237,-23.179,0.027
51260,89364.63,22.09,-0.2228,-0.9456,-0.1792,-0.58,-0.37,0.27,447.005,-23.179,0.027
51270,89364.13,22.10,-0.2292,-0.9446,-0.2284,0.20,-0.54,0.05,446.774,-23.179,0.027
51280,89366.13,22.10,-0.2215,-0.9404,-0.1740,0.41,-0.63,0.19,446.542,-23.179,0.027
51290,89364.32,22.10,-0.2062,-0.9401,-0.2034,0.47,-0.24,0.17,446.310,-23.178,0.026
51300,89371.08,22.10,-0.2085,-0.9247,-0.1796,0.05,0.21,-0.30,446.078,-23.178,0.026
51310,89378.78,22.10,-0.2489,-0.9700,-0.1773,0.38,-0.25,0.05,445.847,-23.178,0.026
51320,89378.34,22.10,-0.2270,-0.9477,-0.2078,0.23,-0.52,-0.11,445.615,-23.178,0.026
51330,89382.37,22.11,-0.2341,-0.9087,-0.2240,-0.03,0.26,-0.22,445.383,-23.177,0.026
51340,89383.99,22.11,-0.2723,-0.9280,-0.2002,-0.14,-0.48,-0.75,445.151,-23.177,0.026
51350,89385.26,22.11,-0.2653,-0.8882,-0.1724,-0.19,-0.11,-0.10,444.919,-23.177,0.026
51360,89390.82,22.11,-0.2303,-0.9327,-0.1912,0.08,-0.24,0.36,444.688,-23.176,0.026
51370,89391.44,22.11,-0.2484,-0.9031,-0.2225,0.34,-0.54,0.11,444.456,-23.176,0.026
51380,89394.22,22.11,-0.2499,-0.9336,-0.2263,0.35,-0.31,-0.11,444.224,-23.176,0.026
51390,89395.22,22.11,-0.2540,-0.9362,-0.2045,0.52,0.18,-0.22,443.992,-23.176,0.026
51400,89399.74,22.12,-0.2349,-0.9316,-0.1867,-0.02,-0.35,-0.08,443.761,-23.175,0.026
51410,89400.98,22.12,-0.2088,-0.9184,-0.1713,-0.40,0.11,-0.31,443.529,-23.175,0.026
51420,89400.53,22.12,-0.2419,-0.9611,-0.1862,0.19,-0.01,-0.10,443.297,-23.175,0.026
51430,89403.72,22.12,-0.2516,-0.9298,-0.2065,0.15,-0.22,-0.07,443.065,-23.175,0.026
51440,89410.62,22.12,-0.2124,-0.9284,-0.1952,0.01,-0.17,-0.69,442.834,-23.174,0.026
51450,89415.74,22.12,-0.2663,-0.9155,-0.1565,0.01,-0.59,-0.38,442.602,-23.174,0.026
51460,89414.85,22.12,-0.2204,-0.9164,-0.2070,-0.07,-0.56,-0.28,442.370,-23.174,0.026
51470,89415.87,22.13,-0.2038,-0.9704,-0.1950,0.06,-0.32,-0.28,442.138,-23.174,0.026
51480,89414.84,22.13,-0.1880,-0.9103,-0.1684,0.35,-0.02,-0.16,441.907,-23.173,0.026
51490,89416.34,22.13,-0.2038,-0.9410,-0.2047,0.00,-0.34,0.22,441.675,-23.173,0.026
51500,89420.64,22.13,-0.2478,-0.9168,-0.1726,0.24,-0.12,-0.48,441.443,-23.173,0.026
51510,89426.42,22.13,-0.2189,-0.9443,-0.1897,-0.02,-0.41,-0.14,441.211,-23.173,0.026
51520,89428.64,22.13,-0.2467,-0.9462,-0.1803,0.35,-0.19,0.01,440.980,-23.172,0.026
51530,89430.71,22.14,-0.2417,-0.9142,-0.1755,0.52,-0.32,0.09,440.748,-23.172,0.026
51540,89429.16,22.14,-0.2431,-0.9220,-0.1892,0.05,-0.31,-0.17,440.516,-23.172,0.026
51550,89439.21,22.14,-0.2301,-0.9524,-0.1643,0.14,-0.33,-0.28,440.285,-23.171,0.026
51560,89440.58,22.14,-0.2399,-0.9428,-0.1682,0.38,-0.17,-0.42,440.053,-23.171,0.026
51570,89443.49,22.14,-0.1829,-0.9156,-0.2694,-0.19,0.11,0.18,439.821,-23.171,0.026
51580,89446.59,22.14,-0.2476,-0.9808,-0.1757,0.04,-0.25,-0.43,439.589,-23.171,0.026
51590,89445.04,22.14,-0.2246,-0.8965,-0.1851,0.12,-0.38,-0.33,439.358,-23.170,0.026
51600,89446.56,22.15,-0.2137,-0.9365,-0.2017,0.21,-0.38,0.16,439.126,-23.170,0.026
51610,89455.07,22.15,-0.2635,-0.9615,-0.1879,-0.26,-0.34,-0.00,438.894,-23.170,0.026
51620,89454.45,22.15,-0.2052,-0.9159,-0.2050,0.61,-0.31,-0.58,438.663,-23.170,0.026
51630,89460.44,22.15,-0.2191,-0.9634,-0.1717,-0.26,-0.26,0.03,438.431,-23.169,0.026
51640,89460.32,22.15,-0.2271,-0.9207,-0.2045,-0.03,-0.32,-0.49,438.199,-23.169,0.026
51650,89461.51,22.15,-0.1874,-0.8998,-0.1852,0.53,0.16,-0.36,437.968,-23.169,0.026
51660,89464.34,22.15,-0.2258,-0.9195,-0.2102,-0.19,-0.44,-0.07,437.736,-23.169,0.026
51670,89466.06,22.16,-0.2281,-0.9702,-0.1651,0.37,-0.25,0.22,437.504,-23.168,0.026
51680,89467.24,22.16,-0.2066,-0.9204,-0.2110,0.18,-0.17,-0.56,437.273,-23.168,0.026
51690,89470.80,22.16,-0.1772,-0.8826,-0.1495,0.19,-0.25,-0.07,437.041,-23.168,0.026
51700,89471.23,22.16,-0.2429,-0.9552,-0.1874,-0.04,-0.61,-0.25,436.809,-23.167,0.026
51710,89476.15,22.16,-0.2403,-0.9500,-0.2153,-0.27,0.05,-0.55,436.578,-23.167,0.026
51720,89476.49,22.16,-0.2600,-0.9267,-0.1736,0.09,-0.44,-0.04,436.346,-23.167,0.026
51730,89485.03,22.17,-0.2311,-0.9226,-0.2014,-0.42,0.15,-0.11,436.114,-23.167,0.026
51740,89482.01,22.17,-0.2315,-0.9492,-0.1932,-0.00,-0.02,-0.37,435.883,-23.166,0.026
51750,89487.87,22.17,-0.2661,-0.9231,-0.2268,-0.32,-0.21,-0.48,435.651,-23.166,0.026
51760,89485.81,22.17,-0.2145,-0.9468,-0.2034,0.56,-0.78,-0.31,435.419,-23.166,0.026
51770,89488.17,22.17,-0.2056,-0.9345,-0.2039,-0.11,-0.09,0.08,435.188,-23.166,0.026
51780,89490.76,22.17,-0.2232,-0.9324,-0.1814,0.13,-0.03,-0.21,434.956,-23.165,0.026
51790,89497.92,22.17,-0.2191,-0.9562,-0.1681,0.22,-0.09,0.09,434.724,-23.165,0.026
51800,89499.77,22.18,-0.2212,-0.9274,-0.1891,0.05,-0.36,-0.77,434.493,-23.165,0.026
51810,89502.18,22.18,-0.2781,-0.9362,-0.1861,0.50,-0.26,0.23,434.261,-23.165,0.026
51820,89500.15,22.18,-0.2267,-0.9275,-0.1615,0.13,-0.22,-0.26,434.029,-23.164,0.026
51830,89505.97,22.18,-0.2701,-0.9107,-0.1869,-0.18,-0.49,-0.18,433.798,-23.164,0.026
51840,89507.23,22.18,-0.2393,-0.8870,-0.2087,0.68,-0.68,0.03,433.566,-23.164,0.026
51850,89512.05,22.18,-0.2260,-0.9598,-0.2038,-0.05,-0.34,-0.19,433.334,-23.164,0.026
51860,89513.37,22.18,-0.2610,-0.9372,-0.2150,-0.13,-0.30,-0.41,433.103,-23.163,0.026
51870,89512.41,22.19,-0.2145,-0.8816,-0.1779,-0.19,0.03,0.16,432.871,-23.163,0.026
51880,89519.21,22.19,-0.2243,-0.9598,-0.1698,0.38,0.20,-0.47,432.639,-23.163,0.026
51890,89525.14,22.19,-0.1795,-0.9399,-0.1790,0.39,0.17,-0.69,432.408,-23.162,0.026
51900,89526.14,22.19,-0.2357,-0.9046,-0.1764,0.12,-0.56,-0.03,432.176,-23.162,0.026
51910,89528.60,22.19,-0.2569,-0.9512,-0.1858,-0.19,-0.18,-0.19,431.945,-23.162,0.026
51920,89526.59,22.19,-0.2156,-0.9150,-0.1979,0.31,-0.35,-0.45,431.713,-23.162,0.026
51930,89527.51,22.20,-0.2733,-0.9507,-0.1870,0.16,-0.39,-0.07,431.481,-23.161,0.026
51940,89539.62,22.20,-0.2329,-0.9440,-0.1764,-0.01,-0.13,0.13,431.250,-23.161,0.026
51950,89541.56,22.20,-0.2095,-0.9204,-0.1893,-0.03,0.08,0.08,431.018,-23.161,0.026
51960,89540.98,22.20,-0.2008,-0.9263,-0.1947,0.09,-0.77,0.21,430.787,-23.161,0.026
51970,89542.42,22.20,-0.2470,-0.9242,-0.1645,0.07,-0.15,-0.27,430.555,-23.160,0.026
51980,89543.94,22.20,-0.2049,-0.9666,-0.1802,-0.02,-0.20,0.19,430.323,-23.160,0.026
51990,89549.17,22.20,-0.2211,-0.9601,-0.1719,-0.24,0.14,-0.71,430.092,-23.160,0.026
52000,89552.09,22.21,-0.2326,-0.9461,-0.1787,0.40,0.01,-0.51,429.860,-23.160,0.026
52010,89550.49,22.21,-0.2427,-0.8859,-0.1712,0.58,-0.07,-0.33,429.629,-23.159,0.026
52020,89560.10,22.21,-0.2208,-0.9471,-0.1918,0.05,0.23,0.12,429.397,-23.159,0.026
52030,89557.92,22.21,-0.2209,-0.9189,-0.1875,-0.12,-0.15,0.20,429.165,-23.159,0.026
52040,89561.06,22.21,-0.1925,-0.9400,-0.1935,-0.22,-0.16,-0.02,428.934,-23.158,0.026
52050,89557.34,22.21,-0.2302,-0.9540,-0.1577,0.32,-0.31,-0.01,428.702,-23.158,0.026
52060,89567.05,22.21,-0.2420,-0.8876,-0.2052,-0.32,-0.60,0.02,428.471,-23.158,0.026
52070,89568.33,22.22,-0.2051,-0.9337,-0.2114,-0.23,-0.17,-0.27,428.239,-23.158,0.026
52080,89575.37,22.22,-0.1806,-0.9464,-0.1731,-0.17,-0.14,-0.48,428.007,-23.157,0.026
52090,89572.95,22.22,-0.2094,-0.9096,-0.1927,0.00,0.05,0.56,427.776,-23.157,0.026
52100,89576.75,22.22,-0.2295,-0.9613,-0.1579,0.04,-0.26,-0.81,427.544,-23.157,0.026
52110,89575.56,22.22,-0.2162,-0.9419,-0.2147,0.52,-0.41,-0.18,427.313,-23.157,0.026
52120,89583.14,22.22,-0.2257,-0.9563,-0.2334,0.48,-0.36,-0.13,427.081,-23.156,0.026
52130,89584.62,22.23,-0.2309,-0.9379,-0.1930,0.22,0.03,-0.15,426.850,-23.156,0.026
52140,89580.03,22.23,-0.2299,-0.9499,-0.1776,0.10,-0.55,-0.62,426.618,-23.156,0.026
52150,89586.64,22.23,-0.2481,-0.9261,-0.1432,0.13,0.37,0.03,426.387,-23.156,0.026
52160,89587.77,22.23,-0.2310,-0.9475,-0.1666,-0.01,-0.38,-0.34,426.155,-23.155,0.026
52170,89592.96,22.23,-0.1951,-0.9130,-0.2128,-0.62,-0.25,-0.51,425.923,-23.155,0.026
52180,89594.56,22.23,-0.2197,-0.9263,-0.2009,0.26,-0.76,0.06,425.692,-23.155,0.026
52190,89596.95,22.23,-0.2455,-0.9257,-0.1796,0.43,-0.29,-0.39,425.460,-23.155,0.026
52200,89598.64,22.24,-0.2258,-0.9409,-0.1996,-0.05,0.41,-0.15,425.229,-23.154,0.026
52210,89602.22,22.24,-0.1932,-0.9511,-0.1973,-0.05,0.47,-0.51,424.997,-23.154,0.026
52220,89602.37,22.24,-0.2405,-0.9232,-0.2100,0.30,0.16,-0.02,424.766,-23.154,0.026
52230,89603.05,22.24,-0.2056,-0.9351,-0.1722,-0.01,-0.34,0.26,424.534,-23.153,0.026
52240,89609.84,22.24,-0.2309,-0.9159,-0.1551,0.48,-0.13,-0.36,424.303,-23.153,0.026
52250,89607.47,22.24,-0.2303,-0.8768,-0.2065,0.31,-0.33,0.01,424.071,-23.153,0.026
52260,89615.85,22.25,-0.2199,-0.9360,-0.2100,-0.09,-0.33,-0.35,423.840,-23.153,0.026
52270,89617.98,22.25,-0.2618,-0.9663,-0.1678,0.25,-0.34,0.04,423.608,-23.152,0.026
52280,89617.94,22.25,-0.2261,-0.9467,-0.1698,0.52,-0.22,-0.40,423.377,-23.152,0.026
52290,89618.85,22.25,-0.2516,-0.8915,-0.1537,-0.03,-0.26,-0.14,423.145,-23.152,0.026
52300,89625.92,22.25,-0.2356,-0.9707,-0.1620,0.43,-0.23,-0.28,422.913,-23.152,0.026
52310,89627.13,22.25,-0.2286,-0.9120,-0.1805,0.28,-0.25,-0.32,422.682,-23.151,0.026
52320,89632.20,22.25,-0.1802,-0.9191,-0.1984,0.14,0.02,0.17,422.450,-23.151,0.026
52330,89635.35,22.26,-0.2423,-0.9077,-0.1989,0.71,-0.27,-0.14,422.219,-23.151,0.026
52340,89637.02,22.26,-0.2572,-0.9263,-0.2079,0.16,-0.57,-0.57,421.987,-23.151,0.026
52350,89631.79,22.26,-0.2225,-0.9249,-0.2068,0.23,-0.56,-0.48,421.756,-23.150,0.026
52360,89639.83,22.26,-0.2144,-0.9682,-0.2032,0.38,-0.66,-0.55,421.524,-23.150,0.026
52370,89643.53,22.26,-0.2083,-0.9465,-0.1807,0.77,-0.22,-0.13,421.293,-23.150,0.026
52380,89649.03,22.26,-0.2178,-0.9341,-0.1794,-0.00,-0.79,0.39,421.061,-23.150,0.026
52390,89649.49,22.26,-0.2102,-0.9502,-0.2030,-0.05,-0.04,-0.30,420.830,-23.149,0.026
52400,89651.35,22.27,-0.2366,-0.8980,-0.1849,0.04,-1.06,-0.15,420.598,-23.149,0.026
52410,89652.04,22.27,-0.2554,-0.9439,-0.2175,-0.11,-0.37,-0.55,420.367,-23.149,0.026
52420,89654.47,22.27,-0.1977,-0.9298,-0.1752,-0.15,-0.36,0.44,420.135,-23.148,0.026
52430,89658.90,22.27,-0.2388,-0.9331,-0.1723,0.02,-0.38,-0.32,419.904,-23.148,0.026
52440,89659.73,22.27,-0.2307,-0.9307,-0.1757,0.76,0.21,-0.41,419.673,-23.148,0.026
52450,89660.24,22.27,-0.2379,-0.9340,-0.1866,0.19,-0.31,-0.22,419.441,-23.148,0.026
52460,89666.57,22.28,-0.2544,-0.9496,-0.1810,0.10,-0.60,-0.22,419.210,-23.147,0.026
52470,89670.42,22.28,-0.2250,-0.9259,-0.1969,0.37,0.11,-0.39,418.978,-23.147,0.026
52480,89673.26,22.28,-0.2470,-0.9339,-0.1683,-0.17,-0.49,0.32,418.747,-23.147,0.026
52490,89669.14,22.28,-0.1779,-0.9275,-0.1867,0.29,-0.31,0.18,418.515,-23.147,0.026
52500,89679.03,22.28,-0.1927,-0.9521,-0.1562,-0.25,-0.16,-0.01,418.284,-23.146,0.026
52510,89673.11,22.28,-0.2106,-0.9556,-0.1797,0.61,-0.58,-0.27,418.052,-23.146,0.026
52520,89682.62,22.28,-0.2348,-0.9636,-0.1834,0.16,0.17,0.04,417.821,-23.146,0.026
52530,89684.87,22.29,-0.2327,-0.9444,-0.1608,-0.11,-0.67,-0.40,417.589,-23.146,0.026
52540,89684.91,22.29,-0.2418,-0.9349,-0.1922,-0.10,0.20,-0.23,417.358,-23.145,0.026
52550,89689.87,22.29,-0.2230,-0.9244,-0.1914,0.10,0.04,-0.68,417.126,-23.145,0.026
52560,89688.06,22.29,-0.2117,-0.9192,-0.2011,0.49,-0.08,-0.28,416.895,-23.145,0.026
52570,89691.02,22.29,-0.2621,-0.9326,-0.2059,-0.08,-0.11,-0.27,416.663,-23.144,0.026
52580,89695.04,22.29,-0.2388,-0.9002,-0.1825,0.03,0.09,-0.30,416.432,-23.144,0.026
52590,89700.21,22.29,-0.2394,-0.9124,-0.1588,0.31,-0.49,-0.38,416.201,-23.144,0.026
52600,89700.17,22.30,-0.2503,-0.9238,-0.1832,0.14,-0.90,-0.22,415.969,-23.144,0.026
52610,89705.07,22.30,-0.2392,-0.9438,-0.2127,-0.25,0.01,0.28,415.738,-23.143,0.026
52620,89704.13,22.30,-0.2357,-0.9225,-0.1761,0.46,0.42,0.26,415.506,-23.143,0.026
52630,89706.88,22.30,-0.2438,-0.9504,-0.1746,-0.25,0.30,-0.17,415.275,-23.143,0.026
52640,89710.81,22.30,-0.2129,-0.9899,-0.1934,0.78,-0.45,-0.43,415.043,-23.143,0.026
52650,89711.74,22.30,-0.2073,-0.9337,-0.1875,-0.29,-0.50,-0.22,414.812,-23.142,0.026
52660,89716.63,22.31,-0.2497,-0.9406,-0.1713,0.35,-0.22,0.02,414.581,-23.142,0.026
52670,89717.30,22.31,-0.2415,-0.9850,-0.2169,0.03,-0.24,0.03,414.349,-23.142,0.026
52680,89718.80,22.31,-0.2446,-0.9505,-0.1914,0.11,-0.18,-0.66,414.118,-23.142,0.026
52690,89722.60,22.31,-0.2394,-0.9303,-0.1673,-0.26,-0.52,-0.17,413.886,-23.141,0.026
52700,89727.34,22.31,-0.2173,-0.9212,-0.1737,-0.23,-0.44,-0.43,413.655,-23.141,0.026
52710,89730.33,22.31,-0.2408,-0.9189,-0.2041,0.25,-0.20,-0.37,413.424,-23.141,0.026
52720,89730.46,22.31,-0.2380,-0.9440,-0.1688,0.26,-0.37,-0.39,413.192,-23.141,0.026
52730,89736.58,22.32,-0.2052,-0.9665,-0.1548,0.86,-0.85,-0.28,412.961,-23.140,0.026
52740,89734.46,22.32,-0.2029,-0.9429,-0.2101,-0.03,-0.66,0.25,412.729,-23.140,0.026
52750,89736.60,22.32,-0.2175,-0.9260,-0.2020,0.78,-0.32,-0.07,412.498,-23.140,0.026
52760,89741.76,22.32,-0.2230,-0.9620,-0.1854,0.35,-0.26,-0.30,412.267,-23.139,0.026
52770,89744.02,22.32,-0.2366,-0.9187,-0.2318,0.13,-0.22,-0.19,412.035,-23.139,0.026
52780,89745.63,22.32,-0.2275,-0.9280,-0.1974,0.10,-0.53,0.14,411.804,-23.139,0.026
52790,89748.41,22.32,-0.2065,-0.9337,-0.1801,0.80,-0.67,0.02,411.572,-23.139,0.026
52800,89752.94,22.33,-0.2502,-0.9545,-0.1570,-0.10,-0.50,-0.04,411.341,-23.138,0.026
52810,89748.32,22.33,-0.2276,-0.9387,-0.1893,0.27,-0.41,-0.18,411.110,-23.138,0.026
52820,89752.81,22.33,-0.2273,-0.9291,-0.1848,-0.14,-0.31,-0.81,410.878,-23.138,0.026
52830,89760.35,22.33,-0.2549,-0.9267,-0.2232,0.22,0.09,-0.41,410.647,-23.138,0.026
52840,89761.20,22.33,-0.2299,-0.9686,-0.1788,0.19,-0.13,-0.08,410.415,-23.137,0.026
52850,89761.24,22.33,-0.2123,-0.8898,-0.2089,0.50,-0.15,-0.51,410.184,-23.137,0.026
52860,89770.06,22.34,-0.2457,-0.9221,-0.2250,0.17,-0.26,-0.02,409.953,-23.137,0.026
52870,89770.71,22.34,-0.2346,-0.9183,-0.1724,-0.40,-0.25,0.00,409.721,-23.137,0.026
52880,89771.86,22.34,-0.2319,-0.9413,-0.1393,0.54,-0.34,0.06,409.490,-23.136,0.026
52890,89775.95,22.34,-0.1707,-0.9397,-0.1709,0.23,-0.57,0.07,409.259,-23.136,0.026
52900,89772.45,22.34,-0.2273,-0.9513,-0.1887,0.48,-0.14,0.16,409.027,-23.136,0.026
52910,89779.49,22.34,-0.2251,-0.9296,-0.2037,0.17,-0.26,0.15,408.796,-23.136,0.026
52920,89781.41,22.34,-0.1994,-0.9232,-0.2025,0.05,-0.30,-0.31,408.565,-23.135,0.026
52930,89782.96,22.35,-0.2359,-0.9312,-0.1882,-0.01,-0.18,-0.32,408.333,-23.135,0.026
52940,89786.59,22.35,-0.2019,-0.9511,-0.1459,0.04,0.19,0.21,408.102,-23.135,0.026
52950,89790.97,22.35,-0.2196,-0.9444,-0.1768,0.32,0.24,0.08,407.871,-23.134,0.026
52960,89790.50,22.35,-0.1796,-0.9716,-0.2342,-0.32,-0.54,-0.41,407.639,-23.134,0.026
52970,89791.58,22.35,-0.2265,-0.9275,-0.2031,0.20,-0.52,-0.10,407.408,-23.134,0.026
52980,89794.60,22.35,-0.2485,-0.9299,-0.2019,0.42,-0.55,-0.37,407.176,-23.134,0.026
52990,89801.23,22.35,-0.2206,-0.9640,-0.1933,0.21,-0.33,-0.37,406.945,-23.133,0.026
53000,89804.59,22.36,-0.2424,-0.9354,-0.2386,0.26,-0.58,-0.58,406.714,-23.133,0.026
53010,89802.79,22.36,-0.1931,-0.9273,-0.1847,0.27,-0.24,-0.16,406.482,-23.133,0.026
53020,89808.30,22.36,-0.2103,-0.9107,-0.2047,0.12,-0.52,-0.23,406.251,-23.133,0.026
53030,89810.69,22.36,-0.2426,-0.9745,-0.2309,-0.09,-0.37,-0.44,406.020,-23.132,0.026
53040,89812.51,22.36,-0.2358,-0.9371,-0.2010,-0.16,-0.38,-0.33,405.789,-23.132,0.026
53050,89809.54,22.36,-0.2300,-0.9289,-0.1332,-0.21,-0.30,0.47,405.557,-23.132,0.026
53060,89817.78,22.37,-0.2174,-0.9444,-0.1875,0.16,-0.04,0.49,405.326,-23.132,0.026
53070,89814.61,22.37,-0.2504,-0.9381,-0.2097,-0.47,-0.24,-0.31,405.095,-23.131,0.026
53080,89825.55,22.37,-0.2378,-0.9380,-0.1955,0.25,-0.17,-0.34,404.863,-23.131,0.026
53090,89822.46,22.37,-0.2342,-0.9359,-0.1735,0.01,0.65,-0.37,404.632,-23.131,0.026
53100,89828.65,22.37,-0.2492,-0.9420,-0.1849,0.56,-0.30,-0.18,404.401,-23.131,0.026
53110,89823.99,22.37,-0.2325,-0.9210,-0.1893,-0.36,-0.14,0.11,404.169,-23.130,0.026
53120,89830.40,22.37,-0.1976,-0.9393,-0.2008,0.36,-0.25,-0.69,403.938,-23.130,0.026
53130,89834.91,22.38,-0.2461,-0.9419,-0.1948,0.06,-0.37,-0.21,403.707,-23.130,0.026
53140,89832.14,22.38,-0.2352,-0.9152,-0.1803,0.31,0.01,-0.26,403.475,-23.129,0.026
53150,89836.98,22.38,-0.2470,-0.9460,-0.2033,0.63,-0.45,-0.04,403.244,-23.129,0.026
53160,89844.98,22.38,-0.2293,-0.9154,-0.1934,0.38,0.08,-0.40,403.013,-23.129,0.026
53170,89842.78,22.38,-0.2322,-0.9013,-0.1978,0.03,0.08,0.26,402.782,-23.129,0.026
53180,89846.95,22.38,-0.2311,-0.9441,-0.1890,0.02,-0.84,-0.20,402.550,-23.128,0.026
53190,89850.86,22.38,-0.2267,-0.9553,-0.1867,-0.10,-0.47,-0.04,402.319,-23.128,0.026
53200,89850.00,22.39,-0.2065,-0.9261,-0.1947,0.23,-0.47,0.36,402.088,-23.128,0.026
53210,89858.45,22.39,-0.2094,-0.9747,-0.1981,0.06,0.06,-0.19,401.856,-23.128,0.026
53220,89854.58,22.39,-0.2429,-0.9323,-0.1951,-0.46,-0.40,-0.49,401.625,-23.127,0.026
53230,89861.98,22.39,-0.1971,-0.9389,-0.1610,-0.31,0.15,-0.52,401.394,-23.127,0.026
53240,89860.89,22.39,-0.2066,-0.9021,-0.1911,0.21,-0.32,0.27,401.163,-23.127,0.026
53250,89867.83,22.39,-0.2057,-0.9377,-0.2085,-0.01,-0.00,-0.14,400.931,-23.127,0.026
53260,89869.66,22.40,-0.2304,-0.9213,-0.2018,0.19,-0.55,-0.80,400.700,-23.126,0.026
53270,89869.66,22.40,-0.2153,-0.9467,-0.1929,0.12,-0.51,0.13,400.469,-23.126,0.026
53280,89872.12,22.40,-0.2411,-0.9145,-0.1773,0.31,-0.85,-0.66,400.238,-23.126,0.026
53290,89873.58,22.40,-0.2570,-0.9291,-0.1842,0.06,-0.33,0.07,400.006,-23.125,0.026
53300,89878.61,22.40,-0.2234,-0.9132,-0.2007,-0.16,-0.25,-0.47,399.775,-23.125,0.026
53310,89880.57,22.40,-0.2108,-0.9452,-0.1740,0.59,-0.38,-0.15,399.544,-23.125,0.026
53320,89878.97,22.40,-0.2087,-0.9509,-0.1565,0.05,-0.46,-0.73,399.313,-23.125,0.026
53330,89884.12,22.41,-0.2441,-0.9156,-0.1712,0.72,-0.14,-0.26,399.081,-23.124,0.026
53340,89889.02,22.41,-0.2576,-0.9026,-0.1885,0.59,-0.00,-0.35,398.850,-23.124,0.026
53350,89892.98,22.41,-0.2224,-0.8973,-0.1775,0.21,-0.04,-0.09,398.619,-23.124,0.026
53360,89889.87,22.41,-0.1929,-0.9027,-0.1758,0.29,-0.71,-0.75,398.388,-23.124,0.026
53370,89896.37,22.41,-0.2301,-0.9373,-0.1496,0.42,-0.62,-0.60,398.156,-23.123,0.026
53380,89895.80,22.41,-0.2004,-0.8977,-0.1975,0.13,-0.41,-0.01,397.925,-23.123,0.026
53390,89902.53,22.41,-0.2619,-0.9293,-0.1934,-0.02,-0.26,-0.59,397.694,-23.123,0.026
53400,89901.42,22.42,-0.2150,-0.9363,-0.1959,-0.01,-0.09,0.02,397.463,-23.123,0.026
53410,89905.52,22.42,-0.2387,-0.9610,-0.1783,0.15,0.19,-0.06,397.231,-23.122,0.026
53420,89905.73,22.42,-0.2266,-0.9455,-0.1893,0.13,-0.03,-0.28,397.000,-23.122,0.026
53430,89911.36,22.42,-0.2175,-0.9472,-0.2032,0.35,-0.50,0.04,396.769,-23.122,0.026
53440,89912.54,22.42,-0.2457,-0.9208,-0.2146,0.10,-0.17,-0.22,396.538,-23.122,0.026
53450,89919.60,22.42,-0.2504,-0.9620,-0.1521,0.39,-0.71,-0.42,396.307,-23.121,0.026
53460,89917.48,22.43,-0.2263,-0.9362,-0.2235,-0.02,-0.41,0.39,396.075,-23.121,0.026
53470,89920.08,22.43,-0.2280,-0.9485,-0.1758,0.43,0.24,-0.07,395.844,-23.121,0.026
53480,89918.97,22.43,-0.2274,-0.9204,-0.2190,-0.25,-0.39,0.18,395.613,-23.120,0.026
53490,89922.41,22.43,-0.2463,-0.9216,-0.1704,0.01,0.08,-0.37,395.382,-23.120,0.026
53500,89931.06,22.43,-0.2222,-0.9281,-0.1939,-0.16,0.26,-0.95,395.151,-23.120,0.026
53510,89931.94,22.43,-0.2424,-0.9781,-0.1989,0.12,0.08,-0.28,394.919,-23.120,0.026
53520,89936.22,22.43,-0.2253,-0.9419,-0.2059,0.47,0.13,-0.14,394.688,-23.119,0.026
53530,89937.55,22.44,-0.2573,-0.9201,-0.2025,0.50,-0.21,-0.22,394.457,-23.119,0.026
53540,89934.45,22.44,-0.2189,-0.9397,-0.2049,0.18,-0.16,-0.07,394.226,-23.119,0.026
53550,89941.49,22.44,-0.2168,-0.9345,-0.2096,0.70,0.15,-0.58,393.995,-23.119,0.026
53560,89942.50,22.44,-0.2522,-0.9466,-0.1520,0.67,-0.44,0.10,393.763,-23.118,0.026
53570,89943.61,22.44,-0.2402,-0.9407,-0.1972,-0.49,-0.40,-0.66,393.532,-23.118,0.026
53580,89950.65,22.44,-0.2308,-0.9403,-0.1969,0.18,-0.53,-0.29,393.301,-23.118,0.026
53590,89952.14,22.45,-0.1994,-0.9274,-0.1905,0.59,-0.47,-0.20,393.070,-23.118,0.026
53600,89952.72,22.45,-0.2319,-0.9284,-0.2180,-0.28,-0.32,-0.52,392.839,-23.117,0.026
53610,89951.77,22.45,-0.2107,-0.9171,-0.1963,-0.33,-0.43,-0.03,392.608,-23.117,0.026
53620,89961.50,22.45,-0.2399,-0.9214,-0.2021,0.31,0.27,-0.10,392.376,-23.117,0.026
53630,89961.60,22.45,-0.2510,-0.9649,-0.1997,-0.09,-0.37,-0.41,392.145,-23.117,0.026
53640,89962.60,22.45,-0.2249,-0.9623,-0.1951,-0.08,-0.32,-0.29,391.914,-23.116,0.026
53650,89964.39,22.45,-0.2087,-0.9275,-0.1553,-0.17,-0.18,-0.68,391.683,-23.116,0.026
53660,89968.70,22.46,-0.2420,-0.9236,-0.2062,-0.24,-0.16,-0.23,391.452,-23.116,0.026
53670,89971.54,22.46,-0.2335,-0.9545,-0.2116,-0.01,-0.44,-0.05,391.221,-23.115,0.026
53680,89980.32,22.46,-0.2326,-0.9348,-0.1980,0.57,-0.34,-0.07,390.989,-23.115,0.026
53690,89978.08,22.46,-0.2568,-0.9942,-0.1838,0.08,-0.38,-0.14,390.758,-23.115,0.026
53700,89972.33,22.46,-0.2358,-0.9083,-0.2190,0.24,-0.17,0.17,390.527,-23.115,0.026
53710,89980.67,22.46,-0.2615,-0.9186,-0.1511,-0.74,-0.20,-0.10,390.296,-23.114,0.026
53720,89981.92,22.46,-0.2258,-0.9489,-0.1741,-0.06,-0.55,-0.23,390.065,-23.114,0.026
53730,89986.26,22.47,-0.2404,-0.9331,-0.2225,0.19,-0.75,-0.35,389.834,-23.114,0.026
53740,89992.09,22.47,-0.2228,-0.9678,-0.1640,0.30,-0.53,-0.29,389.603,-23.114,0.026
53750,89988.71,22.47,-0.1845,-0.9086,-0.2021,0.39,0.13,-0.51,389.371,-23.113,0.026
53760,89991.52,22.47,-0.2369,-0.9528,-0.2224,0.54,-0.61,-0.42,389.140,-23.113,0.026
53770,89993.33,22.47,-0.2230,-0.9015,-0.1905,0.18,-0.66,0.08,388.909,-23.113,0.026
53780,89999.62,22.47,-0.2544,-0.9182,-0.1678,0.49,-0.35,-0.39,388.678,-23.113,0.026
53790,90001.64,22.48,-0.2127,-0.9440,-0.2145,0.11,0.05,-0.28,388.447,-23.112,0.026
53800,89997.77,22.48,-0.1913,-0.9526,-0.1968,0.51,-0.09,0.04,388.216,-23.112,0.026
53810,90004.81,22.48,-0.1711,-0.9449,-0.1956,0.31,-0.04,-0.58,387.985,-23.112,0.026
53820,90008.86,22.48,-0.1950,-0.9542,-0.1969,0.23,0.03,0.04,387.754,-23.112,0.026
53830,90010.08,22.48,-0.2123,-0.9791,-0.1782,0.69,-0.41,-0.35,387.522,-23.111,0.026
53840,90010.24,22.48,-0.1693,-0.9542,-0.1613,0.18,-0.28,-0.25,387.291,-23.111,0.026
53850,90014.82,22.48,-0.2157,-0.9420,-0.1754,-0.40,-0.37,-0.50,387.060,-23.111,0.026
53860,90022.90,22.49,-0.2311,-0.9463,-0.1743,-0.06,-0.30,-0.75,386.829,-23.110,0.026
53870,90021.93,22.49,-0.2234,-0.9420,-0.1720,0.24,-0.21,-0.17,386.598,-23.110,0.026
53880,90023.63,22.49,-0.2219,-0.9294,-0.2017,0.41,0.12,-0.15,386.367,-23.110,0.026
53890,90023.37,22.49,-0.2609,-0.9408,-0.1679,-0.52,-0.24,-0.74,386.136,-23.110,0.026
53900,90028.42,22.49,-0.2208,-0.9401,-0.2249,-0.42,-0.10,-0.22,385.905,-23.109,0.026
53910,90028.20,22.49,-0.2010,-0.9229,-0.1893,-0.01,-0.48,-0.20,385.674,-23.109,0.026
53920,90034.65,22.49,-0.2018,-0.9557,-0.1929,-0.32,-0.36,-0.57,385.442,-23.109,0.026
53930,90040.18,22.50,-0.2021,-0.9300,-0.2230,0.36,0.02,-0.27,385.211,-23.109,0.026
53940,90036.62,22.50,-0.2076,-0.9146,-0.2359,0.16,-0.32,-0.39,384.980,-23.108,0.026
53950,90040.45,22.50,-0.2049,-0.9414,-0.2059,-0.32,0.08,0.35,384.749,-23.108,0.026
53960,90041.34,22.50,-0.2151,-0.9619,-0.1575,-0.05,-0.62,0.01,384.518,-23.108,0.026
53970,90045.97,22.50,-0.2425,-0.9349,-0.2065,0.20,0.10,-0.17,384.287,-23.108,0.026
53980,90047.33,22.50,-0.2190,-0.9320,-0.1876,0.63,-0.14,0.19,384.056,-23.107,0.026
53990,90051.35,22.51,-0.2256,-0.9089,-0.2133,0.32,0.18,0.06,383.825,-23.107,0.026
54000,90045.62,22.51,-0.2238,-0.9021,-0.2200,0.05,-0.15,-0.65,383.594,-23.107,0.026
54010,90055.45,22.51,-0.2356,-0.9611,-0.1611,0.06,-0.32,-0.76,383.363,-23.107,0.026
54020,90057.98,22.51,-0.2540,-0.9708,-0.1765,-0.14,-0.60,-0.29,383.132,-23.106,0.026
54030,90062.79,22.51,-0.2429,-0.9239,-0.1928,0.19,0.11,-0.06,382.901,-23.106,0.026
54040,90062.39,22.51,-0.2411,-0.9181,-0.1935,0.23,0.33,-0.57,382.670,-23.106,0.026
54050,90069.43,22.51,-0.1857,-0.9533,-0.1911,-0.45,-0.19,-0.59,382.439,-23.105,0.026
54060,90068.16,22.52,-0.1883,-0.9343,-0.1806,0.17,-0.52,-0.22,382.207,-23.105,0.026
54070,90065.02,22.52,-0.2419,-0.9708,-0.1798,-0.11,-0.29,0.12,381.976,-23.105,0.026
54080,90077.72,22.52,-0.1930,-0.9482,-0.1726,0.59,-0.17,-0.09,381.745,-23.105,0.026
54090,90079.50,22.52,-0.1711,-0.8926,-0.1792,0.56,-0.29,0.24,381.514,-23.104,0.026
54100,90077.43,22.52,-0.2183,-0.9514,-0.1750,0.36,-0.38,-0.01,381.283,-23.104,0.026
54110,90081.39,22.52,-0.2651,-0.9186,-0.2195,0.42,-0.25,0.04,381.052,-23.104,0.026
54120,90083.79,22.52,-0.2270,-0.9252,-0.1764,-0.13,-0.53,-0.44,380.821,-23.104,0.026
54130,90080.02,22.53,-0.2073,-0.9375,-0.1899,0.75,0.22,-0.54,380.590,-23.103,0.026
54140,90084.95,22.53,-0.1812,-0.9069,-0.1893,-0.10,0.28,-0.43,380.359,-23.103,0.026
54150,90091.68,22.53,-0.2267,-0.9606,-0.2334,-0.08,-0.93,-0.13,380.128,-23.103,0.026
54160,90091.20,22.53,-0.2332,-0.9279,-0.1913,0.03,-0.33,-0.12,379.897,-23.103,0.026
54170,90092.80,22.53,-0.2304,-0.9500,-0.1832,0.52,-0.14,0.03,379.666,-23.102,0.026
54180,90099.28,22.53,-0.2132,-0.9380,-0.1818,-0.25,-0.61,0.16,379.435,-23.102,0.026
54190,90104.33,22.54,-0.2360,-0.9709,-0.1728,0.88,-0.44,-0.65,379.204,-23.102,0.026
54200,90105.44,22.54,-0.2304,-0.9333,-0.2017,0.18,-0.41,0.16,378.973,-23.102,0.026
54210,90107.63,22.54,-0.2320,-0.9156,-0.1798,0.58,-0.08,0.47,378.742,-23.101,0.026
54220,90103.52,22.54,-0.2155,-0.9203,-0.2148,0.31,-0.24,-0.23,378.511,-23.101,0.026
54230,90112.77,22.54,-0.2109,-0.9588,-0.1450,0.31,0.08,-0.06,378.280,-23.101,0.026
54240,90111.46,22.54,-0.2062,-0.9448,-0.1862,-0.05,-0.58,0.29,378.049,-23.100,0.026
54250,90120.21,22.54,-0.2499,-0.8986,-0.1912,0.15,-0.20,0.04,377.818,-23.100,0.026
54260,90116.58,22.55,-0.2151,-0.9261,-0.1791,-0.17,-0.43,-0.55,377.587,-23.100,0.026
54270,90121.55,22.55,-0.2393,-0.9327,-0.2163,0.05,-0.21,0.15,377.356,-23.100,0.026
54280,90125.07,22.55,-0.1972,-0.9202,-0.1573,-0.23,-0.42,-0.38,377.125,-23.099,0.026
54290,90127.77,22.55,-0.2371,-0.9337,-0.1836,0.19,0.06,0.18,376.894,-23.099,0.026
54300,90129.60,22.55,-0.2237,-0.9372,-0.1879,0.27,-0.05,-0.99,376.663,-23.099,0.026
54310,90128.76,22.55,-0.2385,-0.9249,-0.1934,0.31,0.08,0.02,376.432,-23.099,0.026
54320,90131.11,22.55,-0.1921,-0.9475,-0.1732,0.41,-0.29,0.11,376.201,-23.098,0.026
54330,90137.74,22.56,-0.2085,-0.9188,-0.2072,-0.19,-0.27,0.41,375.970,-23.098,0.026
54340,90139.75,22.56,-0.2343,-0.9233,-0.1548,0.21,-0.07,-0.10,375.739,-23.098,0.026
54350,90138.17,22.56,-0.1823,-0.9043,-0.1792,0.06,-0.47,0.08,375.508,-23.098,0.026
54360,90146.60,22.56,-0.1732,-0.9103,-0.1855,0.06,-0.01,0.11,375.277,-23.097,0.026
54370,90145.34,22.56,-0.2094,-0.9303,-0.1762,0.37,-0.02,0.04,375.046,-23.097,0.026
54380,90148.78,22.56,-0.2039,-0.9402,-0.1681,0.11,-0.27,-0.32,374.815,-23.097,0.026
54390,90150.00,22.57,-0.1998,-0.9185,-0.1835,-0.51,0.08,-0.34,374.584,-23.097,0.026
54400,90154.89,22.57,-0.1983,-0.9641,-0.2114,-0.23,-0.56,-0.62,374.353,-23.096,0.026
54410,90156.01,22.57,-0.2091,-0.9193,-0.1882,0.62,-0.66,-0.20,374.122,-23.096,0.026
54420,90154.77,22.57,-0.2290,-0.9150,-0.2126,-0.01,0.19,-0.07,373.891,-23.096,0.026
54430,90161.68,22.57,-0.2329,-0.9320,-0.1749,-0.01,0.21,-0.09,373.660,-23.096,0.026
54440,90162.85,22.57,-0.2458,-0.9352,-0.1945,-0.31,-0.40,0.15,373.429,-23.095,0.026
54450,90167.95,22.57,-0.2595,-0.9294,-0.1999,0.16,-0.18,-0.42,373.198,-23.095,0.026
54460,90171.82,22.58,-0.2128,-0.9332,-0.2151,-0.33,-0.42,0.25,372.968,-23.095,0.026
54470,90169.77,22.58,-0.2302,-0.9301,-0.1825,0.02,-0.69,0.26,372.737,-23.094,0.026
54480,90171.37,22.58,-0.2145,-0.9244,-0.1870,0.40,-0.14,-0.47,372.506,-23.094,0.026
54490,90177.92,22.58,-0.2031,-0.9629,-0.1749,0.54,-0.28,-0.34,372.275,-23.094,0.026
54500,90180.70,22.58,-0.2256,-0.9648,-0.1615,0.18,-0.49,0.05,372.044,-23.094,0.026
54510,90181.94,22.58,-0.2327,-0.9246,-0.1981,0.39,-0.14,-0.14,371.813,-23.093,0.026
54520,90185.75,22.58,-0.2491,-0.9492,-0.1629,0.36,-0.27,0.05,371.582,-23.093,0.026
54530,90189.33,22.59,-0.2840,-0.9366,-0.1951,0.41,-0.37,-0.37,371.351,-23.093,0.026
54540,90190.52,22.59,-0.2230,-0.9370,-0.1783,0.03,-0.36,0.20,371.120,-23.093,0.026
54550,90193.06,22.59,-0.2624,-0.9466,-0.1721,-0.06,-0.18,-0.39,370.889,-23.092,0.026
54560,90194.92,22.59,-0.1941,-0.9379,-0.1965,0.34,-0.23,-0.10,370.658,-23.092,0.026
54570,90200.95,22.59,-0.2137,-0.9359,-0.1900,-0.14,-0.20,-0.15,370.427,-23.092,0.026
54580,90199.07,22.59,-0.2216,-0.9308,-0.1943,-0.05,-0.52,0.24,370.196,-23.092,0.026
54590,90202.05,22.60,-0.2215,-0.9532,-0.2101,0.45,0.02,-0.16,369.965,-23.091,0.026
54600,90204.93,22.60,-0.2023,-0.9189,-0.1739,0.36,-0.75,-0.11,369.735,-23.091,0.026
54610,90210.23,22.60,-0.2214,-0.9498,-0.1594,0.39,-0.62,0.17,369.504,-23.091,0.026
54620,90209.20,22.60,-0.2347,-0.9269,-0.1755,-0.56,-0.63,-0.54,369.273,-23.091,0.026
54630,90209.72,22.60,-0.2256,-0.9356,-0.1635,0.25,-0.28,0.08,369.042,-23.090,0.026
54640,90215.16,22.60,-0.2133,-0.9303,-0.2185,0.16,-0.24,0.06,368.811,-23.090,0.026
54650,90221.26,22.60,-0.2081,-0.9984,-0.1964,-1.09,-0.45,-0.14,368.580,-23.090,0.026
54660,90220.74,22.61,-0.2372,-0.9125,-0.1548,-0.25,-0.65,-0.00,368.349,-23.089,0.026
54670,90222.58,22.61,-0.2479,-0.9313,-0.1956,-0.02,-0.73,-0.19,368.118,-23.089,0.026
54680,90220.63,22.61,-0.2262,-0.9156,-0.1953,-0.17,0.11,-0.20,367.887,-23.089,0.026
54690,90228.70,22.61,-0.2170,-0.9627,-0.2230,0.23,0.23,-0.15,367.656,-23.089,0.026
54700,90233.69,22.61,-0.2172,-0.9063,-0.1949,-0.11,-0.41,-0.41,367.426,-23.088,0.026
54710,90230.89,22.61,-0.2084,-0.9658,-0.1955,0.67,-0.78,-0.39,367.195,-23.088,0.026
54720,90236.78,22.61,-0.2151,-0.9274,-0.2018,0.42,0.20,-0.35,366.964,-23.088,0.026
54730,90236.96,22.62,-0.2009,-0.9231,-0.2084,0.35,0.04,-0.27,366.733,-23.088,0.026
54740,90236.31,22.62,-0.2092,-0.9229,-0.1830,-0.27,-0.85,-0.13,366.502,-23.087,0.026
54750,90243.38,22.62,-0.2327,-0.9140,-0.1873,0.52,-0.86,-1.05,366.271,-23.087,0.026
54760,90245.25,22.62,-0.2204,-0.9405,-0.2016,-0.23,0.04,-0.43,366.040,-23.087,0.026
54770,90248.52,22.62,-0.2197,-0.9173,-0.1868,0.32,-0.27,-0.28,365.809,-23.087,0.026
54780,90250.89,22.62,-0.2072,-0.9261,-0.2027,0.01,-0.41,-0.25,365.579,-23.086,0.026
54790,90249.49,22.63,-0.2326,-0.9034,-0.1923,0.10,-0.37,-0.21,365.348,-23.086,0.026
54800,90259.69,22.63,-0.2073,-0.9693,-0.1789,-0.06,-0.45,-0.28,365.117,-23.086,0.026
54810,90253.73,22.63,-0.2585,-0.9559,-0.1997,0.30,-1.18,-0.34,364.886,-23.086,0.026
54820,90258.94,22.63,-0.2337,-0.9541,-0.1562,-0.03,-0.09,0.70,364.655,-23.085,0.026
54830,90266.07,22.63,-0.2159,-0.9650,-0.1688,-0.12,0.12,-0.43,364.424,-23.085,0.026
54840,90261.92,22.63,-0.2153,-0.9450,-0.2234,-0.13,-0.76,-0.24,364.193,-23.085,0.026
54850,90268.28,22.63,-0.2475,-0.9621,-0.1773,-0.24,-0.28,0.25,363.963,-23.084,0.026
54860,90272.84,22.64,-0.2586,-0.8991,-0.1866,-0.39,-0.14,-0.18,363.732,-23.084,0.026
54870,90271.24,22.64,-0.2025,-0.9238,-0.1976,-0.13,-0.58,-0.38,363.501,-23.084,0.026
54880,90272.40,22.64,-0.1886,-0.9368,-0.2254,0.05,0.29,-0.07,363.270,-23.084,0.026
54890,90276.37,22.64,-0.2194,-0.9323,-0.1908,0.05,0.15,-0.51,363.039,-23.083,0.026
54900,90285.77,22.64,-0.1831,-0.9387,-0.1866,0.36,-0.29,-0.27,362.808,-23.083,0.026
54910,90284.76,22.64,-0.2361,-0.8916,-0.1905,0.91,-0.15,-0.39,362.578,-23.083,0.026
54920,90288.23,22.64,-0.2144,-0.9269,-0.1602,0.20,-0.36,-0.22,362.347,-23.083,0.026
54930,90293.69,22.65,-0.2417,-0.9272,-0.2076,-0.52,0.18,-0.16,362.116,-23.082,0.026
54940,90291.66,22.65,-0.2069,-0.9320,-0.2138,0.32,0.12,-0.07,361.885,-23.082,0.026
54950,90294.31,22.65,-0.1734,-0.9493,-0.2028,-0.16,0.17,-0.57,361.654,-23.082,0.026
54960,90296.03,22.65,-0.2512,-0.9187,-0.1667,0.30,-0.02,-0.07,361.423,-23.082,0.026
54970,90302.92,22.65,-0.2303,-0.9363,-0.1788,-0.30,-0.19,-0.04,361.193,-23.081,0.026
54980,90297.79,22.65,-0.2178,-0.9071,-0.1659,0.01,-0.52,-0.08,360.962,-23.081,0.026
54990,90304.99,22.66,-0.2293,-0.8978,-0.1377,-0.04,-0.16,-0.10,360.731,-23.081,0.026
55000,90304.70,22.66,-0.2177,-0.9505,-0.1785,0.15,-0.65,-0.32,360.500,-23.081,0.026
55010,90307.92,22.66,-0.2305,-0.9583,-0.1991,0.06,0.05,-0.49,360.269,-23.080,0.026
55020,90308.00,22.66,-0.2163,-0.9337,-0.2027,-0.17,-0.42,-0.62,360.039,-23.080,0.026
55030,90311.10,22.66,-0.2411,-0.9304,-0.1985,0.30,-0.63,-0.08,359.808,-23.080,0.026
55040,90313.79,22.66,-0.2110,-0.9312,-0.2162,-0.04,0.03,-0.23,359.577,-23.079,0.026
55050,90319.13,22.66,-0.2006,-0.9371,-0.1898,0.18,-0.78,0.24,359.346,-23.079,0.026
55060,90319.88,22.67,-0.2372,-0.9631,-0.1922,0.32,-0.79,-0.20,359.115,-23.079,0.026
55070,90324.38,22.67,-0.2132,-0.9240,-0.1857,0.13,-0.11,-0.07,358.885,-23.079,0.026
55080,90329.58,22.67,-0.2171,-0.9471,-0.1707,0.00,-0.45,-0.18,358.654,-23.078,0.026
55090,90327.12,22.67,-0.2391,-0.9580,-0.1831,0.28,-0.31,-0.12,358.423,-23.078,0.026
55100,90328.46,22.67,-0.2278,-0.9426,-0.1909,-0.42,-0.35,-0.27,358.192,-23.078,0.026
55110,90336.15,22.67,-0.2272,-0.8998,-0.2114,-0.63,-0.35,-0.24,357.961,-23.078,0.026
55120,90333.31,22.67,-0.1918,-0.9579,-0.1759,0.29,-0.11,0.22,357.731,-23.077,0.026
55130,90337.23,22.68,-0.2398,-0.8876,-0.1866,-0.07,-0.21,-0.61,357.500,-23.077,0.026
55140,90348.06,22.68,-0.1945,-0.9082,-0.2096,0.31,-0.40,-0.03,357.269,-23.077,0.026
55150,90344.63,22.68,-0.2449,-0.9236,-0.1976,0.00,-0.40,0.06,357.038,-23.077,0.026
55160,90343.27,22.68,-0.2071,-0.9439,-0.1838,0.06,-0.29,-0.42,356.808,-23.076,0.026
55170,90353.22,22.68,-0.2259,-0.9256,-0.2021,-0.40,0.13,-0.40,356.577,-23.076,0.026
55180,90348.72,22.68,-0.2163,-0.9212,-0.2026,0.31,0.30,-0.25,356.346,-23.076,0.026
55190,90356.42,22.69,-0.2421,-0.9271,-0.1529,0.31,-0.68,-0.82,356.115,-23.076,0.026
55200,90357.80,22.69,-0.2278,-0.9100,-0.1993,0.29,-0.04,-0.46,355.885,-23.075,0.026
55210,90361.38,22.69,-0.2067,-0.9739,-0.1733,0.43,-0.35,-0.46,355.654,-23.075,0.026
55220,90361.52,22.69,-0.2139,-0.9070,-0.2182,-0.40,0.25,0.03,355.423,-23.075,0.026
55230,90363.94,22.69,-0.2302,-0.9366,-0.2209,0.69,0.09,-0.39,355.192,-23.075,0.026
55240,90367.12,22.69,-0.2496,-0.9507,-0.1581,-0.09,-0.02,-0.51,354.962,-23.074,0.026
55250,90368.44,22.69,-0.2144,-0.9238,-0.1740,-0.19,-0.36,-0.31,354.731,-23.074,0.026
55260,90371.15,22.70,-0.2177,-0.9424,-0.1947,0.32,-0.59,-0.54,354.500,-23.074,0.026
55270,90374.21,22.70,-0.2514,-0.9302,-0.1597,-0.56,0.27,-0.18,354.269,-23.073,0.026
55280,90378.36,22.70,-0.2270,-0.9332,-0.1999,-0.13,-0.77,-0.37,354.039,-23.073,0.026
55290,90373.91,22.70,-0.2513,-0.9414,-0.1237,-0.17,-0.01,-0.19,353.808,-23.073,0.026
55300,90378.20,22.70,-0.2429,-0.9464,-0.1812,0.39,0.17,0.08,353.577,-23.073,0.026
55310,90381.29,22.70,-0.2284,-0.9245,-0.2022,0.29,0.39,-0.40,353.346,-23.072,0.026
55320,90383.84,22.70,-0.2362,-0.9177,-0.1590,0.34,-0.38,0.57,353.116,-23.072,0.026
55330,90390.64,22.71,-0.2378,-0.9510,-0.1847,0.06,-0.05,-0.63,352.885,-23.072,0.026
55340,90389.41,22.71,-0.2499,-0.9432,-0.1762,0.03,-0.15,-0.16,352.654,-23.072,0.026
55350,90395.32,22.71,-0.2651,-0.9534,-0.1881,0.10,0.06,0.86,352.424,-23.071,0.026
55360,90397.36,22.71,-0.2172,-0.9527,-0.1855,0.40,-0.04,-0.01,352.193,-23.071,0.026
55370,90399.73,22.71,-0.2595,-0.9323,-0.1873,0.40,-0.27,-0.54,351.962,-23.071,0.026
55380,90404.16,22.71,-0.2274,-0.9364,-0.2000,-0.14,-0.28,-0.28,351.731,-23.071,0.026
55390,90404.39,22.72,-0.2281,-0.9171,-0.1488,0.16,-0.38,0.25,351.501,-23.070,0.026
55400,90409.51,22.72,-0.2216,-0.9391,-0.1827,0.26,0.19,0.16,351.270,-23.070,0.026
55410,90412.50,22.72,-0.2143,-0.9549,-0.2024,-0.12,0.03,-0.37,351.039,-23.070,0.026
55420,90416.57,22.72,-0.2399,-0.9141,-0.1947,0.61,-0.27,0.15,350.809,-23.070,0.026
55430,90413.22,22.72,-0.2002,-0.9300,-0.1670,0.28,-0.46,0.08,350.578,-23.069,0.026
55440,90417.34,22.72,-0.2525,-0.9428,-0.2063,-0.66,-0.72,-0.59,350.347,-23.069,0.026
55450,90424.64,22.72,-0.2412,-0.9354,-0.2006,0.60,-0.19,-0.57,350.117,-23.069,0.026
55460,90421.54,22.73,-0.2216,-0.9605,-0.2057,0.94,-0.44,-0.27,349.886,-23.068,0.026
55470,90426.10,22.73,-0.2177,-0.9344,-0.1890,-0.27,-0.13,0.45,349.655,-23.068,0.026
55480,90421.01,22.73,-0.2471,-0.9117,-0.1567,0.24,-0.60,-0.21,349.425,-23.068,0.026
55490,90426.13,22.73,-0.2462,-0.9404,-0.1663,0.47,-0.70,-0.19,349.194,-23.068,0.026
55500,90430.51,22.73,-0.2029,-0.9147,-0.1798,0.39,0.50,-0.47,348.963,-23.067,0.026
55510,90436.17,22.73,-0.2177,-0.8992,-0.1759,-0.23,-0.49,0.14,348.733,-23.067,0.026
55520,90437.75,22.73,-0.1999,-0.9544,-0.2062,-0.23,-0.11,-0.45,348.502,-23.067,0.026
55530,90445.23,22.74,-0.2240,-0.9176,-0.1991,0.48,-0.60,-0.30,348.271,-23.067,0.026
55540,90445.46,22.74,-0.2531,-0.9252,-0.1647,0.11,-0.22,-0.24,348.041,-23.066,0.026
55550,90446.39,22.74,-0.1804,-0.9232,-0.1766,0.25,-0.32,-0.18,347.810,-23.066,0.026
55560,90450.03,22.74,-0.2860,-0.9430,-0.1893,0.25,-0.59,-0.23,347.579,-23.066,0.026
55570,90449.17,22.74,-0.2501,-0.8847,-0.1834,0.22,-0.12,-0.50,347.349,-23.066,0.026
55580,90456.59,22.74,-0.1899,-0.9244,-0.1885,-0.09,-0.21,-0.09,347.118,-23.065,0.026
55590,90453.14,22.75,-0.2285,-0.9170,-0.2283,-0.07,-0.41,0.10,346.887,-23.065,0.026
55600,90456.95,22.75,-0.2083,-0.9634,-0.1867,0.26,-0.17,-0.18,346.657,-23.065,0.026
55610,90459.43,22.75,-0.2334,-0.9144,-0.1703,0.47,0.15,-0.48,346.426,-23.065,0.026
55620,90462.69,22.75,-0.2372,-0.9346,-0.2025,-0.01,-0.64,0.19,346.195,-23.064,0.026
55630,90462.12,22.75,-0.2354,-0.9871,-0.1856,0.75,-0.63,-0.01,345.965,-23.064,0.026
55640,90469.37,22.75,-0.1969,-0.8850,-0.1773,0.25,-0.55,-0.17,345.734,-23.064,0.026
55650,90469.47,22.75,-0.2102,-0.9526,-0.1806,0.11,-0.02,-0.35,345.503,-23.064,0.026
55660,90471.49,22.76,-0.2789,-0.8906,-0.2175,0.18,-0.38,-0.54,345.273,-23.063,0.026
55670,90472.78,22.76,-0.2131,-0.9295,-0.1945,-0.13,-0.02,-0.07,345.042,-23.063,0.026
55680,90481.22,22.76,-0.2300,-0.9732,-0.1840,-0.18,-0.16,-0.13,344.811,-23.063,0.026
55690,90480.96,22.76,-0.2551,-0.9129,-0.1622,0.43,-0.22,-0.37,344.581,-23.062,0.026
55700,90482.03,22.76,-0.2418,-0.9155,-0.1802,0.71,-0.74,-0.33,344.350,-23.062,0.026
55710,90484.79,22.76,-0.2264,-0.9183,-0.1924,-0.02,-0.07,-0.28,344.120,-23.062,0.026
55720,90486.73,22.76,-0.2173,-0.8973,-0.2043,0.16,-0.08,0.34,343.889,-23.062,0.026
55730,90492.71,22.77,-0.2020,-0.9370,-0.1813,-0.32,-0.35,-0.16,343.658,-23.061,0.026
55740,90495.50,22.77,-0.2526,-0.9403,-0.1854,-0.21,-0.31,-0.51,343.428,-23.061,0.026
55750,90496.03,22.77,-0.2340,-0.9533,-0.1821,0.11,-0.77,-0.17,343.197,-23.061,0.026
55760,90499.88,22.77,-0.2367,-0.9114,-0.1978,-0.32,-0.21,-0.69,342.967,-23.061,0.026
55770,90499.23,22.77,-0.2598,-0.9261,-0.1858,0.33,-0.16,-0.04,342.736,-23.060,0.026
55780,90498.85,22.77,-0.2088,-0.9441,-0.2060,0.16,-0.90,-0.01,342.505,-23.060,0.026
55790,90504.82,22.78,-0.2294,-0.9126,-0.1884,0.01,-0.41,-0.12,342.275,-23.060,0.026
55800,90505.27,22.78,-0.2519,-0.9575,-0.1710,-0.51,-0.32,-0.44,342.044,-23.060,0.026
55810,90512.65,22.78,-0.2335,-0.9147,-0.1758,0.32,-0.33,-0.13,341.814,-23.059,0.026
55820,90511.35,22.78,-0.2450,-0.9571,-0.1767,-0.15,0.15,-0.54,341.583,-23.059,0.026
55830,90511.56,22.78,-0.2148,-0.9487,-0.2241,0.14,-0.24,-0.09,341.352,-23.059,0.026
55840,90515.92,22.78,-0.2085,-0.9279,-0.1933,0.06,-0.13,-0.11,341.122,-23.059,0.026
55850,90519.82,22.78,-0.2357,-0.9591,-0.1476,-0.33,-0.79,-0.32,340.891,-23.058,0.026
55860,90524.40,22.79,-0.2198,-0.9000,-0.1689,0.36,0.22,-0.21,340.661,-23.058,0.026
55870,90529.92,22.79,-0.2538,-0.9749,-0.1615,0.10,-0.22,-0.96,340.430,-23.058,0.026
55880,90527.10,22.79,-0.2053,-0.9292,-0.2070,-0.58,-0.76,0.12,340.199,-23.057,0.026
55890,90533.54,22.79,-0.2374,-0.9307,-0.1756,-0.17,0.38,0.18,339.969,-23.057,0.026
55900,90537.37,22.79,-0.2334,-0.9530,-0.2068,0.15,0.09,-0.26,339.738,-23.057,0.026
55910,90534.75,22.79,-0.2358,-0.9584,-0.1647,-0.05,0.15,-0.58,339.508,-23.057,0.026
55920,90537.12,22.79,-0.2338,-0.9331,-0.1836,0.04,-0.37,-0.44,339.277,-23.056,0.026
55930,90541.55,22.80,-0.2310,-0.9408,-0.1855,-0.02,-0.26,-0.08,339.047,-23.056,0.026
55940,90546.68,22.80,-0.2088,-0.9094,-0.1734,-0.00,-0.59,-0.56,338.816,-23.056,0.026
55950,90541.98,22.80,-0.2032,-0.9653,-0.2255,-0.44,-0.21,-0.50,338.586,-23.056,0.026
55960,90543.74,22.80,-0.2061,-0.9124,-0.1903,-0.21,-0.11,0.40,338.355,-23.055,0.026
55970,90549.57,22.80,-0.2114,-0.9797,-0.1859,-0.16,-0.09,-0.66,338.124,-23.055,0.026
55980,90554.73,22.80,-0.2627,-0.9387,-0.1678,-0.12,-0.17,0.04,337.894,-23.055,0.026
55990,90558.91,22.81,-0.2115,-0.9392,-0.1871,0.20,-0.50,0.42,337.663,-23.055,0.026
56000,90560.54,22.81,-0.2694,-0.9365,-0.1831,-0.12,-0.22,-0.07,337.433,-23.054,0.026
56010,90561.49,22.81,-0.2197,-0.9100,-0.1898,0.35,0.04,0.16,337.202,-23.054,0.026
56020,90564.64,22.81,-0.2456,-0.9390,-0.2072,0.33,0.03,-0.32,336.972,-23.054,0.026
56030,90570.99,22.81,-0.2577,-0.9329,-0.2124,0.11,0.23,-0.43,336.741,-23.054,0.026
56040,90566.87,22.81,-0.2484,-0.9302,-0.2071,-0.01,-0.26,-0.02,336.511,-23.053,0.026
56050,90575.44,22.81,-0.1971,-0.9292,-0.1622,-0.27,-0.26,-0.36,336.280,-23.053,0.026
56060,90572.79,22.82,-0.2126,-0.9354,-0.1977,0.17,-0.35,-0.30,336.050,-23.053,0.026
56070,90581.66,22.82,-0.1613,-0.9847,-0.1823,0.32,0.11,-0.09,335.819,-23.053,0.026
56080,90575.64,22.82,-0.2573,-0.9075,-0.1933,0.07,-0.29,-0.20,335.589,-23.052,0.026
56090,90580.26,22.82,-0.2433,-0.9650,-0.1866,-0.10,-0.12,-0.30,335.358,-23.052,0.026
56100,90583.89,22.82,-0.2559,-0.9223,-0.1937,0.15,-0.52,-0.28,335.127,-23.052,0.026
56110,90583.83,22.82,-0.2459,-0.9121,-0.1674,0.54,-0.34,-0.17,334.897,-23.051,0.026
56120,90591.15,22.82,-0.2277,-0.9249,-0.2115,-0.02,-0.56,-0.31,334.666,-23.051,0.026
56130,90591.18,22.83,-0.2051,-0.9537,-0.2078,0.07,-0.27,0.30,334.436,-23.051,0.026
56140,90595.13,22.83,-0.2549,-0.8887,-0.1983,0.20,0.12,-0.25,334.205,-23.051,0.026
56150,90596.53,22.83,-0.2206,-0.9446,-0.2380,0.51,-0.28,-0.57,333.975,-23.050,0.026
56160,90602.36,22.83,-0.2507,-0.9447,-0.1789,-0.23,-0.27,-0.17,333.744,-23.050,0.026
56170,90603.45,22.83,-0.2303,-0.9314,-0.1981,-0.47,-0.38,-0.26,333.514,-23.050,0.026
56180,90608.14,22.83,-0.1846,-0.9303,-0.1851,0.13,-0.19,0.35,333.283,-23.050,0.026
56190,90610.32,22.84,-0.2342,-0.9099,-0.2225,0.33,-0.06,-0.19,333.053,-23.049,0.026
56200,90611.18,22.84,-0.2429,-0.9375,-0.1975,-0.11,-0.94,0.09,332.822,-23.049,0.026
56210,90608.28,22.84,-0.2147,-0.9518,-0.1926,0.61,-0.12,-0.18,332.592,-23.049,0.026
56220,90611.42,22.84,-0.1966,-0.9081,-0.1971,0.47,-0.06,-0.51,332.361,-23.049,0.026
56230,90612.82,22.84,-0.2340,-0.9653,-0.1937,0.53,0.16,-0.26,332.131,-23.048,0.026
56240,90619.12,22.84,-0.2396,-0.9745,-0.1892,0.20,0.03,-0.21,331.900,-23.048,0.026
56250,90622.40,22.84,-0.2048,-0.9718,-0.1984,0.36,-0.65,-0.22,331.670,-23.048,0.026
56260,90627.11,22.85,-0.2350,-0.9272,-0.1904,0.17,-0.23,-0.17,331.440,-23.048,0.026
56270,90631.46,22.85,-0.2251,-0.9257,-0.1839,0.02,-0.17,-1.03,331.209,-23.047,0.026
56280,90623.91,22.85,-0.2051,-0.9520,-0.1890,-0.25,-0.18,-0.36,330.979,-23.047,0.026
56290,90635.04,22.85,-0.2399,-0.9407,-0.2032,0.65,-0.56,-0.09,330.748,-23.047,0.026
56300,90630.85,22.85,-0.2423,-0.9477,-0.2089,-0.03,0.16,-0.56,330.518,-23.047,0.026
56310,90639.89,22.85,-0.2267,-0.9136,-0.1393,0.62,-0.06,-0.10,330.287,-23.046,0.026
56320,90638.23,22.85,-0.2001,-0.9403,-0.1807,0.13,-0.56,0.24,330.057,-23.046,0.026
56330,90639.01,22.86,-0.2430,-0.9289,-0.1920,-0.25,-0.39,-0.96,329.826,-23.046,0.026
56340,90644.93,22.86,-0.2541,-0.9598,-0.2149,0.43,-0.29,0.00,329.596,-23.045,0.026
56350,90652.99,22.86,-0.1998,-0.9352,-0.1686,-0.17,-0.22,-0.19,329.365,-23.045,0.026
56360,90649.73,22.86,-0.2135,-0.9315,-0.1886,-0.43,-0.26,0.20,329.135,-23.045,0.026
56370,90653.87,22.86,-0.1734,-0.9328,-0.1827,0.00,-0.92,-0.04,328.904,-23.045,0.026
56380,90651.74,22.86,-0.2511,-0.9347,-0.1599,-0.10,-0.14,0.50,328.674,-23.044,0.026
56390,90659.68,22.87,-0.1690,-0.9038,-0.1699,-0.12,-0.33,-0.15,328.444,-23.044,0.026
56400,90655.52,22.87,-0.2379,-0.9520,-0.1958,0.18,-0.62,-0.24,328.213,-23.044,0.026
56410,90670.22,22.87,-0.2409,-0.9507,-0.2141,-0.06,-0.20,-0.90,327.983,-23.044,0.026
56420,90667.69,22.87,-0.2116,-0.9188,-0.1824,0.28,-0.41,-0.61,327.752,-23.043,0.026
56430,90669.32,22.87,-0.2383,-0.9420,-0.1690,-0.24,-0.41,-0.31,327.522,-23.043,0.026
56440,90673.87,22.87,-0.2160,-0.9328,-0.1766,0.45,-0.30,-0.12,327.291,-23.043,0.026
56450,90673.04,22.87,-0.2258,-0.9343,-0.1752,0.38,-0.11,0.20,327.061,-23.043,0.026
56460,90672.10,22.88,-0.2199,-0.9245,-0.2184,0.04,-0.25,-0.17,326.831,-23.042,0.026
56470,90676.76,22.88,-0.2465,-0.9317,-0.2026,0.29,-0.69,-0.03,326.600,-23.042,0.026
56480,90676.76,22.88,-0.2381,-0.9376,-0.1868,0.20,-0.40,-0.31,326.370,-23.042,0.026
56490,90684.61,22.88,-0.2411,-0.9442,-0.1716,0.04,-0.12,-0.70,326.139,-23.042,0.026
56500,90681.59,22.88,-0.2486,-0.9352,-0.2001,-0.11,0.28,-0.62,325.909,-23.041,0.026
56510,90684.85,22.88,-0.1996,-0.9194,-0.1596,0.23,-0.60,0.14,325.678,-23.041,0.026
56520,90690.56,22.88,-0.2322,-0.9473,-0.1997,0.02,-0.11,-0.33,325.448,-23.041,0.026
56530,90691.23,22.89,-0.2343,-0.9232,-0.2131,0.18,-0.72,-0.14,325.218,-23.041,0.026
56540,90692.81,22.89,-0.2319,-0.9570,-0.2008,0.17,-0.29,0.12,324.987,-23.040,0.026
56550,90700.16,22.89,-0.2548,-0.9418,-0.1792,0.23,-0.33,-0.54,324.757,-23.040,0.026
56560,90694.74,22.89,-0.2339,-0.9165,-0.1657,-0.00,-0.03,-0.63,324.526,-23.040,0.026
56570,90700.50,22.89,-0.2543,-0.9089,-0.2125,0.28,-0.22,-0.31,324.296,-23.039,0.026
56580,90699.43,22.89,-0.2319,-0.9417,-0.1910,-0.10,-0.68,-0.06,324.066,-23.039,0.026
56590,90709.19,22.90,-0.2373,-0.9668,-0.1846,0.46,-0.74,-0.33,323.835,-23.039,0.026
56600,90711.88,22.90,-0.2409,-0.9434,-0.1926,0.05,-0.75,0.27,323.605,-23.039,0.026
56610,90713.57,22.90,-0.2126,-0.9365,-0.1893,0.39,-0.79,0.13,323.374,-23.038,0.026
56620,90720.39,22.90,-0.2730,-0.9481,-0.1555,0.33,-0.04,-0.10,323.144,-23.038,0.026
56630,90718.08,22.90,-0.2301,-0.8892,-0.1810,0.09,-0.17,-0.37,322.914,-23.038,0.026
56640,90720.03,22.90,-0.2211,-0.9446,-0.1681,-0.14,-0.27,-0.19,322.683,-23.038,0.026
56650,90723.14,22.90,-0.2046,-0.9173,-0.1953,0.04,-0.45,-1.26,322.453,-23.037,0.026
56660,90722.41,22.91,-0.2058,-0.9390,-0.1976,0.42,-0.11,-0.30,322.223,-23.037,0.026
56670,90726.83,22.91,-0.2435,-0.9185,-0.1589,0.07,-0.52,-0.37,321.992,-23.037,0.026
56680,90734.14,22.91,-0.2225,-0.9343,-0.2194,0.12,-0.00,-0.43,321.762,-23.037,0.026
56690,90734.84,22.91,-0.2122,-0.9227,-0.2107,0.38,0.04,-0.30,321.531,-23.036,0.026
56700,90737.24,22.91,-0.1958,-0.9653,-0.1614,-0.45,-0.61,0.11,321.301,-23.036,0.026
56710,90741.93,22.91,-0.2122,-0.9145,-0.1895,0.10,-0.13,-0.03,321.071,-23.036,0.026
56720,90737.12,22.91,-0.2221,-0.9319,-0.2056,0.28,0.07,-0.53,320.840,-23.036,0.026
56730,90744.14,22.92,-0.2042,-0.9028,-0.2234,0.52,-0.42,-0.33,320.610,-23.035,0.026
56740,90749.89,22.92,-0.2537,-0.9090,-0.1962,0.29,-0.26,-0.05,320.380,-23.035,0.026
56750,90747.55,22.92,-0.2017,-0.9196,-0.1600,0.06,-0.10,0.21,320.149,-23.035,0.026
56760,90751.51,22.92,-0.2304,-0.9380,-0.1982,-0.12,-0.25,-0.15,319.919,-23.035,0.026
56770,90753.99,22.92,-0.2641,-0.9541,-0.2164,-0.29,-0.70,-0.15,319.689,-23.034,0.026
56780,90757.56,22.92,-0.2029,-0.9415,-0.1597,0.16,-0.58,0.22,319.458,-23.034,0.026
56790,90761.15,22.93,-0.2385,-0.9877,-0.1992,-0.02,-0.11,-0.01,319.228,-23.034,0.026
56800,90762.14,22.93,-0.2082,-0.9271,-0.2103,0.15,0.30,-0.31,318.998,-23.033,0.026
56810,90761.47,22.93,-0.2217,-0.9118,-0.1782,0.27,-0.02,-0.15,318.767,-23.033,0.026
56820,90764.74,22.93,-0.1962,-0.9618,-0.2216,0.00,-0.36,0.09,318.537,-23.033,0.026
56830,90771.56,22.93,-0.2642,-0.9799,-0.2035,-0.64,-0.39,0.08,318.307,-23.033,0.026
56840,90772.69,22.93,-0.2474,-0.9258,-0.2029,0.29,-0.03,-0.03,318.076,-23.032,0.026
56850,90774.89,22.93,-0.2230,-0.9544,-0.1989,0.70,-0.60,-0.58,317.846,-23.032,0.026
56860,90774.38,22.94,-0.2502,-0.9623,-0.1768,-0.20,-0.93,-0.15,317.616,-23.032,0.026
56870,90784.13,22.94,-0.2344,-0.9328,-0.2150,-0.56,-0.53,-0.55,317.385,-23.032,0.026
56880,90778.95,22.94,-0.2211,-0.9520,-0.1469,0.17,0.21,-0.13,317.155,-23.031,0.026
56890,90788.18,22.94,-0.2110,-0.9394,-0.1565,0.45,-0.34,-0.29,316.925,-23.031,0.026
56900,90790.71,22.94,-0.2535,-0.9871,-0.1878,0.03,-0.26,-0.32,316.694,-23.031,0.026
56910,90786.88,22.94,-0.2387,-0.9313,-0.1788,0.13,0.32,-0.15,316.464,-23.031,0.026
56920,90788.21,22.94,-0.2082,-0.9621,-0.1773,0.04,-0.87,-0.20,316.234,-23.030,0.026
56930,90793.21,22.95,-0.2567,-0.9494,-0.1787,0.63,-0.27,0.49,316.004,-23.030,0.026
56940,90793.02,22.95,-0.1852,-0.9312,-0.1792,0.16,-0.69,0.08,315.773,-23.030,0.026
56950,90800.48,22.95,-0.2404,-0.9096,-0.1960,-0.02,-0.20,-0.21,315.543,-23.030,0.026
56960,90802.65,22.95,-0.2094,-0.9177,-0.2060,0.03,-0.82,-0.92,315.313,-23.029,0.026
56970,90799.94,22.95,-0.2242,-0.9305,-0.1786,-0.07,-0.13,0.10,315.082,-23.029,0.026
56980,90801.11,22.95,-0.2148,-0.8931,-0.1825,0.31,-0.10,-0.13,314.852,-23.029,0.026
56990,90812.05,22.95,-0.2502,-0.9032,-0.1159,0.12,-0.52,-0.51,314.622,-23.029,0.026
57000,90814.14,22.96,-0.2412,-0.9381,-0.1744,-0.31,-0.48,-0.64,314.391,-23.028,0.026
57010,90813.89,22.96,-0.2389,-0.9286,-0.1726,-0.44,0.16,-0.26,314.161,-23.028,0.026
57020,90815.21,22.96,-0.2190,-0.9444,-0.2166,-0.45,0.05,-0.36,313.931,-23.028,0.026
57030,90821.63,22.96,-0.2183,-0.9377,-0.1595,0.19,-0.13,-0.54,313.701,-23.027,0.026
57040,90819.62,22.96,-0.2406,-0.9484,-0.2065,0.31,-0.42,0.19,313.470,-23.027,0.026
57050,90825.13,22.96,-0.2018,-0.9239,-0.2215,-0.14,-0.18,-0.24,313.240,-23.027,0.026
57060,90827.65,22.97,-0.2230,-0.9181,-0.1887,-0.04,-0.50,-0.05,313.010,-23.027,0.026
57070,90827.63,22.97,-0.2289,-0.9537,-0.2377,-0.52,-0.47,-0.01,312.780,-23.026,0.026
57080,90829.12,22.97,-0.2065,-0.9220,-0.2059,0.48,-0.41,-0.25,312.549,-23.026,0.026
57090,90836.35,22.97,-0.2483,-0.9202,-0.1969,-0.27,-0.42,-0.45,312.319,-23.026,0.026
57100,90836.03,22.97,-0.2390,-0.8995,-0.1634,0.26,-0.45,-0.28,312.089,-23.026,0.026
57110,90842.26,22.97,-0.2361,-0.9234,-0.1791,0.21,0.31,0.24,311.859,-23.025,0.026
57120,90839.73,22.97,-0.2309,-0.9241,-0.2007,0.21,-0.82,0.17,311.628,-23.025,0.026
57130,90841.50,22.98,-0.2146,-0.9329,-0.1804,-0.06,-0.55,-0.05,311.398,-23.025,0.026
57140,90848.26,22.98,-0.2231,-0.9624,-0.1665,0.14,-0.05,-0.14,311.168,-23.025,0.026
57150,90849.56,22.98,-0.2311,-0.9282,-0.2228,0.54,-0.18,-0.58,310.938,-23.024,0.026
57160,90852.17,22.98,-0.2150,-0.9341,-0.1482,0.32,-0.28,-0.32,310.707,-23.024,0.026
57170,90856.94,22.98,-0.2363,-0.9634,-0.1941,-0.26,-0.51,-0.69,310.477,-23.024,0.026
57180,90855.46,22.98,-0.2200,-0.9364,-0.2091,-0.01,0.09,-0.45,310.247,-23.024,0.026
57190,90855.75,22.98,-0.2262,-0.9478,-0.1952,0.03,-0.71,-0.65,310.017,-23.023,0.026
57200,90864.56,22.99,-0.2249,-0.9211,-0.1843,0.35,0.05,-0.78,309.786,-23.023,0.026
57210,90862.97,22.99,-0.2309,-0.9375,-0.1833,0.26,-0.16,-0.23,309.556,-23.023,0.026
57220,90866.90,22.99,-0.2072,-0.9563,-0.2122,0.20,-0.13,0.06,309.326,-23.023,0.026
57230,90870.26,22.99,-0.2196,-0.9214,-0.1641,-0.31,-0.31,-0.10,309.096,-23.022,0.026
57240,90873.00,22.99,-0.2580,-0.9391,-0.1700,-0.11,-0.14,0.05,308.865,-23.022,0.026
57250,90870.00,22.99,-0.2331,-0.9306,-0.1919,-0.04,-0.06,0.02,308.635,-23.022,0.026
57260,90877.96,23.00,-0.2228,-0.9202,-0.1676,-0.07,0.32,-0.45,308.405,-23.021,0.026
57270,90879.97,23.00,-0.2224,-0.9731,-0.1882,-0.33,-0.46,-0.49,308.175,-23.021,0.026
57280,90885.49,23.00,-0.2530,-0.9359,-0.1928,0.08,-0.00,-0.68,307.945,-23.021,0.026
57290,90890.91,23.00,-0.2559,-0.9510,-0.1571,-0.47,-0.59,-0.34,307.714,-23.021,0.026
57300,90888.20,23.00,-0.2407,-0.9490,-0.1817,-0.19,-0.50,0.05,307.484,-23.020,0.026
57310,90888.06,23.00,-0.2715,-0.9435,-0.1612,0.06,0.09,-0.84,307.254,-23.020,0.026
57320,90889.18,23.00,-0.2327,-0.9063,-0.1857,0.51,-0.87,-0.36,307.024,-23.020,0.026
57330,90894.67,23.01,-0.2291,-0.9084,-0.2099,0.39,-0.17,-0.12,306.794,-23.020,0.026
57340,90898.54,23.01,-0.2148,-0.9173,-0.1775,0.11,0.06,-0.34,306.563,-23.019,0.026
57350,90897.15,23.01,-0.2178,-0.9345,-0.1864,0.11,-0.42,-0.26,306.333,-23.019,0.026
57360,90903.77,23.01,-0.2312,-0.9000,-0.1728,0.18,-0.48,0.43,306.103,-23.019,0.026
57370,90908.99,23.01,-0.2453,-0.9244,-0.1980,0.21,-0.38,-0.39,305.873,-23.019,0.026
57380,90904.73,23.01,-0.2520,-0.9180,-0.2039,-0.04,-0.83,-0.06,305.643,-23.018,0.026
57390,90906.35,23.01,-0.2153,-0.9451,-0.1866,0.14,-0.54,-0.00,305.412,-23.018,0.026
57400,90910.06,23.02,-0.2322,-0.9254,-0.1708,0.23,-0.38,-0.28,305.182,-23.018,0.026
57410,90918.84,23.02,-0.2106,-0.9705,-0.2077,0.05,0.40,0.02,304.952,-23.018,0.026
57420,90914.26,23.02,-0.2345,-0.9372,-0.1923,0.34,-0.61,-0.38,304.722,-23.017,0.026
57430,90919.22,23.02,-0.2026,-0.9466,-0.1781,0.04,-0.37,-0.37,304.492,-23.017,0.026
57440,90923.71,23.02,-0.2054,-0.9479,-0.1860,-0.16,-0.27,-0.14,304.262,-23.017,0.026
57450,90929.42,23.02,-0.2213,-0.9733,-0.2069,0.25,-0.24,-0.03,304.031,-23.017,0.026
57460,90928.61,23.03,-0.2155,-0.9107,-0.1598,0.15,-0.58,-0.46,303.801,-23.016,0.026
57470,90931.29,23.03,-0.2261,-0.9394,-0.2102,0.16,-0.10,0.29,303.571,-23.016,0.026
57480,90928.81,23.03,-0.2310,-0.9502,-0.1652,0.26,-0.21,-0.14,303.341,-23.016,0.026
57490,90936.79,23.03,-0.2203,-0.9129,-0.2188,0.28,0.24,-0.16,303.111,-23.015,0.026
57500,90941.22,23.03,-0.2175,-0.9450,-0.1790,-0.11,-0.12,-0.40,302.881,-23.015,0.026
57510,90941.56,23.03,-0.2454,-0.9196,-0.2074,-0.45,0.27,0.16,302.650,-23.015,0.026
57520,90946.54,23.03,-0.1752,-0.9465,-0.1813,0.02,-0.24,0.00,302.420,-23.015,0.026
57530,90948.48,23.04,-0.2515,-0.9508,-0.1782,-0.42,0.00,0.02,302.190,-23.014,0.026
57540,90947.90,23.04,-0.2066,-0.9199,-0.1864,0.15,-0.30,0.04,301.960,-23.014,0.026
57550,90952.26,23.04,-0.2333,-0.9437,-0.1941,0.21,-0.31,-0.05,301.730,-23.014,0.026
57560,90954.60,23.04,-0.2015,-0.9275,-0.1810,-0.24,0.14,-0.01,301.500,-23.014,0.026
57570,90956.11,23.04,-0.2069,-0.9429,-0.1697,0.23,0.33,-0.04,301.270,-23.013,0.026
57580,90962.00,23.04,-0.2359,-0.9307,-0.1355,-0.22,-0.60,0.34,301.039,-23.013,0.026
57590,90962.67,23.04,-0.2064,-0.9383,-0.1843,-0.08,-0.30,-0.34,300.809,-23.013,0.026
57600,90961.90,23.05,-0.1990,-0.9347,-0.2035,0.03,0.18,-0.83,300.579,-23.013,0.026
57610,90969.03,23.05,-0.2335,-0.9289,-0.2058,-0.11,-0.82,-0.17,300.349,-23.012,0.026
57620,90966.17,23.05,-0.2553,-0.9699,-0.1624,0.11,-0.25,-0.38,300.119,-23.012,0.026
57630,90969.86,23.05,-0.2389,-0.9138,-0.1716,-0.16,-0.38,-0.65,299.889,-23.012,0.026
57640,90971.53,23.05,-0.1926,-0.9173,-0.1984,-0.04,0.12,-0.28,299.659,-23.012,0.026
57650,90978.21,23.05,-0.2589,-0.9395,-0.1984,0.58,-0.16,-0.26,299.429,-23.011,0.026
57660,90979.77,23.06,-0.1851,-0.9406,-0.1626,0.05,-1.08,0.20,299.199,-23.011,0.026
57670,90980.12,23.06,-0.2285,-0.9293,-0.1713,-0.03,-0.28,-0.13,298.968,-23.011,0.026
57680,90982.29,23.06,-0.2395,-0.9685,-0.1849,0.02,0.03,-0.30,298.738,-23.011,0.026
57690,90984.47,23.06,-0.2451,-0.9359,-0.1792,0.28,0.12,-0.35,298.508,-23.010,0.026
57700,90988.50,23.06,-0.2194,-0.9108,-0.2026,-0.06,-0.14,0.12,298.278,-23.010,0.026
57710,90993.28,23.06,-0.2264,-0.9404,-0.1815,-0.20,-0.07,-0.23,298.048,-23.010,0.026
57720,90995.02,23.06,-0.2539,-0.9264,-0.2003,0.14,-0.25,0.02,297.818,-23.009,0.026
57730,90994.02,23.07,-0.2177,-0.9029,-0.1994,-0.15,-0.17,-0.82,297.588,-23.009,0.026
57740,91001.06,23.07,-0.1789,-0.9705,-0.1903,0.03,0.00,-0.77,297.358,-23.009,0.026
57750,91004.83,23.07,-0.2130,-0.9375,-0.1530,0.16,0.25,-0.20,297.128,-23.009,0.026
57760,91008.70,23.07,-0.2378,-0.8994,-0.1723,0.06,-0.01,-0.54,296.898,-23.008,0.026
57770,91004.63,23.07,-0.2346,-0.9601,-0.2020,0.58,-0.12,-0.28,296.667,-23.008,0.026
57780,91012.31,23.07,-0.2537,-0.9603,-0.1609,0.09,-0.29,-0.04,296.437,-23.008,0.026
57790,91017.01,23.07,-0.2374,-0.9122,-0.1770,0.27,-0.27,-0.15,296.207,-23.008,0.026
57800,91013.84,23.08,-0.2205,-0.9232,-0.2094,-0.19,-0.19,-0.34,295.977,-23.007,0.026
57810,91014.43,23.08,-0.1992,-0.9506,-0.1951,0.25,-0.14,-0.00,295.747,-23.007,0.026
57820,91016.04,23.08,-0.2134,-0.9343,-0.2356,0.48,0.19,-0.18,295.517,-23.007,0.026
57830,91022.37,23.08,-0.2380,-0.9559,-0.1940,0.06,-0.39,0.35,295.287,-23.007,0.026
57840,91022.35,23.08,-0.2369,-0.9729,-0.1983,0.20,-0.18,-0.23,295.057,-23.006,0.026
57850,91027.18,23.08,-0.2509,-0.9317,-0.1833,0.03,-0.58,-0.34,294.827,-23.006,0.026
57860,91026.58,23.09,-0.2737,-0.9556,-0.1535,-0.37,-0.14,-0.27,294.597,-23.006,0.026
57870,91031.28,23.09,-0.2124,-0.9469,-0.2245,0.34,0.02,-0.13,294.367,-23.006,0.026
57880,91036.22,23.09,-0.2192,-0.9437,-0.2044,-0.05,-0.15,-0.39,294.137,-23.005,0.026
57890,91037.32,23.09,-0.2509,-0.8963,-0.1914,0.16,-0.40,0.17,293.907,-23.005,0.026
57900,91041.59,23.09,-0.2659,-0.9431,-0.1909,0.85,-0.58,-0.01,293.677,-23.005,0.026
57910,91039.79,23.09,-0.2400,-0.9147,-0.1978,0.26,-0.30,-0.44,293.447,-23.005,0.026
57920,91040.38,23.09,-0.2145,-0.9346,-0.2006,0.20,-0.29,-0.22,293.217,-23.004,0.026
57930,91047.55,23.10,-0.2624,-0.9197,-0.2004,-0.24,-0.21,-0.39,292.986,-23.004,0.026
57940,91044.58,23.10,-0.2426,-0.9148,-0.1930,0.42,-0.71,-0.45,292.756,-23.004,0.026
57950,91054.70,23.10,-0.1940,-0.9513,-0.2097,-0.35,-0.02,-0.89,292.526,-23.004,0.026
57960,91055.75,23.10,-0.2178,-0.9379,-0.1625,-0.02,-0.52,0.25,292.296,-23.003,0.026
57970,91056.74,23.10,-0.2046,-0.9134,-0.1958,0.55,-0.24,-0.43,292.066,-23.003,0.026
57980,91060.18,23.10,-0.2426,-0.9447,-0.2030,-0.25,-0.40,0.34,291.836,-23.003,0.026
57990,91059.56,23.10,-0.2434,-0.9445,-0.1849,0.33,-0.08,-0.26,291.606,-23.002,0.026
58000,91069.34,23.11,-0.2209,-0.9215,-0.2013,0.30,-0.52,-0.08,291.376,-23.002,0.026
58010,91069.86,23.11,-0.2471,-0.9274,-0.2056,0.00,-0.13,-0.35,291.146,-23.002,0.026
58020,91071.26,23.11,-0.2072,-0.9514,-0.1783,0.19,-0.30,-0.48,290.916,-23.002,0.026
58030,91073.07,23.11,-0.1954,-0.9255,-0.1817,0.46,-0.65,-0.24,290.686,-23.001,0.026
58040,91073.26,23.11,-0.2103,-0.9379,-0.1814,0.18,-0.80,-0.34,290.456,-23.001,0.026
58050,91076.82,23.11,-0.1959,-0.9268,-0.2067,-0.40,0.26,-0.60,290.226,-23.001,0.026
58060,91089.98,23.12,-0.2386,-0.9159,-0.1725,0.14,0.09,-0.11,289.996,-23.001,0.026
58070,91081.53,23.12,-0.2586,-0.8847,-0.2258,-0.06,-0.32,-0.31,289.766,-23.000,0.026
58080,91085.23,23.12,-0.2695,-0.9183,-0.2137,-0.22,-0.13,-0.18,289.536,-23.000,0.026
58090,91085.71,23.12,-0.2297,-0.9055,-0.1583,0.02,-0.25,-0.46,289.306,-23.000,0.026
58100,91090.07,23.12,-0.2041,-0.9353,-0.1776,-0.01,-0.22,0.12,289.076,-23.000,0.026
58110,91093.21,23.12,-0.2192,-0.9365,-0.2146,-0.00,-0.20,0.04,288.846,-22.999,0.026
58120,91094.43,23.12,-0.2193,-0.9193,-0.1940,-0.20,-0.28,-0.15,288.616,-22.999,0.026
58130,91100.16,23.13,-0.2344,-0.9232,-0.1730,0.24,-0.40,0.23,288.386,-22.999,0.026
58140,91098.90,23.13,-0.2313,-0.9592,-0.1796,-0.03,-0.58,-0.29,288.156,-22.999,0.026
58150,91105.30,23.13,-0.2587,-0.9170,-0.1788,0.16,-0.29,-0.11,287.926,-22.998,0.026
58160,91105.89,23.13,-0.2153,-0.9072,-0.1700,-0.15,0.11,-0.29,287.696,-22.998,0.026
58170,91108.68,23.13,-0.2336,-0.9435,-0.2259,-0.38,-0.69,-0.43,287.466,-22.998,0.026
58180,91110.97,23.13,-0.2379,-0.9034,-0.1973,0.20,0.00,-0.66,287.236,-22.998,0.026
58190,91115.34,23.13,-0.2377,-0.9366,-0.1998,-0.36,0.17,-0.41,287.006,-22.997,0.026
58200,91114.24,23.14,-0.2478,-0.9253,-0.1796,-0.10,-0.15,-0.13,286.776,-22.997,0.026
58210,91118.90,23.14,-0.2208,-0.9340,-0.1607,-0.38,-0.56,-0.21,286.546,-22.997,0.026
58220,91119.62,23.14,-0.2214,-0.9118,-0.1910,0.06,-0.73,0.12,286.316,-22.996,0.026
58230,91120.21,23.14,-0.2573,-0.9553,-0.1917,-0.13,-0.30,0.51,286.086,-22.996,0.026
58240,91126.78,23.14,-0.2314,-0.9368,-0.1875,0.09,-0.20,-0.13,285.856,-22.996,0.026
58250,91126.79,23.14,-0.2498,-0.9391,-0.1990,-0.12,-0.25,-0.52,285.627,-22.996,0.026
58260,91132.97,23.14,-0.2307,-0.9320,-0.1840,0.16,-0.60,-0.22,285.397,-22.995,0.026
58270,91135.43,23.15,-0.2600,-0.9527,-0.1977,0.28,-0.84,-0.43,285.167,-22.995,0.026
58280,91134.37,23.15,-0.2385,-0.9112,-0.2027,-0.11,-0.29,-0.44,284.937,-22.995,0.026
58290,91132.44,23.15,-0.2234,-0.9084,-0.1757,0.13,-0.32,0.05,284.707,-22.995,0.026
58300,91139.90,23.15,-0.2390,-0.9165,-0.2079,0.14,-0.65,-0.40,284.477,-22.994,0.026
58310,91147.44,23.15,-0.2098,-0.9490,-0.2007,0.13,-0.69,0.22,284.247,-22.994,0.026
58320,91148.36,23.15,-0.2239,-0.9268,-0.1823,-0.35,-0.06,-0.70,284.017,-22.994,0.026
58330,91150.85,23.16,-0.2062,-0.9757,-0.2344,-0.21,-0.06,-0.11,283.787,-22.994,0.026
58340,91152.75,23.16,-0.2154,-0.9276,-0.1680,0.35,-0.31,-0.17,283.557,-22.993,0.026
58350,91155.92,23.16,-0.2227,-0.9439,-0.2253,0.51,-0.63,-0.13,283.327,-22.993,0.026
58360,91157.75,23.16,-0.2315,-0.9240,-0.2164,0.09,0.26,0.13,283.097,-22.993,0.026
58370,91156.50,23.16,-0.1993,-0.9374,-0.1930,0.47,-0.16,0.14,282.867,-22.993,0.026
58380,91159.91,23.16,-0.2112,-0.9186,-0.2550,0.81,-0.03,0.01,282.637,-22.992,0.026
58390,91165.03,23.16,-0.2156,-0.9478,-0.2152,0.47,-0.61,0.09,282.407,-22.992,0.026
58400,91162.87,23.17,-0.2500,-0.9290,-0.1711,0.04,-0.12,-0.13,282.177,-22.992,0.026
58410,91167.64,23.17,-0.2247,-0.9596,-0.2249,0.13,-0.00,-0.40,281.948,-22.992,0.026
58420,91169.39,23.17,-0.2208,-0.9499,-0.1893,0.17,-0.20,-0.60,281.718,-22.991,0.026
58430,91175.69,23.17,-0.2607,-0.9349,-0.1711,0.25,-0.56,-0.51,281.488,-22.991,0.026
58440,91175.61,23.17,-0.2189,-0.9413,-0.2092,-0.31,0.06,-0.05,281.258,-22.991,0.026
58450,91180.17,23.17,-0.2302,-0.9697,-0.1762,-0.07,-0.16,-0.16,281.028,-22.991,0.026
58460,91184.75,23.17,-0.2447,-0.9156,-0.2163,0.13,-0.41,-0.53,280.798,-22.990,0.026
58470,91183.10,23.18,-0.2341,-0.9229,-0.1810,0.38,-0.26,-0.58,280.568,-22.990,0.026
58480,91187.40,23.18,-0.2308,-0.9106,-0.1950,0.48,-0.11,-0.07,280.338,-22.990,0.026
58490,91186.59,23.18,-0.2199,-0.9447,-0.1879,0.35,-0.23,-0.24,280.108,-22.989,0.026
58500,91191.43,23.18,-0.2357,-0.9035,-0.1914,-0.14,-0.14,-0.43,279.878,-22.989,0.026
58510,91196.41,23.18,-0.2262,-0.9147,-0.1862,-0.07,0.30,-0.57,279.649,-22.989,0.026
58520,91196.67,23.18,-0.1720,-0.9400,-0.1993,-0.02,-0.07,0.23,279.419,-22.989,0.026
58530,91201.63,23.19,-0.2020,-0.9142,-0.1908,0.24,0.15,0.16,279.189,-22.988,0.026
58540,91205.41,23.19,-0.2633,-0.9344,-0.2017,-0.17,-0.26,-0.08,278.959,-22.988,0.026
58550,91204.45,23.19,-0.2395,-0.9232,-0.1948,0.25,-0.07,-0.21,278.729,-22.988,0.026
58560,91207.83,23.19,-0.2551,-0.9605,-0.1616,0.41,-0.38,0.29,278.499,-22.988,0.026
58570,91210.41,23.19,-0.2125,-0.9430,-0.1740,-0.09,0.29,-0.21,278.269,-22.987,0.026
58580,91210.58,23.19,-0.2337,-0.9130,-0.2147,0.10,-0.59,0.15,278.039,-22.987,0.026
58590,91216.58,23.19,-0.2040,-0.9263,-0.2073,0.07,-0.06,-0.37,277.810,-22.987,0.026
58600,91216.70,23.20,-0.2035,-0.9634,-0.1706,-0.03,-0.01,-0.36,277.580,-22.987,0.026
58610,91217.96,23.20,-0.1928,-0.9509,-0.1388,0.18,0.25,0.42,277.350,-22.986,0.026
58620,91223.81,23.20,-0.2233,-0.9442,-0.2216,-0.02,-0.26,0.05,277.120,-22.986,0.026
58630,91228.36,23.20,-0.1972,-0.9228,-0.1707,0.44,0.08,0.28,276.890,-22.986,0.026
58640,91226.37,23.20,-0.2435,-0.9148,-0.2124,-0.42,-0.36,-0.59,276.660,-22.986,0.026
58650,91232.56,23.20,-0.2556,-0.9473,-0.2071,0.37,0.02,0.27,276.430,-22.985,0.026
58660,91232.01,23.20,-0.2238,-0.9225,-0.1810,-0.12,-0.08,0.33,276.200,-22.985,0.026
58670,91236.53,23.21,-0.2509,-0.9179,-0.1839,0.23,-0.51,-0.66,275.971,-22.985,0.026
58680,91240.20,23.21,-0.2222,-0.9631,-0.2043,0.05,-0.60,0.14,275.741,-22.985,0.026
58690,91241.20,23.21,-0.2263,-0.9395,-0.2064,-0.57,-0.75,-0.03,275.511,-22.984,0.026
58700,91240.40,23.21,-0.2179,-0.9426,-0.1851,-0.04,-0.80,-0.31,275.281,-22.984,0.026
58710,91242.77,23.21,-0.2176,-0.9320,-0.1839,0.12,0.36,-0.41,275.051,-22.984,0.026
58720,91247.10,23.21,-0.2224,-0.9405,-0.2100,-0.15,-0.15,0.02,274.821,-22.984,0.026
58730,91250.99,23.22,-0.2302,-0.9504,-0.1471,-0.05,-0.11,-0.35,274.592,-22.983,0.026
58740,91255.19,23.22,-0.1988,-0.9170,-0.2224,0.28,0.16,-0.18,274.362,-22.983,0.026
58750,91255.98,23.22,-0.2555,-0.9375,-0.1625,-0.12,-0.32,-0.48,274.132,-22.983,0.026
58760,91259.48,23.22,-0.2329,-0.9585,-0.1903,-0.03,0.02,0.20,273.902,-22.982,0.026
58770,91263.33,23.22,-0.2521,-0.9452,-0.1978,0.34,-0.44,-0.33,273.672,-22.982,0.026
58780,91267.97,23.22,-0.2235,-0.9591,-0.1846,0.04,-0.06,0.02,273.442,-22.982,0.026
58790,91267.94,23.22,-0.1956,-0.9296,-0.1820,0.60,-0.61,0.16,273.213,-22.982,0.026
58800,91270.04,23.23,-0.2452,-0.9324,-0.1885,0.66,-0.39,-0.35,272.983,-22.981,0.026
58810,91268.12,23.23,-0.2329,-0.9115,-0.2053,0.40,-0.85,0.23,272.753,-22.981,0.026
58820,91273.76,23.23,-0.2744,-0.9409,-0.2048,-0.03,0.11,0.24,272.523,-22.981,0.026
58830,91272.10,23.23,-0.2218,-0.9335,-0.1802,-0.13,-0.07,0.34,272.293,-22.981,0.026
58840,91282.09,23.23,-0.2213,-0.9655,-0.1869,0.03,-0.19,0.11,272.064,-22.980,0.026
58850,91279.43,23.23,-0.2331,-0.9361,-0.2320,-0.21,-0.45,-0.22,271.834,-22.980,0.026
58860,91283.72,23.23,-0.2456,-0.9444,-0.1872,0.19,-0.23,-0.18,271.604,-22.980,0.026
58870,91287.52,23.24,-0.2243,-0.9855,-0.2054,0.32,-0.37,-0.47,271.374,-22.980,0.026
58880,91291.32,23.24,-0.2310,-0.9392,-0.1673,0.32,-0.90,-0.08,271.144,-22.979,0.026
58890,91290.85,23.24,-0.2552,-0.9349,-0.2098,0.47,-0.23,-0.84,270.915,-22.979,0.026
58900,91297.39,23.24,-0.2259,-0.9160,-0.2104,0.59,0.23,-0.21,270.685,-22.979,0.026
58910,91295.97,23.24,-0.1927,-0.9593,-0.1875,-0.18,-0.44,-0.54,270.455,-22.979,0.026
58920,91301.77,23.24,-0.1853,-0.9471,-0.2081,0.24,-0.49,-0.74,270.225,-22.978,0.026
58930,91303.20,23.25,-0.2230,-0.9556,-0.1941,0.28,-0.63,-0.12,269.995,-22.978,0.026
58940,91304.95,23.25,-0.2031,-0.9379,-0.1863,0.16,-0.06,-0.45,269.766,-22.978,0.026
58950,91303.21,23.25,-0.2026,-0.9387,-0.2106,0.52,0.03,-0.40,269.536,-22.978,0.026
58960,91311.89,23.25,-0.2394,-0.9558,-0.1793,-0.05,-0.38,0.01,269.306,-22.977,0.026
58970,91312.11,23.25,-0.2482,-0.9259,-0.1954,0.37,-0.34,-0.61,269.076,-22.977,0.026
58980,91316.06,23.25,-0.2177,-0.9291,-0.1415,0.11,0.25,-0.08,268.847,-22.977,0.026
58990,91315.15,23.25,-0.2479,-0.9803,-0.1794,0.04,-0.62,0.11,268.617,-22.976,0.026
59000,91319.80,23.26,-0.2230,-0.9405,-0.2024,0.00,-0.17,-0.18,268.387,-22.976,0.026
59010,91320.22,23.26,-0.2248,-0.9445,-0.1796,0.65,-0.06,0.08,268.157,-22.976,0.026
59020,91325.78,23.26,-0.2678,-0.9066,-0.1537,-0.37,0.00,0.35,267.928,-22.976,0.026
59030,91326.05,23.26,-0.2333,-0.9300,-0.2189,0.04,-0.00,-0.06,267.698,-22.975,0.026
59040,91331.29,23.26,-0.2419,-0.9542,-0.1737,0.28,-0.34,-0.61,267.468,-22.975,0.026
59050,91328.57,23.26,-0.1874,-0.9421,-0.1648,-0.30,-0.13,0.10,267.238,-22.975,0.026
59060,91336.54,23.26,-0.2464,-0.9299,-0.2012,-0.54,-0.43,-0.37,267.009,-22.975,0.026
59070,91339.79,23.27,-0.2150,-0.8979,-0.1876,0.09,-0.62,-0.09,266.779,-22.974,0.026
59080,91342.05,23.27,-0.2444,-0.9274,-0.1898,-0.07,-0.50,-0.25,266.549,-22.974,0.026
59090,91337.77,23.27,-0.1918,-0.9027,-0.1961,-0.07,-0.01,-0.18,266.319,-22.974,0.026
59100,91345.82,23.27,-0.2545,-0.9368,-0.2156,0.28,0.39,-0.47,266.090,-22.974,0.026
59110,91348.49,23.27,-0.2273,-0.9219,-0.1624,0.41,-0.00,0.18,265.860,-22.973,0.026
59120,91352.12,23.27,-0.2358,-0.9324,-0.2061,0.02,-0.26,-0.30,265.630,-22.973,0.026
59130,91350.49,23.27,-0.2094,-0.9280,-0.1702,-0.07,-0.59,-0.04,265.400,-22.973,0.026
59140,91351.85,23.28,-0.2254,-0.9185,-0.1751,0.52,-0.59,-0.34,265.171,-22.973,0.026
59150,91354.62,23.28,-0.2388,-0.9452,-0.1635,0.15,0.16,-0.45,264.941,-22.972,0.026
59160,91360.77,23.28,-0.2446,-0.9392,-0.2081,-0.01,0.16,-0.21,264.711,-22.972,0.026
59170,91364.97,23.28,-0.2035,-0.9330,-0.2003,0.25,-0.32,0.11,264.481,-22.972,0.026
59180,91366.90,23.28,-0.2224,-0.9227,-0.1919,0.02,-0.52,-0.24,264.252,-22.972,0.026
59190,91369.10,23.28,-0.2092,-0.9549,-0.1922,0.35,0.24,-0.74,264.022,-22.971,0.026
59200,91369.33,23.29,-0.2384,-0.9059,-0.1823,0.24,-0.08,0.20,263.792,-22.971,0.026
59210,91371.02,23.29,-0.2404,-0.9414,-0.1571,0.45,-0.42,-0.36,263.563,-22.971,0.026
59220,91376.12,23.29,-0.2313,-0.9492,-0.1667,0.07,-0.84,0.09,263.333,-22.971,0.026
59230,91377.60,23.29,-0.2076,-0.9629,-0.2165,-0.04,0.50,-0.28,263.103,-22.970,0.026
59240,91381.28,23.29,-0.2326,-0.9710,-0.1928,0.23,0.02,-0.44,262.874,-22.970,0.026
59250,91380.15,23.29,-0.2390,-0.9361,-0.2105,0.07,-0.47,0.11,262.644,-22.970,0.026
59260,91388.40,23.29,-0.2032,-0.9470,-0.2001,0.10,-0.37,-0.45,262.414,-22.969,0.026
59270,91386.36,23.30,-0.2219,-0.9431,-0.1769,0.31,-0.26,-0.31,262.184,-22.969,0.026
59280,91393.70,23.30,-0.2263,-0.9128,-0.1844,-0.35,-0.07,-0.35,261.955,-22.969,0.026
59290,91390.39,23.30,-0.1859,-0.9568,-0.2006,-0.27,-0.57,-0.03,261.725,-22.969,0.026
59300,91400.26,23.30,-0.2428,-0.9483,-0.2005,0.11,-0.00,0.13,261.495,-22.968,0.026
59310,91397.38,23.30,-0.2272,-0.9188,-0.1702,0.22,-0.13,-0.41,261.266,-22.968,0.026
59320,91399.64,23.30,-0.2202,-0.9521,-0.1719,0.03,-0.05,-0.80,261.036,-22.968,0.026
59330,91405.39,23.30,-0.2218,-0.9479,-0.2016,0.71,-0.05,-0.07,260.806,-22.968,0.026
59340,91411.35,23.31,-0.1793,-0.9300,-0.1924,-0.52,-0.27,0.43,260.577,-22.967,0.026
59350,91407.48,23.31,-0.2309,-0.9282,-0.2049,-0.19,0.20,0.08,260.347,-22.967,0.026
59360,91407.38,23.31,-0.2299,-0.9658,-0.1882,0.45,-0.01,-0.45,260.117,-22.967,0.026
59370,91413.86,23.31,-0.2257,-0.9492,-0.1520,-0.07,-0.14,-0.65,259.888,-22.967,0.026
59380,91417.85,23.31,-0.2242,-0.9066,-0.1937,0.27,-0.60,-0.49,259.658,-22.966,0.026
59390,91416.28,23.31,-0.2300,-0.9480,-0.1767,0.33,-0.63,-0.48,259.428,-22.966,0.026
59400,91419.68,23.32,-0.2172,-0.9350,-0.1810,-0.08,-0.43,-0.34,259.199,-22.966,0.026
59410,91425.12,23.32,-0.1969,-0.9337,-0.1854,0.63,-0.10,-0.73,258.969,-22.966,0.026
59420,91426.00,23.32,-0.2275,-0.9408,-0.2056,-0.27,0.15,-0.07,258.739,-22.965,0.026
59430,91425.79,23.32,-0.2294,-0.9199,-0.1907,0.76,-0.16,-0.40,258.510,-22.965,0.026
59440,91425.38,23.32,-0.2059,-0.9358,-0.1848,0.35,-0.10,0.03,258.280,-22.965,0.026
59450,91435.76,23.32,-0.2396,-0.9392,-0.2260,-0.27,-0.65,-0.56,258.050,-22.965,0.026
59460,91435.13,23.32,-0.2090,-0.9731,-0.1869,-0.34,-0.15,-0.28,257.821,-22.964,0.026
59470,91436.52,23.33,-0.2207,-0.9399,-0.2196,0.24,-0.07,-0.56,257.591,-22.964,0.026
59480,91435.43,23.33,-0.1847,-0.9407,-0.1925,0.25,-0.63,-0.08,257.361,-22.964,0.026
59490,91441.45,23.33,-0.1942,-0.9338,-0.1842,-0.11,-0.09,0.69,257.132,-22.964,0.026
59500,91447.44,23.33,-0.2190,-0.9080,-0.2299,0.11,-0.41,-0.55,256.902,-22.963,0.026
59510,91448.72,23.33,-0.2308,-0.9336,-0.2323,0.38,-0.18,-0.24,256.673,-22.963,0.026
59520,91450.20,23.33,-0.2218,-0.9491,-0.1807,0.25,-0.32,-0.26,256.443,-22.963,0.026
59530,91455.54,23.33,-0.2565,-0.9430,-0.2229,-0.08,0.01,-0.27,256.213,-22.963,0.026
59540,91455.83,23.34,-0.2399,-0.9507,-0.1869,0.12,0.12,0.07,255.984,-22.962,0.026
59550,91457.61,23.34,-0.1863,-0.9165,-0.1836,0.23,-0.10,-0.28,255.754,-22.962,0.026
59560,91460.16,23.34,-0.2255,-0.9470,-0.2083,0.07,-0.52,-0.07,255.524,-22.962,0.026
59570,91469.24,23.34,-0.2323,-0.9325,-0.1507,0.75,0.39,0.07,255.295,-22.961,0.026
59580,91464.69,23.34,-0.2405,-0.9137,-0.2167,0.28,-0.38,-0.37,255.065,-22.961,0.026
59590,91469.32,23.34,-0.2365,-0.9264,-0.1629,-0.19,-0.14,-0.67,254.836,-22.961,0.026
59600,91472.16,23.35,-0.2416,-0.9401,-0.1915,0.41,-0.22,-0.49,254.606,-22.961,0.026
59610,91474.11,23.35,-0.1677,-0.9243,-0.2246,0.03,-0.37,-0.67,254.376,-22.960,0.026
59620,91478.82,23.35,-0.2046,-0.9322,-0.1584,-0.31,-0.02,-0.18,254.147,-22.960,0.026
59630,91478.28,23.35,-0.1907,-0.8900,-0.1832,0.10,-0.60,0.07,253.917,-22.960,0.026
59640,91479.88,23.35,-0.2040,-0.9262,-0.1843,-0.73,-0.38,0.06,253.688,-22.960,0.026
59650,91482.27,23.35,-0.2240,-0.9513,-0.1974,-0.15,-0.37,-0.12,253.458,-22.959,0.026
59660,91490.54,23.35,-0.2371,-0.9101,-0.1924,-0.04,-0.15,0.12,253.228,-22.959,0.026
59670,91487.59,23.36,-0.2175,-0.9458,-0.2000,0.20,-0.16,-0.05,252.999,-22.959,0.026
59680,91491.26,23.36,-0.1863,-0.9435,-0.1841,-0.18,-0.03,-0.60,252.769,-22.959,0.026
59690,91495.35,23.36,-0.1979,-0.9133,-0.1601,-0.10,-0.70,-0.60,252.540,-22.958,0.026
59700,91500.57,23.36,-0.2105,-0.9172,-0.2216,0.42,0.13,0.01,252.310,-22.958,0.026
59710,91495.21,23.36,-0.2000,-0.9293,-0.1888,-0.34,-0.14,-0.37,252.080,-22.958,0.026
59720,91499.97,23.36,-0.2547,-0.9153,-0.1661,0.10,0.07,-0.08,251.851,-22.958,0.026
59730,91503.25,23.36,-0.2642,-0.9717,-0.1951,-0.42,-0.22,-0.47,251.621,-22.957,0.026
59740,91504.88,23.37,-0.2436,-0.9459,-0.1956,0.11,-0.25,0.05,251.392,-22.957,0.026
59750,91507.93,23.37,-0.2342,-0.9602,-0.2343,-0.14,-0.24,-0.01,251.162,-22.957,0.026
59760,91513.61,23.37,-0.2397,-0.9320,-0.1874,0.09,-0.58,-0.03,250.933,-22.957,0.026
59770,91510.87,23.37,-0.2302,-0.8949,-0.2036,-0.30,-0.24,0.13,250.703,-22.956,0.026
59780,91518.25,23.37,-0.2239,-0.9718,-0.1786,0.20,-0.73,0.37,250.473,-22.956,0.026
59790,91518.00,23.37,-0.2271,-0.9058,-0.2213,-0.14,0.13,0.24,250.244,-22.956,0.026
59800,91520.98,23.37,-0.2256,-0.9401,-0.1947,0.10,-0.29,0.20,250.014,-22.956,0.026
59810,91528.00,23.38,-0.2283,-0.9116,-0.1836,0.32,-0.52,-0.32,249.785,-22.955,0.026
59820,91526.82,23.38,-0.2326,-0.9595,-0.1895,0.42,-0.51,-0.47,249.555,-22.955,0.026
59830,91527.48,23.38,-0.2420,-0.9189,-0.2069,0.17,-0.07,0.05,249.326,-22.955,0.026
59840,91529.91,23.38,-0.2279,-0.9596,-0.1984,-0.20,-0.51,-0.75,249.096,-22.954,0.026
59850,91531.49,23.38,-0.2260,-0.9384,-0.1858,0.15,0.28,-0.08,248.867,-22.954,0.026
59860,91527.71,23.38,-0.1898,-0.9505,-0.1874,0.16,-0.76,-0.25,248.637,-22.954,0.026
59870,91537.45,23.39,-0.2491,-0.9133,-0.2118,0.18,0.42,-0.63,248.408,-22.954,0.026
59880,91538.38,23.39,-0.2323,-0.9136,-0.1813,-0.11,0.04,-0.11,248.178,-22.953,0.026
59890,91544.61,23.39,-0.1958,-0.9631,-0.1459,0.14,-0.53,-0.06,247.948,-22.953,0.026
59900,91543.82,23.39,-0.2150,-0.9250,-0.1431,-0.12,0.05,-0.11,247.719,-22.953,0.026
59910,91548.78,23.39,-0.2245,-0.9201,-0.1922,0.73,-0.14,-0.43,247.489,-22.953,0.026
59920,91549.49,23.39,-0.2043,-0.9573,-0.2142,0.29,-0.33,-0.00,247.260,-22.952,0.026
59930,91549.20,23.39,-0.2475,-0.9408,-0.1739,-0.05,-0.18,-0.72,247.030,-22.952,0.026
59940,91556.34,23.40,-0.2538,-0.9199,-0.2056,0.47,-0.17,0.06,246.801,-22.952,0.026
59950,91560.56,23.40,-0.2531,-0.9254,-0.1680,0.06,-0.31,-0.06,246.571,-22.952,0.026
59960,91567.55,23.40,-0.2077,-0.9306,-0.1886,0.38,-0.34,-0.97,246.342,-22.951,0.026
59970,91562.50,23.40,-0.2329,-0.9409,-0.1774,0.29,-0.27,-0.17,246.112,-22.951,0.026
59980,91568.80,23.40,-0.2212,-0.9252,-0.1903,-0.37,-0.34,0.10,245.883,-22.951,0.026
59990,91570.97,23.40,-0.2680,-0.9379,-0.1702,-0.10,-0.29,-0.44,245.653,-22.951,0.026
60000,91570.28,23.40,-0.1963,-0.9442,-0.1645,0.03,0.35,-0.31,245.424,-22.950,0.026
60010,91580.15,23.41,-0.2256,-0.9424,-0.1983,-0.02,-0.06,-0.27,245.194,-22.950,0.026
60020,91578.28,23.41,-0.2504,-0.9539,-0.1932,0.50,-0.24,-0.15,244.965,-22.950,0.026
60030,91578.44,23.41,-0.2195,-0.9364,-0.1899,0.53,-0.83,-0.28,244.735,-22.950,0.026
60040,91580.39,23.41,-0.2331,-0.9187,-0.1554,0.37,-0.26,0.36,244.506,-22.949,0.026
60050,91583.10,23.41,-0.2281,-0.9212,-0.1775,0.39,0.02,0.52,244.276,-22.949,0.026
60060,91587.19,23.41,-0.2217,-0.9212,-0.2054,0.07,-0.11,-0.29,244.047,-22.949,0.026
60070,91587.88,23.42,-0.1891,-0.9144,-0.2085,-0.46,-0.35,0.03,243.817,-22.949,0.026
60080,91594.30,23.42,-0.2085,-0.9566,-0.1980,0.71,-0.21,-0.28,243.588,-22.948,0.026
60090,91591.98,23.42,-0.2369,-0.9072,-0.2020,0.17,-0.51,0.09,243.358,-22.948,0.026
60100,91599.51,23.42,-0.2052,-0.9365,-0.1988,0.51,-0.54,-0.47,243.129,-22.948,0.026
60110,91602.74,23.42,-0.2045,-0.9360,-0.1894,0.04,-0.69,-0.47,242.899,-22.947,0.026
60120,91600.76,23.42,-0.1968,-0.9180,-0.1802,-0.35,-0.05,-0.49,242.670,-22.947,0.026
60130,91606.81,23.42,-0.2357,-0.9314,-0.1902,-0.07,-0.32,-0.35,242.440,-22.947,0.026
60140,91608.07,23.43,-0.2192,-0.9581,-0.1604,0.65,-0.49,0.04,242.211,-22.947,0.026
60150,91605.88,23.43,-0.2389,-0.9310,-0.2033,0.07,-0.18,0.07,241.982,-22.946,0.026
60160,91612.22,23.43,-0.2164,-0.9394,-0.1725,0.16,0.20,-0.28,241.752,-22.946,0.026
60170,91620.38,23.43,-0.2216,-0.9476,-0.2256,0.15,-0.29,-0.66,241.523,-22.946,0.026
60180,91622.91,23.43,-0.2233,-0.9351,-0.1960,0.01,-0.64,-0.69,241.293,-22.946,0.026
60190,91619.99,23.43,-0.1895,-0.9392,-0.1908,0.07,-0.74,-0.67,241.064,-22.945,0.026
60200,91621.38,23.43,-0.2478,-0.9434,-0.1713,-0.14,-0.30,-0.07,240.834,-22.945,0.026
60210,91627.53,23.44,-0.2134,-0.9026,-0.1730,0.29,-0.12,-0.20,240.605,-22.945,0.026
60220,91623.13,23.44,-0.2191,-0.9211,-0.2018,0.17,-0.08,-0.26,240.375,-22.945,0.026
60230,91632.69,23.44,-0.2094,-0.9671,-0.1866,0.04,-0.17,-0.19,240.146,-22.944,0.026
60240,91636.85,23.44,-0.2434,-0.9128,-0.1828,0.58,-0.27,-0.20,239.916,-22.944,0.026
60250,91636.71,23.44,-0.2248,-0.9246,-0.2070,-0.40,-0.53,-0.20,239.687,-22.944,0.026
60260,91641.29,23.44,-0.2300,-0.8994,-0.1989,-0.48,-0.06,-0.44,239.458,-22.944,0.026
60270,91643.27,23.45,-0.2047,-0.9288,-0.1836,0.50,-0.09,-0.58,239.228,-22.943,0.026
60280,91646.38,23.45,-0.2446,-0.9241,-0.1637,0.40,-0.04,-0.73,238.999,-22.943,0.026
60290,91644.46,23.45,-0.2239,-0.9341,-0.1920,0.11,0.01,0.06,238.769,-22.943,0.026
60300,91648.54,23.45,-0.2666,-0.9365,-0.1719,0.23,0.23,-0.59,238.540,-22.943,0.026
60310,91649.57,23.45,-0.2369,-0.9539,-0.1952,0.07,-0.18,-0.33,238.310,-22.942,0.026
60320,91655.25,23.45,-0.1975,-0.9606,-0.1871,0.15,-0.84,-0.83,238.081,-22.942,0.026
60330,91652.29,23.45,-0.1794,-0.9552,-0.1953,0.05,0.07,-0.02,237.852,-22.942,0.026
60340,91659.19,23.46,-0.2043,-0.9346,-0.1616,0.84,-0.76,-0.19,237.622,-22.942,0.026
60350,91664.27,23.46,-0.1711,-0.9154,-0.2181,-0.25,-0.67,-0.42,237.393,-22.941,0.026
60360,91666.48,23.46,-0.1959,-0.9477,-0.1959,0.26,-0.42,-0.35,237.163,-22.941,0.026
60370,91665.86,23.46,-0.2096,-0.9379,-0.1872,0.20,-0.15,-0.46,236.934,-22.941,0.026
60380,91668.01,23.46,-0.2344,-0.9607,-0.1731,0.06,0.14,-0.23,236.705,-22.941,0.026
60390,91671.07,23.46,-0.2082,-0.9098,-0.1868,0.12,-0.32,-0.41,236.475,-22.940,0.026
60400,91681.66,23.46,-0.2233,-0.9700,-0.1891,0.68,0.11,-0.67,236.246,-22.940,0.026
60410,91675.88,23.47,-0.2447,-0.9521,-0.2010,0.23,-0.08,-0.52,236.016,-22.940,0.026
60420,91681.11,23.47,-0.2272,-0.9462,-0.1990,0.16,-0.24,-0.39,235.787,-22.939,0.026
60430,91684.63,23.47,-0.2320,-0.9570,-0.2196,0.42,-0.37,-0.26,235.558,-22.939,0.026
60440,91683.48,23.47,-0.2411,-0.9201,-0.2021,-0.12,-0.49,-0.05,235.328,-22.939,0.026
60450,91691.82,23.47,-0.2267,-0.9423,-0.2057,-0.59,-0.10,-0.31,235.099,-22.939,0.026
60460,91690.87,23.47,-0.2270,-0.9502,-0.1917,0.20,-0.57,0.06,234.869,-22.938,0.026
60470,91692.85,23.47,-0.2397,-0.9116,-0.2126,0.28,0.15,-0.26,234.640,-22.938,0.026
60480,91692.94,23.48,-0.1938,-0.9264,-0.2102,0.21,-0.30,-0.03,234.411,-22.938,0.026
60490,91696.51,23.48,-0.2302,-0.9291,-0.1899,-0.21,0.20,-0.33,234.181,-22.938,0.026
60500,91701.60,23.48,-0.2325,-0.9735,-0.1879,0.74,0.18,-0.22,233.952,-22.937,0.026
60510,91698.75,23.48,-0.2154,-0.9290,-0.1885,-0.08,-0.69,-0.23,233.722,-22.937,0.026
60520,91703.65,23.48,-0.2305,-0.8983,-0.2038,0.66,-0.22,-0.26,233.493,-22.937,0.026
60530,91706.45,23.48,-0.2219,-0.9367,-0.1831,-0.23,-0.52,-0.57,233.264,-22.937,0.026
60540,91711.98,23.49,-0.2236,-0.9162,-0.2178,0.22,-0.14,-0.40,233.034,-22.936,0.026
60550,91710.91,23.49,-0.2110,-0.9438,-0.1839,0.06,0.02,0.21,232.805,-22.936,0.026
60560,91720.70,23.49,-0.2171,-0.9132,-0.2129,0.32,-0.24,-0.30,232.576,-22.936,0.026
60570,91715.75,23.49,-0.2256,-0.9099,-0.1956,0.07,0.03,-0.73,232.346,-22.936,0.026
60580,91720.57,23.49,-0.2220,-0.9051,-0.1649,0.12,-0.47,-0.31,232.117,-22.935,0.026
60590,91719.67,23.49,-0.2280,-0.9398,-0.1517,0.43,-0.21,-0.22,231.888,-22.935,0.026
60600,91726.74,23.49,-0.1985,-0.9334,-0.1643,-0.26,0.32,-0.24,231.658,-22.935,0.026
60610,91728.61,23.50,-0.2251,-0.9484,-0.1829,0.75,-0.07,-0.29,231.429,-22.935,0.026
60620,91730.37,23.50,-0.2230,-0.9394,-0.1897,0.16,0.30,-0.47,231.200,-22.934,0.026
60630,91731.06,23.50,-0.2143,-0.9322,-0.1831,-0.15,-0.05,-0.26,230.970,-22.934,0.026
60640,91730.89,23.50,-0.2183,-0.9408,-0.2096,-0.07,-0.37,-0.38,230.741,-22.934,0.026
60650,91739.81,23.50,-0.2245,-0.9306,-0.1645,-0.11,-0.04,-0.66,230.512,-22.934,0.026
60660,91738.47,23.50,-0.2252,-0.9676,-0.1741,-0.50,-0.11,-0.18,230.282,-22.933,0.026
60670,91745.32,23.50,-0.2194,-0.9427,-0.1666,0.25,-0.31,-0.19,230.053,-22.933,0.026
60680,91743.21,23.51,-0.2234,-0.9754,-0.1914,0.15,-0.18,-0.27,229.824,-22.933,0.026
60690,91749.70,23.51,-0.2422,-0.9569,-0.1670,0.36,-0.07,-0.10,229.594,-22.933,0.026
60700,91752.67,23.51,-0.2384,-0.9526,-0.1899,-0.07,-0.27,-0.18,229.365,-22.932,0.026
60710,91751.26,23.51,-0.2279,-0.9284,-0.2035,0.06,-0.38,-0.33,229.136,-22.932,0.026
60720,91753.98,23.51,-0.2211,-0.9610,-0.1755,-0.24,0.49,-0.38,228.906,-22.932,0.026
60730,91755.66,23.51,-0.2570,-0.9653,-0.1810,-0.13,-0.24,-0.05,228.677,-22.931,0.026
60740,91759.34,23.52,-0.2398,-0.9030,-0.1915,-0.26,-0.23,-0.32,228.448,-22.931,0.026
60750,91765.12,23.52,-0.2251,-0.9186,-0.1870,0.19,-0.23,-0.24,228.218,-22.931,0.026
60760,91767.39,23.52,-0.2159,-0.9307,-0.1817,0.24,-0.10,-0.24,227.989,-22.931,0.026
60770,91767.10,23.52,-0.2361,-0.9500,-0.2151,0.45,-0.02,-0.05,227.760,-22.930,0.026
60780,91771.77,23.52,-0.2152,-0.9375,-0.2037,0.12,-0.22,-0.37,227.530,-22.930,0.026
60790,91774.02,23.52,-0.2113,-0.9075,-0.1888,0.39,-0.19,-0.14,227.301,-22.930,0.026
60800,91773.16,23.52,-0.2058,-0.9435,-0.1452,0.15,-0.01,-0.07,227.072,-22.930,0.026
60810,91776.68,23.53,-0.2591,-0.9236,-0.1796,-0.27,-0.22,-0.13,226.843,-22.929,0.026
60820,91784.75,23.53,-0.2147,-0.9446,-0.2112,-0.02,-0.02,-0.21,226.613,-22.929,0.026
60830,91785.60,23.53,-0.2424,-0.9223,-0.1748,-0.29,-0.39,-0.43,226.384,-22.929,0.026
60840,91785.93,23.53,-0.2081,-0.9212,-0.1666,0.18,-0.07,-0.15,226.155,-22.929,0.026
60850,91790.56,23.53,-0.2179,-0.9376,-0.1564,-0.08,-0.17,-0.50,225.925,-22.928,0.026
60860,91792.69,23.53,-0.2509,-0.9049,-0.2204,-0.20,0.28,-0.66,225.696,-22.928,0.026
60870,91794.66,23.53,-0.2656,-0.9367,-0.1871,0.46,-0.12,-0.07,225.467,-22.928,0.026
60880,91796.45,23.54,-0.2124,-0.9542,-0.1945,-0.26,-0.34,-0.00,225.238,-22.928,0.026
60890,91799.09,23.54,-0.2180,-0.9153,-0.1842,-0.20,-0.48,-0.35,225.008,-22.927,0.026
60900,91797.51,23.54,-0.2217,-0.9368,-0.1933,0.64,-0.09,-0.74,224.779,-22.927,0.026
60910,91805.66,23.54,-0.2379,-0.9463,-0.2124,0.10,-0.65,0.07,224.550,-22.927,0.026
60920,91805.43,23.54,-0.1888,-0.9212,-0.1893,-0.34,-0.39,-0.14,224.320,-22.927,0.026
60930,91809.30,23.54,-0.2270,-0.9462,-0.2117,0.62,-0.21,-0.85,224.091,-22.926,0.026
60940,91807.27,23.54,-0.2376,-0.9505,-0.2027,0.30,0.01,-0.30,223.862,-22.926,0.026
60950,91811.58,23.55,-0.2369,-0.9547,-0.1789,0.20,-0.22,0.07,223.633,-22.926,0.026
60960,91818.18,23.55,-0.2498,-0.9330,-0.2175,0.35,-0.41,-0.25,223.403,-22.926,0.026
60970,91815.34,23.55,-0.2252,-0.9369,-0.1634,0.68,-0.57,0.15,223.174,-22.925,0.026
60980,91822.62,23.55,-0.1935,-0.9047,-0.1690,-0.13,-0.55,-0.09,222.945,-22.925,0.026
60990,91827.69,23.55,-0.2295,-0.9602,-0.1989,-0.40,-0.27,-0.62,222.716,-22.925,0.026
61000,91823.95,23.55,-0.2482,-0.9172,-0.1733,0.73,-0.44,0.37,222.486,-22.925,0.026
61010,91835.23,23.56,-0.2238,-0.9463,-0.2152,0.00,-0.45,-0.31,222.257,-22.924,0.026
61020,91833.49,23.56,-0.2463,-0.9134,-0.1771,0.13,-0.23,0.25,222.028,-22.924,0.026
61030,91836.80,23.56,-0.2218,-0.9884,-0.2052,0.36,0.17,-0.15,221.799,-22.924,0.026
61040,91836.09,23.56,-0.2338,-0.9578,-0.1781,-0.24,-0.40,-0.20,221.569,-22.923,0.026
61050,91840.88,23.56,-0.2415,-0.9629,-0.2243,0.30,-0.34,0.09,221.340,-22.923,0.026
61060,91847.09,23.56,-0.2400,-0.9429,-0.1885,0.65,-0.34,-0.09,221.111,-22.923,0.026
61070,91843.36,23.56,-0.2381,-0.9667,-0.2067,0.08,-0.21,-0.47,220.882,-22.923,0.026
61080,91848.07,23.57,-0.2786,-0.9193,-0.1804,0.13,-0.34,0.16,220.653,-22.922,0.026
61090,91848.50,23.57,-0.2165,-0.9180,-0.1691,0.03,0.05,-0.59,220.423,-22.922,0.026
61100,91852.53,23.57,-0.1866,-0.9316,-0.2067,0.53,-0.24,-0.36,220.194,-22.922,0.026
61110,91853.54,23.57,-0.2045,-0.9403,-0.1862,0.03,-0.20,-0.89,219.965,-22.922,0.026
61120,91860.61,23.57,-0.2217,-0.9422,-0.2197,0.33,-0.72,0.06,219.736,-22.921,0.026
61130,91856.00,23.57,-0.2461,-0.9566,-0.1950,0.32,-0.38,-0.24,219.506,-22.921,0.026
61140,91862.78,23.57,-0.2337,-0.9276,-0.1824,-0.04,-0.14,-0.57,219.277,-22.921,0.026
61150,91867.56,23.58,-0.2308,-0.9456,-0.1941,0.63,-0.65,-0.92,219.048,-22.921,0.026
61160,91863.01,23.58,-0.2318,-0.9546,-0.1583,0.23,-0.01,-0.41,218.819,-22.920,0.026
61170,91870.53,23.58,-0.2036,-0.9446,-0.1918,0.22,-0.87,-0.06,218.590,-22.920,0.026
61180,91870.16,23.58,-0.2251,-0.9281,-0.1395,-0.02,-0.30,-0.10,218.360,-22.920,0.026
61190,91872.39,23.58,-0.2004,-0.9628,-0.2046,-0.34,-0.58,-0.20,218.131,-22.920,0.026
61200,91874.71,23.58,-0.2280,-0.9311,-0.1765,0.70,0.06,-0.24,217.902,-22.919,0.026
61210,91879.40,23.59,-0.2050,-0.9536,-0.1955,0.01,0.09,-0.43,217.673,-22.919,0.026
61220,91881.55,23.59,-0.2192,-0.9354,-0.1900,0.25,-0.54,-0.32,217.444,-22.919,0.026
61230,91884.94,23.59,-0.2208,-0.8944,-0.1935,0.17,-0.57,-0.42,217.214,-22.919,0.026
61240,91887.76,23.59,-0.2573,-0.9158,-0.1794,-0.44,0.11,-0.32,216.985,-22.918,0.026
61250,91888.41,23.59,-0.2208,-0.9782,-0.2086,-0.44,-0.59,-0.34,216.756,-22.918,0.026
61260,91894.26,23.59,-0.2029,-0.9501,-0.2240,0.20,-0.00,-0.20,216.527,-22.918,0.026
61270,91896.10,23.59,-0.2902,-0.9222,-0.2073,-0.23,0.01,-0.02,216.298,-22.918,0.026
61280,91900.58,23.60,-0.2069,-0.9425,-0.1500,0.08,-0.35,-0.27,216.069,-22.917,0.026
61290,91899.77,23.60,-0.2616,-0.9171,-0.1997,0.20,-0.41,0.42,215.839,-22.917,0.026
61300,91902.65,23.60,-0.2418,-0.9574,-0.1923,0.58,-0.20,-0.46,215.610,-22.917,0.026
61310,91906.08,23.60,-0.2159,-0.9425,-0.2151,0.36,-0.05,-0.47,215.381,-22.917,0.026
61320,91908.14,23.60,-0.2430,-0.9332,-0.1764,0.04,-0.40,-0.36,215.152,-22.916,0.026
61330,91906.72,23.60,-0.2061,-0.9270,-0.1748,-0.41,-0.15,-0.35,214.923,-22.916,0.026
61340,91910.50,23.60,-0.2486,-0.9360,-0.1887,-0.24,-0.10,-0.46,214.694,-22.916,0.026
61350,91913.39,23.61,-0.2384,-0.9291,-0.1747,-0.08,-0.25,-0.66,214.464,-22.915,0.026
61360,91919.37,23.61,-0.1914,-0.9323,-0.1746,0.12,0.08,-0.59,214.235,-22.915,0.026
61370,91920.74,23.61,-0.2356,-0.9509,-0.1762,-0.40,-0.11,0.09,214.006,-22.915,0.026
61380,91924.72,23.61,-0.2276,-0.9402,-0.1905,-0.09,-0.36,0.08,213.777,-22.915,0.026
61390,91928.84,23.61,-0.2475,-0.9519,-0.1820,0.53,-0.59,0.09,213.548,-22.914,0.026
61400,91928.52,23.61,-0.2495,-0.9627,-0.1837,0.37,-0.37,-0.07,213.319,-22.914,0.026
61410,91929.14,23.61,-0.1997,-0.9074,-0.1920,0.08,-0.17,-0.43,213.090,-22.914,0.026
61420,91929.95,23.62,-0.2216,-0.9292,-0.1712,-0.11,-0.28,-0.41,212.860,-22.914,0.026
61430,91939.56,23.62,-0.2272,-0.9644,-0.1957,0.27,-0.19,0.03,212.631,-22.913,0.026
61440,91935.45,23.62,-0.2004,-0.9425,-0.1814,-0.14,-0.12,0.21,212.402,-22.913,0.026
61450,91945.78,23.62,-0.2198,-0.9491,-0.2036,0.34,-0.36,-0.25,212.173,-22.913,0.026
61460,91945.10,23.62,-0.2795,-0.9540,-0.1620,-0.01,0.02,0.03,211.944,-22.913,0.026
61470,91942.91,23.62,-0.2453,-0.9462,-0.2138,0.21,-0.22,0.18,211.715,-22.912,0.026
61480,91949.82,23.63,-0.2358,-0.9368,-0.1590,0.22,-0.14,-0.19,211.486,-22.912,0.026
61490,91955.07,23.63,-0.2152,-0.9019,-0.2030,0.05,-0.27,-0.32,211.256,-22.912,0.026
61500,91951.15,23.63,-0.2714,-0.9366,-0.1601,-0.28,-0.25,-0.32,211.027,-22.912,0.026
61510,91956.76,23.63,-0.2377,-0.9704,-0.2067,0.48,-0.29,-0.29,210.798,-22.911,0.026
61520,91958.74,23.63,-0.2443,-0.9381,-0.1758,0.18,-0.25,-0.05,210.569,-22.911,0.026
61530,91961.42,23.63,-0.2775,-0.9203,-0.2173,0.21,-0.50,-0.14,210.340,-22.911,0.026
61540,91962.35,23.63,-0.2606,-0.9280,-0.2240,-0.01,-0.26,-0.37,210.111,-22.911,0.026
61550,91970.34,23.64,-0.2109,-0.8951,-0.1974,-0.14,0.01,-0.85,209.882,-22.910,0.026
61560,91967.43,23.64,-0.2394,-0.9623,-0.1700,0.01,0.20,-0.79,209.653,-22.910,0.026
61570,91969.16,23.64,-0.1912,-0.9479,-0.1951,0.57,-0.37,-0.69,209.424,-22.910,0.026
61580,91974.52,23.64,-0.2462,-0.9472,-0.1810,-0.14,-0.23,-0.59,209.195,-22.910,0.026
61590,91976.09,23.64,-0.2276,-0.9497,-0.1851,0.20,-0.32,-0.07,208.965,-22.909,0.026
61600,91985.07,23.64,-0.2225,-0.9767,-0.2059,-0.10,-0.17,0.07,208.736,-22.909,0.026
61610,91980.85,23.64,-0.1993,-0.9523,-0.1839,-0.08,-0.01,-0.19,208.507,-22.909,0.026
61620,91985.00,23.65,-0.2543,-0.9336,-0.1816,0.55,-0.38,-0.02,208.278,-22.909,0.026
61630,91989.83,23.65,-0.2215,-0.9127,-0.1903,-0.74,-0.04,-0.17,208.049,-22.908,0.026
61640,91993.29,23.65,-0.2393,-0.9506,-0.1910,-0.24,0.19,0.09,207.820,-22.908,0.026
61650,91993.72,23.65,-0.2108,-0.9436,-0.1855,-0.42,-0.29,-0.19,207.591,-22.908,0.026
61660,91995.26,23.65,-0.2498,-0.9236,-0.2037,-0.05,-0.01,-0.04,207.362,-22.908,0.026
61670,91996.62,23.65,-0.2431,-0.9626,-0.1802,-0.13,-0.42,-0.56,207.133,-22.907,0.026
61680,92001.29,23.66,-0.2213,-0.9052,-0.1493,0.32,-0.25,0.05,206.904,-22.907,0.026
61690,91999.40,23.66,-0.1814,-0.9634,-0.2143,-0.15,-0.40,-0.02,206.675,-22.907,0.026
61700,92003.45,23.66,-0.2094,-0.9326,-0.2016,0.15,-0.06,-0.24,206.446,-22.906,0.026
61710,92003.91,23.66,-0.2053,-0.9273,-0.1811,0.14,-0.06,0.18,206.216,-22.906,0.026
61720,92007.29,23.66,-0.2363,-0.9135,-0.1829,-0.34,0.23,0.09,205.987,-22.906,0.026
61730,92013.94,23.66,-0.2102,-0.9313,-0.1728,0.02,-0.02,0.19,205.758,-22.906,0.026
61740,92013.39,23.66,-0.1974,-0.9545,-0.1913,0.35,0.10,-0.65,205.529,-22.905,0.026
61750,92016.56,23.67,-0.2264,-0.9489,-0.1934,0.45,0.16,0.22,205.300,-22.905,0.026
61760,92019.62,23.67,-0.2327,-0.9230,-0.1957,-0.00,-0.39,-0.79,205.071,-22.905,0.026
61770,92021.52,23.67,-0.2370,-0.9404,-0.1990,0.36,-0.50,-0.13,204.842,-22.905,0.026
61780,92025.36,23.67,-0.2203,-0.9540,-0.1855,-0.55,-0.16,-0.05,204.613,-22.904,0.026
61790,92029.02,23.67,-0.1982,-0.9387,-0.1667,-0.33,-0.26,-0.82,204.384,-22.904,0.026
61800,92028.17,23.67,-0.2488,-0.9749,-0.2344,0.47,-0.09,-0.09,204.155,-22.904,0.026
61810,92031.98,23.67,-0.2173,-0.9122,-0.2053,0.02,-0.35,-0.47,203.926,-22.904,0.026
61820,92034.97,23.68,-0.2149,-0.9044,-0.2334,-0.25,-0.05,-0.37,203.697,-22.903,0.026
61830,92038.32,23.68,-0.2216,-0.8940,-0.1713,0.00,-0.72,-0.04,203.468,-22.903,0.026
61840,92039.24,23.68,-0.2728,-0.9194,-0.1907,0.20,-0.43,-0.37,203.239,-22.903,0.026
61850,92041.34,23.68,-0.2644,-0.9549,-0.2037,0.08,0.01,0.13,203.010,-22.903,0.026
61860,92044.84,23.68,-0.1951,-0.9353,-0.2036,-0.06,-0.55,-0.57,202.781,-22.902,0.026
61870,92046.45,23.68,-0.2421,-0.9218,-0.1564,0.50,-0.38,-0.20,202.552,-22.902,0.026
61880,92051.05,23.68,-0.2102,-0.9172,-0.1841,-0.09,-0.55,-0.32,202.323,-22.902,0.026
61890,92051.98,23.69,-0.2404,-0.9029,-0.1721,-0.22,-0.29,-0.59,202.094,-22.902,0.026
61900,92054.69,23.69,-0.2419,-0.8921,-0.1911,0.44,-0.17,0.19,201.865,-22.901,0.026
61910,92056.26,23.69,-0.2365,-0.9272,-0.1936,-0.29,-0.66,0.01,201.636,-22.901,0.026
61920,92065.16,23.69,-0.2560,-0.9382,-0.1745,0.10,-0.32,-0.44,201.407,-22.901,0.026
61930,92062.20,23.69,-0.2516,-0.9479,-0.1621,-0.26,-0.80,0.03,201.178,-22.901,0.026
61940,92065.75,23.69,-0.2217,-0.9769,-0.1788,-0.04,-0.54,0.05,200.949,-22.900,0.026
61950,92067.29,23.70,-0.2342,-0.9091,-0.1910,0.31,0.25,-0.57,200.720,-22.900,0.026
61960,92071.53,23.70,-0.2316,-0.9303,-0.1752,0.23,-0.26,0.05,200.491,-22.900,0.026
61970,92073.15,23.70,-0.2217,-0.9445,-0.2042,0.27,-0.37,0.03,200.262,-22.900,0.026
61980,92077.63,23.70,-0.2375,-0.9369,-0.1734,0.17,-0.51,-0.07,200.033,-22.899,0.026
61990,92079.65,23.70,-0.2195,-0.9282,-0.2243,-0.53,-0.58,-0.42,199.804,-22.899,0.026
62000,92082.19,23.70,-0.2298,-0.9574,-0.1670,0.01,-0.36,0.49,199.575,-22.899,0.026
62010,92082.15,23.70,-0.1958,-0.9666,-0.1950,0.23,-0.45,-0.23,199.346,-22.899,0.026
62020,92087.15,23.71,-0.2371,-0.9461,-0.2273,-0.54,-0.73,-0.45,199.117,-22.898,0.026
62030,92087.53,23.71,-0.2097,-0.9421,-0.1587,0.44,-0.09,-0.04,198.888,-22.898,0.026
62040,92090.86,23.71,-0.2455,-0.9461,-0.1923,0.80,0.15,0.31,198.659,-22.898,0.026
62050,92093.27,23.71,-0.2377,-0.9236,-0.1899,0.47,-0.84,0.11,198.430,-22.897,0.026
62060,92097.31,23.71,-0.2520,-0.9203,-0.1799,-0.32,-0.38,0.26,198.201,-22.897,0.026
62070,92098.03,23.71,-0.2266,-0.8898,-0.1762,-0.26,-0.66,0.08,197.972,-22.897,0.026
62080,92099.59,23.71,-0.2388,-0.9092,-0.1947,-0.11,-0.25,-0.54,197.743,-22.897,0.026
62090,92104.54,23.72,-0.2439,-0.9327,-0.1636,0.07,-0.11,0.00,197.514,-22.896,0.026
62100,92106.89,23.72,-0.2059,-0.9181,-0.2061,-0.24,-0.11,0.15,197.285,-22.896,0.026
62110,92110.98,23.72,-0.1922,-0.9341,-0.2173,0.30,-0.33,0.22,197.056,-22.896,0.026
62120,92117.86,23.72,-0.2422,-0.9348,-0.1939,0.08,-0.16,-0.73,196.827,-22.896,0.026
62130,92115.38,23.72,-0.2668,-0.9709,-0.1893,0.06,0.08,0.04,196.598,-22.895,0.026
62140,92117.08,23.72,-0.2374,-0.9629,-0.2107,0.08,0.40,-0.22,196.369,-22.895,0.026
62150,92120.13,23.73,-0.2153,-0.9120,-0.2028,0.10,-0.44,-0.38,196.140,-22.895,0.026
62160,92120.04,23.73,-0.2123,-0.9405,-0.2448,0.12,0.10,-0.16,195.911,-22.895,0.026
62170,92123.90,23.73,-0.2098,-0.9326,-0.2113,-0.22,-0.26,-0.10,195.682,-22.894,0.026
62180,92120.57,23.73,-0.2076,-0.9243,-0.1850,-0.16,0.04,-0.00,195.453,-22.894,0.026
62190,92128.60,23.73,-0.2503,-0.9622,-0.1904,-0.03,-0.76,-0.59,195.224,-22.894,0.026
62200,92134.43,23.73,-0.2297,-0.9671,-0.1478,-0.05,-0.61,-0.28,194.996,-22.894,0.026
62210,92136.67,23.73,-0.2441,-0.9218,-0.1871,0.30,-0.22,-0.02,194.767,-22.893,0.026
62220,92136.93,23.74,-0.1970,-0.9052,-0.1867,-0.13,-0.05,-0.28,194.538,-22.893,0.026
62230,92145.58,23.74,-0.2485,-0.9671,-0.1867,0.08,0.36,-0.05,194.309,-22.893,0.026
62240,92141.45,23.74,-0.2180,-0.9303,-0.1751,0.27,-0.47,0.03,194.080,-22.893,0.026
62250,92148.86,23.74,-0.2557,-0.9312,-0.2212,0.57,-0.66,-0.11,193.851,-22.892,0.026
62260,92147.24,23.74,-0.1955,-0.9075,-0.2276,0.33,-0.24,0.26,193.622,-22.892,0.026
62270,92153.14,23.74,-0.2540,-0.9260,-0.1830,-0.17,-0.47,-0.04,193.393,-22.892,0.026
62280,92150.89,23.74,-0.2261,-0.9036,-0.1760,0.04,-0.48,-0.32,193.164,-22.892,0.026
62290,92152.55,23.75,-0.2110,-0.9534,-0.2318,-0.21,-0.67,-0.42,192.935,-22.891,0.026
62300,92161.48,23.75,-0.2291,-0.9193,-0.1879,0.27,-0.40,0.11,192.706,-22.891,0.026
62310,92160.97,23.75,-0.2105,-0.9652,-0.1491,0.30,-0.34,-0.47,192.477,-22.891,0.026
62320,92162.82,23.75,-0.2366,-0.9276,-0.2008,-0.23,-0.50,0.01,192.248,-22.891,0.026
62330,92163.33,23.75,-0.2563,-0.9474,-0.1851,-0.08,-0.50,0.15,192.020,-22.890,0.026
62340,92167.12,23.75,-0.2008,-0.9468,-0.1824,0.01,-0.49,-0.07,191.791,-22.890,0.026
62350,92171.34,23.75,-0.2321,-0.9510,-0.1725,-0.38,-0.09,-0.87,191.562,-22.890,0.026
62360,92173.96,23.76,-0.2099,-0.9255,-0.1896,0.07,-0.17,-0.54,191.333,-22.890,0.026
62370,92176.33,23.76,-0.2243,-0.9419,-0.1679,-0.10,-0.31,-0.68,191.104,-22.889,0.026
62380,92177.88,23.76,-0.2206,-0.9365,-0.1623,0.16,-0.58,-0.04,190.875,-22.889,0.026
62390,92178.72,23.76,-0.2409,-0.9069,-0.2152,-0.07,-0.57,-0.00,190.646,-22.889,0.026
62400,92183.27,23.76,-0.2296,-0.9525,-0.1775,0.11,-0.20,-0.85,190.417,-22.888,0.026
62410,92185.28,23.76,-0.2804,-0.9368,-0.1888,0.20,-0.39,-0.10,190.188,-22.888,0.026
62420,92192.08,23.77,-0.2362,-0.9646,-0.2077,0.22,-0.23,-0.16,189.960,-22.888,0.026
62430,92190.34,23.77,-0.2674,-0.9417,-0.1837,-0.12,-0.33,-0.21,189.731,-22.888,0.026
62440,92193.22,23.77,-0.2351,-0.9357,-0.2097,-0.11,-0.51,-0.77,189.502,-22.887,0.026
62450,92195.50,23.77,-0.2213,-0.9352,-0.1743,0.52,-0.20,0.01,189.273,-22.887,0.026
62460,92197.63,23.77,-0.2153,-0.9166,-0.1754,0.53,-0.18,-0.32,189.044,-22.887,0.026
62470,92200.81,23.77,-0.1817,-0.9499,-0.1705,-0.50,0.22,0.20,188.815,-22.887,0.026
62480,92206.57,23.77,-0.2500,-0.9335,-0.1686,0.25,-0.70,-0.31,188.586,-22.886,0.026
62490,92203.72,23.78,-0.2372,-0.9305,-0.2006,-0.05,0.14,-0.30,188.357,-22.886,0.026
62500,92210.47,23.78,-0.2376,-0.9195,-0.2018,0.63,0.15,-0.73,188.129,-22.886,0.026
62510,92210.49,23.78,-0.2236,-0.9272,-0.1591,0.38,-0.09,-0.14,187.900,-22.886,0.026
62520,92212.79,23.78,-0.2521,-0.9607,-0.1953,0.02,-0.42,-0.40,187.671,-22.885,0.026
62530,92217.61,23.78,-0.2111,-0.9345,-0.1796,-0.04,-0.27,-0.17,187.442,-22.885,0.026
62540,92215.66,23.78,-0.2403,-0.9211,-0.1860,0.06,-0.11,-0.08,187.213,-22.885,0.026
62550,92223.46,23.78,-0.2206,-0.9490,-0.1793,0.04,-0.40,0.19,186.984,-22.885,0.026
62560,92221.90,23.79,-0.2003,-0.9462,-0.2082,-0.08,-0.25,0.34,186.755,-22.884,0.026
62570,92224.30,23.79,-0.2244,-0.8959,-0.2076,-0.07,-0.39,-0.04,186.527,-22.884,0.026
62580,92230.46,23.79,-0.2395,-0.9208,-0.1967,0.57,-0.03,0.15,186.298,-22.884,0.026
62590,92231.00,23.79,-0.2286,-0.8983,-0.1764,-0.02,-0.24,-0.34,186.069,-22.884,0.026
62600,92235.27,23.79,-0.2340,-0.9282,-0.2323,0.40,-0.41,0.37,185.840,-22.883,0.026
62610,92237.99,23.79,-0.2329,-0.9063,-0.1811,-0.22,0.35,-0.20,185.611,-22.883,0.026
62620,92238.82,23.80,-0.2202,-0.9492,-0.1853,0.07,-0.52,-0.27,185.382,-22.883,0.026
62630,92238.37,23.80,-0.2193,-0.9417,-0.1792,0.32,-0.51,-0.08,185.154,-22.883,0.026
62640,92245.38,23.80,-0.2470,-0.9246,-0.2257,0.40,-0.25,-0.23,184.925,-22.882,0.026
62650,92249.15,23.80,-0.2146,-0.9361,-0.1995,-0.12,-0.58,0.20,184.696,-22.882,0.026
62660,92244.47,23.80,-0.2694,-0.9066,-0.1808,0.38,-0.21,0.19,184.467,-22.882,0.026
62670,92254.88,23.80,-0.2637,-0.9448,-0.2178,0.07,-0.62,-0.16,184.238,-22.882,0.026
62680,92252.69,23.80,-0.2363,-0.9343,-0.2327,0.29,-0.20,0.07,184.010,-22.881,0.026
62690,92255.15,23.81,-0.2275,-0.9270,-0.2150,-0.01,-0.57,-0.03,183.781,-22.881,0.026
62700,92258.27,23.81,-0.2312,-0.9393,-0.1872,0.19,-0.51,-0.90,183.552,-22.881,0.026
62710,92266.24,23.81,-0.2194,-0.9394,-0.1969,0.03,0.02,-0.63,183.323,-22.881,0.026
62720,92267.47,23.81,-0.2352,-0.9288,-0.1831,-0.01,-0.40,-0.27,183.094,-22.880,0.026
62730,92273.25,23.81,-0.2100,-0.8867,-0.1850,0.01,-0.28,0.04,182.866,-22.880,0.026
62740,92271.63,23.81,-0.2282,-0.9284,-0.1852,-0.16,-0.21,-0.21,182.637,-22.880,0.026
62750,92272.10,23.81,-0.1757,-0.9052,-0.1781,-0.05,0.67,-0.10,182.408,-22.880,0.026
62760,92272.39,23.82,-0.2288,-0.9344,-0.2042,0.37,-0.29,0.05,182.179,-22.879,0.026
62770,92280.99,23.82,-0.2339,-0.9507,-0.1812,0.11,-0.43,-0.69,181.950,-22.879,0.026
62780,92277.60,23.82,-0.2170,-0.9317,-0.1684,0.08,-0.35,-0.14,181.722,-22.879,0.026
62790,92284.07,23.82,-0.2278,-0.9219,-0.1784,-0.12,-0.22,-0.25,181.493,-22.878,0.026
62800,92282.39,23.82,-0.2062,-0.9154,-0.1795,0.55,0.36,-0.81,181.264,-22.878,0.026
62810,92289.03,23.82,-0.2240,-0.9380,-0.1904,0.36,-0.43,-0.55,181.035,-22.878,0.026
62820,92291.66,23.82,-0.2260,-0.9244,-0.1890,-0.31,-0.46,0.19,180.806,-22.878,0.026
62830,92291.08,23.83,-0.2210,-0.9292,-0.1917,0.01,-0.22,0.23,180.578,-22.877,0.026
62840,92295.09,23.83,-0.2733,-0.9305,-0.1664,0.81,-0.09,0.31,180.349,-22.877,0.026
62850,92299.87,23.83,-0.2557,-0.9398,-0.1575,-0.33,0.01,-0.60,180.120,-22.877,0.026
62860,92300.67,23.83,-0.2449,-0.9049,-0.2040,-0.18,-0.49,-0.24,179.891,-22.877,0.026
62870,92304.16,23.83,-0.2039,-0.9500,-0.1770,-0.14,-0.77,-0.37,179.663,-22.876,0.026
62880,92305.54,23.83,-0.2078,-0.9235,-0.1880,0.28,0.16,-0.48,179.434,-22.876,0.026
62890,92307.60,23.84,-0.2291,-0.9099,-0.1483,0.47,-0.39,-0.67,179.205,-22.876,0.026
62900,92308.75,23.84,-0.2308,-0.9348,-0.1734,0.32,0.13,-0.46,178.976,-22.876,0.026
62910,92308.88,23.84,-0.1981,-0.9410,-0.1796,-0.03,0.22,-0.38,178.748,-22.875,0.026
62920,92309.82,23.84,-0.2069,-0.9164,-0.1930,0.68,-0.34,-0.13,178.519,-22.875,0.026
62930,92318.22,23.84,-0.2186,-0.9590,-0.1974,0.14,-0.31,-0.32,178.290,-22.875,0.026
62940,92319.33,23.84,-0.2193,-0.9278,-0.2140,0.18,-0.15,-0.12,178.061,-22.875,0.026
62950,92327.31,23.84,-0.2277,-0.9731,-0.2021,0.41,-0.41,-0.40,177.833,-22.874,0.026
62960,92324.26,23.85,-0.2326,-0.9604,-0.1885,-0.09,-0.27,-0.46,177.604,-22.874,0.026
62970,92326.45,23.85,-0.2499,-0.9044,-0.1808,-0.09,-0.04,0.03,177.375,-22.874,0.026
62980,92325.58,23.85,-0.1906,-0.9654,-0.1958,0.49,-0.38,0.16,177.146,-22.874,0.026
62990,92336.63,23.85,-0.2406,-0.8911,-0.1891,0.20,-0.17,-0.25,176.918,-22.873,0.026
63000,92334.79,23.85,-0.2273,-0.9187,-0.1874,-0.07,0.05,-0.10,176.689,-22.873,0.026
63010,92333.46,23.85,-0.2335,-0.8956,-0.1551,0.03,-0.04,-0.05,176.460,-22.873,0.026
63020,92341.37,23.85,-0.2067,-0.9424,-0.1901,-0.12,-0.40,0.26,176.231,-22.873,0.026
63030,92341.78,23.86,-0.2067,-0.9166,-0.1833,-0.35,-0.04,-0.13,176.003,-22.872,0.026
63040,92344.24,23.86,-0.2076,-0.9350,-0.1746,0.20,-0.65,-0.76,175.774,-22.872,0.026
63050,92351.00,23.86,-0.2076,-0.9610,-0.2201,-0.12,-0.96,-0.57,175.545,-22.872,0.026
63060,92349.85,23.86,-0.2471,-0.9418,-0.1671,0.39,0.07,-0.16,175.317,-22.872,0.026
63070,92356.60,23.86,-0.1799,-0.9397,-0.2016,-0.46,-0.50,-0.19,175.088,-22.871,0.026
63080,92354.87,23.86,-0.2447,-0.9258,-0.2103,-0.44,0.16,-0.70,174.859,-22.871,0.026
63090,92359.32,23.86,-0.2444,-0.8945,-0.1927,-0.00,0.07,-0.29,174.630,-22.871,0.026
63100,92363.85,23.87,-0.2349,-0.8680,-0.1761,0.08,0.04,-0.08,174.402,-22.871,0.026
63110,92365.90,23.87,-0.2105,-0.9434,-0.1452,0.26,-0.24,0.07,174.173,-22.870,0.026
63120,92365.14,23.87,-0.2279,-0.9196,-0.1769,-0.37,-0.49,0.05,173.944,-22.870,0.026
63130,92367.57,23.87,-0.2172,-0.9063,-0.1756,-0.12,-0.40,0.16,173.716,-22.870,0.026
63140,92371.14,23.87,-0.1839,-0.9380,-0.1906,-0.56,-0.15,-0.26,173.487,-22.869,0.026
63150,92374.23,23.87,-0.2254,-0.9455,-0.2098,0.37,0.14,-0.30,173.258,-22.869,0.026
63160,92373.40,23.88,-0.2162,-0.9508,-0.1626,0.01,-0.00,0.03,173.029,-22.869,0.026
63170,92377.47,23.88,-0.2376,-0.9133,-0.1933,0.33,-0.57,-0.09,172.801,-22.869,0.026
63180,92382.14,23.88,-0.2034,-0.9246,-0.1708,-0.07,-0.09,-0.16,172.572,-22.868,0.026
63190,92380.37,23.88,-0.2462,-0.9167,-0.1609,0.00,-0.04,-0.33,172.343,-22.868,0.026
63200,92391.12,23.88,-0.2592,-0.9476,-0.2147,0.34,0.04,-0.05,172.115,-22.868,0.026
63210,92385.31,23.88,-0.2356,-0.9608,-0.2403,0.31,-0.91,-0.49,171.886,-22.868,0.026
63220,92392.06,23.88,-0.1916,-0.9333,-0.1824,0.54,0.17,-0.34,171.657,-22.867,0.026
63230,92394.48,23.89,-0.1944,-0.9390,-0.2031,0.10,0.44,-0.51,171.429,-22.867,0.026
63240,92391.20,23.89,-0.2383,-0.9403,-0.2038,0.28,-0.43,-0.78,171.200,-22.867,0.026
63250,92395.80,23.89,-0.2471,-0.9338,-0.1732,0.24,-0.34,0.18,170.971,-22.867,0.026
63260,92401.18,23.89,-0.2659,-0.9391,-0.1946,0.40,-0.63,-0.61,170.743,-22.866,0.026
63270,92402.43,23.89,-0.2218,-0.9473,-0.1649,0.12,-0.09,-0.53,170.514,-22.866,0.026
63280,92404.41,23.89,-0.2342,-0.9325,-0.1998,0.42,-0.47,-0.09,170.285,-22.866,0.026
63290,92407.37,23.89,-0.2392,-0.9316,-0.1907,-0.06,-0.65,-0.67,170.057,-22.866,0.026
63300,92409.32,23.90,-0.2385,-0.9001,-0.1840,0.26,-0.10,-0.27,169.828,-22.865,0.026
63310,92415.73,23.90,-0.2085,-0.9189,-0.2162,0.48,-0.19,-0.09,169.599,-22.865,0.026
63320,92417.40,23.90,-0.2200,-0.9315,-0.1620,0.23,-0.29,-0.32,169.371,-22.865,0.026
63330,92417.12,23.90,-0.2099,-0.9395,-0.1620,0.17,-0.82,-0.09,169.142,-22.865,0.026
63340,92423.63,23.90,-0.2446,-0.8789,-0.1947,0.30,-0.26,-0.21,168.913,-22.864,0.026
63350,92426.12,23.90,-0.2576,-0.9461,-0.1747,0.01,-0.22,-0.20,168.685,-22.864,0.026
63360,92430.99,23.91,-0.1934,-0.9417,-0.1981,0.03,-0.26,-0.64,168.456,-22.864,0.026
63370,92432.65,23.91,-0.2332,-0.9053,-0.1646,0.21,0.07,0.09,168.228,-22.864,0.026
63380,92429.63,23.91,-0.2485,-0.9179,-0.1861,-0.22,-0.56,0.16,167.999,-22.863,0.026
63390,92435.74,23.91,-0.2458,-0.9539,-0.1756,0.65,-0.37,-0.22,167.770,-22.863,0.026
63400,92439.67,23.91,-0.2322,-0.9592,-0.1966,-0.08,-0.13,0.00,167.542,-22.863,0.026
63410,92440.24,23.91,-0.2387,-0.9499,-0.1784,0.43,0.28,-0.39,167.313,-22.863,0.026
63420,92441.64,23.91,-0.2139,-0.9326,-0.1940,0.09,-0.16,0.41,167.084,-22.862,0.026
63430,92444.64,23.92,-0.2456,-0.9755,-0.1947,0.73,-0.67,-0.25,166.856,-22.862,0.026
63440,92447.14,23.92,-0.1947,-0.9537,-0.1745,-0.32,-0.10,-1.15,166.627,-22.862,0.026
63450,92446.79,23.92,-0.1762,-0.9346,-0.2113,0.45,-0.39,-0.89,166.399,-22.862,0.026
63460,92451.76,23.92,-0.2314,-0.9267,-0.1730,0.32,-0.25,-0.30,166.170,-22.861,0.026
63470,92456.49,23.92,-0.2498,-0.9486,-0.1587,-0.00,-0.32,-0.21,165.941,-22.861,0.026
63480,92456.92,23.92,-0.2236,-0.9254,-0.2050,0.18,0.14,-0.41,165.713,-22.861,0.026
63490,92465.22,23.92,-0.2201,-0.9157,-0.2430,-0.13,0.12,-0.26,165.484,-22.861,0.026
63500,92458.63,23.93,-0.2047,-0.9195,-0.1888,0.27,-0.72,-0.36,165.256,-22.860,0.026
63510,92471.81,23.93,-0.2539,-0.9764,-0.2046,-0.09,0.22,-0.44,165.027,-22.860,0.026
63520,92470.50,23.93,-0.2701,-0.9173,-0.2277,0.30,-0.18,-0.20,164.798,-22.860,0.026
63530,92469.98,23.93,-0.2770,-0.9272,-0.2044,0.14,-0.24,0.02,164.570,-22.860,0.026
63540,92471.50,23.93,-0.2119,-0.9342,-0.1931,-0.17,-0.20,-0.39,164.341,-22.859,0.026
63550,92475.26,23.93,-0.2385,-0.9134,-0.1819,0.15,-0.08,-0.82,164.113,-22.859,0.026
63560,92475.51,23.93,-0.2427,-0.9261,-0.2036,0.05,-0.09,-0.04,163.884,-22.859,0.026
63570,92487.57,23.94,-0.2472,-0.9343,-0.1502,0.12,-0.18,-0.70,163.655,-22.858,0.026
63580,92479.18,23.94,-0.2357,-0.9520,-0.1793,0.79,0.38,0.11,163.427,-22.858,0.026
63590,92488.28,23.94,-0.2219,-0.9297,-0.1966,0.05,-0.03,-0.04,163.198,-22.858,0.026
63600,92489.00,23.94,-0.2400,-0.9290,-0.1692,-0.31,-0.54,0.12,162.970,-22.858,0.026
63610,92486.77,23.94,-0.2245,-0.9474,-0.1761,0.24,-0.13,0.41,162.741,-22.857,0.026
63620,92492.32,23.94,-0.2107,-0.9133,-0.1965,-0.14,-0.06,-0.13,162.512,-22.857,0.026
63630,92501.93,23.95,-0.2287,-0.9207,-0.1538,0.08,-0.14,0.18,162.284,-22.857,0.026
63640,92497.17,23.95,-0.2015,-0.9441,-0.1998,0.52,-0.15,0.03,162.055,-22.857,0.026
63650,92497.88,23.95,-0.2299,-0.9474,-0.1821,0.04,-0.77,0.01,161.827,-22.856,0.026
63660,92505.72,23.95,-0.2190,-0.9301,-0.2042,-0.32,-0.25,-0.66,161.598,-22.856,0.026
63670,92506.50,23.95,-0.2178,-0.9555,-0.2045,0.09,-0.33,0.10,161.370,-22.856,0.026
63680,92505.80,23.95,-0.2196,-0.9066,-0.1541,0.42,-0.28,-0.27,161.141,-22.856,0.026
63690,92513.84,23.95,-0.2185,-0.9539,-0.1976,-0.25,-0.26,0.07,160.913,-22.855,0.026
63700,92519.39,23.96,-0.2248,-0.9389,-0.1946,0.47,-0.08,0.08,160.684,-22.855,0.026
63710,92515.67,23.96,-0.2100,-0.9277,-0.1990,-0.29,-0.26,-0.46,160.455,-22.855,0.026
63720,92520.06,23.96,-0.1746,-0.9310,-0.1918,0.79,-0.49,0.25,160.227,-22.855,0.026
63730,92521.82,23.96,-0.2063,-0.9358,-0.1991,0.45,0.21,0.09,159.998,-22.854,0.026
63740,92526.19,23.96,-0.2262,-0.9632,-0.1727,0.67,-0.40,0.43,159.770,-22.854,0.026
63750,92525.95,23.96,-0.2354,-0.9199,-0.2025,-0.46,-0.67,-0.15,159.541,-22.854,0.026
63760,92533.22,23.96,-0.2234,-0.9760,-0.1649,0.34,-0.36,0.04,159.313,-22.854,0.026
63770,92531.96,23.97,-0.1952,-0.9434,-0.1904,-0.16,-0.35,-0.13,159.084,-22.853,0.026
63780,92537.83,23.97,-0.2211,-0.9434,-0.2220,0.16,-0.12,-0.31,158.856,-22.853,0.026
63790,92536.14,23.97,-0.2411,-0.8897,-0.1786,-0.19,0.03,-0.93,158.627,-22.853,0.026
63800,92539.37,23.97,-0.2209,-0.9321,-0.2035,-0.11,-0.15,-0.68,158.399,-22.853,0.026
63810,92541.03,23.97,-0.2355,-0.9328,-0.1921,-0.02,0.42,0.14,158.170,-22.852,0.026
63820,92544.29,23.97,-0.2618,-0.9118,-0.2043,0.27,-0.50,-0.38,157.942,-22.852,0.026
63830,92546.17,23.97,-0.1957,-0.9668,-0.1774,-0.33,-0.20,-0.19,157.713,-22.852,0.026
63840,92549.70,23.98,-0.2470,-0.9234,-0.1898,0.24,-0.65,-0.64,157.485,-22.852,0.026
63850,92553.06,23.98,-0.2166,-0.9309,-0.1967,-0.06,-0.29,-0.07,157.256,-22.851,0.026
63860,92553.64,23.98,-0.2326,-0.9267,-0.1646,0.54,-0.44,0.18,157.027,-22.851,0.026
63870,92554.16,23.98,-0.2225,-0.9414,-0.1961,-0.04,0.43,-0.01,156.799,-22.851,0.026
63880,92564.28,23.98,-0.2569,-0.9461,-0.2079,0.42,-0.50,0.08,156.570,-22.851,0.026
63890,92558.35,23.98,-0.2111,-0.9072,-0.1980,0.32,-0.37,-0.04,156.342,-22.850,0.026
63900,92566.81,23.99,-0.1936,-0.9298,-0.1825,-0.06,-0.38,0.10,156.113,-22.850,0.026
63910,92571.08,23.99,-0.2291,-0.9165,-0.2342,0.56,-0.40,-0.01,155.885,-22.850,0.026
63920,92570.35,23.99,-0.1990,-0.9283,-0.1943,0.12,-0.30,-0.16,155.656,-22.850,0.026
63930,92574.88,23.99,-0.2233,-0.9583,-0.2088,0.13,-0.30,-0.42,155.428,-22.849,0.026
63940,92575.90,23.99,-0.2011,-0.9523,-0.2285,0.01,-0.37,-0.07,155.199,-22.849,0.026
63950,92577.37,23.99,-0.2573,-0.9415,-0.1791,-0.39,-0.34,-0.20,154.971,-22.849,0.026
63960,92581.30,23.99,-0.2319,-0.8968,-0.1960,-0.23,-0.30,-0.11,154.743,-22.849,0.026
63970,92582.15,24.00,-0.2418,-0.8982,-0.2001,0.39,-0.35,0.19,154.514,-22.848,0.026
63980,92590.22,24.00,-0.2598,-0.9759,-0.2139,-0.43,-0.47,-0.24,154.286,-22.848,0.026
63990,92589.95,24.00,-0.2077,-0.9427,-0.1933,0.10,-0.08,-0.40,154.057,-22.848,0.026
64000,92587.82,24.00,-0.2603,-0.9649,-0.1738,0.14,0.18,0.09,153.829,-22.847,0.026
64010,92593.03,24.00,-0.1927,-0.9525,-0.1822,0.03,-0.45,-0.10,153.600,-22.847,0.026
64020,92593.66,24.00,-0.1632,-0.9057,-0.1863,0.04,-0.53,-0.56,153.372,-22.847,0.026
64030,92599.92,24.00,-0.2242,-0.9333,-0.1940,0.40,0.05,-0.19,153.143,-22.847,0.026
64040,92597.86,24.01,-0.2294,-0.9155,-0.2189,0.44,-0.43,-0.29,152.915,-22.846,0.026
64050,92606.40,24.01,-0.1965,-0.9506,-0.2007,0.06,-0.95,-0.23,152.686,-22.846,0.026
64060,92608.85,24.01,-0.2510,-0.9210,-0.1846,-0.09,-1.00,-0.20,152.458,-22.846,0.026
64070,92608.19,24.01,-0.2247,-0.9541,-0.2018,0.23,-0.33,-0.24,152.229,-22.846,0.026
64080,92606.38,24.01,-0.2287,-0.9086,-0.1610,0.16,0.00,-0.01,152.001,-22.845,0.026
64090,92615.83,24.01,-0.2242,-0.9439,-0.1924,0.37,0.20,-0.34,151.772,-22.845,0.026
64100,92619.23,24.01,-0.2202,-0.9481,-0.1559,0.34,-0.79,-0.44,151.544,-22.845,0.026
64110,92618.38,24.02,-0.2284,-0.9552,-0.2182,0.50,-0.56,-0.05,151.316,-22.845,0.026
64120,92619.74,24.02,-0.2542,-0.9241,-0.1723,0.10,0.01,-0.28,151.087,-22.844,0.026
64130,92621.28,24.02,-0.1653,-0.9574,-0.2069,0.28,-0.29,0.13,150.859,-22.844,0.026
64140,92624.96,24.02,-0.2920,-0.9461,-0.2105,-0.07,0.07,-0.17,150.630,-22.844,0.026
64150,92629.88,24.02,-0.1762,-0.9144,-0.1606,-0.23,-0.74,-0.38,150.402,-22.844,0.026
64160,92633.99,24.02,-0.2179,-0.9064,-0.2306,0.21,-0.16,0.49,150.173,-22.843,0.026
64170,92635.26,24.03,-2.6633,-12.5318,-2.5957,0.60,0.39,-0.44,149.945,-22.600,119.581
64180,92633.12,24.03,-2.4420,-11.2899,-2.3492,0.41,-0.57,-0.07,149.726,-21.463,106.892
64190,92636.42,24.03,-2.2379,-10.2807,-2.1424,0.20,0.25,0.01,149.517,-20.444,96.078
64200,92639.66,24.03,-2.0004,-9.3184,-1.9630,0.33,-0.29,-0.10,149.317,-19.526,86.786
64210,92648.53,24.03,-1.8141,-8.5670,-1.8064,0.33,-1.28,-0.56,149.127,-18.695,78.743
64220,92644.86,24.03,-1.7125,-7.8937,-1.6214,0.05,-0.81,-0.13,148.944,-17.940,71.736
64230,92648.41,24.03,-1.5530,-7.2919,-1.5282,-0.12,-0.33,0.18,148.768,-17.251,65.594
64240,92652.73,24.03,-1.4479,-6.7720,-1.4254,-0.19,0.31,0.26,148.599,-16.620,60.180
64250,92656.60,24.04,-1.3699,-6.3005,-1.3306,0.45,-0.40,-0.55,148.436,-16.040,55.383
64260,92649.65,24.04,-1.2654,-5.9334,-1.2485,-0.05,-0.11,-0.26,148.279,-15.506,51.114
64270,92657.42,24.04,-1.2052,-5.4931,-1.1454,0.16,-0.29,0.13,148.127,-15.013,47.298
64280,92657.63,24.04,-1.1375,-5.2029,-1.0697,0.43,-0.52,-0.53,147.979,-14.555,43.873
64290,92658.89,24.04,-1.0031,-4.8856,-1.0144,0.08,-0.24,-0.18,147.836,-14.131,40.788
64300,92659.80,24.04,-1.0139,-4.6129,-0.9361,-0.45,-0.00,-0.11,147.697,-13.736,37.999
64310,92656.08,24.04,-0.9147,-4.3737,-0.9151,-0.36,0.05,0.06,147.562,-13.367,35.469
64320,92661.69,24.04,-0.9275,-4.1416,-0.8803,0.06,-0.92,-0.02,147.430,-13.023,33.169
64330,92663.50,24.04,-0.8658,-3.9538,-0.7946,0.20,-0.68,0.10,147.301,-12.701,31.070
64340,92667.24,24.04,-0.8450,-3.7664,-0.7704,-0.40,-0.45,0.28,147.176,-12.399,29.150
64350,92670.50,24.04,-0.7904,-3.6089,-0.7416,-0.09,-0.86,-0.45,147.054,-12.116,27.390
64360,92667.59,24.04,-0.7839,-3.4374,-0.6893,0.51,-0.40,-0.07,146.934,-11.849,25.772
64370,92673.00,24.05,-0.7327,-3.2837,-0.6862,0.33,-0.06,0.02,146.817,-11.598,24.281
64380,92667.73,24.05,-0.6744,-3.1510,-0.6297,0.02,-0.60,-0.67,146.702,-11.362,22.905
64390,92667.16,24.05,-0.6203,-3.0543,-0.6355,0.05,-0.16,-0.17,146.590,-11.138,21.633
64400,92669.26,24.05,-0.6436,-2.9204,-0.6245,-0.27,-0.06,0.09,146.480,-10.928,20.454
64410,92675.72,24.05,-0.6416,-2.8275,-0.5717,-0.37,-0.17,-0.63,146.371,-10.728,19.359
64420,92671.90,24.05,-0.6031,-2.6893,-0.5679,0.42,0.31,-0.56,146.265,-10.539,18.341
64430,92679.53,24.05,-0.6000,-2.6187,-0.5341,0.56,-0.18,-0.17,146.161,-10.360,17.393
64440,92679.22,24.05,-0.5287,-2.5413,-0.5724,-0.41,-0.36,-0.63,146.058,-10.190,16.508
64450,92677.12,24.05,-0.5437,-2.4541,-0.4779,-0.18,-0.35,0.03,145.957,-10.029,15.682
64460,92682.27,24.05,-0.5300,-2.3651,-0.4910,0.11,-0.21,-0.31,145.858,-9.875,14.909
64470,92686.16,24.05,-0.5041,-2.2858,-0.4529,0.38,-0.09,-0.11,145.760,-9.730,14.185
64480,92680.42,24.05,-0.4861,-2.2273,-0.4926,-0.09,-0.52,0.29,145.663,-9.591,13.505
64490,92682.74,24.05,-0.4972,-2.1749,-0.4767,0.02,-0.24,0.20,145.568,-9.459,12.868
64500,92684.16,24.05,-0.4637,-2.1541,-0.4544,0.52,-0.27,-0.11,145.474,-9.333,12.268
64510,92688.60,24.06,-0.4444,-2.0810,-0.4195,0.19,-0.32,-0.53,145.381,-9.213,11.704
64520,92687.53,24.06,-0.4615,-2.0326,-0.4226,-0.18,-0.62,-0.59,145.290,-9.098,11.172
64530,92686.98,24.06,-0.4459,-1.9867,-0.4199,0.20,-0.30,-0.62,145.200,-8.989,10.670
64540,92686.01,24.06,-0.4395,-1.9106,-0.3990,0.81,0.03,-0.01,145.110,-8.884,10.197
64550,92694.02,24.06,-0.4363,-1.8510,-0.3764,-0.23,-0.30,-0.29,145.022,-8.784,9.750
64560,92688.32,24.06,-0.3920,-1.8602,-0.4044,0.15,0.02,-0.17,144.935,-8.689,9.327
64570,92692.45,24.06,-0.4386,-1.7781,-0.3878,0.02,-0.16,0.19,144.848,-8.597,8.926
64580,92694.10,24.06,-0.4113,-1.7377,-0.3626,0.07,-0.20,-0.03,144.763,-8.510,8.547
64590,92692.27,24.06,-0.3886,-1.7119,-0.3651,0.12,-0.13,-0.56,144.678,-8.426,8.187
64600,92693.26,24.06,-0.3808,-1.6816,-0.3829,-0.17,-0.30,-0.81,144.594,-8.345,7.846
64610,92699.73,24.06,-0.3958,-1.6565,-0.3180,0.19,0.16,-0.09,144.511,-8.268,7.522
64620,92696.60,24.06,-0.3700,-1.6327,-0.3083,0.34,-0.46,-0.29,144.429,-8.195,7.214
64630,92697.29,24.06,-0.3681,-1.6285,-0.3270,0.10,-0.61,-0.10,144.347,-8.124,6.921
64640,92699.03,24.06,-0.3619,-1.5898,-0.3434,0.12,-0.64,-0.54,144.267,-8.056,6.643
64650,92695.96,24.06,-0.3552,-1.5430,-0.3101,0.45,-0.76,-0.02,144.186,-7.991,6.377
64660,92697.59,24.06,-0.3409,-1.5090,-0.3245,0.02,-0.43,-0.41,144.107,-7.928,6.125
64670,92700.04,24.06,-0.3246,-1.5177,-0.2931,-0.12,0.11,-0.46,144.028,-7.868,5.884
64680,92700.24,24.06,-0.3253,-1.5235,-0.3115,0.20,-0.52,-0.23,143.950,-7.810,5.655
64690,92703.27,24.06,-0.3342,-1.4508,-0.2906,0.58,-0.10,-0.18,143.872,-7.754,5.436
64700,92701.64,24.07,-0.3620,-1.4391,-0.3168,0.21,-0.31,-0.15,143.795,-7.701,5.226
64710,92706.21,24.07,-0.3321,-1.4116,-0.3243,0.15,-0.19,-0.93,143.718,-7.650,5.027
64720,92708.11,24.07,-0.3232,-1.3845,-0.2976,0.67,-0.12,0.22,143.642,-7.600,4.836
64730,92707.40,24.07,-0.3350,-1.4173,-0.2911,-0.15,0.11,-0.11,143.566,-7.553,4.653
64740,92706.67,24.07,-0.2775,-1.3387,-0.2752,0.41,-0.73,0.13,143.491,-7.507,4.479
64750,92706.25,24.07,-0.2658,-1.3780,-0.2857,0.05,-0.47,-0.20,143.416,-7.463,4.312
64760,92705.96,24.07,-0.2968,-1.3772,-0.2638,0.65,-0.26,-0.10,143.341,-7.421,4.152
64770,92706.64,24.07,-0.3305,-1.3166,-0.2421,-0.32,0.40,-0.76,143.267,-7.380,3.999
64780,92711.49,24.07,-0.3006,-1.3250,-0.2933,0.46,0.24,0.31,143.194,-7.340,3.852
64790,92706.40,24.07,-0.2935,-1.3118,-0.2795,-0.05,-0.24,-0.09,143.121,-7.303,3.712
64800,92713.52,24.07,-0.3068,-1.2588,-0.2649,0.20,-0.75,-0.34,143.048,-7.266,3.577
64810,92711.62,24.07,-0.3096,-1.2406,-0.2252,0.42,-0.61,-0.13,142.975,-7.231,3.448
64820,92713.62,24.07,-0.2707,-1.2467,-0.3099,0.14,-0.31,0.02,142.903,-7.197,3.324
64830,92714.24,24.07,-0.2720,-1.2458,-0.2767,-0.16,-0.14,-0.31,142.831,-7.164,3.205
64840,92710.04,24.07,-0.2857,-1.2143,-0.2598,0.49,-0.53,0.39,142.760,-7.133,3.091
64850,92714.77,24.07,-0.2857,-1.2310,-0.2300,0.41,-0.64,-0.77,142.689,-7.102,2.981
64860,92717.24,24.07,-0.2962,-1.1540,-0.2468,0.80,-0.35,-0.23,142.618,-7.073,2.876
64870,92717.16,24.07,-0.2852,-1.2252,-0.2595,0.07,-0.09,-0.08,142.547,-7.045,2.775
64880,92717.38,24.07,-0.2227,-1.1991,-0.2356,0.25,-0.61,-0.39,142.477,-7.017,2.677
64890,92714.77,24.07,-0.2735,-1.1787,-0.2482,-0.20,0.09,-0.26,142.407,-6.991,2.584
64900,92721.50,24.07,-0.3059,-1.1372,-0.2606,-0.16,-0.53,0.17,142.337,-6.966,2.494
64910,92720.86,24.08,-0.2459,-1.1564,-0.2190,0.34,0.16,0.29,142.268,-6.941,2.407
64920,92722.28,24.08,-0.2414,-1.1899,-0.2297,-0.13,-0.33,-0.33,142.198,-6.917,2.324
64930,92722.10,24.08,-0.2895,-1.1476,-0.2457,-0.12,-0.08,0.35,142.129,-6.895,2.244
64940,92725.50,24.08,-0.2479,-1.1518,-0.2529,0.00,-0.83,0.14,142.061,-6.872,2.167
64950,92723.58,24.08,-0.2566,-1.1284,-0.2386,0.20,0.16,-0.25,141.992,-6.851,2.093
64960,92725.89,24.08,-0.2707,-1.1178,-0.2024,-0.01,-0.28,0.17,141.924,-6.830,2.022
64970,92719.71,24.08,-0.2460,-1.1094,-0.2336,0.29,-0.63,-0.71,141.855,-6.811,1.953
64980,92723.93,24.08,-0.2864,-1.1045,-0.2178,0.12,-0.39,-0.79,141.787,-6.791,1.887
64990,92725.35,24.08,-0.2521,-1.1010,-0.2702,-0.19,-0.44,0.03,141.720,-6.773,1.823
65000,92728.09,24.08,-0.2470,-1.0965,-0.2541,-0.58,-0.28,-0.67,141.652,-6.755,1.761
65010,92728.80,24.08,-0.2686,-1.0793,-0.2555,0.38,-0.02,-0.03,141.584,-6.737,1.702
65020,92731.06,24.08,-0.2597,-1.0717,-0.2349,-0.31,-0.01,0.19,141.517,-6.721,1.645
65030,92727.76,24.08,-0.2380,-1.0884,-0.2007,-0.15,-0.04,-0.37,141.450,-6.704,1.590
65040,92728.26,24.08,-0.2884,-1.0505,-0.2381,0.02,-0.52,0.06,141.383,-6.689,1.537
65050,92728.25,24.08,-0.2673,-1.0493,-0.2197,0.23,-0.11,-0.22,141.316,-6.674,1.486
65060,92729.29,24.08,-0.2420,-1.0613,-0.2648,0.05,0.21,-0.03,141.250,-6.659,1.436
65070,92730.52,24.08,-0.2685,-1.0549,-0.2125,-0.21,-0.56,-0.12,141.183,-6.645,1.389
65080,92734.44,24.08,-0.2590,-1.0714,-0.2206,-0.04,-0.36,-0.37,141.117,-6.631,1.343
65090,92732.69,24.08,-0.2513,-1.0682,-0.2402,0.18,0.38,-0.28,141.051,-6.618,1.298
65100,92735.04,24.08,-0.2595,-1.0250,-0.2412,0.27,-0.44,-0.21,140.984,-6.605,1.255
65110,92737.08,24.08,-0.2078,-1.0484,-0.2330,-0.14,-0.91,-0.02,140.918,-6.593,1.214
65120,92732.88,24.08,-0.2618,-1.0523,-0.1969,0.13,-0.35,0.34,140.853,-6.581,1.174
65130,92736.37,24.08,-0.2712,-1.0380,-0.1961,0.60,0.04,-0.02,140.787,-6.569,1.136
65140,92737.62,24.09,-0.2572,-1.0396,-0.2242,0.56,0.03,0.02,140.721,-6.558,1.099
65150,92739.62,24.09,-0.2760,-1.0254,-0.2068,0.19,-0.62,-0.16,140.656,-6.547,1.063
65160,92739.56,24.09,-0.2226,-1.0649,-0.2184,0.44,-0.12,-0.56,140.590,-6.537,1.028
65170,92741.42,24.09,-0.2915,-1.0362,-0.2376,0.15,-0.17,-0.18,140.525,-6.527,0.995
65180,92736.74,24.09,-0.2695,-1.0236,-0.2031,0.06,-0.01,-0.12,140.460,-6.517,0.962
65190,92741.08,24.09,-0.2409,-1.0610,-0.2071,-0.55,-0.72,-0.41,140.395,-6.507,0.931
65200,92741.66,24.09,-0.2571,-1.0215,-0.2395,-0.05,-0.62,-0.14,140.330,-6.498,0.901
65210,92742.66,24.09,-0.2564,-1.0091,-0.1980,0.46,-0.42,-0.72,140.265,-6.489,0.872
65220,92746.62,24.09,-0.2362,-1.0225,-0.2294,0.28,-0.36,-0.31,140.200,-6.481,0.843
65230,92743.64,24.09,-0.2447,-0.9759,-0.2086,0.19,-0.13,-0.33,140.135,-6.472,0.816
65240,92745.32,24.09,-0.2395,-1.0387,-0.2470,0.09,-0.05,-0.51,140.070,-6.464,0.790
65250,92744.62,24.09,-0.2337,-1.0155,-0.1874,0.43,-0.94,-0.32,140.006,-6.457,0.764
65260,92747.14,24.09,-0.2543,-0.9709,-0.2000,0.97,-0.27,-0.22,139.941,-6.449,0.740
65270,92746.14,24.09,-0.2171,-1.0039,-0.2302,0.19,-0.49,-0.07,139.877,-6.442,0.716
65280,92749.50,24.09,-0.2898,-1.0320,-0.2241,0.32,-0.32,-0.15,139.812,-6.435,0.693
65290,92749.68,24.09,-0.2380,-1.0107,-0.1968,-0.29,-0.27,-0.28,139.748,-6.428,0.671
65300,92752.16,24.09,-0.2588,-1.0032,-0.2233,-0.02,-0.05,-0.39,139.684,-6.421,0.649
65310,92752.54,24.09,-0.2488,-0.9836,-0.2474,0.13,0.36,-0.27,139.620,-6.415,0.629
65320,92751.01,24.09,-0.2220,-0.9976,-0.2031,-0.50,-0.62,-0.30,139.556,-6.409,0.609
65330,92750.05,24.09,-0.2351,-0.9742,-0.1944,0.30,-0.42,-0.20,139.491,-6.403,0.589
65340,92751.77,24.09,-0.2228,-0.9915,-0.1893,-0.17,-0.11,0.16,139.428,-6.397,0.570
65350,92746.51,24.09,-0.2507,-0.9864,-0.2326,0.10,-0.08,-0.04,139.364,-6.391,0.552
65360,92753.78,24.09,-0.2167,-0.9502,-0.1913,-0.09,-0.37,-0.29,139.300,-6.386,0.535
65370,92753.88,24.09,-0.2170,-0.9849,-0.2075,-0.05,-0.10,0.10,139.236,-6.381,0.518
65380,92753.02,24.10,-0.2038,-0.9785,-0.2096,0.31,-0.16,-0.20,139.172,-6.376,0.501
65390,92760.56,24.10,-0.2467,-1.0182,-0.1899,-0.22,-0.17,-0.04,139.108,-6.371,0.485
65400,92754.88,24.10,-0.2348,-0.9819,-0.1948,0.56,0.08,-0.33,139.045,-6.366,0.470
65410,92756.02,24.10,-0.2221,-0.9389,-0.2178,-0.28,-0.70,0.07,138.981,-6.361,0.455
65420,92758.08,24.10,-0.2512,-0.9475,-0.2210,0.32,-0.55,-0.66,138.917,-6.357,0.441
65430,92755.04,24.10,-0.1944,-0.9906,-0.1589,0.24,-0.20,-0.38,138.854,-6.352,0.427
65440,92757.49,24.10,-0.2344,-0.9575,-0.1813,0.23,-0.35,-0.22,138.790,-6.348,0.413
65450,92757.81,24.10,-0.2598,-0.9978,-0.2217,0.92,-0.23,-0.22,138.727,-6.344,0.400
65460,92763.15,24.10,-0.2378,-0.9817,-0.1863,0.08,-0.18,-0.81,138.664,-6.340,0.388
65470,92760.72,24.10,-0.2375,-0.9865,-0.2297,-0.46,-0.04,0.30,138.600,-6.336,0.375
65480,92761.71,24.10,-0.2499,-0.9560,-0.1964,0.35,-0.42,-0.50,138.537,-6.333,0.363
65490,92756.68,24.10,-0.2584,-0.9767,-0.2140,0.17,0.12,-0.35,138.473,-6.329,0.352
65500,92764.29,24.10,-0.2449,-0.9647,-0.2188,-0.22,0.03,-0.04,138.410,-6.326,0.341
65510,92764.12,24.10,-0.2355,-0.9960,-0.1644,-0.21,0.17,-0.22,138.347,-6.322,0.330
65520,92763.13,24.10,-0.2294,-0.9732,-0.1915,0.06,-0.40,-0.79,138.284,-6.319,0.320
65530,92762.46,24.10,-0.2393,-0.9846,-0.1838,-0.01,0.41,0.10,138.221,-6.316,0.310
65540,92766.45,24.10,-0.2119,-0.9626,-0.1993,0.36,-0.43,-0.37,138.157,-6.313,0.300
65550,92768.27,24.10,-0.2471,-0.9517,-0.1720,0.15,-0.33,-0.46,138.094,-6.310,0.291
65560,92765.43,24.10,-0.1895,-0.9466,-0.2055,0.78,0.27,-0.67,138.031,-6.307,0.282
65570,92765.67,24.10,-0.2447,-0.9726,-0.2127,0.56,-0.35,0.30,137.968,-6.304,0.273
65580,92764.71,24.10,-0.2123,-0.9449,-0.1999,-0.06,-0.82,-0.14,137.905,-6.301,0.264
65590,92767.00,24.10,-0.2147,-0.9643,-0.1854,0.27,-0.72,-0.29,137.842,-6.299,0.256
65600,92772.41,24.10,-0.2280,-0.9521,-0.1817,0.35,0.28,0.28,137.779,-6.296,0.248
65610,92769.12,24.10,-0.2273,-0.9692,-0.1975,0.04,-0.35,-0.18,137.716,-6.294,0.240
65620,92772.17,24.11,-0.2119,-0.9583,-0.1823,-0.01,-0.58,-0.02,137.653,-6.291,0.233
65630,92771.36,24.11,-0.2119,-0.9402,-0.2148,0.15,-0.27,0.36,137.590,-6.289,0.225
65640,92774.98,24.11,-0.2423,-0.9552,-0.1837,0.10,-0.73,-0.03,137.528,-6.287,0.218
65650,92770.71,24.11,-0.1853,-0.9300,-0.1976,0.32,-0.02,-0.14,137.465,-6.285,0.212
65660,92775.38,24.11,-0.2310,-0.9570,-0.1866,0.01,0.17,-0.42,137.402,-6.283,0.205
65670,92772.63,24.11,-0.2131,-0.9570,-0.1637,0.04,-0.47,-0.30,137.339,-6.281,0.199
65680,92775.58,24.11,-0.2398,-0.9518,-0.1870,0.57,-0.66,-0.79,137.276,-6.279,0.193
65690,92774.83,24.11,-0.2193,-0.9630,-0.2297,0.42,-0.44,0.02,137.213,-6.277,0.187
65700,92778.98,24.11,-0.2348,-0.9411,-0.2021,-0.25,-0.36,-0.20,137.151,-6.275,0.181
65710,92777.02,24.11,-0.2499,-0.9774,-0.1743,-0.05,-0.34,-0.30,137.088,-6.273,0.175
65720,92778.33,24.11,-0.2486,-0.9234,-0.2065,-0.00,-0.19,-0.06,137.025,-6.271,0.170
65730,92780.30,24.11,-0.2027,-0.9274,-0.1944,0.62,-0.64,-0.18,136.963,-6.270,0.164
65740,92783.50,24.11,-0.2344,-0.9250,-0.1769,0.23,-0.09,-0.26,136.900,-6.268,0.159
65750,92783.26,24.11,-0.2193,-0.9373,-0.1777,0.14,-0.19,0.01,136.837,-6.267,0.154
65760,92779.36,24.11,-0.2582,-0.9669,-0.2030,0.62,-0.57,-0.38,136.775,-6.265,0.150
65770,92781.66,24.11,-0.2218,-0.9588,-0.1971,0.13,0.04,-0.27,136.712,-6.264,0.145
65780,92783.47,24.11,-0.2545,-0.9423,-0.1545,0.15,-0.01,0.13,136.649,-6.262,0.141
65790,92783.03,24.11,-0.2075,-0.9668,-0.1958,0.21,-0.50,-0.23,136.587,-6.261,0.136
65800,92785.73,24.11,-0.2374,-0.9300,-0.1911,0.12,-0.55,-0.46,136.524,-6.259,0.132
65810,92786.16,24.11,-0.2240,-0.9887,-0.1906,0.54,-0.76,-0.44,136.461,-6.258,0.128
65820,92783.90,24.11,-0.2192,-0.9448,-0.2229,0.11,-0.28,-0.51,136.399,-6.257,0.124
65830,92783.66,24.11,-0.1941,-0.9640,-0.1729,-0.19,-0.32,0.02,136.336,-6.256,0.120
65840,92787.11,24.11,-0.2210,-0.9579,-0.1678,0.13,0.41,0.12,136.274,-6.254,0.116
65850,92790.84,24.11,-0.2251,-0.9456,-0.1660,0.12,-0.58,-0.28,136.211,-6.253,0.113
65860,92790.65,24.12,-0.2355,-0.9560,-0.2085,-0.21,0.02,0.16,136.149,-6.252,0.109
65870,92790.89,24.12,-0.2247,-0.9232,-0.1814,-0.14,-0.42,-0.10,136.086,-6.251,0.106
65880,92795.24,24.12,-0.1842,-0.9303,-0.1818,-0.08,0.19,0.09,136.024,-6.250,0.103
65890,92786.38,24.12,-0.2275,-0.9295,-0.1721,0.19,0.01,-0.26,135.961,-6.249,0.100
65900,92786.77,24.12,-0.2052,-0.9122,-0.1938,-0.10,-0.04,-0.01,135.899,-6.248,0.097
65910,92791.82,24.12,-0.2193,-0.9282,-0.2258,-0.15,0.13,-0.39,135.836,-6.247,0.094
65920,92794.31,24.12,-0.2226,-0.9255,-0.2100,0.13,-0.40,-0.36,135.774,-6.246,0.091
65930,92793.60,24.12,-0.2491,-0.9370,-0.1743,0.03,-0.53,-0.16,135.711,-6.245,0.088
65940,92790.89,24.12,-0.2215,-0.9483,-0.1836,0.51,-0.42,0.04,135.649,-6.244,0.085
65950,92791.19,24.12,-0.2396,-0.9502,-0.1843,0.43,-0.11,-0.06,135.586,-6.244,0.083
65960,92793.58,24.12,-0.2238,-0.9152,-0.2018,0.25,-0.62,-0.68,135.524,-6.243,0.080
65970,92793.17,24.12,-0.2006,-0.9327,-0.2147,0.11,0.37,0.12,135.462,-6.242,0.078
65980,92799.13,24.12,-0.2332,-0.9399,-0.1687,-0.02,-0.53,-0.27,135.399,-6.241,0.075
65990,92797.19,24.12,-0.2236,-0.9336,-0.1886,0.50,-0.85,-0.44,135.337,-6.241,0.073
66000,92798.58,24.12,-0.1951,-0.9765,-0.1860,0.31,-0.45,-0.28,135.274,-6.240,0.071
66010,92801.42,24.12,-0.2142,-0.9341,-0.2344,0.63,-0.72,0.01,135.212,-6.239,0.069
66020,92803.54,24.12,-0.2353,-0.9409,-0.2274,0.14,-0.52,-0.12,135.150,-6.238,0.067
66030,92803.58,24.12,-0.2391,-0.9105,-0.1987,0.20,-0.69,-0.54,135.087,-6.238,0.065
66040,92799.94,24.12,-0.1863,-0.9425,-0.1790,0.11,-0.35,-0.20,135.025,-6.237,0.063
66050,92804.19,24.12,-0.2365,-0.9464,-0.1930,0.05,-0.34,0.32,134.962,-6.237,0.061
66060,92804.55,24.12,-0.2050,-0.9121,-0.1732,0.18,-0.08,-0.54,134.900,-6.236,0.059
66070,92800.98,24.12,-0.2423,-0.9473,-0.1944,0.12,-0.44,-0.27,134.838,-6.235,0.057
66080,92802.77,24.12,-0.2433,-0.9343,-0.1730,0.40,-0.14,-0.27,134.775,-6.235,0.055
66090,92805.63,24.12,-0.1977,-0.8929,-0.1512,0.48,-0.37,-0.15,134.713,-6.234,0.054
66100,92809.95,24.12,-0.2426,-0.9438,-0.1703,0.02,-0.51,0.08,134.651,-6.234,0.052
66110,92805.19,24.13,-0.2459,-0.9408,-0.2319,0.38,-0.09,0.03,134.588,-6.233,0.051
66120,92806.40,24.13,-0.2482,-0.9292,-0.1860,-0.11,-0.09,-0.22,134.526,-6.233,0.049
66130,92809.82,24.13,-0.2311,-0.9424,-0.1800,0.29,0.42,-0.53,134.464,-6.232,0.048
66140,92808.67,24.13,-0.2786,-0.9244,-0.1693,0.07,-0.23,-0.43,134.401,-6.232,0.046
66150,92809.67,24.13,-0.1842,-0.9506,-0.1671,0.39,-0.05,0.10,134.339,-6.231,0.045
66160,92802.31,24.13,-0.2092,-0.9524,-0.1855,-0.31,-0.59,-0.05,134.277,-6.231,0.043
66170,92807.57,24.13,-0.1972,-0.9340,-0.2220,-0.08,-0.22,-0.09,134.214,-6.230,0.042
66180,92814.21,24.13,-0.2376,-0.9205,-0.1910,0.47,-0.47,0.13,134.152,-6.230,0.041
66190,92810.65,24.13,-0.2285,-0.9472,-0.1823,0.11,-0.15,-0.55,134.090,-6.230,0.040
66200,92811.82,24.13,-0.2225,-0.9288,-0.1862,0.19,-0.35,-0.14,134.028,-6.229,0.038
66210,92815.11,24.13,-0.1957,-0.9600,-0.2548,-0.32,-0.10,-0.40,133.965,-6.229,0.037
66220,92807.37,24.13,-0.2131,-0.9578,-0.1299,-0.18,-0.11,-0.53,133.903,-6.228,0.036
66230,92816.31,24.13,-0.2358,-0.9248,-0.1807,0.06,0.03,-0.33,133.841,-6.228,0.035
66240,92809.06,24.13,-0.2168,-0.9190,-0.1612,0.65,0.39,-0.14,133.778,-6.228,0.034
66250,92817.36,24.13,-0.2120,-0.9466,-0.1748,-0.44,-0.89,-0.09,133.716,-6.227,0.033
66260,92816.71,24.13,-0.2221,-0.9461,-0.1918,-0.27,0.20,-0.15,133.654,-6.227,0.032
66270,92815.91,24.13,-0.2510,-0.9433,-0.1406,0.08,-0.01,-0.46,133.592,-6.227,0.031
66280,92818.86,24.13,-0.2129,-0.9403,-0.1850,-0.20,-0.16,-0.13,133.529,-6.226,0.030
66290,92818.23,24.13,-0.2415,-0.9261,-0.1896,0.13,-0.29,-0.44,133.467,-6.226,0.029
66300,92819.49,24.13,-0.2758,-0.9517,-0.1779,0.52,0.65,-0.40,133.405,-6.226,0.029
66310,92814.14,24.13,-0.2408,-0.9444,-0.1875,-0.21,-0.44,-0.03,133.343,-6.226,0.028
66320,92819.29,24.13,-0.1915,-0.9488,-0.1773,0.12,-0.39,-0.30,133.280,-6.225,0.027
66330,92822.15,24.13,-0.1981,-0.9296,-0.1943,0.45,0.07,-0.03,133.218,-6.225,0.026
66340,92819.67,24.13,-0.2289,-0.9242,-0.1464,-0.48,-0.34,-0.14,133.156,-6.225,0.025
66350,92822.02,24.13,-0.2394,-0.9329,-0.1710,0.25,-0.97,-0.08,133.094,-6.225,0.025
66360,92822.53,24.14,-0.2510,-0.9582,-0.1783,-0.20,0.26,-0.50,133.031,-6.224,0.024
66370,92821.51,24.14,-0.2262,-0.9589,-0.2105,-0.13,-0.32,-0.71,132.969,-6.224,0.023
66380,92825.93,24.14,-0.2014,-0.9323,-0.2173,0.13,-0.22,-0.22,132.907,-6.224,0.023
66390,92825.28,24.14,-0.2258,-0.9682,-0.1954,0.22,-0.26,-0.34,132.845,-6.224,0.022
66400,92826.01,24.14,-0.2235,-0.9167,-0.2055,0.47,-0.04,-0.54,132.782,-6.223,0.021
66410,92827.92,24.14,-0.2250,-0.9395,-0.1853,0.09,-0.25,-0.38,132.720,-6.223,0.021
66420,92826.77,24.14,-0.2182,-0.9266,-0.1915,0.28,-0.43,-0.40,132.658,-6.223,0.020
66430,92829.07,24.14,-0.2176,-0.9559,-0.1703,0.29,0.42,-0.46,132.596,-6.223,0.020
66440,92830.41,24.14,-0.1962,-0.9100,-0.1991,0.07,0.09,-0.48,132.533,-6.223,0.019
66450,92827.53,24.14,-0.2522,-0.9410,-0.1720,0.29,-0.26,-0.03,132.471,-6.222,0.018
66460,92827.95,24.14,-0.2394,-0.9451,-0.2125,0.42,-0.63,-0.33,132.409,-6.222,0.018
66470,92834.58,24.14,-0.2052,-0.9341,-0.1411,0.38,-0.25,-0.09,132.347,-6.222,0.017
66480,92832.70,24.14,-0.1842,-0.9238,-0.1969,0.72,-0.90,-0.10,132.285,-6.222,0.017
66490,92832.20,24.14,-0.2484,-0.9079,-0.1661,0.08,-0.47,-0.43,132.222,-6.222,0.017
66500,92833.58,24.14,-0.2306,-0.9455,-0.1908,0.19,-0.59,-0.42,132.160,-6.222,0.016
66510,92829.51,24.14,-0.2052,-0.9161,-0.1676,0.21,-0.58,0.01,132.098,-6.221,0.016
66520,92837.40,24.14,-0.2316,-0.9247,-0.1998,0.73,0.00,-0.09,132.036,-6.221,0.015
66530,92833.27,24.14,-0.2183,-0.9063,-0.2099,-0.08,-0.60,-0.13,131.973,-6.221,0.015
66540,92835.51,24.14,-0.2304,-0.9544,-0.1949,0.37,-0.30,0.09,131.911,-6.221,0.014
66550,92832.88,24.14,-0.2161,-0.9164,-0.1984,0.43,-0.68,-0.26,131.849,-6.221,0.014
66560,92839.89,24.14,-0.2124,-0.9533,-0.1736,0.15,-0.44,-0.31,131.787,-6.221,0.014
66570,92840.20,24.14,-0.2653,-0.9455,-0.1840,0.38,-0.29,0.40,131.725,-6.221,0.013
66580,92837.68,24.14,-0.2364,-0.9301,-0.1879,0.13,-0.63,-0.53,131.662,-6.220,0.013
66590,92837.21,24.14,-0.2132,-0.9446,-0.2145,-0.90,-0.45,-0.41,131.600,-6.220,0.013
66600,92839.62,24.15,-0.2313,-0.9701,-0.1853,0.33,-0.21,0.04,131.538,-6.220,0.012
66610,92844.00,24.15,-0.2027,-0.9351,-0.1670,-0.01,-0.29,-0.20,131.476,-6.220,0.012
66620,92843.43,24.15,-0.2243,-0.9353,-0.1634,-0.36,-0.29,-0.02,131.414,-6.220,0.012
66630,92839.76,24.15,-0.2454,-0.9353,-0.1950,0.06,-0.15,-0.34,131.351,-6.220,0.011
66640,92847.44,24.15,-0.2419,-0.9220,-0.1835,0.24,-0.40,-0.29,131.289,-6.220,0.011
66650,92842.56,24.15,-0.2393,-0.9139,-0.1742,0.47,-0.45,-0.29,131.227,-6.220,0.011
66660,92841.33,24.15,-0.1861,-0.9490,-0.1569,-0.06,-0.90,-0.45,131.165,-6.219,0.010
66670,92846.47,24.15,-0.2043,-0.9028,-0.1892,0.12,-0.46,0.14,131.103,-6.219,0.010
66680,92847.18,24.15,-0.2343,-0.9051,-0.1935,-0.35,-0.24,-0.45,131.040,-6.219,0.010
66690,92851.25,24.15,-0.1951,-0.9512,-0.1884,-0.31,-0.56,0.09,130.978,-6.219,0.010
66700,92848.96,24.15,-0.2320,-0.9302,-0.1691,0.03,-0.38,-0.51,130.916,-6.219,0.009
66710,92850.04,24.15,-0.2371,-0.9442,-0.1963,-0.04,-0.69,-0.59,130.854,-6.219,0.009
66720,92845.03,24.15,-0.2134,-0.9609,-0.2112,0.10,-0.09,-0.07,130.792,-6.219,0.009
66730,92847.56,24.15,-0.2469,-0.9065,-0.1836,-0.15,-0.39,0.14,130.730,-6.219,0.009
66740,92848.81,24.15,-0.1819,-0.9121,-0.1905,-0.28,-0.83,-0.38,130.667,-6.219,0.009
66750,92847.55,24.15,-0.2174,-0.9291,-0.1849,-0.43,-0.35,-0.75,130.605,-6.219,0.008
66760,92852.43,24.15,-0.2463,-0.9650,-0.2152,0.05,-0.30,-0.65,130.543,-6.219,0.008
66770,92849.71,24.15,-0.2044,-0.9522,-0.1900,-0.08,-0.84,0.19,130.481,-6.218,0.008
66780,92851.63,24.15,-0.2307,-0.9632,-0.1712,0.06,0.22,0.01,130.419,-6.218,0.008
66790,92852.35,24.15,-0.1861,-0.9257,-0.1841,0.14,-0.61,-0.09,130.356,-6.218,0.008
66800,92859.28,24.15,-0.2470,-0.9301,-0.1822,0.07,-0.14,-0.03,130.294,-6.218,0.007
66810,92858.52,24.15,-0.2718,-0.9392,-0.2072,0.13,-0.39,0.30,130.232,-6.218,0.007
66820,92850.93,24.15,-0.2443,-0.9289,-0.1840,-0.14,-0.34,-0.21,130.170,-6.218,0.007
66830,92859.37,24.15,-0.2233,-0.9428,-0.2179,0.29,-0.05,-0.32,130.108,-6.218,0.007
66840,92855.12,24.15,-0.2389,-0.9475,-0.1756,-0.31,-0.62,-0.14,130.046,-6.218,0.007
66850,92856.40,24.16,-0.2399,-0.9343,-0.2024,0.04,-0.01,-0.36,129.983,-6.218,0.007
66860,92858.71,24.16,-0.2480,-0.9095,-0.1464,0.57,-0.07,0.19,129.921,-6.218,0.006
66870,92859.21,24.16,-0.2097,-0.9368,-0.1758,-0.14,-0.25,-0.53,129.859,-6.218,0.006
66880,92861.39,24.16,-0.2192,-0.9719,-0.2013,-0.04,0.03,0.33,129.797,-6.218,0.006
66890,92863.40,24.16,-0.2245,-0.9469,-0.2084,0.02,-0.18,-0.37,129.735,-6.218,0.006
66900,92863.25,24.16,-0.2455,-0.9218,-0.2038,-0.24,-0.23,-0.65,129.672,-6.218,0.006
66910,92860.22,24.16,-0.2065,-0.9376,-0.1862,0.06,-0.18,-0.03,129.610,-6.217,0.006
66920,92858.77,24.16,-0.2182,-0.9348,-0.2120,-0.26,0.10,0.28,129.548,-6.217,0.006
66930,92860.38,24.16,-0.2368,-0.9714,-0.1391,0.17,0.24,-0.05,129.486,-6.217,0.006
66940,92864.93,24.16,-0.2356,-0.9405,-0.1690,0.40,-0.04,-0.15,129.424,-6.217,0.005
66950,92864.08,24.16,-0.2264,-0.9362,-0.1978,-0.28,0.17,-0.25,129.362,-6.217,0.005
66960,92864.26,24.16,-0.2139,-0.9292,-0.1873,-0.14,-0.45,-0.55,129.299,-6.217,0.005
66970,92865.39,24.16,-0.2343,-0.9312,-0.2062,-0.03,0.23,-0.07,129.237,-6.217,0.005
66980,92866.20,24.16,-0.2292,-0.9289,-0.1714,-0.05,-0.53,-0.37,129.175,-6.217,0.005
66990,92864.27,24.16,-0.2210,-0.9260,-0.2073,0.56,-0.08,-0.14,129.113,-6.217,0.005
67000,92865.03,24.16,-0.2134,-0.9700,-0.2082,-0.13,-0.38,-0.19,129.051,-6.217,0.005
67010,92866.57,24.16,-0.2595,-0.9638,-0.1610,-0.01,-0.37,-0.65,128.989,-6.217,0.005
67020,92870.50,24.16,-0.2086,-0.9244,-0.1591,0.25,-1.50,-0.39,128.926,-6.217,0.005
67030,92866.41,24.16,-0.2166,-0.9439,-0.2298,-0.02,-0.25,0.31,128.864,-6.217,0.005
67040,92865.89,24.16,-0.2491,-0.9621,-0.1786,0.49,-0.69,-0.30,128.802,-6.217,0.004
67050,92871.80,24.16,-0.1969,-0.9181,-0.1863,0.16,-0.60,-0.46,128.740,-6.217,0.004
67060,92871.70,24.16,-0.2599,-0.9271,-0.1810,0.17,0.12,-0.46,128.678,-6.217,0.004
67070,92873.64,24.16,-0.1777,-0.9148,-0.1922,0.27,-0.20,-0.22,128.616,-6.217,0.004
67080,92875.39,24.16,-0.2224,-0.9477,-0.1964,-0.04,-0.15,-0.07,128.553,-6.217,0.004
67090,92869.50,24.16,-0.2236,-0.9029,-0.1990,-0.43,-0.14,-0.14,128.491,-6.217,0.004
67100,92876.36,24.17,-0.2195,-0.9014,-0.1779,0.11,-0.49,-0.03,128.429,-6.217,0.004
67110,92876.35,24.17,-0.2151,-0.9385,-0.2097,0.04,-0.55,-0.31,128.367,-6.217,0.004
67120,92874.37,24.17,-0.2377,-0.9293,-0.1938,0.02,0.34,0.00,128.305,-6.217,0.004
67130,92872.17,24.17,-0.2346,-0.9040,-0.1757,0.04,-0.77,0.27,128.243,-6.216,0.004
67140,92879.68,24.17,-0.2248,-0.9390,-0.2032,0.25,-0.05,-0.43,128.180,-6.216,0.004
67150,92876.18,24.17,-0.2375,-0.9022,-0.1855,0.28,0.22,-0.40,128.118,-6.216,0.004
67160,92880.23,24.17,-0.2584,-0.9296,-0.1889,0.04,0.50,-0.32,128.056,-6.216,0.004
67170,92874.46,24.17,-0.2232,-0.9207,-0.1741,0.12,-0.55,-0.50,127.994,-6.216,0.004
67180,92883.39,24.17,-0.2197,-0.9547,-0.1994,0.48,-0.14,-0.52,127.932,-6.216,0.004
67190,92876.55,24.17,-0.2653,-0.8651,-0.1667,0.23,-0.06,0.05,127.870,-6.216,0.003
67200,92879.33,24.17,-0.2536,-0.9400,-0.1845,-0.10,-0.00,0.03,127.807,-6.216,0.003
67210,92882.15,24.17,-0.2315,-0.8983,-0.1714,0.16,0.18,-0.39,127.745,-6.216,0.003
67220,92881.61,24.17,-0.2030,-0.9534,-0.2028,0.44,0.08,-0.55,127.683,-6.216,0.003
67230,92879.71,24.17,-0.2438,-0.9324,-0.2370,0.18,-0.32,-0.34,127.621,-6.216,0.003
67240,92885.48,24.17,-0.1952,-0.9274,-0.1555,-0.30,-0.38,0.15,127.559,-6.216,0.003
67250,92885.24,24.17,-0.1919,-0.9021,-0.1905,-0.25,-0.50,-0.50,127.497,-6.216,0.003
67260,92890.24,24.17,-0.2208,-0.9573,-0.1986,0.04,-0.10,0.07,127.434,-6.216,0.003
67270,92885.58,24.17,-0.2023,-0.9165,-0.2039,-0.62,0.10,0.58,127.372,-6.216,0.003
67280,92889.72,24.17,-0.2128,-0.9394,-0.1597,-0.18,-0.31,-0.35,127.310,-6.216,0.003
67290,92891.72,24.17,-0.2344,-0.9220,-0.1429,-0.38,-0.34,-0.21,127.248,-6.216,0.003
67300,92891.73,24.17,-0.2383,-0.9541,-0.2541,-0.02,0.03,0.48,127.186,-6.216,0.003
67310,92889.60,24.17,-0.2460,-0.9526,-0.1830,0.54,-0.33,0.46,127.124,-6.216,0.003
67320,92890.48,24.17,-0.2276,-0.9163,-0.1952,-0.65,-0.24,0.11,127.061,-6.216,0.003
67330,92891.91,24.17,-0.2034,-0.8868,-0.1715,0.50,-0.31,-0.28,126.999,-6.216,0.003
67340,92888.37,24.17,-0.2283,-0.9585,-0.2156,0.63,-0.28,0.27,126.937,-6.216,0.003
67350,92889.39,24.18,-0.2368,-0.9220,-0.2071,-0.11,-0.36,0.02,126.875,-6.216,0.003
67360,92892.10,24.18,-0.2448,-0.9316,-0.1925,0.35,-0.21,-0.02,126.813,-6.216,0.003
67370,92889.02,24.18,-0.2258,-0.9070,-0.1910,-0.17,-0.42,-0.29,126.751,-6.216,0.003
67380,92895.81,24.18,-0.2247,-0.9109,-0.1626,0.14,0.02,-0.15,126.689,-6.216,0.003
67390,92898.63,24.18,-0.2160,-0.9454,-0.2175,0.24,0.37,0.05,126.626,-6.216,0.003
67400,92895.07,24.18,-0.2392,-0.9293,-0.2196,-0.15,0.13,-0.50,126.564,-6.216,0.003
67410,92900.08,24.18,-0.1981,-0.9361,-0.1874,0.37,-0.38,-0.37,126.502,-6.216,0.003
67420,92894.71,24.18,-0.2282,-0.9475,-0.2052,-0.02,0.12,-0.46,126.440,-6.216,0.003
67430,92893.24,24.18,-0.2654,-0.9375,-0.2197,-0.19,-0.66,-0.14,126.378,-6.216,0.003
67440,92896.65,24.18,-0.2110,-0.8992,-0.1979,-0.15,0.02,-0.35,126.316,-6.215,0.003
67450,92898.65,24.18,-0.2459,-0.9390,-0.1989,-0.18,-0.54,0.07,126.253,-6.215,0.003
67460,92900.99,24.18,-0.2415,-0.9458,-0.1910,0.52,-0.27,0.19,126.191,-6.215,0.003
67470,92897.62,24.18,-0.2047,-0.9241,-0.2053,0.18,-0.55,-0.21,126.129,-6.215,0.003
67480,92903.71,24.18,-0.2398,-0.9372,-0.2139,0.03,0.01,0.46,126.067,-6.215,0.003
67490,92903.80,24.18,-0.2172,-0.9387,-0.1909,-0.56,-0.50,0.09,126.005,-6.215,0.003
67500,92901.03,24.18,-0.2243,-0.9162,-0.1721,-0.08,0.23,0.12,125.943,-6.215,0.002
67510,92902.12,24.18,-0.2001,-0.9404,-0.1922,-0.12,-0.06,0.13,125.881,-6.215,0.002
67520,92902.52,24.18,-0.2355,-0.9295,-0.2122,0.07,-0.37,-0.50,125.818,-6.215,0.002
67530,92903.68,24.18,-0.2250,-0.9260,-0.2130,0.66,0.10,-0.06,125.756,-6.215,0.002
67540,92908.84,24.18,-0.2325,-0.9383,-0.1398,0.21,-0.09,-0.42,125.694,-6.215,0.002
67550,92903.26,24.18,-0.2205,-0.8928,-0.1668,0.17,-0.66,-0.69,125.632,-6.215,0.002
67560,92907.79,24.18,-0.2396,-0.9159,-0.1814,0.22,0.00,0.08,125.570,-6.215,0.002
67570,92907.18,24.18,-0.2429,-0.9414,-0.1985,-0.08,-0.14,-0.05,125.508,-6.215,0.002
67580,92906.90,24.18,-0.1987,-0.9251,-0.1884,-0.36,-0.17,-0.23,125.445,-6.215,0.002
67590,92901.48,24.19,-0.2221,-0.9456,-0.1727,0.03,-0.53,-0.08,125.383,-6.215,0.002
67600,92908.52,24.19,-0.1757,-0.9302,-0.1990,-0.01,-0.31,0.14,125.321,-6.215,0.002
67610,92910.69,24.19,-0.2358,-0.9203,-0.1875,-0.68,-0.55,-0.24,125.259,-6.215,0.002
67620,92914.38,24.19,-0.2314,-0.9441,-0.1855,0.09,-0.36,0.09,125.197,-6.215,0.002
67630,92910.44,24.19,-0.2457,-0.9605,-0.2448,-0.52,-0.15,-0.32,125.135,-6.215,0.002
67640,92911.58,24.19,-0.2144,-0.9380,-0.2249,0.03,-0.06,-0.24,125.073,-6.215,0.002
67650,92913.45,24.19,-0.2537,-0.9414,-0.2054,-0.25,-0.14,0.18,125.010,-6.215,0.002
67660,92917.21,24.19,-0.1653,-0.9199,-0.2234,0.13,-0.13,-0.58,124.948,-6.215,0.002
67670,92911.13,24.19,-0.2183,-0.9350,-0.1821,0.07,-0.19,-0.39,124.886,-6.215,0.002
67680,92918.74,24.19,-0.2186,-0.9302,-0.1969,-0.23,-0.37,0.34,124.824,-6.215,0.002
67690,92916.58,24.19,-0.2030,-0.9382,-0.1579,0.59,-0.36,0.25,124.762,-6.215,0.002
67700,92915.69,24.19,-0.2311,-0.9381,-0.1859,0.43,0.10,-0.30,124.700,-6.215,0.002
67710,92909.30,24.19,-0.2065,-0.9192,-0.2158,-0.18,-0.59,0.11,124.637,-6.215,0.002
67720,92920.56,24.19,-0.2125,-0.9130,-0.1760,0.11,-0.43,-0.51,124.575,-6.215,0.002
67730,92917.19,24.19,-0.2510,-0.9093,-0.1917,-0.13,0.25,-0.43,124.513,-6.215,0.002
67740,92922.53,24.19,-0.2943,-0.9353,-0.1754,-0.17,-0.11,0.17,124.451,-6.215,0.002
67750,92920.40,24.19,-0.2125,-0.9279,-0.1794,-0.08,-0.23,-0.35,124.389,-6.215,0.002
67760,92916.29,24.19,-0.2312,-0.9358,-0.1445,0.19,-0.53,-0.11,124.327,-6.215,0.002
67770,92923.12,24.19,-0.2299,-0.9220,-0.1970,-0.22,-0.76,-0.31,124.265,-6.215,0.002
67780,92926.80,24.19,-0.2226,-0.9403,-0.1888,0.17,-0.70,0.55,124.202,-6.215,0.002
67790,92923.14,24.19,-0.1871,-0.9274,-0.1459,-0.31,0.17,-0.50,124.140,-6.215,0.002
67800,92926.46,24.19,-0.2238,-0.9504,-0.1987,0.40,0.21,-0.12,124.078,-6.215,0.002
67810,92926.31,24.19,-0.2571,-0.9448,-0.1926,0.84,0.00,0.47,124.016,-6.215,0.002
67820,92924.35,24.19,-0.2174,-0.9059,-0.1648,-0.05,-0.48,0.30,123.954,-6.215,0.002
67830,92926.14,24.19,-0.2374,-0.9122,-0.1968,0.00,-0.16,-0.22,123.892,-6.215,0.002
67840,92925.13,24.20,-0.2120,-0.9250,-0.1351,0.23,-0.05,-0.55,123.830,-6.215,0.002
67850,92928.82,24.20,-0.1988,-0.9635,-0.2011,0.04,-0.47,-0.28,123.767,-6.215,0.002
67860,92925.21,24.20,-0.2365,-0.9143,-0.1857,0.25,-0.40,-0.29,123.705,-6.215,0.002
67870,92931.34,24.20,-0.2278,-0.9096,-0.1859,-0.38,-0.25,-0.09,123.643,-6.215,0.002
67880,92927.96,24.20,-0.1879,-0.9046,-0.1730,0.09,0.36,-0.51,123.581,-6.214,0.002
67890,92925.53,24.20,-0.2122,-0.9235,-0.1694,0.34,0.07,-0.22,123.519,-6.214,0.002
67900,92931.25,24.20,-0.2241,-0.9162,-0.2267,0.18,-0.70,-0.35,123.457,-6.214,0.002
67910,92931.43,24.20,-0.2294,-0.9587,-0.1901,0.58,-0.55,-0.43,123.395,-6.214,0.002
67920,92933.38,24.20,-0.2306,-0.9233,-0.2120,-0.51,-0.46,-0.68,123.332,-6.214,0.002
67930,92927.98,24.20,-0.2556,-0.9202,-0.1838,0.55,-0.39,-0.65,123.270,-6.214,0.002
67940,92938.52,24.20,-0.2424,-0.9184,-0.1687,0.04,-0.30,-0.59,123.208,-6.214,0.002
67950,92934.79,24.20,-0.2150,-0.9107,-0.2144,0.33,-0.04,-0.55,123.146,-6.214,0.002
67960,92936.70,24.20,-0.2317,-0.9374,-0.1719,0.34,-0.38,-0.13,123.084,-6.214,0.002
67970,92932.31,24.20,-0.2131,-0.9814,-0.1842,0.09,-0.28,0.41,123.022,-6.214,0.002
67980,92935.58,24.20,-0.2104,-0.9332,-0.1807,0.21,-0.22,-0.62,122.960,-6.214,0.002
67990,92934.70,24.20,-0.2427,-0.9406,-0.1914,0.08,-0.75,-0.03,122.897,-6.214,0.002
68000,92940.85,24.20,-0.1978,-0.9391,-0.2162,0.41,-0.32,-0.59,122.835,-6.214,0.002
68010,92936.41,24.20,-0.2099,-0.9519,-0.1659,0.09,-0.76,-0.37,122.773,-6.214,0.002
68020,92942.92,24.20,-0.2186,-0.8782,-0.1640,-0.06,-0.34,-0.26,122.711,-6.214,0.002
68030,92940.29,24.20,-0.2023,-0.9389,-0.1943,-0.15,0.24,-0.41,122.649,-6.214,0.002
68040,92933.70,24.20,-0.2284,-0.9114,-0.1949,-0.65,-0.20,-0.63,122.587,-6.214,0.002
68050,92941.38,24.20,-0.2313,-0.9468,-0.1725,-0.21,0.17,0.14,122.525,-6.214,0.002
68060,92941.07,24.20,-0.2283,-0.9326,-0.1682,0.31,-0.44,-0.53,122.462,-6.214,0.002
68070,92943.30,24.20,-0.2265,-0.9607,-0.1898,-0.69,0.31,-0.20,122.400,-6.214,0.002
68080,92946.76,24.20,-0.2324,-0.9382,-0.2232,-0.23,-0.52,-0.30,122.338,-6.214,0.002
68090,92946.98,24.21,-0.2208,-0.9234,-0.1330,0.25,0.06,-0.69,122.276,-6.214,0.002
68100,92943.88,24.21,-0.2230,-0.9163,-0.1742,-0.16,0.07,0.18,122.214,-6.214,0.002
68110,92948.06,24.21,-0.2258,-0.9220,-0.1848,-0.20,0.20,-0.16,122.152,-6.214,0.002
68120,92944.10,24.21,-0.2411,-0.9095,-0.1483,0.07,0.21,-1.03,122.090,-6.214,0.002
68130,92944.21,24.21,-0.2356,-0.9378,-0.2251,0.19,-0.18,-0.55,122.027,-6.214,0.002
68140,92948.21,24.21,-0.2380,-0.9465,-0.2058,0.34,-0.10,0.14,121.965,-6.214,0.002
68150,92946.52,24.21,-0.2400,-0.9395,-0.1816,0.19,-0.35,-0.03,121.903,-6.214,0.002
68160,92951.45,24.21,-0.1970,-0.9011,-0.2142,-0.58,-0.06,-0.03,121.841,-6.214,0.002
68170,92949.33,24.21,-0.2177,-0.9127,-0.1725,0.09,-0.00,0.22,121.779,-6.214,0.002
68180,92953.06,24.21,-0.2587,-0.9546,-0.1890,0.26,-0.59,0.38,121.717,-6.214,0.002
68190,92951.71,24.21,-0.2139,-0.9324,-0.1716,0.44,-0.58,-0.06,121.655,-6.214,0.002
68200,92948.26,24.21,-0.2379,-0.9166,-0.1879,0.03,-0.63,-0.55,121.592,-6.214,0.002
68210,92951.62,24.21,-0.2293,-0.9287,-0.1984,0.18,-0.13,-0.60,121.530,-6.214,0.002
68220,92951.94,24.21,-0.2077,-0.9163,-0.1983,-0.73,-0.18,-0.05,121.468,-6.214,0.002
68230,92954.69,24.21,-0.2621,-0.9033,-0.2006,0.41,-0.65,-0.28,121.406,-6.214,0.002
68240,92950.02,24.21,-0.1992,-0.9464,-0.2165,-0.43,-0.45,-0.29,121.344,-6.214,0.002
68250,92956.91,24.21,-0.2305,-0.9056,-0.1828,-0.04,-0.20,-0.05,121.282,-6.214,0.002
68260,92957.66,24.21,-0.2403,-0.9354,-0.1737,0.33,-0.15,-0.19,121.220,-6.214,0.002
68270,92955.91,24.21,-0.2150,-0.9259,-0.1869,-0.27,-0.58,-0.28,121.158,-6.214,0.002
68280,92957.72,24.21,-0.2416,-0.9259,-0.1958,0.10,-0.16,-0.25,121.095,-6.214,0.002
68290,92959.85,24.21,-0.2172,-0.9434,-0.1978,0.21,-0.33,0.08,121.033,-6.214,0.002
68300,92953.33,24.21,-0.2051,-0.9386,-0.2242,0.41,-0.44,0.22,120.971,-6.214,0.002
68310,92955.41,24.21,-0.2586,-0.9800,-0.1855,0.14,-0.85,-0.17,120.909,-6.214,0.002
68320,92959.61,24.21,-0.1846,-0.9427,-0.1982,0.31,0.15,-0.64,120.847,-6.214,0.002
68330,92958.06,24.21,-0.2113,-0.9549,-0.1718,0.11,0.02,-0.50,120.785,-6.214,0.002
68340,92965.83,24.22,-0.1819,-0.9115,-0.1576,0.59,-0.51,0.23,120.723,-6.214,0.002
68350,92959.96,24.22,-0.2164,-0.9460,-0.1820,0.14,-0.63,-0.28,120.660,-6.214,0.002
68360,92964.28,24.22,-0.2217,-0.9370,-0.2005,0.24,-0.11,-0.39,120.598,-6.214,0.002
68370,92961.49,24.22,-0.2279,-0.9283,-0.2129,0.16,-0.62,-0.65,120.536,-6.214,0.002
68380,92960.90,24.22,-0.2322,-0.9342,-0.1881,0.19,-0.03,0.19,120.474,-6.214,0.002
68390,92967.45,24.22,-0.2438,-0.9297,-0.1776,0.15,0.03,0.16,120.412,-6.213,0.002
68400,92965.02,24.22,-0.2181,-0.8930,-0.1929,-0.06,-0.31,0.24,120.350,-6.213,0.002
68410,92965.59,24.22,-0.2441,-0.9417,-0.2159,-0.14,-0.74,-0.06,120.288,-6.213,0.002
68420,92969.12,24.22,-0.1746,-0.9247,-0.1896,0.18,-1.09,-0.17,120.225,-6.213,0.002
68430,92971.76,24.22,-0.2053,-0.9216,-0.1881,-0.01,-0.40,-0.24,120.163,-6.213,0.002
68440,92971.07,24.22,-0.2454,-0.9310,-0.1694,0.11,-0.36,-0.59,120.101,-6.213,0.002
68450,92969.97,24.22,-0.2546,-0.9461,-0.1770,-0.09,-0.35,-0.27,120.039,-6.213,0.002
68460,92972.84,24.22,-0.2195,-0.9232,-0.1849,0.06,-0.26,-0.30,119.977,-6.213,0.002
68470,92971.74,24.22,-0.2149,-0.9209,-0.2116,0.17,-0.09,-0.49,119.915,-6.213,0.002
68480,92971.58,24.22,-0.2350,-0.9215,-0.2182,-0.14,-0.28,-0.19,119.853,-6.213,0.002
68490,92973.11,24.22,-0.2371,-0.9124,-0.1816,-0.16,-0.39,-0.27,119.791,-6.213,0.002
68500,92975.66,24.22,-0.2410,-0.9389,-0.1580,0.31,0.44,-0.19,119.728,-6.213,0.002
68510,92969.62,24.22,-0.2261,-0.9402,-0.2038,0.33,-0.63,-0.45,119.666,-6.213,0.002
68520,92975.25,24.22,-0.2281,-0.9248,-0.2447,-0.15,-0.17,-0.11,119.604,-6.213,0.002
68530,92975.95,24.22,-0.2381,-0.9440,-0.2086,0.14,0.05,-0.18,119.542,-6.213,0.002
68540,92972.39,24.22,-0.2136,-0.9083,-0.1870,0.65,-0.64,-0.08,119.480,-6.213,0.002
68550,92976.93,24.22,-0.2437,-0.9261,-0.1981,0.21,-0.57,-0.03,119.418,-6.213,0.002
68560,92976.40,24.22,-0.2396,-0.9121,-0.1448,-0.23,-0.51,-0.42,119.356,-6.213,0.002
68570,92974.80,24.22,-0.2267,-0.9701,-0.1810,-0.08,-0.19,-0.25,119.293,-6.213,0.002
68580,92976.54,24.22,-0.2184,-0.9328,-0.1724,0.43,-0.16,-0.32,119.231,-6.213,0.002
68590,92979.08,24.23,-0.2264,-0.9472,-0.1912,0.31,-0.08,-0.38,119.169,-6.213,0.002
68600,92976.71,24.23,-0.2436,-0.9028,-0.1837,0.02,-0.34,-0.31,119.107,-6.213,0.002
68610,92983.37,24.23,-0.2505,-0.8994,-0.1998,0.33,-0.22,0.21,119.045,-6.213,0.002
68620,92981.18,24.23,-0.2202,-0.9388,-0.1869,0.58,-0.49,0.14,118.983,-6.213,0.002
68630,92983.56,24.23,-0.1920,-0.9279,-0.1618,0.30,-0.39,-0.01,118.921,-6.213,0.002
68640,92978.66,24.23,-0.1885,-0.9483,-0.2038,0.63,-0.05,0.04,118.859,-6.213,0.002
68650,92984.13,24.23,-0.2219,-0.9437,-0.1897,0.32,-0.25,-0.39,118.796,-6.213,0.002
68660,92982.46,24.23,-0.2309,-0.9397,-0.1911,0.77,-0.76,-0.37,118.734,-6.213,0.002
68670,92979.19,24.23,-0.2165,-0.9398,-0.1755,-0.04,0.30,-0.36,118.672,-6.213,0.002
68680,92983.40,24.23,-0.1836,-0.9449,-0.1797,0.25,-0.10,-0.34,118.610,-6.213,0.002
68690,92988.97,24.23,-0.2026,-0.9398,-0.2009,0.31,-0.53,-0.07,118.548,-6.213,0.002
68700,92984.74,24.23,-0.2530,-0.9164,-0.2056,0.65,-0.62,-0.19,118.486,-6.213,0.002
68710,92987.42,24.23,-0.2452,-0.8992,-0.2120,0.19,-0.71,-0.34,118.424,-6.213,0.002
68720,92989.45,24.23,-0.2626,-0.9322,-0.1489,0.03,0.53,0.05,118.362,-6.213,0.002
68730,92991.16,24.23,-0.2186,-0.9245,-0.2107,-0.28,0.01,0.25,118.299,-6.213,0.002
68740,92988.47,24.23,-0.2381,-0.9464,-0.2048,-0.14,-0.50,-0.13,118.237,-6.213,0.002
68750,92995.33,24.23,-0.2354,-0.9276,-0.2148,0.33,-0.57,-0.57,118.175,-6.213,0.002
68760,92987.96,24.23,-0.2191,-0.9360,-0.1977,0.11,-1.27,0.26,118.113,-6.213,0.002
68770,92989.78,24.23,-0.2051,-0.9470,-0.2001,-0.51,0.12,-0.15,118.051,-6.213,0.002
68780,92993.97,24.23,-0.1913,-0.9292,-0.1585,0.55,-0.14,-0.69,117.989,-6.213,0.002
68790,92993.27,24.23,-0.2198,-0.9441,-0.1874,0.24,0.07,-0.72,117.927,-6.213,0.002
68800,92993.18,24.23,-0.2259,-0.9180,-0.1860,0.30,-0.33,0.00,117.865,-6.213,0.002
68810,92997.41,24.23,-0.2307,-0.9107,-0.2098,-0.16,-0.09,-0.54,117.802,-6.213,0.002
68820,92990.84,24.23,-0.2330,-0.9519,-0.2167,0.12,-0.32,0.13,117.740,-6.213,0.002
68830,92999.24,24.24,-0.2378,-0.9283,-0.1902,0.31,-0.37,-0.37,117.678,-6.213,0.002
68840,92995.54,24.24,-0.2376,-0.9354,-0.1594,0.05,-0.23,-0.45,117.616,-6.213,0.002
68850,92995.01,24.24,-0.2350,-0.9407,-0.1984,0.76,-0.18,-0.29,117.554,-6.213,0.002
68860,92996.88,24.24,-0.1936,-0.9585,-0.1817,-0.10,0.05,-0.11,117.492,-6.213,0.002
68870,92999.29,24.24,-0.2382,-0.9497,-0.1487,-0.34,-0.52,-0.19,117.430,-6.213,0.002
68880,93000.75,24.24,-0.2349,-0.9554,-0.1928,0.35,-0.36,0.09,117.367,-6.213,0.002
68890,92996.18,24.24,-0.2081,-0.9250,-0.1959,0.35,-0.02,-0.30,117.305,-6.213,0.002
68900,92996.65,24.24,-0.2449,-0.9391,-0.1617,0.38,-0.31,-0.62,117.243,-6.213,0.002
68910,93003.22,24.24,-0.2401,-0.9608,-0.1891,0.80,-0.24,0.01,117.181,-6.212,0.002
68920,93000.47,24.24,-0.2233,-0.9302,-0.1685,-0.20,-0.70,-0.19,117.119,-6.212,0.002
68930,93003.33,24.24,-0.2060,-0.8960,-0.2080,0.41,0.10,-0.04,117.057,-6.212,0.002
68940,93003.49,24.24,-0.2010,-0.9328,-0.2101,0.36,-0.27,-0.06,116.995,-6.212,0.002
68950,93002.73,24.24,-0.2192,-0.9615,-0.1687,-0.16,-0.32,0.00,116.933,-6.212,0.002
68960,93003.61,24.24,-0.2318,-0.9793,-0.2053,0.29,-0.04,-0.20,116.870,-6.212,0.002
68970,93001.30,24.24,-0.2120,-0.9014,-0.1932,-0.20,0.16,-0.51,116.808,-6.212,0.002
68980,93007.02,24.24,-0.2337,-0.9405,-0.1752,0.16,-0.67,-0.03,116.746,-6.212,0.002
68990,93006.91,24.24,-0.2247,-0.9292,-0.1647,0.07,-0.35,-0.00,116.684,-6.212,0.002
69000,93011.70,24.24,-0.2380,-0.9507,-0.2256,0.08,-0.18,-0.00,116.622,-6.212,0.002
69010,93010.04,24.24,-0.2183,-0.9209,-0.1891,0.92,-0.37,-0.80,116.560,-6.212,0.002
69020,93008.15,24.24,-0.2296,-0.9412,-0.1926,0.25,0.12,0.01,116.498,-6.212,0.002
69030,93010.15,24.24,-0.2171,-0.9227,-0.1707,-0.16,0.12,-0.23,116.436,-6.212,0.002
69040,93013.16,24.24,-0.2441,-0.9280,-0.1777,0.56,0.20,0.39,116.374,-6.212,0.002
69050,93009.71,24.24,-0.1814,-0.9030,-0.2032,-0.06,-0.71,-0.19,116.311,-6.212,0.002
69060,93009.60,24.24,-0.2414,-0.9228,-0.1741,-0.38,0.03,-0.19,116.249,-6.212,0.002
69070,93013.16,24.24,-0.2590,-0.9338,-0.1908,0.01,-0.26,-0.40,116.187,-6.212,0.002
69080,93010.46,24.25,-0.2184,-0.9578,-0.1997,-0.38,-0.50,-0.60,116.125,-6.212,0.002
69090,93010.64,24.25,-0.2015,-0.9282,-0.2206,0.64,-0.41,0.12,116.063,-6.212,0.002
69100,93013.48,24.25,-0.1945,-0.9253,-0.2071,0.25,-0.01,-0.14,116.001,-6.212,0.002
69110,93015.81,24.25,-0.2330,-0.9205,-0.2028,-0.11,0.01,-0.46,115.939,-6.212,0.002
69120,93016.12,24.25,-0.2184,-0.9490,-0.1832,0.44,-0.52,-0.36,115.877,-6.212,0.002
69130,93016.89,24.25,-0.2328,-0.9444,-0.2045,0.27,-0.21,0.13,115.814,-6.212,0.002
69140,93016.81,24.25,-0.2230,-0.9504,-0.1990,0.37,0.11,0.28,115.752,-6.212,0.002
69150,93018.20,24.25,-0.2517,-0.9532,-0.2266,0.21,-0.07,-0.42,115.690,-6.212,0.002
69160,93022.01,24.25,-0.2194,-0.9400,-0.2226,0.41,-0.01,0.07,115.628,-6.212,0.002
69170,93020.66,24.25,-0.2431,-0.9575,-0.1769,0.10,0.16,0.05,115.566,-6.212,0.002
69180,93020.15,24.25,-0.1735,-0.9591,-0.2108,0.04,-0.20,0.04,115.504,-6.212,0.002
69190,93023.26,24.25,-0.2202,-0.9062,-0.1689,-0.42,-0.05,-0.00,115.442,-6.212,0.002
69200,93021.07,24.25,-0.2045,-0.9582,-0.1892,-0.38,0.28,-0.24,115.380,-6.212,0.002
69210,93011.71,24.25,-0.2031,-0.9268,-0.1642,0.10,-0.11,-0.61,115.317,-6.212,0.002
69220,93025.01,24.25,-0.1899,-0.9294,-0.2089,0.03,-0.32,-0.46,115.255,-6.212,0.002
69230,93020.76,24.25,-0.2310,-0.9367,-0.1558,0.09,-0.40,-0.26,115.193,-6.212,0.002
69240,93024.73,24.25,-0.2604,-0.9276,-0.1836,-0.13,-0.63,-0.09,115.131,-6.212,0.002
69250,93026.72,24.25,-0.2173,-0.9480,-0.1924,0.10,0.13,-0.58,115.069,-6.212,0.002
69260,93022.45,24.25,-0.2368,-0.9265,-0.1845,0.10,-0.08,0.26,115.007,-6.212,0.002
69270,93024.75,24.25,-0.2440,-0.9449,-0.1938,0.22,0.29,-0.90,114.945,-6.212,0.002
69280,93026.20,24.25,-0.2217,-0.9503,-0.1676,-0.21,0.30,-0.31,114.883,-6.212,0.002
69290,93030.82,24.25,-0.2228,-0.9358,-0.2156,-0.10,-0.26,-0.21,114.821,-6.212,0.002
69300,93030.24,24.25,-0.2198,-0.9143,-0.2071,-0.12,0.04,-0.14,114.758,-6.212,0.002
69310,93032.18,24.25,-0.2309,-0.9668,-0.2097,0.29,-0.82,0.01,114.696,-6.212,0.002
69320,93030.45,24.25,-0.1598,-0.9473,-0.1956,-0.59,-0.29,-0.09,114.634,-6.212,0.002
69330,93028.82,24.26,-0.2490,-1.0060,-0.1445,-0.07,0.19,-0.29,114.572,-6.212,0.002
69340,93027.60,24.26,-0.2379,-0.9270,-0.1881,0.17,-0.51,-0.26,114.510,-6.212,0.002
69350,93032.02,24.26,-0.2303,-0.9481,-0.1657,-0.17,-0.64,-0.13,114.448,-6.212,0.002
69360,93034.54,24.26,-0.2197,-0.9054,-0.1786,-0.08,0.01,-0.10,114.386,-6.212,0.002
69370,93035.58,24.26,-0.2336,-0.9592,-0.2198,0.21,0.11,-0.50,114.324,-6.212,0.002
69380,93031.29,24.26,-0.2320,-0.9033,-0.1978,-0.30,-0.53,-0.38,114.261,-6.212,0.002
69390,93034.86,24.26,-0.2419,-0.9393,-0.1641,0.52,-0.29,-0.14,114.199,-6.212,0.002
69400,93037.12,24.26,-0.2463,-0.9692,-0.1562,-0.03,0.04,0.08,114.137,-6.212,0.002
69410,93030.26,24.26,-0.1988,-0.9082,-0.2139,0.07,0.22,-0.25,114.075,-6.212,0.002
69420,93036.33,24.26,-0.2471,-0.9451,-0.2457,0.15,-0.45,-0.17,114.013,-6.212,0.002
69430,93034.26,24.26,-0.2382,-0.9050,-0.1700,0.31,-0.17,-0.57,113.951,-6.212,0.002
69440,93033.60,24.26,-0.2043,-0.9471,-0.2093,-0.04,-0.45,-0.66,113.889,-6.211,0.002
69450,93033.34,24.26,-0.2337,-0.9245,-0.1533,0.25,-0.03,-0.79,113.827,-6.211,0.002
69460,93040.73,24.26,-0.2234,-0.9281,-0.1585,-0.40,-0.38,-0.16,113.765,-6.211,0.002
69470,93046.43,24.26,-0.2439,-0.9166,-0.1944,0.01,0.19,-0.35,113.702,-6.211,0.002
69480,93041.22,24.26,-0.2141,-0.9324,-0.1507,0.59,-0.44,-0.52,113.640,-6.211,0.002
69490,93037.94,24.26,-0.2123,-0.9125,-0.1674,-0.17,-0.04,-0.58,113.578,-6.211,0.002
69500,93036.82,24.26,-0.2195,-0.9173,-0.1962,0.10,0.32,0.14,113.516,-6.211,0.002
69510,93041.06,24.26,-0.2388,-0.9573,-0.1651,-0.04,-0.48,-0.61,113.454,-6.211,0.002
69520,93042.69,24.26,-0.2108,-0.9519,-0.1353,0.47,-0.56,-0.52,113.392,-6.211,0.002
69530,93045.61,24.26,-0.2063,-0.9320,-0.2068,0.45,-0.04,-0.58,113.330,-6.211,0.002
69540,93047.36,24.26,-0.2303,-0.9188,-0.1871,-0.04,-0.14,-0.08,113.268,-6.211,0.002
69550,93042.61,24.26,-0.2188,-0.8995,-0.1852,0.32,-0.89,-0.05,113.206,-6.211,0.002
69560,93046.90,24.26,-0.2505,-0.9282,-0.1920,0.34,-0.16,-0.25,113.143,-6.211,0.002
69570,93050.49,24.26,-0.2521,-0.9287,-0.1633,-0.11,-0.43,0.52,113.081,-6.211,0.002
69580,93048.86,24.27,-0.2373,-0.9195,-0.1934,-0.03,-0.56,0.20,113.019,-6.211,0.002
69590,93040.96,24.27,-0.2320,-0.9241,-0.1713,0.38,0.06,-0.27,112.957,-6.211,0.002
69600,93049.86,24.27,-0.1886,-0.9430,-0.2329,-0.37,0.21,-0.13,112.895,-6.211,0.002
69610,93052.28,24.27,-0.2137,-0.8729,-0.1861,-0.13,-0.91,-0.40,112.833,-6.211,0.002
69620,93053.86,24.27,-0.2175,-0.8935,-0.1951,0.37,-0.44,-0.09,112.771,-6.211,0.002
69630,93051.44,24.27,-0.2189,-0.9273,-0.1607,0.10,-0.64,-0.38,112.709,-6.211,0.002
69640,93052.42,24.27,-0.2431,-0.9577,-0.2093,0.20,-0.45,-0.55,112.646,-6.211,0.002
69650,93054.14,24.27,-0.2327,-0.9413,-0.2153,-0.11,-0.37,0.04,112.584,-6.211,0.002
69660,93053.48,24.27,-0.2159,-0.9430,-0.1864,0.03,-0.37,-0.28,112.522,-6.211,0.002
69670,93052.30,24.27,-0.2304,-0.9160,-0.1972,0.26,-0.26,-0.47,112.460,-6.211,0.002
69680,93050.21,24.27,-0.2294,-0.9415,-0.2033,0.28,-0.16,0.25,112.398,-6.211,0.002
69690,93056.30,24.27,-0.2104,-0.9001,-0.1584,0.25,-0.25,-0.12,112.336,-6.211,0.002
69700,93053.18,24.27,-0.1802,-0.9077,-0.1886,0.06,-0.29,-0.41,112.274,-6.211,0.002
69710,93054.62,24.27,-0.1993,-0.9372,-0.1399,0.23,-0.25,-0.08,112.212,-6.211,0.002
69720,93060.83,24.27,-0.2557,-0.9485,-0.1886,0.13,-0.36,0.04,112.150,-6.211,0.002
69730,93053.32,24.27,-0.2166,-0.8963,-0.2172,0.28,0.38,-0.33,112.087,-6.211,0.002
69740,93057.66,24.27,-0.2140,-0.9093,-0.1873,-0.19,0.13,-0.07,112.025,-6.211,0.002
69750,93055.38,24.27,-0.2011,-0.9089,-0.1923,0.28,-0.59,-0.05,111.963,-6.211,0.002
69760,93059.52,24.27,-0.1750,-0.9268,-0.2170,-0.34,-0.47,-0.02,111.901,-6.211,0.002
69770,93064.38,24.27,-0.1846,-0.9177,-0.1861,0.30,-0.36,-0.18,111.839,-6.211,0.002
69780,93061.82,24.27,-0.1593,-0.9371,-0.1817,-0.19,-0.41,-0.11,111.777,-6.211,0.002
69790,93065.65,24.27,-0.2092,-0.9309,-0.2050,0.25,-0.65,-0.33,111.715,-6.211,0.002
69800,93061.31,24.27,-0.2143,-0.9561,-0.1852,-0.22,0.03,-0.12,111.653,-6.211,0.002
69810,93065.53,24.27,-0.2344,-0.9663,-0.1631,-0.06,-0.61,-0.04,111.591,-6.211,0.002
69820,93061.13,24.28,-0.2321,-0.9100,-0.1808,0.05,-0.65,-0.43,111.529,-6.211,0.002
69830,93065.73,24.28,-0.1960,-0.8850,-0.2131,-0.06,-0.83,-0.02,111.466,-6.211,0.002
69840,93062.48,24.28,-0.2369,-0.9199,-0.1388,-0.11,-0.46,-0.22,111.404,-6.211,0.002
69850,93067.84,24.28,-0.2162,-0.9176,-0.1374,-0.26,-0.42,-0.25,111.342,-6.211,0.002
69860,93065.46,24.28,-0.2307,-0.9495,-0.1800,-0.09,-0.16,-0.33,111.280,-6.211,0.002
69870,93065.57,24.28,-0.2288,-0.9473,-0.2021,-0.22,-0.48,0.26,111.218,-6.211,0.002
69880,93063.91,24.28,-0.2615,-0.9142,-0.1853,0.34,0.07,-0.53,111.156,-6.211,0.002
69890,93065.40,24.28,-0.2349,-0.9193,-0.1789,0.45,0.37,-0.02,111.094,-6.211,0.002
69900,93071.78,24.28,-0.2305,-0.9155,-0.1789,0.30,-0.17,-0.19,111.032,-6.211,0.002
69910,93073.52,24.28,-0.2157,-0.9436,-0.2167,0.23,-0.14,-0.69,110.970,-6.211,0.002
69920,93071.24,24.28,-0.2103,-0.9739,-0.2100,0.02,-0.16,-0.21,110.907,-6.211,0.002
69930,93072.48,24.28,-0.2324,-0.9542,-0.2148,0.11,-0.54,-0.31,110.845,-6.211,0.002
69940,93076.23,24.28,-0.2450,-0.9566,-0.1980,-0.06,-0.33,-0.08,110.783,-6.211,0.002
69950,93073.09,24.28,-0.2100,-0.9266,-0.2248,-0.17,-0.31,0.21,110.721,-6.211,0.002
69960,93078.82,24.28,-0.2126,-0.9627,-0.1895,0.02,-0.51,-0.13,110.659,-6.211,0.002
69970,93071.14,24.28,-0.2317,-0.9015,-0.2195,0.27,-0.57,-0.24,110.597,-6.211,0.002
69980,93076.33,24.28,-0.2252,-0.9226,-0.2047,-0.18,-0.18,-0.04,110.535,-6.210,0.002
69990,93077.72,24.28,-0.2463,-0.9582,-0.1787,0.13,-0.33,-0.23,110.473,-6.210,0.002
70000,93079.47,24.28,-0.2100,-0.9212,-0.1712,-0.25,-0.35,-0.86,110.411,-6.210,0.002
70010,93073.82,24.28,-0.1965,-0.9242,-0.2123,0.18,-0.15,-0.45,110.349,-6.210,0.002
70020,93081.44,24.28,-0.2412,-0.9223,-0.2030,0.27,-0.61,-0.38,110.286,-6.210,0.002
70030,93079.75,24.28,-0.2075,-0.9543,-0.2003,0.34,0.10,0.14,110.224,-6.210,0.002
70040,93081.10,24.28,-0.1880,-0.9487,-0.1934,-0.29,-0.60,-0.18,110.162,-6.210,0.002
70050,93080.09,24.28,-0.2188,-0.9491,-0.2103,0.04,-0.26,-0.12,110.100,-6.210,0.002
70060,93084.09,24.28,-0.2047,-0.9121,-0.2099,-0.24,-0.68,-0.29,110.038,-6.210,0.002
70070,93081.26,24.29,-0.2270,-0.9655,-0.1806,-0.35,-0.14,-0.66,109.976,-6.210,0.002
70080,93075.85,24.29,-0.2231,-0.9570,-0.2166,-0.35,-0.14,-0.18,109.914,-6.210,0.002
70090,93082.73,24.29,-0.2320,-0.9033,-0.2147,0.54,0.06,-0.36,109.852,-6.210,0.002
70100,93080.94,24.29,-0.2652,-0.9182,-0.2255,-0.40,-0.50,-0.53,109.790,-6.210,0.002
70110,93081.09,24.29,-0.2157,-0.9086,-0.1894,-0.39,-0.05,-0.42,109.727,-6.210,0.002
70120,93084.37,24.29,-0.2388,-0.9390,-0.2040,-0.01,-0.31,-0.04,109.665,-6.210,0.002
70130,93086.94,24.29,-0.2124,-0.9619,-0.1617,0.11,-0.35,0.08,109.603,-6.210,0.002
70140,93083.33,24.29,-0.1843,-0.9482,-0.1610,-0.40,-0.50,-0.06,109.541,-6.210,0.002
70150,93087.02,24.29,-0.2110,-0.8907,-0.2112,0.38,-0.07,-0.81,109.479,-6.210,0.002
70160,93087.02,24.29,-0.2221,-0.9149,-0.1808,0.03,0.05,0.04,109.417,-6.210,0.002
70170,93086.50,24.29,-0.1756,-0.9466,-0.1386,-0.01,-0.38,-0.01,109.355,-6.210,0.002
70180,93089.10,24.29,-0.2418,-0.9639,-0.1578,-0.01,-0.13,-0.44,109.293,-6.210,0.002
70190,93088.19,24.29,-0.2040,-0.9113,-0.1567,0.39,-0.07,-0.46,109.231,-6.210,0.002
70200,93093.01,24.29,-0.2635,-0.9247,-0.1906,0.23,-0.53,-0.26,109.169,-6.210,0.002
70210,93091.85,24.29,-0.2565,-0.9401,-0.2098,0.25,-0.04,-0.17,109.106,-6.210,0.002
70220,93091.04,24.29,-0.2580,-0.9354,-0.1942,0.28,-0.40,-0.07,109.044,-6.210,0.002
70230,93093.59,24.29,-0.2264,-0.9312,-0.1845,-0.23,-0.71,0.08,108.982,-6.210,0.002
70240,93090.86,24.29,-0.2114,-0.9237,-0.2087,-0.04,-0.10,-0.75,108.920,-6.210,0.002
70250,93094.99,24.29,-0.2200,-0.9378,-0.1834,-0.15,-0.55,0.32,108.858,-6.210,0.002
70260,93095.80,24.29,-0.2042,-0.8973,-0.1948,0.23,-0.25,-0.15,108.796,-6.210,0.002
70270,93094.87,24.29,-0.2047,-0.9286,-0.1911,0.27,-0.17,-0.73,108.734,-6.210,0.002
70280,93097.79,24.29,-0.2062,-0.9087,-0.2038,-0.33,-0.45,0.19,108.672,-6.210,0.002
70290,93095.62,24.29,-0.2014,-0.9646,-0.1667,0.17,-0.28,0.11,108.610,-6.210,0.002
70300,93091.31,24.29,-0.2331,-0.9893,-0.1624,-0.41,-0.33,-0.20,108.548,-6.210,0.002
70310,93096.19,24.29,-0.1708,-0.9472,-0.1848,0.60,-0.01,-0.24,108.485,-6.210,0.002
70320,93100.46,24.30,-0.1963,-0.9398,-0.2061,0.51,-0.49,-0.54,108.423,-6.210,0.002
70330,93099.58,24.30,-0.2645,-0.9590,-0.1539,0.04,-0.20,-0.19,108.361,-6.210,0.002
70340,93098.85,24.30,-0.2350,-0.9069,-0.1872,0.02,-0.12,-0.28,108.299,-6.210,0.002
70350,93101.82,24.30,-0.2021,-0.9086,-0.1709,-0.03,-0.06,0.11,108.237,-6.210,0.002
70360,93101.14,24.30,-0.2213,-0.9335,-0.2043,-0.14,-0.37,-0.07,108.175,-6.210,0.002
70370,93102.37,24.30,-0.2056,-0.9526,-0.1821,0.22,-0.26,0.30,108.113,-6.210,0.002
70380,93106.60,24.30,-0.2041,-0.9453,-0.1963,-0.01,-0.48,0.08,108.051,-6.210,0.002
70390,93103.88,24.30,-0.2393,-0.9528,-0.1763,-0.15,0.06,-0.31,107.989,-6.210,0.002
70400,93103.03,24.30,-0.2138,-0.9404,-0.2024,0.39,-0.17,-0.18,107.927,-6.210,0.002
70410,93107.81,24.30,-0.2071,-0.9355,-0.2139,0.13,-0.51,-0.51,107.864,-6.210,0.002
70420,93106.84,24.30,-0.2245,-0.9496,-0.1789,-0.11,-0.56,-0.36,107.802,-6.210,0.002
70430,93108.20,24.30,-0.1945,-0.9242,-0.1709,0.37,-0.19,-0.31,107.740,-6.210,0.002
70440,93107.17,24.30,-0.2250,-0.9423,-0.1633,0.11,-0.18,-0.38,107.678,-6.210,0.002
70450,93108.40,24.30,-0.2106,-0.8905,-0.1800,0.59,-0.14,0.04,107.616,-6.210,0.002
70460,93110.34,24.30,-0.2017,-0.9473,-0.1959,0.02,-0.11,-0.92,107.554,-6.210,0.002
70470,93109.69,24.30,-0.2463,-0.9273,-0.1765,0.12,0.00,-0.10,107.492,-6.210,0.002
70480,93113.96,24.30,-0.2368,-0.9496,-0.1938,-0.06,-0.68,-0.12,107.430,-6.210,0.002
70490,93111.72,24.30,-0.2225,-0.9541,-0.1786,-0.39,-0.61,-0.64,107.368,-6.210,0.002
70500,93111.74,24.30,-0.2142,-0.9233,-0.1916,-0.04,-0.04,-0.31,107.306,-6.210,0.002
70510,93111.97,24.30,-0.2152,-0.9381,-0.1895,0.10,-0.38,-0.46,107.244,-6.209,0.002
70520,93111.17,24.30,-0.2087,-0.9566,-0.2023,0.22,0.07,-0.19,107.181,-6.209,0.002
70530,93112.52,24.30,-0.2381,-0.9299,-0.1866,0.08,-0.32,0.10,107.119,-6.209,0.002
70540,93113.76,24.30,-0.2076,-0.8849,-0.1854,0.26,0.11,-0.18,107.057,-6.209,0.002
70550,93114.39,24.30,-0.2251,-0.9654,-0.1795,0.35,-0.58,-0.02,106.995,-6.209,0.002
70560,93114.90,24.30,-0.2406,-0.9370,-0.1926,0.29,-0.21,0.32,106.933,-6.209,0.002
70570,93120.62,24.31,-0.2055,-0.9748,-0.1806,-0.16,-0.89,0.13,106.871,-6.209,0.002
70580,93117.81,24.31,-0.2446,-0.9311,-0.1938,-0.24,-0.43,-0.36,106.809,-6.209,0.002
70590,93117.16,24.31,-0.2232,-0.9599,-0.1655,0.47,0.09,-0.42,106.747,-6.209,0.002
70600,93122.18,24.31,-0.2394,-0.9471,-0.1650,-0.11,-0.56,0.15,106.685,-6.209,0.002
70610,93121.41,24.31,-0.2039,-0.9181,-0.1807,-0.14,-0.77,0.21,106.623,-6.209,0.002
70620,93118.01,24.31,-0.2321,-0.9110,-0.1914,-0.35,-0.64,-0.32,106.560,-6.209,0.002
70630,93117.14,24.31,-0.2408,-0.9249,-0.1979,0.10,-0.07,-0.16,106.498,-6.209,0.002
70640,93118.97,24.31,-0.2218,-0.9136,-0.1935,0.54,-0.03,-0.35,106.436,-6.209,0.002
70650,93124.89,24.31,-0.2462,-0.9545,-0.1772,0.14,-0.76,-0.39,106.374,-6.209,0.002
70660,93121.33,24.31,-0.2045,-0.9544,-0.1945,-0.22,-0.08,0.29,106.312,-6.209,0.002
70670,93124.15,24.31,-0.1943,-0.9105,-0.2065,0.22,-0.40,-0.50,106.250,-6.209,0.002
70680,93125.62,24.31,-0.2354,-0.9289,-0.2097,0.29,0.25,0.13,106.188,-6.209,0.002
70690,93123.18,24.31,-0.2403,-0.9311,-0.2224,-0.07,-0.21,-0.58,106.126,-6.209,0.002
70700,93126.77,24.31,-0.2556,-0.9074,-0.1949,0.55,-0.09,-0.30,106.064,-6.209,0.002
70710,93125.75,24.31,-0.2067,-0.9346,-0.1924,0.08,-0.22,-0.20,106.002,-6.209,0.002
70720,93127.68,24.31,-0.2301,-0.9185,-0.1658,0.13,-0.10,0.10,105.940,-6.209,0.002
70730,93131.34,24.31,-0.2175,-0.9055,-0.1724,-0.09,-0.19,0.19,105.877,-6.209,0.002
70740,93123.21,24.31,-0.2155,-0.9334,-0.2002,0.46,-0.48,-0.35,105.815,-6.209,0.002
70750,93128.31,24.31,-0.2091,-0.9414,-0.2018,-0.49,-0.40,-0.20,105.753,-6.209,0.002
70760,93130.45,24.31,-0.2190,-0.9093,-0.1641,0.19,-0.77,0.02,105.691,-6.209,0.002
70770,93123.61,24.31,-0.2626,-0.9454,-0.2115,-0.01,-0.45,0.01,105.629,-6.209,0.002
70780,93127.38,24.31,-0.2348,-0.9318,-0.2105,0.32,-0.27,-0.01,105.567,-6.209,0.002
70790,93132.92,24.31,-0.2484,-0.9766,-0.1999,0.23,-0.29,-0.47,105.505,-6.209,0.002
70800,93134.85,24.31,-0.2158,-0.9045,-0.1685,0.21,-0.40,-0.22,105.443,-6.209,0.002
70810,93133.58,24.32,-0.2437,-0.9108,-0.1829,0.11,0.09,-0.09,105.381,-6.209,0.002
70820,93138.27,24.32,-0.2516,-0.9462,-0.1827,0.39,-0.63,-0.11,105.319,-6.209,0.002
70830,93132.69,24.32,-0.2412,-0.9357,-0.1775,0.37,-0.19,-0.08,105.257,-6.209,0.002
70840,93129.70,24.32,-0.2291,-0.9259,-0.1943,-0.04,0.07,0.33,105.195,-6.209,0.002
70850,93135.84,24.32,-0.2197,-0.9336,-0.2006,-1.01,-0.26,-0.36,105.132,-6.209,0.002
70860,93133.81,24.32,-0.2057,-0.9456,-0.2145,0.33,-0.74,-0.32,105.070,-6.209,0.002
70870,93135.71,24.32,-0.2249,-0.9040,-0.1963,0.61,-0.18,-0.37,105.008,-6.209,0.002
70880,93137.84,24.32,-0.1911,-0.9318,-0.2005,0.53,-0.79,-0.00,104.946,-6.209,0.002
70890,93135.03,24.32,-0.2194,-0.9300,-0.1875,0.08,0.23,-0.12,104.884,-6.209,0.002
70900,93140.80,24.32,-0.1941,-0.9612,-0.2057,-0.14,-0.54,-0.47,104.822,-6.209,0.002
70910,93144.09,24.32,-0.2156,-0.9297,-0.1329,0.60,-0.22,-0.57,104.760,-6.209,0.002
70920,93141.17,24.32,-0.2188,-0.9085,-0.2043,0.47,-0.72,-0.44,104.698,-6.209,0.002
70930,93141.62,24.32,-0.2130,-0.9101,-0.1925,-0.21,-0.46,-0.44,104.636,-6.209,0.002
70940,93145.34,24.32,-0.2276,-0.9508,-0.2061,-0.03,0.09,-0.17,104.574,-6.209,0.002
70950,93143.26,24.32,-0.2412,-0.9161,-0.1846,0.06,-0.11,-0.28,104.512,-6.209,0.002
70960,93143.78,24.32,-0.2495,-0.9295,-0.2027,0.31,0.00,-0.21,104.449,-6.209,0.002
70970,93144.72,24.32,-0.2504,-0.9618,-0.1930,-0.03,-0.34,0.03,104.387,-6.209,0.002
70980,93150.10,24.32,-0.2188,-0.9235,-0.1698,0.21,-0.52,0.15,104.325,-6.209,0.002
70990,93148.67,24.32,-0.2040,-0.9001,-0.1607,-0.29,-0.41,0.25,104.263,-6.209,0.002
71000,93144.95,24.32,-0.2273,-0.9799,-0.1966,0.10,-0.25,-0.38,104.201,-6.209,0.002
71010,93153.30,24.32,-0.2461,-0.9327,-0.1945,-0.70,-0.51,0.14,104.139,-6.209,0.002
71020,93141.68,24.32,-0.2266,-0.9291,-0.1570,-0.48,-0.27,-0.26,104.077,-6.209,0.002
71030,93142.13,24.32,-0.2453,-0.9323,-0.1780,-0.35,-0.21,-0.33,104.015,-6.209,0.002
71040,93148.41,24.32,-0.1881,-0.9737,-0.1594,0.14,0.75,0.04,103.953,-6.208,0.002
71050,93144.92,24.32,-0.2284,-0.8950,-0.2076,0.26,0.07,-0.06,103.891,-6.208,0.002
71060,93157.10,24.33,-0.1848,-0.9279,-0.1566,-0.44,-0.52,-0.19,103.829,-6.208,0.002
71070,93155.23,24.33,-0.2199,-0.9072,-0.1966,-0.51,-0.07,0.01,103.767,-6.208,0.002
71080,93154.44,24.33,-0.2234,-0.9543,-0.1896,-0.04,-0.25,-0.21,103.704,-6.208,0.002
71090,93152.74,24.33,-0.2382,-0.9377,-0.1592,-0.06,-0.34,0.05,103.642,-6.208,0.002
71100,93152.87,24.33,-0.2185,-0.9325,-0.2097,0.26,-0.36,-0.57,103.580,-6.208,0.002
71110,93154.42,24.33,-0.2278,-0.9355,-0.1759,0.64,-0.46,-0.48,103.518,-6.208,0.002
71120,93158.70,24.33,-0.2366,-0.9465,-0.1727,-0.66,-0.16,0.41,103.456,-6.208,0.002
71130,93157.50,24.33,-0.1982,-0.9240,-0.2322,-0.45,-0.52,-0.33,103.394,-6.208,0.002
71140,93158.51,24.33,-0.2145,-0.9417,-0.1747,0.36,0.13,-0.40,103.332,-6.208,0.002
71150,93160.42,24.33,-0.1983,-0.9226,-0.1804,-0.09,-0.28,-0.67,103.270,-6.208,0.002
71160,93156.02,24.33,-0.2220,-0.9343,-0.1988,0.24,-0.02,-0.26,103.208,-6.208,0.002
71170,93160.88,24.33,-0.2291,-0.9134,-0.1521,0.05,0.27,0.12,103.146,-6.208,0.002
71180,93157.68,24.33,-0.2182,-0.9459,-0.2204,-0.01,-0.63,-0.34,103.084,-6.208,0.002
71190,93155.48,24.33,-0.1849,-0.9234,-0.1961,-0.14,-0.28,-0.34,103.022,-6.208,0.002
71200,93156.85,24.33,-0.2074,-0.9121,-0.1419,-0.09,0.02,-0.50,102.959,-6.208,0.002
71210,93158.31,24.33,-0.2343,-0.9330,-0.1879,-0.12,-1.02,-0.05,102.897,-6.208,0.002
71220,93159.41,24.33,-0.2206,-0.8880,-0.1995,0.23,-0.55,-0.41,102.835,-6.208,0.002
71230,93166.64,24.33,-0.2352,-0.9086,-0.1851,0.05,0.38,-0.35,102.773,-6.208,0.002
71240,93161.01,24.33,-0.2418,-0.9184,-0.2199,-0.10,-0.04,-0.35,102.711,-6.208,0.002
71250,93163.14,24.33,-0.2089,-0.9337,-0.1969,-0.08,-0.29,0.30,102.649,-6.208,0.002
71260,93163.66,24.33,-0.2263,-0.9235,-0.1450,0.24,-0.85,-0.98,102.587,-6.208,0.002
71270,93163.11,24.33,-0.2133,-0.9716,-0.2024,-0.24,-0.00,0.02,102.525,-6.208,0.002
71280,93169.65,24.33,-0.2215,-0.9093,-0.2111,0.18,-0.02,-0.51,102.463,-6.208,0.002
71290,93166.39,24.33,-0.2195,-0.9555,-0.1698,-0.69,-0.07,-0.39,102.401,-6.208,0.002
71300,93164.93,24.33,-0.2194,-0.9863,-0.1763,0.29,-0.90,-0.14,102.339,-6.208,0.002
71310,93167.72,24.34,-0.2186,-0.9060,-0.1615,0.01,0.03,0.02,102.277,-6.208,0.002
71320,93165.04,24.34,-0.2104,-0.9205,-0.1685,0.11,-0.40,0.14,102.214,-6.208,0.002
71330,93170.17,24.34,-0.2504,-0.9138,-0.1867,-0.31,-0.11,-0.85,102.152,-6.208,0.002
71340,93171.93,24.34,-0.2309,-0.9247,-0.2032,-0.07,-0.27,-0.29,102.090,-6.208,0.002
71350,93169.10,24.34,-0.1944,-0.9154,-0.1749,-0.12,-0.09,-0.34,102.028,-6.208,0.002
71360,93172.53,24.34,-0.2145,-0.9131,-0.1991,-0.37,-0.11,0.08,101.966,-6.208,0.002
71370,93172.06,24.34,-0.2075,-0.9103,-0.1480,0.26,-0.38,-0.23,101.904,-6.208,0.002
71380,93174.51,24.34,-0.2299,-0.9312,-0.2052,0.79,-0.90,0.20,101.842,-6.208,0.002
71390,93172.18,24.34,-0.2202,-0.9113,-0.2223,0.20,-0.23,0.43,101.780,-6.208,0.002
71400,93175.40,24.34,-0.2155,-0.9220,-0.2461,0.02,-0.44,0.19,101.718,-6.208,0.002
71410,93174.02,24.34,-0.2330,-0.9426,-0.1500,-0.67,-0.25,-0.48,101.656,-6.208,0.002
71420,93176.33,24.34,-0.2449,-0.9431,-0.1904,0.30,-0.01,-0.35,101.594,-6.208,0.002
71430,93180.91,24.34,-0.2328,-0.9623,-0.2211,-0.11,-0.41,0.02,101.532,-6.208,0.002
71440,93181.94,24.34,-0.1729,-0.9579,-0.1900,-0.12,0.28,-0.14,101.470,-6.208,0.002
71450,93178.58,24.34,-0.2143,-0.9284,-0.1605,0.31,-0.57,-0.69,101.407,-6.208,0.002
71460,93180.02,24.34,-0.2501,-0.9479,-0.2049,0.07,-0.03,-0.12,101.345,-6.208,0.002
71470,93180.07,24.34,-0.2124,-0.9466,-0.1668,0.34,-0.22,-0.02,101.283,-6.208,0.002
71480,93184.00,24.34,-0.2442,-0.9549,-0.1995,0.28,0.13,-0.20,101.221,-6.208,0.002
71490,93179.96,24.34,-0.2352,-0.9260,-0.2009,0.16,-0.02,0.10,101.159,-6.208,0.002
71500,93185.85,24.34,-0.2207,-0.9509,-0.1672,0.72,-0.42,-0.82,101.097,-6.208,0.002
71510,93178.00,24.34,-0.2330,-0.9291,-0.1821,-0.52,-0.11,-0.80,101.035,-6.208,0.002
71520,93187.57,24.34,-0.2378,-0.9226,-0.1844,0.66,-0.51,-0.01,100.973,-6.208,0.002
71530,93184.40,24.34,-0.1903,-0.9488,-0.1703,0.14,-0.04,0.05,100.911,-6.208,0.002
71540,93182.05,24.34,-0.1988,-0.8952,-0.2081,0.16,0.02,-0.19,100.849,-6.208,0.002
71550,93183.09,24.34,-0.1808,-0.9441,-0.1625,-0.08,-0.14,-0.78,100.787,-6.208,0.002
71560,93184.94,24.35,-0.2250,-0.9537,-0.1632,0.28,-0.23,-0.54,100.725,-6.208,0.002
71570,93187.76,24.35,-0.2178,-0.9416,-0.1700,-0.19,-0.14,-0.64,100.663,-6.207,0.002
71580,93186.99,24.35,-0.2554,-0.9493,-0.2111,0.38,-0.69,-0.43,100.600,-6.207,0.002
71590,93186.17,24.35,-0.2099,-0.9428,-0.1794,0.25,-0.06,-0.87,100.538,-6.207,0.002
71600,93188.82,24.35,-0.2298,-0.9482,-0.1915,0.01,-0.54,-0.63,100.476,-6.207,0.002
71610,93189.11,24.35,-0.2461,-0.9718,-0.1785,0.32,-0.45,0.16,100.414,-6.207,0.002
71620,93193.39,24.35,-0.1692,-0.9252,-0.1904,-0.28,-0.05,-0.12,100.352,-6.207,0.002
71630,93193.01,24.35,-0.2222,-0.9360,-0.1738,-0.36,-0.91,-0.12,100.290,-6.207,0.002
71640,93192.02,24.35,-0.2410,-0.8966,-0.1892,0.50,-0.41,-0.34,100.228,-6.207,0.002
71650,93194.69,24.35,-0.2081,-0.9548,-0.1686,0.22,-0.08,0.24,100.166,-6.207,0.002
71660,93189.69,24.35,-0.2600,-0.9274,-0.1845,-0.26,-0.06,-0.53,100.104,-6.207,0.002
71670,93193.47,24.35,-0.2622,-0.9356,-0.1824,0.43,-0.33,-0.26,100.042,-6.207,0.002
71680,93189.40,24.35,-0.2518,-0.9671,-0.1833,0.58,0.19,-0.56,99.980,-6.207,0.002
71690,93194.55,24.35,-0.2392,-0.9302,-0.1996,0.57,-0.67,0.17,99.918,-6.207,0.002
71700,93193.53,24.35,-0.2210,-0.9549,-0.2182,0.47,-0.39,-0.21,99.856,-6.207,0.002
71710,93197.50,24.35,-0.2242,-0.9172,-0.1919,0.25,-0.37,-0.27,99.794,-6.207,0.002
71720,93198.10,24.35,-0.2212,-0.9341,-0.1888,0.38,-0.13,0.07,99.731,-6.207,0.002
71730,93194.94,24.35,-0.2254,-0.9353,-0.1801,-0.14,-0.68,-0.78,99.669,-6.207,0.002
71740,93197.15,24.35,-0.2372,-0.8902,-0.1699,0.36,-0.32,-0.26,99.607,-6.207,0.002
71750,93195.23,24.35,-0.2164,-0.8934,-0.2055,0.11,-0.38,-0.28,99.545,-6.207,0.002
71760,93198.42,24.35,-0.2387,-0.9731,-0.2099,0.02,-0.37,-0.72,99.483,-6.207,0.002
71770,93197.32,24.35,-0.2468,-0.8999,-0.1759,-0.14,-0.13,-0.32,99.421,-6.207,0.002
71780,93200.40,24.35,-0.2170,-0.9290,-0.2086,-0.05,-0.26,-0.23,99.359,-6.207,0.002
71790,93199.91,24.35,-0.1773,-0.8864,-0.1805,0.14,-0.17,-0.34,99.297,-6.207,0.002
71800,93202.87,24.35,-0.2494,-0.9500,-0.2014,0.00,-0.51,-0.09,99.235,-6.207,0.002
71810,93202.67,24.36,-0.2417,-0.9253,-0.1900,0.20,0.39,0.44,99.173,-6.207,0.002
71820,93203.85,24.36,-0.2523,-0.9237,-0.1861,0.21,-0.48,-0.45,99.111,-6.207,0.002
71830,93202.79,24.36,-0.2354,-0.9561,-0.1589,-0.29,-1.03,-0.02,99.049,-6.207,0.002
71840,93206.16,24.36,-0.2211,-0.9241,-0.1786,-0.28,-0.10,-0.47,98.987,-6.207,0.002
71850,93208.70,24.36,-0.2225,-0.9429,-0.1560,0.11,-0.22,-0.16,98.925,-6.207,0.002
71860,93203.16,24.36,-0.2150,-0.9431,-0.1929,0.50,-0.17,-0.52,98.862,-6.207,0.002
71870,93209.28,24.36,-0.2045,-0.9365,-0.1978,0.71,-0.26,-0.60,98.800,-6.207,0.002
71880,93208.16,24.36,-0.2246,-0.9540,-0.1909,-0.14,0.13,-0.31,98.738,-6.207,0.002
71890,93205.43,24.36,-0.2453,-0.9210,-0.2042,0.24,-0.40,-0.21,98.676,-6.207,0.002
71900,93205.40,24.36,-0.2444,-0.9355,-0.2281,0.24,-0.16,-0.42,98.614,-6.207,0.002
71910,93208.40,24.36,-0.2594,-0.9403,-0.1935,0.36,-0.44,-0.33,98.552,-6.207,0.002
71920,93203.42,24.36,-0.2261,-0.9097,-0.2029,-0.32,0.28,0.34,98.490,-6.207,0.002
71930,93215.17,24.36,-0.2440,-0.9387,-0.1929,0.39,-0.20,-0.05,98.428,-6.207,0.002
71940,93206.88,24.36,-0.2322,-0.9478,-0.1878,0.62,-0.12,0.04,98.366,-6.207,0.002
71950,93213.10,24.36,-0.2365,-0.9387,-0.2120,0.56,-0.45,-0.04,98.304,-6.207,0.002
71960,93214.30,24.36,-0.2059,-0.9303,-0.1901,-0.24,0.04,-0.17,98.242,-6.207,0.002
71970,93213.14,24.36,-0.2351,-0.9405,-0.2080,-0.06,0.22,-0.23,98.180,-6.207,0.002
71980,93215.31,24.36,-0.2243,-0.9198,-0.1455,0.28,-0.01,-0.21,98.118,-6.207,0.002
71990,93213.91,24.36,-0.2089,-0.9337,-0.2105,-0.22,0.49,0.26,98.056,-6.207,0.002
72000,93223.68,24.36,-0.2052,-0.8905,-0.1818,0.12,-0.08,-0.05,97.993,-6.207,0.002
72010,93215.57,24.36,-0.2106,-0.9260,-0.2286,-0.09,-0.60,-0.01,97.931,-6.207,0.002
72020,93221.35,24.36,-0.2043,-0.9480,-0.1971,-0.38,-0.03,-0.61,97.869,-6.207,0.002
72030,93221.20,24.36,-0.2325,-0.9483,-0.2080,0.48,-0.92,0.11,97.807,-6.207,0.002
72040,93217.43,24.36,-0.2395,-0.9448,-0.1732,0.26,-0.85,-0.23,97.745,-6.207,0.002
72050,93221.54,24.37,-0.2372,-0.9170,-0.1881,0.70,-0.00,-0.45,97.683,-6.207,0.002
72060,93214.94,24.37,-0.2221,-0.9395,-0.2296,0.19,-0.38,-0.78,97.621,-6.207,0.002
72070,93217.22,24.37,-0.2117,-0.9159,-0.1814,-0.18,-0.35,-0.72,97.559,-6.207,0.002
72080,93218.68,24.37,-0.2593,-0.9584,-0.2369,0.67,-0.18,-0.22,97.497,-6.207,0.002
72090,93220.60,24.37,-0.2259,-0.9341,-0.2071,-0.12,-0.22,-0.80,97.435,-6.207,0.002
72100,93220.52,24.37,-0.2134,-0.9247,-0.2103,-0.22,-0.52,-0.38,97.373,-6.206,0.002
72110,93223.25,24.37,-0.2231,-0.9421,-0.1524,0.49,-0.68,0.00,97.311,-6.206,0.002
72120,93220.26,24.37,-0.2490,-0.9314,-0.1533,0.10,-0.20,-0.35,97.249,-6.206,0.002
72130,93225.55,24.37,-0.2158,-0.9106,-0.1492,-0.06,0.16,-0.50,97.187,-6.206,0.002
72140,93230.04,24.37,-0.1970,-0.9476,-0.2023,-0.10,-0.65,-0.08,97.125,-6.206,0.002
72150,93228.20,24.37,-0.2446,-0.9343,-0.2020,0.17,-0.07,0.01,97.063,-6.206,0.002
72160,93223.70,24.37,-0.2287,-0.9366,-0.1496,-0.34,-0.81,-0.32,97.000,-6.206,0.002
72170,93225.29,24.37,-0.2078,-0.9490,-0.1683,0.01,-0.44,-0.38,96.938,-6.206,0.002
72180,93227.70,24.37,-0.2433,-0.9040,-0.1687,0.11,0.26,-1.03,96.876,-6.206,0.002
72190,93230.36,24.37,-0.2372,-0.9455,-0.1750,0.03,-0.56,0.40,96.814,-6.206,0.002
72200,93235.88,24.37,-0.1786,-0.9499,-0.1832,0.20,-0.44,0.16,96.752,-6.206,0.002
72210,93232.86,24.37,-0.2488,-0.9533,-0.1871,-0.12,-0.43,0.26,96.690,-6.206,0.002
72220,93230.31,24.37,-0.2142,-0.9433,-0.1795,0.10,-0.50,-0.35,96.628,-6.206,0.002
72230,93232.13,24.37,-0.2444,-0.9682,-0.1887,0.19,-0.12,-0.32,96.566,-6.206,0.002
72240,93229.80,24.37,-0.2063,-0.9634,-0.1527,0.25,0.13,-0.27,96.504,-6.206,0.002
72250,93232.55,24.37,-0.2307,-0.9239,-0.1806,-0.09,-0.39,-0.59,96.442,-6.206,0.002
72260,93235.57,24.37,-0.2336,-0.9436,-0.1880,0.45,0.21,-0.51,96.380,-6.206,0.002
72270,93237.31,24.37,-0.2586,-0.9223,-0.2362,-0.08,0.49,-0.45,96.318,-6.206,0.002
72280,93239.74,24.37,-0.2430,-0.9242,-0.2039,0.42,-0.08,-0.20,96.256,-6.206,0.002
72290,93236.47,24.37,-0.2149,-0.9270,-0.2003,0.30,-0.43,-0.23,96.194,-6.206,0.002
72300,93233.92,24.38,-0.1966,-0.9150,-0.2115,-0.00,-0.34,-0.42,96.132,-6.206,0.002
72310,93236.73,24.38,-0.2290,-0.9606,-0.1662,0.48,-0.61,0.01,96.070,-6.206,0.002
72320,93238.14,24.38,-0.2288,-0.9209,-0.1899,0.64,-0.32,-0.17,96.007,-6.206,0.002
72330,93237.87,24.38,-0.2233,-0.9404,-0.2183,-0.35,-0.50,-0.34,95.945,-6.206,0.002
72340,93240.01,24.38,-0.2110,-0.9102,-0.1916,-0.51,-0.65,0.10,95.883,-6.206,0.002
72350,93242.71,24.38,-0.2373,-0.9625,-0.2002,-0.13,-0.49,0.03,95.821,-6.206,0.002
72360,93240.72,24.38,-0.2361,-0.9404,-0.1779,0.26,-0.43,0.41,95.759,-6.206,0.002
72370,93244.55,24.38,-0.2211,-0.9433,-0.1690,0.53,-0.06,0.03,95.697,-6.206,0.002
72380,93245.50,24.38,-0.2028,-0.9406,-0.2185,0.23,-0.34,-0.10,95.635,-6.206,0.002
72390,93243.57,24.38,-0.1988,-0.9292,-0.1896,0.02,-0.24,-0.54,95.573,-6.206,0.002
72400,93247.28,24.38,-0.2235,-0.9309,-0.1958,-0.03,-0.75,0.38,95.511,-6.206,0.002
72410,93245.61,24.38,-0.2113,-0.8796,-0.1726,0.46,-0.35,-0.20,95.449,-6.206,0.002
72420,93249.10,24.38,-0.2156,-0.9301,-0.1957,-0.38,-0.18,0.08,95.387,-6.206,0.002
72430,93244.44,24.38,-0.1971,-0.9716,-0.2037,0.18,-0.18,-0.23,95.325,-6.206,0.002
72440,93246.58,24.38,-0.2410,-0.9409,-0.1976,-0.71,-0.60,-0.04,95.263,-6.206,0.002
72450,93249.15,24.38,-0.2229,-0.9121,-0.2186,-0.10,-0.38,-0.58,95.201,-6.206,0.002
72460,93245.70,24.38,-0.2361,-0.9579,-0.1864,-0.15,0.13,-0.25,95.139,-6.206,0.002
72470,93248.25,24.38,-0.2131,-0.9119,-0.1846,-0.16,-0.39,-0.17,95.077,-6.206,0.002
72480,93250.66,24.38,-0.2029,-0.9455,-0.1958,0.01,-0.78,-0.56,95.014,-6.206,0.002
72490,93252.44,24.38,-0.2201,-0.9290,-0.2028,0.29,-0.35,-0.58,94.952,-6.206,0.002
72500,93254.48,24.38,-0.2558,-0.8877,-0.1998,0.02,-0.62,-0.04,94.890,-6.206,0.002
72510,93250.53,24.38,-0.1721,-0.9669,-0.1929,0.14,-0.02,-0.00,94.828,-6.206,0.002
72520,93254.14,24.38,-0.2010,-0.9816,-0.2060,0.05,-0.23,0.39,94.766,-6.206,0.002
72530,93252.00,24.38,-0.2414,-0.9144,-0.1795,0.01,-0.44,0.18,94.704,-6.206,0.002
72540,93257.10,24.38,-0.2253,-0.9546,-0.1967,0.31,-0.36,-0.16,94.642,-6.206,0.002
72550,93256.03,24.39,-0.2588,-0.9342,-0.1492,0.20,-0.16,-0.43,94.580,-6.206,0.002
72560,93260.33,24.39,-0.2441,-0.9766,-0.1959,-0.24,-0.76,-0.22,94.518,-6.206,0.002
72570,93253.67,24.39,-0.2063,-0.9259,-0.2412,0.11,-0.17,0.29,94.456,-6.206,0.002
72580,93253.11,24.39,-0.2100,-0.9363,-0.1582,-0.03,-0.41,-0.28,94.394,-6.206,0.002
72590,93258.84,24.39,-0.2261,-0.9774,-0.1975,-0.10,-0.37,0.48,94.332,-6.206,0.002
72600,93264.46,24.39,-0.2202,-0.9301,-0.2006,-0.13,0.27,-0.43,94.270,-6.206,0.002
72610,93259.81,24.39,-0.2591,-0.9438,-0.1945,0.10,0.37,-0.77,94.208,-6.206,0.002
72620,93257.05,24.39,-0.2242,-0.9091,-0.1821,0.03,-0.42,-0.63,94.146,-6.206,0.002
72630,93257.70,24.39,-0.2440,-0.9027,-0.1747,-0.00,-0.56,-0.07,94.084,-6.206,0.002
72640,93257.01,24.39,-0.2206,-0.9463,-0.1778,-0.52,-0.24,0.46,94.022,-6.205,0.002
72650,93259.12,24.39,-0.2279,-0.9143,-0.2005,0.46,-0.30,-0.40,93.960,-6.205,0.002
72660,93259.15,24.39,-0.2261,-0.9398,-0.2199,0.45,-0.30,0.14,93.897,-6.205,0.002
72670,93265.39,24.39,-0.2421,-0.9434,-0.2233,0.08,0.03,-0.27,93.835,-6.205,0.002
72680,93261.60,24.39,-0.2038,-0.9099,-0.2156,0.08,-0.31,-0.10,93.773,-6.205,0.002
72690,93260.33,24.39,-0.2086,-0.9301,-0.1764,-0.30,-0.36,-0.08,93.711,-6.205,0.002
72700,93267.22,24.39,-0.2132,-0.9347,-0.1896,0.29,-0.50,-0.08,93.649,-6.205,0.002
72710,93264.47,24.39,-0.2254,-0.9244,-0.1652,0.34,-0.55,-0.63,93.587,-6.205,0.002
72720,93264.83,24.39,-0.2581,-0.9275,-0.2483,-0.28,-0.41,-0.43,93.525,-6.205,0.002
72730,93267.80,24.39,-0.2024,-0.8937,-0.1839,0.39,-0.65,-0.40,93.463,-6.205,0.002
72740,93266.19,24.39,-0.1832,-0.9220,-0.2006,-0.02,-0.12,-0.55,93.401,-6.205,0.002
72750,93271.60,24.39,-0.2379,-0.9251,-0.2002,0.22,-0.66,-0.25,93.339,-6.205,0.002
72760,93270.01,24.39,-0.2159,-0.9538,-0.1789,0.04,-0.06,-0.12,93.277,-6.205,0.002
72770,93267.33,24.39,-0.1870,-0.9363,-0.1448,-0.05,-0.47,-0.54,93.215,-6.205,0.002
72780,93265.77,24.39,-0.2333,-0.9779,-0.1868,-0.04,-0.44,0.13,93.153,-6.205,0.002
72790,93266.90,24.39,-0.2552,-0.9304,-0.2233,0.13,-0.34,-0.39,93.091,-6.205,0.002
72800,93268.63,24.40,-0.2307,-0.9087,-0.1865,-0.01,-0.31,-0.29,93.029,-6.205,0.002
72810,93272.72,24.40,-0.2314,-0.9464,-0.2100,0.36,-0.50,-0.31,92.967,-6.205,0.002
72820,93271.53,24.40,-0.2188,-0.9299,-0.2111,0.18,-0.58,-0.50,92.905,-6.205,0.002
72830,93272.85,24.40,-0.2131,-0.9263,-0.2062,-0.34,-0.16,-0.34,92.843,-6.205,0.002
72840,93274.39,24.40,-0.2375,-0.9178,-0.2087,-0.15,-0.26,0.05,92.781,-6.205,0.002
72850,93271.48,24.40,-0.2133,-0.9080,-0.1564,0.33,-0.38,-0.46,92.718,-6.205,0.002
72860,93279.35,24.40,-0.2275,-0.9293,-0.1468,0.03,-0.42,0.00,92.656,-6.205,0.002
72870,93278.92,24.40,-0.2294,-0.9198,-0.1603,-0.14,-0.37,-0.34,92.594,-6.205,0.002
72880,93278.09,24.40,-0.2356,-0.9543,-0.1673,-0.03,-0.75,-0.16,92.532,-6.205,0.002
72890,93278.36,24.40,-0.2116,-0.8877,-0.1889,-0.02,-0.49,-0.67,92.470,-6.205,0.002
72900,93279.79,24.40,-0.2158,-0.9200,-0.2192,0.03,0.20,-0.29,92.408,-6.205,0.002
72910,93283.95,24.40,-0.1979,-0.9599,-0.1950,0.18,-0.19,-0.05,92.346,-6.205,0.002
72920,93277.75,24.40,-0.2280,-0.9437,-0.1573,-0.04,-0.02,-0.31,92.284,-6.205,0.002
72930,93281.73,24.40,-0.1828,-0.9318,-0.2030,-0.46,-0.21,-0.17,92.222,-6.205,0.002
72940,93280.16,24.40,-0.2114,-0.9356,-0.1605,-0.11,0.47,-0.64,92.160,-6.205,0.002
72950,93277.95,24.40,-0.2210,-0.9045,-0.1672,0.37,0.26,-0.16,92.098,-6.205,0.002
72960,93278.03,24.40,-0.2239,-0.9310,-0.1767,-0.50,0.10,-0.06,92.036,-6.205,0.002
72970,93285.26,24.40,-0.2307,-0.8939,-0.2151,0.33,-0.43,0.18,91.974,-6.205,0.002
72980,93283.14,24.40,-0.2075,-0.9306,-0.2085,0.53,-0.13,-0.01,91.912,-6.205,0.002
72990,93282.72,24.40,-0.2177,-0.9425,-0.2102,-0.31,-0.77,0.08,91.850,-6.205,0.002
73000,93287.16,24.40,-0.2122,-0.9502,-0.1735,0.24,-0.42,0.01,91.788,-6.205,0.002
73010,93289.61,24.40,-0.2416,-0.9291,-0.1744,-0.14,-0.62,-0.01,91.726,-6.205,0.002
73020,93284.60,24.40,-0.1880,-0.9175,-0.1832,0.21,-1.02,0.19,91.664,-6.205,0.002
73030,93284.96,24.40,-0.1991,-0.9087,-0.2010,0.28,0.17,-0.20,91.602,-6.205,0.002
73040,93284.30,24.40,-0.2270,-0.9573,-0.2133,-0.03,-0.15,-0.94,91.540,-6.205,0.002
73050,93290.29,24.41,-0.2668,-0.9513,-0.1635,0.21,-0.60,-0.11,91.478,-6.205,0.002
73060,93286.13,24.41,-0.2317,-0.9558,-0.1771,-0.36,-0.05,-0.46,91.415,-6.205,0.002
73070,93292.55,24.41,-0.2354,-0.9480,-0.2034,-0.07,-0.50,-0.52,91.353,-6.205,0.002
73080,93291.39,24.41,-0.2652,-0.9663,-0.1983,0.15,-0.46,-0.12,91.291,-6.205,0.002
73090,93292.48,24.41,-0.2140,-0.9435,-0.1584,-0.04,-0.91,-0.02,91.229,-6.205,0.002
73100,93294.56,24.41,-0.2532,-0.9534,-0.1940,0.16,0.12,-0.08,91.167,-6.205,0.002
73110,93293.35,24.41,-0.1988,-0.9189,-0.1685,0.23,0.11,-0.46,91.105,-6.205,0.002
73120,93293.92,24.41,-0.2310,-0.9152,-0.2337,0.21,-0.35,-0.32,91.043,-6.205,0.002
73130,93294.39,24.41,-0.2249,-0.9252,-0.1815,0.28,0.24,-0.06,90.981,-6.205,0.002
73140,93296.19,24.41,-0.2111,-0.9075,-0.1906,0.17,-0.46,-0.64,90.919,-6.205,0.002
73150,93293.65,24.41,-0.1975,-0.9675,-0.1653,-0.09,-0.04,-0.65,90.857,-6.205,0.002
73160,93294.61,24.41,-0.2073,-0.9477,-0.1658,0.13,0.42,-0.33,90.795,-6.205,0.002
73170,93294.82,24.41,-0.2021,-0.9693,-0.1577,0.16,-0.49,0.03,90.733,-6.204,0.002
73180,93297.04,24.41,-0.2284,-0.9649,-0.2262,0.42,-0.26,-0.11,90.671,-6.204,0.002
73190,93301.09,24.41,-0.2513,-0.9197,-0.1923,0.21,-0.12,-0.02,90.609,-6.204,0.002
73200,93302.33,24.41,-0.1936,-0.9352,-0.1902,0.14,0.03,-0.08,90.547,-6.204,0.002
73210,93298.53,24.41,-0.2320,-0.9302,-0.1907,-0.50,0.02,-0.45,90.485,-6.204,0.002
73220,93300.74,24.41,-0.2369,-0.9625,-0.2046,0.65,-0.11,-0.13,90.423,-6.204,0.002
73230,93306.40,24.41,-0.2602,-0.9710,-0.1998,0.52,-0.64,-0.04,90.361,-6.204,0.002
73240,93302.71,24.41,-0.2507,-0.9270,-0.2251,-0.51,-0.66,-0.20,90.299,-6.204,0.002
73250,93304.67,24.41,-0.2478,-0.9108,-0.1803,0.06,-0.30,-0.95,90.237,-6.204,0.002
73260,93307.09,24.41,-0.2326,-0.9173,-0.1809,-0.14,-0.51,-0.74,90.175,-6.204,0.002
73270,93305.49,24.41,-0.2248,-0.9115,-0.2403,-0.17,-0.04,-0.98,90.113,-6.204,0.002
73280,93303.97,24.41,-0.2473,-0.9412,-0.1696,-0.02,-0.15,-0.71,90.050,-6.204,0.002
73290,93303.23,24.42,-0.2331,-0.9446,-0.2094,0.06,-0.55,-0.62,89.988,-6.204,0.002
73300,93308.98,24.42,-0.2305,-0.9425,-0.2171,0.38,-0.48,-0.11,89.926,-6.204,0.002
73310,93306.92,24.42,-0.2410,-0.9155,-0.2162,0.29,-0.12,0.52,89.864,-6.204,0.002
73320,93311.01,24.42,-0.2326,-0.9598,-0.1937,-0.32,0.08,-0.28,89.802,-6.204,0.002
73330,93310.77,24.42,-0.2389,-0.9219,-0.1668,0.03,-0.15,0.10,89.740,-6.204,0.002
73340,93310.37,24.42,-0.2216,-0.9387,-0.1734,-0.00,-0.06,-0.32,89.678,-6.204,0.002
73350,93309.83,24.42,-0.2025,-0.9140,-0.1965,0.12,-0.07,0.40,89.616,-6.204,0.002
73360,93311.16,24.42,-0.2023,-0.9236,-0.1845,0.48,0.06,-0.28,89.554,-6.204,0.002
73370,93310.56,24.42,-0.2091,-0.9128,-0.1515,0.14,0.00,-0.22,89.492,-6.204,0.002
73380,93309.74,24.42,-0.2449,-0.9620,-0.2049,-0.23,-0.27,0.28,89.430,-6.204,0.002
73390,93313.66,24.42,-0.2259,-0.9377,-0.1940,0.31,-0.83,0.35,89.368,-6.204,0.002
73400,93311.78,24.42,-0.2394,-0.9596,-0.1983,0.44,-0.31,0.08,89.306,-6.204,0.002
73410,93314.96,24.42,-0.2247,-0.9219,-0.1699,0.55,-0.10,-0.35,89.244,-6.204,0.002
73420,93317.47,24.42,-0.1915,-0.9224,-0.1865,0.28,-0.37,-0.15,89.182,-6.204,0.002
73430,93315.65,24.42,-0.2130,-0.9163,-0.2064,0.32,-0.50,-0.77,89.120,-6.204,0.002
73440,93314.87,24.42,-0.2307,-0.9075,-0.2494,0.68,-0.62,-0.01,89.058,-6.204,0.002
73450,93316.77,24.42,-0.2508,-0.9320,-0.1827,-0.41,-0.21,0.07,88.996,-6.204,0.002
73460,93317.50,24.42,-0.2118,-0.9480,-0.1740,-0.06,-0.19,0.12,88.934,-6.204,0.002
73470,93316.13,24.42,-0.1997,-0.9202,-0.2034,0.13,-0.44,-0.64,88.872,-6.204,0.002
73480,93319.13,24.42,-0.2295,-0.9079,-0.1476,0.16,-0.02,0.37,88.810,-6.204,0.002
73490,93322.43,24.42,-0.2328,-0.9197,-0.1792,0.32,0.04,0.13,88.748,-6.204,0.002
73500,93321.09,24.42,-0.2233,-0.9187,-0.1702,0.23,-0.34,0.07,88.686,-6.204,0.002
73510,93317.95,24.42,-0.2138,-0.9523,-0.1896,-0.10,-0.67,-0.46,88.624,-6.204,0.002
73520,93323.68,24.42,-0.2083,-0.9671,-0.2095,0.02,-0.17,0.32,88.561,-6.204,0.002
73530,93322.01,24.42,-0.2681,-0.9098,-0.1743,0.60,-0.40,-0.37,88.499,-6.204,0.002
73540,93321.69,24.43,-0.2544,-0.9435,-0.1947,0.69,-0.16,-0.83,88.437,-6.204,0.002
73550,93326.01,24.43,-0.2247,-0.9250,-0.2011,-0.25,-0.08,-0.22,88.375,-6.204,0.002
73560,93329.70,24.43,-0.2040,-0.9144,-0.1713,0.47,-0.29,0.01,88.313,-6.204,0.002
73570,93323.58,24.43,-0.2375,-0.9275,-0.1942,-0.26,-0.49,0.25,88.251,-6.204,0.002
73580,93325.88,24.43,-0.2194,-0.9310,-0.2067,-0.45,-0.28,0.09,88.189,-6.204,0.002
73590,93327.20,24.43,-0.2367,-0.9563,-0.2025,-0.46,-0.31,-0.11,88.127,-6.204,0.002
73600,93328.40,24.43,-0.2449,-0.9104,-0.2194,0.13,-0.14,-0.02,88.065,-6.204,0.002
73610,93324.85,24.43,-0.2224,-0.9127,-0.1860,-0.28,-0.21,0.36,88.003,-6.204,0.002
73620,93332.49,24.43,-0.2535,-0.9090,-0.1682,0.47,-0.54,-0.10,87.941,-6.204,0.002
73630,93330.60,24.43,-0.2252,-0.9350,-0.1522,0.32,-0.09,0.04,87.879,-6.204,0.002
73640,93327.38,24.43,-0.2412,-0.9146,-0.2021,0.32,-0.26,-0.23,87.817,-6.204,0.002
73650,93334.39,24.43,-0.2615,-0.9464,-0.2018,0.68,0.15,-0.16,87.755,-6.204,0.002
73660,93334.58,24.43,-0.2139,-0.9353,-0.1869,-0.16,-0.07,-0.09,87.693,-6.204,0.002
73670,93330.41,24.43,-0.1950,-0.9144,-0.1603,-0.37,-0.40,-0.35,87.631,-6.204,0.002
73680,93335.46,24.43,-0.2587,-0.9426,-0.2059,0.06,-0.24,-0.43,87.569,-6.204,0.002
73690,93336.78,24.43,-0.2539,-0.9462,-0.1510,-0.04,-0.71,-0.52,87.507,-6.204,0.002
73700,93331.92,24.43,-0.1945,-0.9276,-0.1475,0.27,-0.19,-0.57,87.445,-6.203,0.002
73710,93337.85,24.43,-0.2239,-0.9199,-0.1688,-0.09,-0.04,-0.19,87.383,-6.203,0.002
73720,93334.13,24.43,-0.2498,-0.9337,-0.1590,0.47,-0.88,-0.14,87.321,-6.203,0.002
73730,93339.02,24.43,-0.2318,-0.9528,-0.1978,-0.70,-0.78,-0.14,87.259,-6.203,0.002
73740,93337.31,24.43,-0.2430,-0.9154,-0.1989,0.02,-0.35,-0.37,87.197,-6.203,0.002
73750,93337.09,24.43,-0.2398,-0.9191,-0.1501,0.01,0.15,-0.02,87.135,-6.203,0.002
73760,93342.29,24.43,-0.2364,-0.9485,-0.2063,0.10,-0.15,-0.44,87.073,-6.203,0.002
73770,93343.94,24.43,-0.2009,-0.9205,-0.1779,0.25,-0.16,-0.32,87.011,-6.203,0.002
73780,93338.08,24.43,-0.2436,-0.9140,-0.1843,-0.31,0.09,-0.40,86.949,-6.203,0.002
73790,93343.60,24.44,-0.2147,-0.9499,-0.2057,0.35,-0.39,-0.30,86.887,-6.203,0.002
73800,93342.34,24.44,-0.2147,-0.9247,-0.1776,0.12,-0.61,-0.80,86.824,-6.203,0.002
73810,93342.40,24.44,-0.2017,-0.9310,-0.1661,0.56,-0.89,-0.86,86.762,-6.203,0.002
73820,93344.61,24.44,-0.2315,-0.9454,-0.1800,-0.11,0.24,0.01,86.700,-6.203,0.002
73830,93344.14,24.44,-0.2530,-0.9136,-0.2134,0.41,0.10,0.21,86.638,-6.203,0.002
73840,93340.67,24.44,-0.2052,-0.9199,-0.1675,-0.18,0.43,0.17,86.576,-6.203,0.002
73850,93345.49,24.44,-0.2404,-0.9609,-0.1994,-0.08,0.14,-0.68,86.514,-6.203,0.002
73860,93349.66,24.44,-0.2258,-0.9289,-0.1867,-0.08,-0.04,-0.20,86.452,-6.203,0.002
73870,93343.46,24.44,-0.2238,-0.9215,-0.1795,-0.15,-0.18,-0.43,86.390,-6.203,0.002
73880,93346.96,24.44,-0.1995,-0.9360,-0.1978,0.20,-0.40,0.54,86.328,-6.203,0.002
73890,93346.64,24.44,-0.2206,-0.9526,-0.2068,0.24,-0.66,-0.40,86.266,-6.203,0.002
73900,93349.44,24.44,-0.2294,-0.9629,-0.1742,-0.45,-0.49,-0.30,86.204,-6.203,0.002
73910,93349.40,24.44,-0.2833,-0.9262,-0.2026,0.44,0.18,-0.33,86.142,-6.203,0.002
73920,93347.60,24.44,-0.2206,-0.8919,-0.1863,-0.41,-0.35,-0.02,86.080,-6.203,0.002
73930,93351.31,24.44,-0.2172,-0.9360,-0.2081,-0.05,-0.09,-0.24,86.018,-6.203,0.002
73940,93352.02,24.44,-0.1885,-0.8946,-0.1895,-0.39,-0.26,-0.28,85.956,-6.203,0.002
73950,93352.59,24.44,-0.2464,-0.9189,-0.2036,0.65,-0.16,0.26,85.894,-6.203,0.002
73960,93353.44,24.44,-0.2257,-0.9178,-0.1867,-0.13,-0.26,-0.13,85.832,-6.203,0.002
73970,93353.02,24.44,-0.2106,-0.9487,-0.1770,-0.49,-0.83,-0.23,85.770,-6.203,0.002
73980,93350.81,24.44,-0.2189,-0.9247,-0.1804,0.10,-0.13,-0.22,85.708,-6.203,0.002
73990,93355.32,24.44,-0.2310,-0.9054,-0.1820,-0.06,0.12,0.16,85.646,-6.203,0.002
74000,93351.73,24.44,-0.2346,-0.9300,-0.1836,0.09,-0.63,-0.22,85.584,-6.203,0.002
74010,93355.95,24.44,-0.2204,-0.8911,-0.1866,-0.13,-0.44,0.49,85.522,-6.203,0.002
74020,93360.64,24.44,-0.2337,-0.9305,-0.1882,-0.02,-0.40,0.33,85.460,-6.203,0.002
74030,93360.12,24.44,-0.2123,-0.9121,-0.2374,0.27,-0.66,-0.09,85.398,-6.203,0.002
74040,93357.13,24.45,-0.2412,-0.9467,-0.1633,0.33,-0.38,-0.41,85.336,-6.203,0.002
74050,93358.77,24.45,-0.1965,-0.9496,-0.1885,0.38,-0.13,-0.43,85.274,-6.203,0.002
74060,93362.67,24.45,-0.2095,-0.9659,-0.1885,0.21,0.06,0.12,85.212,-6.203,0.002
74070,93363.20,24.45,-0.2581,-0.9207,-0.1899,0.25,-0.28,-0.25,85.150,-6.203,0.002
74080,93361.56,24.45,-0.2156,-0.9200,-0.1705,-0.38,-0.14,0.32,85.088,-6.203,0.002
74090,93362.29,24.45,-0.2574,-0.9433,-0.1932,0.29,0.29,-0.20,85.026,-6.203,0.002
74100,93363.74,24.45,-0.2301,-0.9438,-0.2080,0.01,0.32,-0.05,84.964,-6.203,0.002
74110,93363.19,24.45,-0.2309,-0.9038,-0.1700,0.92,-0.53,-0.68,84.902,-6.203,0.002
74120,93361.45,24.45,-0.2084,-0.9410,-0.2009,0.12,-0.10,-0.95,84.840,-6.203,0.002
74130,93366.78,24.45,-0.2013,-0.9321,-0.1619,0.08,-0.48,-0.62,84.778,-6.203,0.002
74140,93358.58,24.45,-0.2261,-0.9124,-0.1814,0.76,-0.03,-0.40,84.715,-6.203,0.002
74150,93367.48,24.45,-0.2521,-0.8998,-0.2149,0.18,-0.08,-0.64,84.653,-6.203,0.002
74160,93366.11,24.45,-0.2130,-0.9453,-0.1684,0.81,-0.37,-0.11,84.591,-6.203,0.002
74170,93365.20,24.45,-0.2553,-0.9356,-0.2038,-0.19,0.31,-0.81,84.529,-6.203,0.002
74180,93370.73,24.45,-0.2256,-0.9431,-0.1955,-0.02,-0.03,-0.57,84.467,-6.203,0.002
74190,93371.01,24.45,-0.2185,-0.9161,-0.1992,0.46,-0.69,-0.24,84.405,-6.203,0.002
74200,93367.66,24.45,-0.2230,-0.9522,-0.1978,-0.05,-0.42,-0.71,84.343,-6.203,0.002
74210,93368.68,24.45,-0.2053,-0.9560,-0.2171,-0.53,0.01,-0.44,84.281,-6.203,0.002
74220,93370.02,24.45,-0.2233,-0.9639,-0.1990,-0.01,-0.08,0.20,84.219,-6.203,0.002
74230,93371.46,24.45,-0.1944,-0.9288,-0.1982,-0.01,0.24,0.03,84.157,-6.202,0.002
74240,93371.70,24.45,-0.2189,-0.8965,-0.1669,0.22,-0.18,-0.23,84.095,-6.202,0.002
74250,93372.30,24.45,-0.2180,-0.9271,-0.1710,0.30,-0.51,-0.90,84.033,-6.202,0.002
74260,93373.70,24.45,-0.2434,-0.9303,-0.1980,0.48,-0.47,-0.02,83.971,-6.202,0.002
74270,93374.32,24.45,-0.2465,-0.9171,-0.2042,0.31,-0.31,-0.15,83.909,-6.202,0.002
74280,93372.59,24.45,-0.2088,-0.9439,-0.1810,-0.09,-0.19,-0.58,83.847,-6.202,0.002
74290,93374.08,24.46,-0.2401,-0.9101,-0.1938,0.59,0.26,-0.39,83.785,-6.202,0.002
74300,93380.93,24.46,-0.2443,-0.9034,-0.1970,-0.11,-0.60,-0.36,83.723,-6.202,0.002
74310,93374.74,24.46,-0.2005,-0.9323,-0.2288,-0.26,0.18,-0.39,83.661,-6.202,0.002
74320,93380.03,24.46,-0.1996,-0.9602,-0.1908,-0.29,0.19,-0.18,83.599,-6.202,0.002
74330,93380.33,24.46,-0.2264,-0.9631,-0.2263,-0.04,-0.39,-0.19,83.537,-6.202,0.002
74340,93375.80,24.46,-0.2386,-0.9561,-0.1601,0.60,-0.54,-0.09,83.475,-6.202,0.002
74350,93375.86,24.46,-0.2242,-0.9222,-0.1939,0.79,-0.55,-0.71,83.413,-6.202,0.002
74360,93377.76,24.46,-0.2149,-0.9430,-0.1668,-0.06,-0.14,-0.68,83.351,-6.202,0.002
74370,93381.09,24.46,-0.2319,-0.9346,-0.2039,-0.31,-0.06,-0.48,83.289,-6.202,0.002
74380,93381.64,24.46,-0.2131,-0.9105,-0.2049,0.08,-0.49,-0.13,83.227,-6.202,0.002
74390,93385.70,24.46,-0.2048,-0.9262,-0.2100,0.28,0.09,-0.74,83.165,-6.202,0.002
74400,93382.58,24.46,-0.2321,-0.9500,-0.1622,0.16,-0.18,-0.03,83.103,-6.202,0.002
74410,93385.23,24.46,-0.2211,-0.9247,-0.1975,0.07,-0.27,-0.11,83.041,-6.202,0.002
74420,93383.13,24.46,-0.2126,-0.9109,-0.1696,-0.14,-0.21,0.03,82.979,-6.202,0.002
74430,93384.43,24.46,-0.2458,-0.9091,-0.1994,-0.26,-0.51,-0.10,82.917,-6.202,0.002
74440,93389.10,24.46,-0.2253,-0.9021,-0.1735,-0.39,-0.14,-0.44,82.855,-6.202,0.002
74450,93383.48,24.46,-0.2087,-0.9333,-0.1982,0.11,-0.25,-0.45,82.793,-6.202,0.002
74460,93388.00,24.46,-0.2558,-0.9302,-0.1713,0.33,-0.31,-0.66,82.731,-6.202,0.002
74470,93389.04,24.46,-0.2347,-0.9327,-0.1794,0.64,-0.21,-0.44,82.669,-6.202,0.002
74480,93389.38,24.46,-0.2313,-0.9529,-0.1952,0.39,-0.41,0.01,82.607,-6.202,0.002
74490,93390.54,24.46,-0.2221,-0.9065,-0.1901,0.03,-0.15,-0.19,82.545,-6.202,0.002
74500,93389.86,24.46,-0.2369,-0.9297,-0.1838,0.35,-0.13,-0.44,82.483,-6.202,0.002
74510,93389.52,24.46,-0.2411,-0.9794,-0.2136,0.56,0.02,0.05,82.421,-6.202,0.002
74520,93390.53,24.46,-0.1995,-0.9689,-0.1925,0.25,-0.12,-0.78,82.359,-6.202,0.002
74530,93392.73,24.47,-0.2259,-0.9103,-0.1737,-0.42,-0.03,0.50,82.297,-6.202,0.002
74540,93387.41,24.47,-0.2175,-0.9436,-0.1967,0.40,-0.92,-0.66,82.235,-6.202,0.002
74550,93393.91,24.47,-0.2403,-0.8885,-0.2111,0.14,-0.46,-0.24,82.173,-6.202,0.002
74560,93393.72,24.47,-0.2018,-0.9736,-0.2061,0.10,-0.30,-0.05,82.111,-6.202,0.002
74570,93395.13,24.47,-0.1896,-0.9474,-0.2009,0.40,-0.87,-0.39,82.049,-6.202,0.002
74580,93399.59,24.47,-0.2563,-0.9557,-0.2141,0.12,-0.24,0.10,81.986,-6.202,0.002
74590,93396.53,24.47,-0.1989,-0.9330,-0.1782,-0.25,-0.41,-0.27,81.924,-6.202,0.002
74600,93396.92,24.47,-0.2074,-0.9363,-0.1651,0.51,-0.29,-0.48,81.862,-6.202,0.002
74610,93400.32,24.47,-0.2321,-0.9277,-0.2024,-0.01,-0.61,0.49,81.800,-6.202,0.002
74620,93399.35,24.47,-0.2452,-0.9524,-0.1828,0.03,-0.24,-0.45,81.738,-6.202,0.002
74630,93398.18,24.47,-0.2491,-0.9229,-0.1870,-0.26,0.24,-0.09,81.676,-6.202,0.002
74640,93401.31,24.47,-0.2308,-0.9281,-0.1977,0.12,-0.07,0.13,81.614,-6.202,0.002
74650,93397.78,24.47,-0.2170,-0.9391,-0.1635,-0.40,-0.37,-0.13,81.552,-6.202,0.002
74660,93402.02,24.47,-0.2217,-0.9492,-0.1752,0.61,-1.10,-0.07,81.490,-6.202,0.002
74670,93403.43,24.47,-0.2182,-0.9096,-0.1628,0.28,-0.54,-0.34,81.428,-6.202,0.002
74680,93399.10,24.47,-0.2062,-0.9292,-0.1560,0.38,-0.17,-0.52,81.366,-6.202,0.002
74690,93407.38,24.47,-0.2316,-0.9368,-0.1628,-0.17,0.04,0.05,81.304,-6.202,0.002
74700,93401.94,24.47,-0.2028,-0.9439,-0.2367,-0.03,0.04,0.19,81.242,-6.202,0.002
74710,93409.43,24.47,-0.2161,-0.9285,-0.1698,0.23,-0.43,0.15,81.180,-6.202,0.002
74720,93402.39,24.47,-0.1834,-0.9558,-0.1927,0.71,-0.62,0.24,81.118,-6.202,0.002
74730,93407.11,24.47,-0.2273,-0.9580,-0.1750,-0.05,-0.28,-0.19,81.056,-6.202,0.002
74740,93402.47,24.47,-0.2407,-0.9500,-0.1813,0.19,-0.21,-0.42,80.994,-6.202,0.002
74750,93406.96,24.47,-0.2395,-0.9721,-0.1533,0.32,-0.35,0.43,80.932,-6.202,0.002
74760,93409.41,24.47,-0.1997,-0.9276,-0.1493,-0.33,-0.82,-0.54,80.870,-6.202,0.002
74770,93405.21,24.47,-0.2299,-0.9203,-0.1937,-0.30,-0.11,-0.26,80.808,-6.201,0.002
74780,93412.06,24.48,-0.2422,-0.9381,-0.1694,0.25,0.46,-0.34,80.746,-6.201,0.002
74790,93411.54,24.48,-0.1974,-0.9431,-0.2397,0.08,0.05,-0.01,80.684,-6.201,0.002
74800,93414.39,24.48,-0.2522,-0.9391,-0.1411,-0.03,-0.26,-0.24,80.622,-6.201,0.002
74810,93406.10,24.48,-0.2339,-0.9514,-0.1774,0.14,-0.42,-0.24,80.560,-6.201,0.002
74820,93415.20,24.48,-0.2531,-0.9339,-0.1730,0.10,-0.54,-0.42,80.498,-6.201,0.002
74830,93411.57,24.48,-0.2429,-0.9312,-0.1613,0.54,-0.00,0.04,80.436,-6.201,0.002
74840,93412.11,24.48,-0.1930,-0.9495,-0.1911,0.09,-0.04,-0.18,80.374,-6.201,0.002
74850,93413.67,24.48,-0.2195,-0.9193,-0.1950,0.94,-0.54,-0.25,80.312,-6.201,0.002
74860,93410.84,24.48,-0.2192,-0.9223,-0.1424,-0.40,0.27,0.25,80.250,-6.201,0.002
74870,93419.24,24.48,-0.1852,-0.9370,-0.2225,-0.16,-0.72,0.06,80.188,-6.201,0.002
74880,93415.45,24.48,-0.2064,-0.9224,-0.1906,0.29,-0.12,-0.11,80.126,-6.201,0.002
74890,93410.49,24.48,-0.2367,-0.9713,-0.2104,0.21,-0.28,-0.46,80.064,-6.201,0.002
74900,93418.59,24.48,-0.2466,-0.9034,-0.2045,0.24,-0.52,-0.25,80.002,-6.201,0.002
74910,93417.79,24.48,-0.2022,-0.9211,-0.1719,0.28,-0.55,-0.66,79.940,-6.201,0.002
74920,93423.00,24.48,-0.2033,-0.9433,-0.1884,0.02,0.16,-0.33,79.878,-6.201,0.002
74930,93424.76,24.48,-0.1996,-0.9390,-0.2140,-0.40,-0.15,-0.32,79.816,-6.201,0.002
74940,93416.96,24.48,-0.2269,-0.9085,-0.1725,0.53,-0.52,-0.29,79.754,-6.201,0.002
74950,93422.47,24.48,-0.2208,-0.9702,-0.1795,-0.19,-0.04,0.25,79.692,-6.201,0.002
74960,93420.31,24.48,-0.2072,-0.9154,-0.2192,-0.25,-0.52,-0.23,79.630,-6.201,0.002
74970,93425.76,24.48,-0.2597,-0.8973,-0.1562,0.25,-0.60,-0.55,79.568,-6.201,0.002
74980,93422.53,24.48,-0.2313,-0.9466,-0.1892,-0.36,-0.04,-0.74,79.506,-6.201,0.002
74990,93425.57,24.48,-0.2062,-0.9141,-0.1618,-0.02,0.04,-0.26,79.444,-6.201,0.002
75000,93427.22,24.48,-0.2424,-0.9369,-0.1966,-0.01,-0.51,-0.17,79.382,-6.201,0.002
75010,93425.34,24.48,-0.1852,-0.9118,-0.1921,-0.20,-0.29,-0.26,79.320,-6.201,0.002
75020,93429.88,24.48,-0.2106,-0.9257,-0.1751,-0.16,-0.36,0.45,79.258,-6.201,0.002
75030,93426.60,24.49,-0.2397,-0.9596,-0.1836,0.47,-0.30,-0.63,79.196,-6.201,0.002
75040,93427.22,24.49,-0.2342,-0.9539,-0.1560,0.31,0.15,-0.16,79.134,-6.201,0.002
75050,93429.08,24.49,-0.2078,-0.8952,-0.1994,-0.06,-0.37,-0.00,79.072,-6.201,0.002
75060,93432.57,24.49,-0.2370,-0.9130,-0.1985,-0.10,-0.53,-0.31,79.010,-6.201,0.002
75070,93427.66,24.49,-0.2261,-0.9537,-0.1809,0.03,-0.58,0.46,78.948,-6.201,0.002
75080,93427.80,24.49,-0.2482,-0.9592,-0.1866,0.01,0.02,-0.07,78.886,-6.201,0.002
75090,93432.50,24.49,-0.2333,-0.9249,-0.1652,0.65,-0.55,-0.05,78.824,-6.201,0.002
75100,93431.67,24.49,-0.2012,-0.9585,-0.1728,0.00,-0.03,0.14,78.762,-6.201,0.002
75110,93431.06,24.49,-0.2053,-0.9228,-0.2043,-0.12,0.10,-0.08,78.700,-6.201,0.002
75120,93432.31,24.49,-0.2187,-0.9248,-0.1855,0.32,0.51,-0.39,78.638,-6.201,0.002
75130,93430.78,24.49,-0.2462,-0.9214,-0.1775,-0.01,0.25,0.08,78.576,-6.201,0.002
75140,93431.49,24.49,-0.2246,-0.9592,-0.1940,-0.11,-0.52,-0.33,78.514,-6.201,0.002
75150,93435.33,24.49,-0.2006,-0.9581,-0.1805,0.02,-0.06,-0.56,78.452,-6.201,0.002
75160,93436.86,24.49,-0.2296,-0.9631,-0.2018,0.57,0.16,-0.60,78.390,-6.201,0.002
75170,93434.89,24.49,-0.2838,-0.9580,-0.1867,0.18,-0.56,-0.26,78.328,-6.201,0.002
75180,93435.16,24.49,-0.2200,-0.9302,-0.2095,-0.11,0.20,-0.62,78.266,-6.201,0.002
75190,93436.68,24.49,-0.2242,-0.9564,-0.1912,0.33,-0.46,0.11,78.204,-6.201,0.002
75200,93441.07,24.49,-0.2562,-0.9007,-0.2027,0.32,-0.48,-0.14,78.142,-6.201,0.002
75210,93442.39,24.49,-0.2423,-0.9392,-0.2186,-0.00,-0.48,-0.18,78.080,-6.201,0.002
75220,93439.99,24.49,-0.2599,-0.9227,-0.2009,0.52,-0.25,-0.16,78.018,-6.201,0.002
75230,93439.83,24.49,-0.2035,-0.9131,-0.2047,-0.30,-0.55,0.24,77.956,-6.201,0.002
75240,93439.17,24.49,-0.2139,-0.9188,-0.1774,-0.50,-0.46,0.07,77.894,-6.201,0.002
75250,93440.96,24.49,-0.2078,-0.9237,-0.2138,0.11,0.01,0.12,77.832,-6.201,0.002
75260,93441.54,24.49,-0.2442,-0.9562,-0.1766,0.37,-0.08,0.07,77.770,-6.201,0.002
75270,93445.93,24.49,-0.2123,-0.9461,-0.1845,0.56,-0.13,-0.74,77.708,-6.201,0.002
75280,93446.98,24.50,-0.2398,-0.9297,-0.1869,0.54,-0.54,-0.17,77.646,-6.201,0.002
75290,93452.21,24.50,-0.2785,-0.9297,-0.1659,0.07,0.43,0.32,77.584,-6.201,0.002
75300,93446.98,24.50,-0.1933,-0.9107,-0.2051,0.31,-0.09,-0.61,77.522,-6.200,0.002
75310,93448.79,24.50,-0.2341,-0.9572,-0.2278,0.63,-0.17,-0.37,77.460,-6.200,0.002
75320,93451.08,24.50,-0.2426,-0.9046,-0.1903,0.06,-0.20,0.19,77.398,-6.200,0.002
75330,93444.42,24.50,-0.1916,-0.9594,-0.2075,-0.17,-0.25,-0.23,77.336,-6.200,0.002
75340,93446.86,24.50,-0.1958,-0.9425,-0.1620,0.16,-0.14,0.03,77.274,-6.200,0.002
75350,93450.19,24.50,-0.2098,-0.9375,-0.1838,0.09,-0.42,0.11,77.212,-6.200,0.002
75360,93452.77,24.50,-0.2077,-0.9430,-0.1934,-0.21,-0.45,-0.12,77.150,-6.200,0.002
75370,93452.60,24.50,-0.2407,-0.9158,-0.1859,1.05,0.14,-0.43,77.088,-6.200,0.002
75380,93455.53,24.50,-0.2233,-0.9345,-0.1787,0.28,-0.33,-0.69,77.026,-6.200,0.002
75390,93451.33,24.50,-0.1974,-0.9242,-0.2171,0.13,-0.09,0.02,76.964,-6.200,0.002
75400,93450.21,24.50,-0.2374,-0.9297,-0.2123,0.23,-0.07,-0.31,76.902,-6.200,0.002
75410,93455.19,24.50,-0.1849,-0.9042,-0.2227,0.01,0.12,-0.21,76.840,-6.200,0.002
75420,93452.07,24.50,-0.2474,-0.9219,-0.1899,0.17,-0.27,-0.43,76.778,-6.200,0.002
75430,93455.36,24.50,-0.2344,-0.9253,-0.2019,0.33,-0.27,-0.17,76.716,-6.200,0.002
75440,93456.30,24.50,-0.2017,-0.9173,-0.1475,0.42,-0.32,-0.49,76.654,-6.200,0.002
75450,93457.84,24.50,-0.1976,-0.9631,-0.2222,0.53,-0.33,0.10,76.592,-6.200,0.002
75460,93458.58,24.50,-0.2248,-0.9707,-0.1792,0.03,0.06,-0.33,76.530,-6.200,0.002
75470,93456.57,24.50,-0.2029,-0.9247,-0.2256,0.24,-0.66,-0.52,76.468,-6.200,0.002
75480,93455.42,24.50,-0.2459,-0.9595,-0.1595,-0.35,-0.30,0.01,76.406,-6.200,0.002
75490,93458.94,24.50,-0.2222,-0.9156,-0.1958,-0.12,-0.11,-0.36,76.344,-6.200,0.002
75500,93457.66,24.50,-0.2412,-0.9425,-0.2375,-0.03,-0.52,-0.25,76.282,-6.200,0.002
75510,93461.24,24.50,-0.2434,-0.9388,-0.1768,0.11,-0.19,-0.01,76.220,-6.200,0.002
75520,93461.53,24.50,-0.2464,-0.9414,-0.2148,0.22,0.38,-0.61,76.158,-6.200,0.002
75530,93463.28,24.51,-0.2065,-0.9289,-0.1474,0.41,0.14,-0.28,76.096,-6.200,0.002
75540,93464.12,24.51,-0.2208,-0.9417,-0.2081,-0.37,-0.54,-0.44,76.034,-6.200,0.002
75550,93461.26,24.51,-0.2342,-0.9210,-0.2086,0.04,0.40,-0.25,75.972,-6.200,0.002
75560,93463.24,24.51,-0.1968,-0.9196,-0.1713,0.28,-0.46,0.02,75.910,-6.200,0.002
75570,93466.76,24.51,-0.2117,-0.9503,-0.1974,-0.12,-0.27,-0.45,75.848,-6.200,0.002
75580,93470.98,24.51,-0.2097,-0.9639,-0.1909,0.70,-0.45,-0.66,75.786,-6.200,0.002
75590,93464.09,24.51,-0.2303,-0.9069,-0.1754,0.16,-0.27,-0.11,75.724,-6.200,0.002
75600,93468.31,24.51,-0.2245,-0.9112,-0.1907,0.24,-0.53,-0.45,75.662,-6.200,0.002
75610,93468.48,24.51,-0.2195,-0.9125,-0.1948,0.34,-0.38,-0.37,75.600,-6.200,0.002
75620,93468.47,24.51,-0.2170,-0.9579,-0.2288,0.19,-0.30,-0.37,75.538,-6.200,0.002
75630,93471.64,24.51,-0.2080,-0.9079,-0.1651,0.16,-0.03,-0.12,75.476,-6.200,0.002
75640,93470.89,24.51,-0.2391,-0.9642,-0.1565,0.05,-0.12,-0.59,75.414,-6.200,0.002
75650,93471.05,24.51,-0.2450,-0.9201,-0.1804,-0.70,-0.65,-0.64,75.352,-6.200,0.002
75660,93470.87,24.51,-0.2357,-0.9023,-0.1664,0.23,-0.59,-0.46,75.290,-6.200,0.002
75670,93476.64,24.51,-0.2380,-0.9106,-0.1924,0.34,-1.07,-0.34,75.228,-6.200,0.002
75680,93473.03,24.51,-0.1997,-0.9452,-0.1626,-0.41,-0.92,0.13,75.166,-6.200,0.002
75690,93474.65,24.51,-0.2153,-0.9347,-0.1672,0.32,-0.45,0.14,75.104,-6.200,0.002
75700,93475.04,24.51,-0.2154,-0.9287,-0.2225,0.26,-0.49,-0.11,75.042,-6.200,0.002
75710,93472.94,24.51,-0.2231,-0.9284,-0.1877,0.43,-0.47,-0.06,74.980,-6.200,0.002
75720,93473.77,24.51,-0.2293,-0.9005,-0.1886,-0.06,0.23,-0.49,74.918,-6.200,0.002
75730,93477.07,24.51,-0.2282,-0.9145,-0.1941,-0.37,-0.30,-0.25,74.856,-6.200,0.002
75740,93472.91,24.51,-0.2250,-0.9438,-0.1870,0.19,-0.22,0.13,74.794,-6.200,0.002
75750,93477.35,24.51,-0.2249,-0.9364,-0.2007,0.27,-0.44,-0.49,74.732,-6.200,0.002
75760,93477.46,24.51,-0.2020,-0.9337,-0.2178,0.66,-0.19,0.30,74.670,-6.200,0.002
75770,93476.15,24.52,-0.2229,-0.9230,-0.2172,0.25,-0.35,-0.32,74.608,-6.200,0.002
75780,93479.82,24.52,-0.2103,-0.9483,-0.2027,0.12,-0.30,-0.48,74.546,-6.200,0.002
75790,93482.08,24.52,-0.2448,-0.9510,-0.1878,0.13,-0.23,-0.06,74.484,-6.200,0.002
75800,93478.55,24.52,-0.2497,-0.9465,-0.1830,0.14,-0.78,-0.07,74.422,-6.200,0.002
75810,93478.75,24.52,-0.2548,-0.9324,-0.1808,0.02,-0.15,-0.19,74.360,-6.200,0.002
75820,93483.93,24.52,-0.1974,-0.9471,-0.2196,0.85,-0.43,-0.42,74.298,-6.200,0.002
75830,93479.33,24.52,-0.2266,-0.9490,-0.1598,0.27,0.10,-0.59,74.236,-6.199,0.002
75840,93484.13,24.52,-0.2141,-0.9300,-0.2171,0.08,-0.10,-0.08,74.174,-6.199,0.002
75850,93484.51,24.52,-0.2120,-0.9317,-0.1930,-0.06,-0.47,-0.45,74.112,-6.199,0.002
75860,93486.08,24.52,-0.2243,-0.9153,-0.1768,0.56,-0.49,0.09,74.050,-6.199,0.002
75870,93486.39,24.52,-0.2063,-0.9683,-0.1741,0.47,-0.59,-0.20,73.988,-6.199,0.002
75880,93486.60,24.52,-0.2528,-0.9147,-0.2032,0.09,-0.61,-0.54,73.926,-6.199,0.002
75890,93482.83,24.52,-0.2156,-0.9480,-0.1861,-0.23,0.00,-0.58,73.864,-6.199,0.002
75900,93486.34,24.52,-0.2177,-0.9292,-0.2052,0.43,-0.61,-0.10,73.802,-6.199,0.002
75910,93488.89,24.52,-0.2038,-0.9509,-0.1994,0.24,0.36,-0.59,73.740,-6.199,0.002
75920,93489.08,24.52,-0.2658,-0.8847,-0.1555,-0.02,-0.02,0.12,73.678,-6.199,0.002
75930,93488.35,24.52,-0.2301,-0.8973,-0.1944,-0.11,-0.82,-0.13,73.616,-6.199,0.002
75940,93493.59,24.52,-0.2314,-0.9536,-0.1661,-0.06,-0.30,0.19,73.554,-6.199,0.002
75950,93490.55,24.52,-0.1989,-0.9343,-0.2070,-0.05,-0.66,0.03,73.492,-6.199,0.002
75960,93488.79,24.52,-0.2136,-0.9355,-0.1758,0.57,-0.07,-0.21,73.430,-6.199,0.002
75970,93494.26,24.52,-0.2359,-0.9427,-0.2054,-0.26,-0.30,-0.25,73.368,-6.199,0.002
75980,93495.25,24.52,-0.2255,-0.9320,-0.2192,0.15,-0.50,-0.44,73.306,-6.199,0.002
75990,93493.96,24.52,-0.2427,-0.9466,-0.1493,0.06,0.16,-0.42,73.244,-6.199,0.002
76000,93493.56,24.52,-0.2314,-0.9428,-0.1587,0.16,-0.62,-0.47,73.182,-6.199,0.002
76010,93495.30,24.52,-0.2265,-0.9387,-0.2107,0.23,-0.60,-0.03,73.120,-6.199,0.002
76020,93500.03,24.53,-0.2231,-0.9326,-0.1671,-0.40,-0.12,-0.46,73.058,-6.199,0.002
76030,93498.39,24.53,-0.2341,-0.9202,-0.1557,-0.16,0.12,0.00,72.996,-6.199,0.002
76040,93493.64,24.53,-0.2487,-0.9679,-0.1803,-0.14,-0.02,-0.38,72.934,-6.199,0.002
76050,93502.39,24.53,-0.2386,-0.9363,-0.2123,0.39,-0.01,-0.30,72.872,-6.199,0.002
76060,93496.93,24.53,-0.2365,-0.9304,-0.1522,0.47,0.10,-0.19,72.810,-6.199,0.002
76070,93501.24,24.53,-0.2437,-0.9190,-0.1284,-0.34,-0.65,-0.07,72.748,-6.199,0.002
76080,93499.49,24.53,-0.2179,-0.9482,-0.2102,0.06,-0.51,0.17,72.686,-6.199,0.002
76090,93498.41,24.53,-0.2250,-0.9294,-0.2167,0.49,-0.47,-0.04,72.624,-6.199,0.002
76100,93502.28,24.53,-0.2340,-0.9736,-0.1460,-0.54,-0.37,0.12,72.562,-6.199,0.002
76110,93502.69,24.53,-0.2042,-0.9321,-0.1679,0.15,-0.22,-0.30,72.500,-6.199,0.002
76120,93504.55,24.53,-0.2170,-0.9333,-0.2049,0.17,-0.30,0.03,72.438,-6.199,0.002
76130,93502.93,24.53,-0.2299,-0.9368,-0.2345,-0.09,0.04,0.39,72.376,-6.199,0.002
76140,93511.75,24.53,-0.2206,-0.9391,-0.1904,-0.18,-0.23,-0.16,72.314,-6.199,0.002
76150,93507.91,24.53,-0.2415,-0.9034,-0.1810,-0.16,-0.06,-0.56,72.252,-6.199,0.002
76160,93502.33,24.53,-0.2164,-0.9180,-0.1880,0.43,-0.08,0.13,72.190,-6.199,0.002
76170,93506.28,24.53,-0.2099,-0.9207,-0.1950,0.19,-0.10,-0.17,72.128,-6.199,0.002
76180,93506.53,24.53,-0.2261,-0.9250,-0.2344,0.16,-0.53,-0.23,72.066,-6.199,0.002
76190,93508.94,24.53,-0.2585,-0.9281,-0.1714,0.08,-0.63,-0.22,72.004,-6.199,0.002
76200,93509.71,24.53,-0.1977,-0.9110,-0.1821,0.04,-0.59,-0.30,71.942,-6.199,0.002
76210,93512.79,24.53,-0.2012,-0.9337,-0.1817,0.02,-0.67,-0.32,71.880,-6.199,0.002
76220,93509.15,24.53,-0.2427,-0.9238,-0.1885,0.49,-0.49,-0.14,71.818,-6.199,0.002
76230,93510.68,24.53,-0.2403,-0.9298,-0.2064,-0.51,-0.09,0.09,71.756,-6.199,0.002
76240,93513.21,24.53,-0.2064,-0.9096,-0.2102,-0.21,-0.44,-0.37,71.694,-6.199,0.002
76250,93511.93,24.53,-0.2425,-0.9233,-0.1533,0.26,-0.04,0.01,71.632,-6.199,0.002
76260,93512.93,24.53,-0.2370,-0.9309,-0.1888,0.06,-0.03,-0.97,71.570,-6.199,0.002
76270,93513.32,24.54,-0.2323,-0.9301,-0.1636,0.41,-0.20,-0.28,71.508,-6.199,0.002
76280,93514.55,24.54,-0.2162,-0.9155,-0.2121,0.69,0.12,-0.30,71.446,-6.199,0.002
76290,93513.65,24.54,-0.2120,-0.9135,-0.1936,-0.09,-0.22,-0.45,71.384,-6.199,0.002
76300,93512.19,24.54,-0.2406,-0.9358,-0.1806,-0.24,-0.80,0.03,71.322,-6.199,0.002
76310,93519.30,24.54,-0.2081,-0.9247,-0.1991,0.23,-0.63,0.03,71.260,-6.199,0.002
76320,93513.15,24.54,-0.2161,-0.9275,-0.2027,0.09,-0.19,-0.20,71.198,-6.199,0.002
76330,93519.13,24.54,-0.1960,-0.9575,-0.1629,0.09,0.13,-0.29,71.136,-6.199,0.002
76340,93523.05,24.54,-0.2210,-0.9273,-0.1829,0.44,-0.30,-0.15,71.074,-6.199,0.002
76350,93516.61,24.54,-0.2156,-0.9551,-0.1745,0.14,-0.15,-0.33,71.012,-6.199,0.002
76360,93520.77,24.54,-0.2357,-0.9494,-0.1860,0.05,-0.27,-0.66,70.950,-6.199,0.002
76370,93520.72,24.54,-0.2059,-0.9256,-0.1911,0.26,-0.19,-0.45,70.888,-6.198,0.002
76380,93522.81,24.54,-0.2067,-0.9331,-0.1894,0.13,0.00,0.17,70.826,-6.198,0.002
76390,93523.33,24.54,-0.2122,-0.9205,-0.1908,0.05,-0.45,-0.23,70.764,-6.198,0.002
76400,93518.35,24.54,-0.2048,-0.9101,-0.1558,0.49,-0.44,-0.08,70.702,-6.198,0.002
76410,93526.23,24.54,-0.2282,-0.9374,-0.2059,0.28,-0.17,-0.36,70.640,-6.198,0.002
76420,93522.58,24.54,-0.2321,-0.9385,-0.1839,0.45,-0.10,-0.50,70.578,-6.198,0.002
76430,93524.27,24.54,-0.1962,-0.9373,-0.1525,-0.11,-0.38,0.04,70.516,-6.198,0.002
76440,93523.84,24.54,-0.2382,-0.9335,-0.1653,-0.16,-0.28,0.14,70.454,-6.198,0.002
76450,93528.61,24.54,-0.2267,-0.9056,-0.1632,0.25,-0.81,-0.65,70.392,-6.198,0.002
76460,93526.92,24.54,-0.2268,-0.9232,-0.1872,-0.04,-0.35,0.09,70.330,-6.198,0.002
76470,93532.25,24.54,-0.2474,-0.9011,-0.1795,-0.01,0.03,-0.23,70.268,-6.198,0.002
76480,93526.17,24.54,-0.2417,-0.9296,-0.1906,0.07,-0.00,-0.44,70.206,-6.198,0.002
76490,93528.32,24.54,-0.2282,-0.9509,-0.1896,0.09,-0.41,-0.23,70.144,-6.198,0.002
76500,93529.05,24.54,-0.2139,-0.9323,-0.1806,-0.11,-0.23,-0.39,70.082,-6.198,0.002
76510,93530.00,24.54,-0.2271,-0.9167,-0.2177,-0.19,-0.16,0.04,70.020,-6.198,0.002
76520,93531.95,24.55,-0.2359,-0.9035,-0.1897,-0.30,0.31,-0.25,69.958,-6.198,0.002
76530,93528.81,24.55,-0.2177,-0.9665,-0.1966,0.04,-0.12,-0.36,69.896,-6.198,0.002
76540,93531.00,24.55,-0.2290,-0.9134,-0.1976,0.14,-0.44,-0.37,69.834,-6.198,0.002
76550,93534.08,24.55,-0.2433,-0.9057,-0.2089,0.09,-0.19,-0.24,69.773,-6.198,0.002
76560,93532.21,24.55,-0.2175,-0.9575,-0.1846,0.18,-0.67,-0.55,69.711,-6.198,0.002
76570,93528.29,24.55,-0.2234,-0.9110,-0.2155,-0.14,0.00,-0.16,69.649,-6.198,0.002
76580,93538.40,24.55,-0.1820,-0.9027,-0.1996,0.19,-0.01,-0.26,69.587,-6.198,0.002
76590,93536.65,24.55,-0.2323,-0.9295,-0.1722,0.03,-0.43,0.34,69.525,-6.198,0.002
76600,93535.77,24.55,-0.2215,-0.9393,-0.1791,0.68,-0.10,-0.34,69.463,-6.198,0.002
76610,93538.96,24.55,-0.2122,-0.9552,-0.2226,-0.13,-0.25,-0.38,69.401,-6.198,0.002
76620,93542.69,24.55,-0.2352,-0.9031,-0.1743,0.42,-0.43,-0.36,69.339,-6.198,0.002
76630,93541.30,24.55,-0.2367,-0.9275,-0.1794,0.24,-0.49,-0.53,69.277,-6.198,0.002
76640,93540.90,24.55,-0.1966,-0.9354,-0.1571,-0.22,-0.04,0.06,69.215,-6.198,0.002
76650,93541.07,24.55,-0.2356,-0.9148,-0.1954,0.32,-0.21,-0.54,69.153,-6.198,0.002
76660,93539.40,24.55,-0.2295,-0.9062,-0.2134,0.32,-0.66,-0.08,69.091,-6.198,0.002
76670,93542.26,24.55,-0.2166,-0.9485,-0.1900,-0.17,-0.46,0.03,69.029,-6.198,0.002
76680,93543.42,24.55,-0.2237,-0.9476,-0.2267,0.04,0.01,-0.25,68.967,-6.198,0.002
76690,93543.13,24.55,-0.2281,-0.9423,-0.1767,0.38,-0.03,-0.45,68.905,-6.198,0.002
76700,93548.67,24.55,-0.2101,-0.9564,-0.1913,0.05,-0.16,0.03,68.843,-6.198,0.002
76710,93540.87,24.55,-0.2059,-0.9260,-0.1826,0.95,-0.37,-0.37,68.781,-6.198,0.002
76720,93545.48,24.55,-0.1856,-0.9476,-0.1865,-0.61,-0.33,-0.50,68.719,-6.198,0.002
76730,93548.11,24.55,-0.2105,-0.9274,-0.1890,0.43,-0.30,-0.04,68.657,-6.198,0.002
76740,93546.90,24.55,-0.2419,-0.9441,-0.2006,0.15,-0.10,-0.05,68.595,-6.198,0.002
76750,93547.92,24.55,-0.2069,-0.9359,-0.2013,0.03,-1.07,-0.83,68.533,-6.198,0.002
76760,93553.70,24.55,-0.2382,-0.9438,-0.2310,0.21,0.14,-0.20,68.471,-6.198,0.002
76770,93548.71,24.56,-0.2522,-0.9522,-0.1987,0.32,0.01,0.05,68.409,-6.198,0.002
76780,93547.28,24.56,-0.2140,-0.9050,-0.1827,-0.52,-0.61,-0.30,68.347,-6.198,0.002
76790,93549.03,24.56,-0.2619,-0.9038,-0.1841,-0.22,-0.64,-0.54,68.285,-6.198,0.002
76800,93547.34,24.56,-0.1743,-0.9334,-0.2131,0.40,-0.27,-0.14,68.223,-6.198,0.002
76810,93546.33,24.56,-0.2397,-0.9639,-0.1842,0.22,-0.01,-0.33,68.161,-6.198,0.002
76820,93551.65,24.56,-0.2404,-0.9419,-0.2193,0.09,-0.28,-0.07,68.099,-6.198,0.002
76830,93553.11,24.56,-0.1931,-0.9181,-0.1836,0.01,0.63,-0.31,68.037,-6.198,0.002
76840,93555.19,24.56,-0.2406,-0.8951,-0.2122,0.16,-1.17,-0.71,67.975,-6.198,0.002
76850,93552.77,24.56,-0.2178,-0.9603,-0.1565,0.20,-0.02,0.20,67.913,-6.198,0.002
76860,93554.46,24.56,-0.1801,-0.9423,-0.1753,0.18,-0.39,-0.37,67.851,-6.198,0.002
76870,93554.94,24.56,-0.2308,-0.9273,-0.1787,0.34,-0.70,-0.68,67.789,-6.198,0.002
76880,93554.99,24.56,-0.2591,-0.9374,-0.1885,0.15,-0.44,-0.28,67.727,-6.198,0.002
76890,93555.86,24.56,-0.2055,-0.9689,-0.1864,0.26,0.47,-0.11,67.665,-6.198,0.002
76900,93557.37,24.56,-0.2062,-0.9275,-0.1922,-0.15,-0.43,-0.06,67.603,-6.197,0.002
76910,93564.57,24.56,-0.2415,-0.9449,-0.2105,0.16,-0.74,-0.55,67.541,-6.197,0.002
76920,93559.12,24.56,-0.2130,-0.9244,-0.2086,-0.82,-0.29,-0.17,67.479,-6.197,0.002
76930,93559.79,24.56,-0.2115,-0.9048,-0.1726,0.26,-0.37,-0.55,67.417,-6.197,0.002
76940,93561.30,24.56,-0.2099,-0.9414,-0.1860,0.28,-0.32,-0.49,67.355,-6.197,0.002
76950,93558.51,24.56,-0.2052,-0.9134,-0.1866,-0.09,0.09,0.13,67.293,-6.197,0.002
76960,93559.05,24.56,-0.2384,-0.9007,-0.1813,0.21,-0.11,-0.73,67.231,-6.197,0.002
76970,93561.49,24.56,-0.1872,-0.8972,-0.1968,-0.51,-0.16,0.25,67.169,-6.197,0.002
76980,93561.30,24.56,-0.2173,-0.9715,-0.1846,-0.14,-0.29,-0.19,67.107,-6.197,0.002
76990,93565.99,24.56,-0.2059,-0.9329,-0.2087,-0.33,-0.39,0.28,67.046,-6.197,0.002
77000,93565.56,24.56,-0.2354,-0.9278,-0.1915,-0.11,0.01,-0.41,66.984,-6.197,0.002
77010,93562.52,24.57,-0.1615,-0.9177,-0.1855,0.31,-0.51,-0.05,66.922,-6.197,0.002
77020,93565.88,24.57,-0.2154,-0.9461,-0.1364,0.18,-0.19,-0.56,66.860,-6.197,0.002
77030,93566.40,24.57,-0.2097,-0.9357,-0.2282,0.16,-0.64,0.47,66.798,-6.197,0.002
77040,93564.90,24.57,-0.2079,-0.9499,-0.1677,0.25,0.10,-0.44,66.736,-6.197,0.002
77050,93571.02,24.57,-0.2340,-0.9559,-0.2261,0.46,0.05,-0.17,66.674,-6.197,0.002
77060,93569.05,24.57,-0.2145,-0.8975,-0.2001,-0.35,-0.53,-0.37,66.612,-6.197,0.002
77070,93570.27,24.57,-0.2294,-0.9560,-0.2040,-0.02,-0.29,-0.11,66.550,-6.197,0.002
77080,93566.76,24.57,-0.2358,-0.9505,-0.2017,0.06,-0.51,-0.21,66.488,-6.197,0.002
77090,93571.77,24.57,-0.2539,-0.9486,-0.1687,-0.30,-0.20,-0.28,66.426,-6.197,0.002
77100,93574.06,24.57,-0.2517,-0.9470,-0.1586,0.28,0.08,-0.26,66.364,-6.197,0.002
77110,93568.22,24.57,-0.2102,-0.9031,-0.2293,-0.16,0.16,-0.15,66.302,-6.197,0.002
77120,93573.00,24.57,-0.2302,-0.9377,-0.1782,0.13,-0.62,-0.58,66.240,-6.197,0.002
77130,93574.67,24.57,-0.2326,-0.9421,-0.2107,-0.00,-0.21,-0.11,66.178,-6.197,0.002
77140,93575.17,24.57,-0.2674,-0.9488,-0.1571,-0.06,-0.36,-0.50,66.116,-6.197,0.002
77150,93574.70,24.57,-0.2101,-0.9298,-0.1858,-0.39,-0.12,-0.10,66.054,-6.197,0.002
77160,93581.47,24.57,-0.2593,-0.9123,-0.1898,0.11,-0.13,-0.15,65.992,-6.197,0.002
77170,93574.74,24.57,-0.2296,-0.9521,-0.1989,0.54,-0.41,-0.25,65.930,-6.197,0.002
77180,93576.91,24.57,-0.2393,-0.9345,-0.1976,0.23,-0.37,-0.38,65.868,-6.197,0.002
77190,93575.79,24.57,-0.1973,-0.9475,-0.2129,0.08,-0.46,-0.02,65.806,-6.197,0.002
77200,93577.29,24.57,-0.2358,-0.9217,-0.1942,-0.00,-0.46,-0.31,65.744,-6.197,0.002
77210,93574.77,24.57,-0.2509,-0.9616,-0.1832,0.03,-0.38,-0.19,65.682,-6.197,0.002
77220,93584.11,24.57,-0.2285,-0.9313,-0.1770,-0.65,-0.03,-0.61,65.620,-6.197,0.002
77230,93575.50,24.57,-0.2385,-0.9334,-0.2117,-0.01,-0.21,-0.41,65.558,-6.197,0.002
77240,93582.45,24.57,-0.2177,-0.9240,-0.1752,0.09,-0.22,-0.62,65.496,-6.197,0.002
77250,93582.95,24.57,-0.2113,-0.9208,-0.1837,-0.46,-0.61,-0.38,65.434,-6.197,0.002
77260,93579.53,24.58,-0.2164,-0.9159,-0.1913,-0.05,-0.53,-0.36,65.372,-6.197,0.002
77270,93580.90,24.58,-0.2116,-0.9549,-0.1582,0.19,-0.09,-0.74,65.310,-6.197,0.002
77280,93584.35,24.58,-0.2294,-0.9036,-0.2101,0.05,0.04,-0.38,65.248,-6.197,0.002
77290,93582.33,24.58,-0.2194,-0.9218,-0.1857,-0.29,-0.25,-0.50,65.186,-6.197,0.002
77300,93585.47,24.58,-0.2087,-0.8992,-0.1830,0.82,0.17,-0.07,65.124,-6.197,0.002
77310,93590.00,24.58,-0.2276,-0.9234,-0.1717,-0.07,-0.48,-0.62,65.062,-6.197,0.002
77320,93588.64,24.58,-0.2083,-0.9389,-0.1667,0.02,-0.36,0.27,65.000,-6.197,0.002
77330,93589.46,24.58,-0.2390,-0.9462,-0.2129,0.16,-0.56,-0.20,64.939,-6.197,0.002
77340,93584.64,24.58,-0.2170,-0.9057,-0.1871,0.47,-0.56,-0.28,64.877,-6.197,0.002
77350,93587.88,24.58,-0.1900,-0.9306,-0.2082,0.67,-0.34,0.09,64.815,-6.197,0.002
77360,93589.17,24.58,-0.2256,-0.9422,-0.1957,-0.49,0.18,-0.55,64.753,-6.197,0.002
77370,93595.23,24.58,-0.2254,-0.9475,-0.1895,0.39,-0.66,-0.37,64.691,-6.197,0.002
77380,93587.54,24.58,-0.2257,-0.9386,-0.1576,0.39,0.08,-0.52,64.629,-6.197,0.002
77390,93591.10,24.58,-0.2751,-0.9361,-0.2151,0.24,0.05,0.34,64.567,-6.197,0.002
77400,93591.80,24.58,-0.2226,-0.9356,-0.2106,0.27,0.04,-0.27,64.505,-6.197,0.002
77410,93593.02,24.58,-0.1872,-0.9474,-0.1847,-0.46,0.10,0.01,64.443,-6.197,0.002
77420,93593.50,24.58,-0.2259,-0.9344,-0.1580,0.08,-0.23,0.14,64.381,-6.197,0.002
77430,93591.40,24.58,-0.2113,-0.9210,-0.1688,-0.22,-0.45,-0.13,64.319,-6.197,0.002
77440,93597.30,24.58,-0.2266,-0.9700,-0.1816,0.15,-0.38,-0.58,64.257,-6.196,0.002
77450,93592.04,24.58,-0.2061,-0.9510,-0.1997,0.14,-0.38,-0.56,64.195,-6.196,0.002
77460,93597.48,24.58,-0.2143,-0.9229,-0.1787,0.00,0.04,-0.24,64.133,-6.196,0.002
77470,93597.74,24.58,-0.2509,-0.9296,-0.1832,-0.02,-0.12,-0.22,64.071,-6.196,0.002
77480,93598.09,24.58,-0.2363,-0.9698,-0.2117,0.14,0.10,0.05,64.009,-6.196,0.002
77490,93601.60,24.58,-0.2172,-0.9336,-0.1976,0.22,0.17,0.18,63.947,-6.196,0.002
77500,93601.20,24.58,-0.2049,-0.9682,-0.1783,0.08,-0.55,-0.35,63.885,-6.196,0.002
77510,93602.21,24.59,-0.2061,-0.9642,-0.1625,0.15,-0.59,0.29,63.823,-6.196,0.002
77520,93599.68,24.59,-0.2110,-0.9640,-0.2292,-0.03,-0.38,-0.07,63.761,-6.196,0.002
77530,93601.43,24.59,-0.2234,-0.9177,-0.2353,0.48,0.05,-0.09,63.699,-6.196,0.002
77540,93601.30,24.59,-0.2360,-0.9467,-0.1878,0.45,-0.14,-0.12,63.637,-6.196,0.002
77550,93600.83,24.59,-0.2415,-0.9486,-0.1830,0.12,-0.28,0.15,63.575,-6.196,0.002
77560,93603.57,24.59,-0.2171,-0.9587,-0.2170,-0.09,-0.40,-0.10,63.513,-6.196,0.002
77570,93602.35,24.59,-0.2340,-0.9250,-0.1656,-0.12,0.03,0.26,63.451,-6.196,0.002
77580,93600.49,24.59,-0.2146,-0.9694,-0.2216,0.12,-0.17,-0.55,63.389,-6.196,0.002
77590,93604.88,24.59,-0.2047,-0.9369,-0.1903,-0.42,0.27,-0.35,63.327,-6.196,0.002
77600,93608.17,24.59,-0.2340,-0.9145,-0.2124,-0.27,-0.55,0.11,63.265,-6.196,0.002
77610,93612.55,24.59,-0.2203,-0.9365,-0.2034,0.42,-0.29,-0.72,63.204,-6.196,0.002
77620,93609.57,24.59,-0.2246,-0.9656,-0.1896,-0.32,-0.42,0.01,63.142,-6.196,0.002
77630,93605.44,24.59,-0.2221,-0.9065,-0.2146,-0.10,0.08,-0.33,63.080,-6.196,0.002
77640,93606.63,24.59,-0.1851,-0.9676,-0.1972,-0.24,-0.15,-0.09,63.018,-6.196,0.002
77650,93611.87,24.59,-0.2277,-0.9501,-0.1635,-0.06,0.17,-0.24,62.956,-6.196,0.002
77660,93611.52,24.59,-0.2392,-0.8981,-0.2135,-0.14,-0.70,-0.28,62.894,-6.196,0.002
77670,93608.26,24.59,-0.2077,-0.9411,-0.2137,-0.03,-0.59,-0.60,62.832,-6.196,0.002
77680,93611.21,24.59,-0.2498,-0.9305,-0.2074,0.06,0.52,0.28,62.770,-6.196,0.002
77690,93614.55,24.59,-0.2043,-0.9410,-0.1771,-0.31,-0.75,-0.40,62.708,-6.196,0.002
77700,93612.68,24.59,-0.1723,-0.9193,-0.1860,0.35,-0.10,0.15,62.646,-6.196,0.002
77710,93620.90,24.59,-0.1956,-0.9065,-0.1957,0.50,-0.55,0.26,62.584,-6.196,0.002
77720,93616.15,24.59,-0.2555,-0.9178,-0.1949,0.01,0.16,-0.38,62.522,-6.196,0.002
77730,93614.36,24.59,-0.2351,-0.9471,-0.1719,0.24,-0.61,-0.26,62.460,-6.196,0.002
77740,93618.28,24.59,-0.2120,-0.9633,-0.1983,-0.07,-0.61,-0.95,62.398,-6.196,0.002
77750,93618.81,24.59,-0.2291,-0.9658,-0.1809,0.18,-0.64,-0.38,62.336,-6.196,0.002
77760,93622.28,24.60,-0.2376,-0.9548,-0.1779,0.09,-0.08,-0.43,62.274,-6.196,0.002
77770,93618.02,24.60,-0.2115,-0.9492,-0.1898,-0.24,-0.57,-0.66,62.212,-6.196,0.002
77780,93621.54,24.60,-0.2741,-0.9477,-0.2038,0.59,-0.14,0.02,62.150,-6.196,0.002
77790,93620.93,24.60,-0.2277,-0.9289,-0.1936,-0.48,-0.35,-0.83,62.088,-6.196,0.002
77800,93623.42,24.60,-0.2295,-0.9312,-0.1951,0.01,-0.10,-0.05,62.026,-6.196,0.002
77810,93621.99,24.60,-0.2248,-0.9343,-0.1953,0.14,-0.25,0.06,61.964,-6.196,0.002
77820,93618.52,24.60,-0.2217,-0.9025,-0.1969,-0.14,-0.56,-0.39,61.902,-6.196,0.002
77830,93623.07,24.60,-0.2377,-0.9361,-0.1539,-0.12,-0.44,-0.09,61.840,-6.196,0.002
77840,93624.41,24.60,-0.2514,-0.8860,-0.1818,-0.41,0.09,-0.16,61.778,-6.196,0.002
77850,93623.58,24.60,-0.2196,-0.9290,-0.1882,0.30,-0.13,0.11,61.716,-6.196,0.002
77860,93624.34,24.60,-0.2153,-0.9693,-0.1935,-0.31,-0.50,-0.10,61.655,-6.196,0.002
77870,93625.38,24.60,-0.2352,-0.9618,-0.2102,-0.33,-0.33,-0.25,61.593,-6.196,0.002
77880,93626.40,24.60,-0.2090,-0.9656,-0.2047,0.32,0.05,0.19,61.531,-6.196,0.002
77890,93627.78,24.60,-0.2101,-0.9329,-0.1748,0.04,-0.09,-0.87,61.469,-6.196,0.002
77900,93625.93,24.60,-0.2214,-0.9470,-0.1893,0.22,-0.30,-0.51,61.407,-6.196,0.002
77910,93626.25,24.60,-0.1970,-0.9356,-0.1666,-0.17,-0.56,-0.25,61.345,-6.196,0.002
77920,93627.26,24.60,-0.2245,-0.9141,-0.1547,-0.10,-0.56,0.33,61.283,-6.196,0.002
77930,93627.83,24.60,-0.2210,-0.9221,-0.1807,-0.46,-0.76,-0.37,61.221,-6.196,0.002
77940,93623.98,24.60,-0.2217,-0.9460,-0.1936,-0.05,0.03,0.20,61.159,-6.196,0.002
77950,93631.40,24.60,-0.2020,-0.9498,-0.1755,0.03,-0.21,-0.43,61.097,-6.196,0.002
77960,93634.65,24.60,-0.1965,-0.9560,-0.1512,0.82,-0.15,-0.28,61.035,-6.196,0.002
77970,93634.64,24.60,-0.2537,-0.9272,-0.2155,0.16,-0.57,-0.07,60.973,-6.195,0.002
77980,93630.05,24.60,-0.2273,-0.9471,-0.1986,-0.13,-0.33,-0.44,60.911,-6.195,0.002
77990,93636.18,24.60,-0.2375,-0.9494,-0.1824,-0.10,-0.09,-0.29,60.849,-6.195,0.002
78000,93631.92,24.60,-0.2448,-0.9620,-0.1816,0.03,-0.16,-0.00,60.787,-6.195,0.002
78010,93635.66,24.61,-0.2266,-0.9123,-0.1790,0.09,-0.93,-0.19,60.725,-6.195,0.002
78020,93641.47,24.61,-0.2386,-0.9323,-0.1827,-0.17,-0.36,-0.19,60.663,-6.195,0.002
78030,93634.61,24.61,-0.2118,-0.9287,-0.1539,0.23,0.24,-0.18,60.601,-6.195,0.002
78040,93639.10,24.61,-0.1985,-0.9107,-0.2116,-0.16,0.00,-0.04,60.539,-6.195,0.002
78050,93635.72,24.61,-0.2147,-0.9115,-0.1707,-0.31,-0.05,-0.29,60.477,-6.195,0.002
78060,93644.00,24.61,-0.2441,-0.9519,-0.2106,-0.02,-0.54,-0.40,60.415,-6.195,0.002
78070,93638.10,24.61,-0.2597,-0.9331,-0.2155,-0.05,-0.54,0.11,60.353,-6.195,0.002
78080,93643.02,24.61,-0.2294,-0.9543,-0.1679,0.08,0.26,-0.03,60.292,-6.195,0.002
78090,93640.86,24.61,-0.2316,-0.9147,-0.1733,-0.00,-0.09,0.01,60.230,-6.195,0.002
78100,93644.03,24.61,-0.2559,-0.9441,-0.2072,-0.42,-0.24,-0.05,60.168,-6.195,0.002
78110,93643.28,24.61,-0.2452,-0.9339,-0.1771,-0.09,-0.35,-0.24,60.106,-6.195,0.002
78120,93646.15,24.61,-0.2406,-0.9135,-0.1599,-0.12,-0.20,-0.35,60.044,-6.195,0.002
78130,93644.91,24.61,-0.1974,-0.9032,-0.1487,0.35,-0.12,-0.43,59.982,-6.195,0.002
78140,93642.01,24.61,-0.2248,-0.9190,-0.2318,0.52,0.22,-0.20,59.920,-6.195,0.002
78150,93648.17,24.61,-0.2171,-0.9527,-0.2071,-0.52,-0.35,-0.64,59.858,-6.195,0.002
78160,93642.28,24.61,-0.2274,-0.9633,-0.1972,0.48,-0.31,-0.11,59.796,-6.195,0.002
78170,93651.62,24.61,-0.2167,-0.9305,-0.2355,-0.20,0.07,-0.07,59.734,-6.195,0.002
78180,93646.55,24.61,-0.2034,-0.9517,-0.1920,-0.35,-0.36,0.03,59.672,-6.195,0.002
78190,93651.68,24.61,-0.2317,-0.8812,-0.1986,0.31,-0.98,-0.50,59.610,-6.195,0.002
78200,93647.48,24.61,-0.2467,-0.9060,-0.1755,0.38,0.02,-0.40,59.548,-6.195,0.002
78210,93653.05,24.61,-0.2172,-0.9317,-0.2013,0.15,-0.08,-0.20,59.486,-6.195,0.002
78220,93651.89,24.61,-0.2237,-0.9325,-0.2061,0.26,-0.47,-0.17,59.424,-6.195,0.002
78230,93649.79,24.61,-0.2426,-0.9357,-0.1390,-0.02,-0.56,0.11,59.362,-6.195,0.002
78240,93648.40,24.61,-0.2131,-0.9684,-0.2410,0.03,-0.36,0.50,59.300,-6.195,0.002
78250,93650.19,24.61,-0.2087,-0.9005,-0.2175,-0.34,0.14,-0.41,59.238,-6.195,0.002
78260,93654.61,24.62,-0.2331,-0.9075,-0.1966,0.45,-0.13,-0.65,59.176,-6.195,0.002
78270,93652.59,24.62,-0.2027,-0.9187,-0.2118,0.32,0.13,-0.04,59.114,-6.195,0.002
78280,93650.10,24.62,-0.2477,-0.9017,-0.1961,-0.08,-0.57,0.03,59.053,-6.195,0.002
78290,93656.39,24.62,-0.2362,-0.9227,-0.1616,0.33,0.04,-0.14,58.991,-6.195,0.002
78300,93657.81,24.62,-0.2622,-0.9366,-0.1610,0.32,-0.44,0.09,58.929,-6.195,0.002
78310,93655.77,24.62,-0.2297,-0.9309,-0.1741,0.69,-0.39,0.24,58.867,-6.195,0.002
78320,93657.72,24.62,-0.1969,-0.9180,-0.2223,0.52,0.12,-0.27,58.805,-6.195,0.002
78330,93655.11,24.62,-0.2278,-0.9446,-0.1874,0.33,-0.30,-0.27,58.743,-6.195,0.002
78340,93657.88,24.62,-0.1907,-0.9365,-0.1832,0.17,-0.35,-0.29,58.681,-6.195,0.002
78350,93659.33,24.62,-0.2282,-0.9441,-0.1834,0.06,-0.23,-0.50,58.619,-6.195,0.002
78360,93662.85,24.62,-0.2144,-0.9474,-0.2038,-0.04,-0.59,0.02,58.557,-6.195,0.002
78370,93657.80,24.62,-0.2627,-0.9424,-0.2085,0.24,-0.44,0.01,58.495,-6.195,0.002
78380,93658.90,24.62,-0.2467,-0.9277,-0.1623,0.02,-0.16,0.12,58.433,-6.195,0.002
78390,93662.51,24.62,-0.2023,-0.9304,-0.2095,0.14,-0.38,0.29,58.371,-6.195,0.002
78400,93662.32,24.62,-0.2475,-0.9433,-0.1759,-0.29,-0.39,-0.02,58.309,-6.195,0.002
78410,93664.99,24.62,-0.2406,-0.9524,-0.2188,0.23,-0.01,-0.79,58.247,-6.195,0.002
78420,93664.02,24.62,-0.2185,-0.9079,-0.1832,0.05,-0.21,-0.60,58.185,-6.195,0.002
78430,93664.81,24.62,-0.2106,-0.9006,-0.1803,-0.24,-0.75,-0.14,58.123,-6.195,0.002
78440,93661.80,24.62,-0.2320,-0.9587,-0.2026,0.89,0.03,-0.19,58.061,-6.195,0.002
78450,93662.50,24.62,-0.2290,-0.9158,-0.2102,-0.07,-0.65,-0.36,57.999,-6.195,0.002
78460,93666.33,24.62,-0.2146,-0.9199,-0.1894,0.27,-0.57,-0.71,57.937,-6.195,0.002
78470,93664.05,24.62,-0.2777,-0.9330,-0.1970,-0.40,-0.22,-0.51,57.876,-6.195,0.002
78480,93667.04,24.62,-0.2112,-0.9347,-0.1943,-0.11,0.30,-0.11,57.814,-6.195,0.002
78490,93669.27,24.62,-0.1986,-0.9753,-0.1824,0.46,-0.53,-0.35,57.752,-6.195,0.002
78500,93670.04,24.63,-0.2247,-0.9212,-0.1697,-0.12,-0.75,-0.63,57.690,-6.194,0.002
78510,93672.06,24.63,-0.2494,-0.8881,-0.1746,0.13,0.16,-0.23,57.628,-6.194,0.002
78520,93669.51,24.63,-0.2486,-0.9448,-0.1982,0.08,-0.43,-0.25,57.566,-6.194,0.002
78530,93668.40,24.63,-0.2446,-0.9428,-0.1694,0.23,0.02,-0.13,57.504,-6.194,0.002
78540,93675.06,24.63,-0.2250,-0.9252,-0.2066,0.46,0.07,-0.51,57.442,-6.194,0.002
78550,93676.16,24.63,-0.2316,-0.9042,-0.1663,0.22,-0.58,0.29,57.380,-6.194,0.002
78560,93672.40,24.63,-0.2408,-0.9048,-0.1814,0.32,-0.30,-0.50,57.318,-6.194,0.002
78570,93673.25,24.63,-0.2091,-0.9426,-0.2167,0.15,0.07,-0.11,57.256,-6.194,0.002
78580,93675.77,24.63,-0.2067,-0.9380,-0.1788,0.18,0.06,-0.08,57.194,-6.194,0.002
78590,93672.81,24.63,-0.2060,-0.9059,-0.1679,-0.07,-0.09,-0.43,57.132,-6.194,0.002
78600,93677.33,24.63,-0.2524,-0.9294,-0.1723,-0.05,-0.18,-0.18,57.070,-6.194,0.002
78610,93677.62,24.63,-0.2114,-0.9530,-0.1693,0.71,0.16,-0.60,57.008,-6.194,0.002
78620,93677.02,24.63,-0.1966,-0.9176,-0.1858,0.36,-0.19,-0.10,56.946,-6.194,0.002
78630,93676.29,24.63,-0.1999,-0.9292,-0.1834,-0.15,-0.43,-0.57,56.884,-6.194,0.002
78640,93675.58,24.63,-0.2381,-0.9425,-0.2023,0.32,-0.42,0.35,56.822,-6.194,0.002
78650,93678.54,24.63,-0.2275,-0.9289,-0.1419,-0.12,0.09,-0.34,56.761,-6.194,0.002
78660,93678.29,24.63,-0.1913,-0.9512,-0.2428,0.07,0.10,-0.51,56.699,-6.194,0.002
78670,93681.69,24.63,-0.2177,-0.9348,-0.1758,-0.16,-0.40,-0.45,56.637,-6.194,0.002
78680,93685.68,24.63,-0.1922,-0.9158,-0.1984,0.08,-0.22,-0.40,56.575,-6.194,0.002
78690,93685.24,24.63,-0.2212,-0.9433,-0.1908,0.09,-0.89,0.03,56.513,-6.194,0.002
78700,93680.91,24.63,-0.2416,-0.9140,-0.1971,-0.08,-0.25,0.34,56.451,-6.194,0.002
78710,93682.07,24.63,-0.2283,-0.9342,-0.2129,-0.10,-0.05,-0.09,56.389,-6.194,0.002
78720,93685.50,24.63,-0.2239,-0.9464,-0.1517,0.62,-0.19,-0.17,56.327,-6.194,0.002
78730,93683.42,24.63,-0.2326,-0.9590,-0.1971,0.12,0.04,-0.51,56.265,-6.194,0.002
78740,93683.23,24.63,-0.2405,-0.9164,-0.1714,-0.64,-0.12,-0.32,56.203,-6.194,0.002
78750,93684.76,24.64,-0.2445,-0.9141,-0.2047,0.25,-0.22,-0.25,56.141,-6.194,0.002
78760,93684.61,24.64,-0.2131,-0.9239,-0.2150,-0.31,0.16,-0.42,56.079,-6.194,0.002
78770,93688.98,24.64,-0.2121,-0.9332,-0.1873,0.14,-0.32,-0.64,56.017,-6.194,0.002
78780,93689.68,24.64,-0.2467,-0.9376,-0.1723,0.51,-0.32,-0.38,55.955,-6.194,0.002
78790,93688.51,24.64,-0.2629,-0.9591,-0.1904,0.50,0.21,-0.64,55.893,-6.194,0.002
78800,93691.46,24.64,-0.2360,-0.9465,-0.2123,-0.14,-0.46,0.03,55.831,-6.194,0.002
78810,93686.25,24.64,-0.2133,-0.9397,-0.2104,0.15,-0.31,-0.48,55.769,-6.194,0.002
78820,93688.58,24.64,-0.2188,-0.9336,-0.1692,-0.05,-0.20,0.03,55.708,-6.194,0.002
78830,93695.11,24.64,-0.2068,-0.9065,-0.2182,0.20,-0.19,-0.35,55.646,-6.194,0.002
78840,93694.82,24.64,-0.2182,-0.9356,-0.2063,0.17,-0.39,-0.26,55.584,-6.194,0.002
78850,93690.92,24.64,-0.2362,-0.9337,-0.1870,0.01,-0.55,-0.22,55.522,-6.194,0.002
78860,93695.80,24.64,-0.2305,-0.9370,-0.1975,0.07,-0.00,-0.85,55.460,-6.194,0.002
78870,93695.28,24.64,-0.2150,-0.9251,-0.1820,0.43,-0.26,0.17,55.398,-6.194,0.002
78880,93694.99,24.64,-0.1781,-0.9528,-0.2339,0.03,0.05,-0.22,55.336,-6.194,0.002
78890,93692.99,24.64,-0.2103,-0.9961,-0.2031,0.35,-0.34,0.20,55.274,-6.194,0.002
78900,93699.16,24.64,-0.1779,-0.9209,-0.1822,-0.09,-0.32,-0.72,55.212,-6.194,0.002
78910,93697.18,24.64,-0.2252,-0.9598,-0.2204,-0.16,-0.13,-0.14,55.150,-6.194,0.002
78920,93701.80,24.64,-0.2067,-0.8944,-0.1815,0.34,-0.54,-0.85,55.088,-6.194,0.002
78930,93697.44,24.64,-0.2415,-0.9040,-0.1710,-0.12,-0.10,0.17,55.026,-6.194,0.002
78940,93699.92,24.64,-0.2003,-0.8818,-0.1737,-0.10,0.07,-0.06,54.964,-6.194,0.002
78950,93701.82,24.64,-0.2074,-0.9374,-0.1545,-0.07,-0.41,-0.23,54.902,-6.194,0.002
78960,93700.79,24.64,-0.2243,-0.8901,-0.1964,0.30,-0.35,-0.50,54.840,-6.194,0.002
78970,93701.59,24.64,-0.2507,-0.9392,-0.1925,-0.15,0.26,-0.31,54.778,-6.194,0.002
78980,93699.40,24.64,-0.2056,-0.9507,-0.1942,0.17,-0.45,-0.56,54.717,-6.194,0.002
78990,93702.47,24.64,-0.2118,-0.9098,-0.2315,-0.19,-0.23,-0.39,54.655,-6.194,0.002
79000,93705.79,24.65,-0.2171,-0.9413,-0.1466,0.06,-0.65,0.45,54.593,-6.194,0.002
79010,93704.75,24.65,-0.2323,-0.9628,-0.1897,0.27,-0.37,0.34,54.531,-6.194,0.002
79020,93708.31,24.65,-0.2364,-0.9405,-0.2088,0.23,-0.49,0.01,54.469,-6.194,0.002
79030,93707.25,24.65,-0.2036,-0.9298,-0.1822,0.14,-0.70,0.14,54.407,-6.194,0.002
79040,93707.99,24.65,-0.2190,-0.9493,-0.1714,-0.07,0.07,-0.27,54.345,-6.193,0.002
79050,93703.48,24.65,-0.2227,-0.9236,-0.1847,-0.00,-0.14,-0.59,54.283,-6.193,0.002
79060,93707.50,24.65,-0.2026,-0.9187,-0.2015,0.14,-0.59,-0.07,54.221,-6.193,0.002
79070,93708.66,24.65,-0.2120,-0.9496,-0.1432,0.15,-0.27,-0.28,54.159,-6.193,0.002
79080,93710.53,24.65,-0.2010,-0.9301,-0.2000,0.07,0.71,-0.44,54.097,-6.193,0.002
79090,93710.39,24.65,-0.2337,-0.9469,-0.2178,-0.10,-0.31,0.05,54.035,-6.193,0.002
79100,93708.88,24.65,-0.2585,-0.9111,-0.1982,-0.21,-0.38,-0.36,53.973,-6.193,0.002
79110,93714.98,24.65,-0.2233,-0.9556,-0.2118,0.42,-0.38,-0.61,53.911,-6.193,0.002
79120,93713.19,24.65,-0.2302,-0.9670,-0.1659,0.43,0.15,-0.14,53.849,-6.193,0.002
79130,93714.71,24.65,-0.2311,-0.9157,-0.1843,-0.34,-0.06,-0.48,53.788,-6.193,0.002
79140,93710.57,24.65,-0.2366,-0.9529,-0.1953,0.28,-0.20,-0.22,53.726,-6.193,0.002
79150,93717.78,24.65,-0.2252,-0.9523,-0.1720,0.33,-0.47,-0.40,53.664,-6.193,0.002
79160,93715.77,24.65,-0.2261,-0.9188,-0.2112,0.02,-1.63,0.10,53.602,-6.193,0.002
79170,93718.17,24.65,-0.2001,-0.9267,-0.1959,-0.05,-0.79,-0.27,53.540,-6.193,0.002
79180,93715.46,24.65,-0.2557,-0.9039,-0.1937,0.13,0.11,-0.18,53.478,-6.193,0.002
79190,93718.57,24.65,-0.2341,-0.9099,-0.1489,0.30,-0.02,-0.24,53.416,-6.193,0.002
79200,93718.93,24.65,-0.2273,-0.9567,-0.1959,-0.29,-0.36,0.19,53.354,-6.193,0.002
79210,93722.01,24.65,-0.2414,-0.9092,-0.1892,0.32,-0.27,-0.32,53.292,-6.193,0.002
79220,93722.29,24.65,-0.1999,-0.9259,-0.1937,0.03,-0.31,0.02,53.230,-6.193,0.002
79230,93719.01,24.65,-0.2113,-0.9210,-0.1691,0.05,0.06,-0.34,53.168,-6.193,0.002
79240,93723.45,24.65,-0.2168,-0.9305,-0.2117,0.35,-0.44,-0.22,53.106,-6.193,0.002
79250,93723.09,24.66,-0.2397,-0.9302,-0.1687,0.28,-0.60,-0.24,53.044,-6.193,0.002
79260,93724.00,24.66,-0.2390,-0.9518,-0.2162,-0.36,-0.04,-0.30,52.982,-6.193,0.002
79270,93723.10,24.66,-0.2536,-0.9205,-0.1822,-0.47,-0.72,-0.44,52.920,-6.193,0.002
79280,93725.83,24.66,-0.2008,-0.9133,-0.2002,-0.71,-0.49,-0.31,52.859,-6.193,0.002
79290,93724.42,24.66,-0.2425,-0.9473,-0.2226,0.21,0.32,0.12,52.797,-6.193,0.002
79300,93727.34,24.66,-0.1797,-0.8987,-0.1920,0.35,-0.20,-0.37,52.735,-6.193,0.002
79310,93727.46,24.66,-0.2132,-0.9283,-0.1595,-0.32,-0.29,-0.25,52.673,-6.193,0.002
79320,93721.81,24.66,-0.2203,-0.9004,-0.1879,0.15,0.00,-0.17,52.611,-6.193,0.002
79330,93729.60,24.66,-0.2142,-0.9471,-0.1652,0.02,-0.14,-0.29,52.549,-6.193,0.002
79340,93730.97,24.66,-0.2392,-0.9437,-0.1681,0.69,-0.35,-0.34,52.487,-6.193,0.002
79350,93729.57,24.66,-0.2258,-0.9903,-0.1695,0.40,-0.84,-0.46,52.425,-6.193,0.002
79360,93727.83,24.66,-0.2404,-0.9433,-0.1381,0.37,-0.39,-0.33,52.363,-6.193,0.002
79370,93731.09,24.66,-0.2102,-0.9351,-0.1967,0.43,-0.20,-0.75,52.301,-6.193,0.002
79380,93730.92,24.66,-0.2398,-0.9630,-0.1618,0.05,-0.59,-0.05,52.239,-6.193,0.002
79390,93729.92,24.66,-0.1659,-0.9460,-0.1631,-0.03,-0.01,-0.17,52.177,-6.193,0.002
79400,93733.69,24.66,-0.2563,-0.9257,-0.1875,-0.28,0.14,-0.27,52.115,-6.193,0.002
79410,93733.96,24.66,-0.2384,-0.9058,-0.1919,-0.55,-0.95,-0.11,52.053,-6.193,0.002
79420,93732.64,24.66,-0.2289,-0.9132,-0.1544,0.26,0.04,-0.16,51.992,-6.193,0.002
79430,93734.54,24.66,-0.2278,-0.9337,-0.1658,-0.17,-0.36,-0.05,51.930,-6.193,0.002
79440,93742.81,24.66,-0.2223,-0.8849,-0.1836,0.16,-0.34,-0.28,51.868,-6.193,0.002
79450,93731.93,24.66,-0.2553,-0.9482,-0.1922,-0.10,-0.36,-0.84,51.806,-6.193,0.002
79460,93735.84,24.66,-0.2113,-0.8942,-0.1789,0.26,-0.03,-0.50,51.744,-6.193,0.002
79470,93737.10,24.66,-0.2002,-0.9270,-0.1849,0.08,-0.32,-0.48,51.682,-6.193,0.002
79480,93744.16,24.66,-0.2181,-0.9272,-0.1889,0.31,0.07,0.10,51.620,-6.193,0.002
79490,93738.50,24.66,-0.2309,-0.9290,-0.2088,-0.22,-0.14,0.22,51.558,-6.193,0.002
79500,93738.94,24.67,-0.2353,-0.9394,-0.1871,0.37,0.32,-0.35,51.496,-6.193,0.002
79510,93739.25,24.67,-0.2221,-0.8862,-0.1612,0.51,0.01,-0.15,51.434,-6.193,0.002
79520,93743.56,24.67,-0.2233,-0.9387,-0.1853,0.12,0.14,0.16,51.372,-6.193,0.002
79530,93743.34,24.67,-0.2267,-0.9312,-0.1999,0.38,-0.13,-0.30,51.310,-6.193,0.002
79540,93740.98,24.67,-0.1939,-0.9324,-0.1861,0.18,-1.05,-0.01,51.248,-6.193,0.002
79550,93743.47,24.67,-0.2301,-0.9743,-0.1835,0.29,-0.22,-0.25,51.186,-6.193,0.002
79560,93742.10,24.67,-0.1812,-0.9099,-0.1704,0.04,0.26,-0.17,51.125,-6.193,0.002
79570,93747.17,24.67,-0.2531,-0.9491,-0.1966,-0.62,-0.32,-0.53,51.063,-6.192,0.002
79580,93743.06,24.67,-0.1949,-0.9309,-0.1680,0.27,-0.67,0.22,51.001,-6.192,0.002
79590,93744.31,24.67,-0.2286,-0.9371,-0.1804,0.03,-0.17,-0.67,50.939,-6.192,0.002
79600,93747.95,24.67,-0.2249,-0.9244,-0.1818,-0.18,-0.13,-0.61,50.877,-6.192,0.002
79610,93748.51,24.67,-0.2574,-0.9387,-0.2152,0.37,-0.95,-0.45,50.815,-6.192,0.002
79620,93746.76,24.67,-0.2036,-0.9217,-0.2031,0.20,-0.07,-0.37,50.753,-6.192,0.002
79630,93747.14,24.67,-0.2291,-0.9349,-0.2052,0.19,-0.28,-1.00,50.691,-6.192,0.002
79640,93748.09,24.67,-0.2106,-0.9245,-0.1865,-0.75,-0.65,-0.54,50.629,-6.192,0.002
79650,93748.54,24.67,-0.2211,-0.9312,-0.1369,0.11,-0.24,-0.33,50.567,-6.192,0.002
79660,93748.47,24.67,-0.1869,-0.9488,-0.1750,0.18,0.22,0.04,50.505,-6.192,0.002
79670,93748.97,24.67,-0.2333,-0.8891,-0.1816,0.11,0.03,0.59,50.443,-6.192,0.002
79680,93750.70,24.67,-0.2146,-0.9217,-0.1700,0.01,0.22,-0.18,50.381,-6.192,0.002
79690,93751.10,24.67,-0.2090,-0.8941,-0.1810,-0.05,-0.26,-0.20,50.320,-6.192,0.002
79700,93748.68,24.67,-0.2368,-0.9188,-0.1706,-0.15,-0.32,-0.64,50.258,-6.192,0.002
79710,93754.19,24.67,-0.2188,-0.9304,-0.2010,0.18,-0.49,-0.40,50.196,-6.192,0.002
79720,93753.47,24.67,-0.2287,-0.9408,-0.1900,-0.26,-0.54,-0.10,50.134,-6.192,0.002
79730,93756.76,24.67,-0.2388,-0.9251,-0.1682,-0.09,0.01,-0.09,50.072,-6.192,0.002
79740,93756.87,24.67,-0.2264,-0.8997,-0.2058,-0.40,-1.06,-0.20,50.010,-6.192,0.002
79750,93758.67,24.68,-0.2258,-0.9020,-0.1466,-0.01,-0.37,-0.26,49.948,-6.192,0.002
79760,93758.08,24.68,-0.2200,-0.9020,-0.1931,0.15,-0.13,-0.04,49.886,-6.192,0.002
79770,93759.97,24.68,-0.2156,-0.9399,-0.2331,-0.38,-0.39,-0.49,49.824,-6.192,0.002
79780,93759.52,24.68,-0.2497,-0.9213,-0.1826,0.10,-0.58,0.09,49.762,-6.192,0.002
79790,93759.08,24.68,-0.1910,-0.9212,-0.1864,0.86,-0.56,-0.42,49.700,-6.192,0.002
79800,93761.17,24.68,-0.1998,-0.9553,-0.2102,-0.32,-0.23,-0.08,49.638,-6.192,0.002
79810,93760.93,24.68,-0.2285,-0.9207,-0.2035,-0.18,-0.64,-0.10,49.576,-6.192,0.002
79820,93763.59,24.68,-0.2114,-0.9217,-0.1738,0.22,-0.04,0.12,49.515,-6.192,0.002
79830,93765.66,24.68,-0.2129,-0.9039,-0.2054,0.36,-0.46,-0.36,49.453,-6.192,0.002
79840,93763.90,24.68,-0.2731,-0.9125,-0.2316,0.27,-0.58,-0.39,49.391,-6.192,0.002
79850,93767.57,24.68,-0.2464,-0.9035,-0.1741,0.05,-0.71,-1.11,49.329,-6.192,0.002
79860,93766.71,24.68,-0.2519,-0.9498,-0.2011,-0.29,0.44,-0.85,49.267,-6.192,0.002
79870,93766.02,24.68,-0.2140,-0.9487,-0.1814,-0.46,-0.43,0.16,49.205,-6.192,0.002
79880,93764.47,24.68,-0.2460,-0.9137,-0.2176,0.40,-0.08,-0.26,49.143,-6.192,0.002
79890,93766.49,24.68,-0.2464,-0.8933,-0.2099,-0.50,-0.15,0.06,49.081,-6.192,0.002
79900,93766.73,24.68,-0.2353,-0.9182,-0.1861,0.14,-0.69,-0.05,49.019,-6.192,0.002
79910,93765.87,24.68,-0.2094,-0.9635,-0.1835,-0.01,-0.09,-0.24,48.957,-6.192,0.002
79920,93767.45,24.68,-0.1924,-0.8956,-0.1621,-0.30,-0.03,-0.92,48.895,-6.192,0.002
79930,93771.63,24.68,-0.2101,-0.9228,-0.1588,-0.02,-0.12,-0.48,48.833,-6.192,0.002
79940,93770.48,24.68,-0.2287,-0.9177,-0.1709,0.17,-0.77,-0.53,48.772,-6.192,0.002
79950,93774.36,24.68,-0.2243,-0.9071,-0.2044,0.67,0.02,-0.01,48.710,-6.192,0.002
79960,93774.12,24.68,-0.1987,-0.9549,-0.2066,0.47,-0.36,-0.32,48.648,-6.192,0.002
79970,93772.96,24.68,-0.2174,-0.8949,-0.1614,0.34,-0.19,-0.18,48.586,-6.192,0.002
79980,93770.66,24.68,-0.2050,-0.9262,-0.2133,-0.24,-0.26,-0.36,48.524,-6.192,0.002
79990,93769.71,24.68,-0.2221,-0.9421,-0.1964,0.56,-0.23,-0.12,48.462,-6.192,0.002
80000,93775.69,24.69,-0.2176,-0.9123,-0.1763,0.05,-0.05,-0.12,48.400,-6.192,0.002
80010,93773.10,24.69,-0.2277,-0.9655,-0.2031,0.07,-0.05,-0.23,48.338,-6.192,0.002
80020,93777.17,24.69,-0.2327,-0.9318,-0.2074,-0.04,-0.64,-0.60,48.276,-6.192,0.002
80030,93776.13,24.69,-0.2062,-0.9688,-0.2355,0.43,-0.57,-0.62,48.214,-6.192,0.002
80040,93777.72,24.69,-0.2303,-0.9701,-0.1761,0.63,0.00,-0.80,48.152,-6.192,0.002
80050,93773.47,24.69,-0.2045,-0.9338,-0.1805,-0.11,-0.21,-0.61,48.090,-6.192,0.002
80060,93780.39,24.69,-0.2393,-0.9332,-0.2098,0.27,-0.62,-0.50,48.029,-6.192,0.002
80070,93776.22,24.69,-0.2289,-0.9451,-0.1477,0.55,-0.15,-0.28,47.967,-6.192,0.002
80080,93780.00,24.69,-0.2226,-0.9451,-0.1607,-0.18,-0.28,-0.05,47.905,-6.192,0.002
80090,93782.30,24.69,-0.2093,-0.9440,-0.2032,0.08,0.00,-0.06,47.843,-6.192,0.002
80100,93780.35,24.69,-0.2338,-0.9427,-0.1896,0.29,-0.57,-0.40,47.781,-6.192,0.002
80110,93781.08,24.69,-0.2084,-0.9362,-0.1910,0.40,-0.51,-0.22,47.719,-6.191,0.002
80120,93782.22,24.69,-0.2187,-0.9027,-0.2071,0.62,0.11,-0.24,47.657,-6.191,0.002
80130,93782.39,24.69,-0.2165,-0.9244,-0.2012,0.09,-0.13,-0.39,47.595,-6.191,0.002
80140,93779.09,24.69,-0.1857,-0.9443,-0.1808,-0.09,-0.14,-0.27,47.533,-6.191,0.002
80150,93784.21,24.69,-0.2612,-0.8999,-0.1949,0.06,-0.45,-0.61,47.471,-6.191,0.002
80160,93788.72,24.69,-0.2246,-0.9712,-0.1995,0.09,-0.51,-0.02,47.409,-6.191,0.002
80170,93789.16,24.69,-0.2215,-0.9355,-0.1571,0.18,-0.52,0.18,47.347,-6.191,0.002
80180,93785.11,24.69,-0.1989,-0.9277,-0.1785,-0.51,0.03,-0.14,47.286,-6.191,0.002
80190,93785.94,24.69,-0.2386,-0.9141,-0.1873,0.32,-0.27,-0.31,47.224,-6.191,0.002
80200,93790.15,24.69,-0.2332,-0.9196,-0.1963,0.67,-0.24,0.14,47.162,-6.191,0.002
80210,93792.62,24.69,-0.2615,-0.9357,-0.1764,0.17,0.08,-0.62,47.100,-6.191,0.002
80220,93794.83,24.69,-0.2003,-0.9222,-0.1968,-0.17,-0.16,-0.60,47.038,-6.191,0.002
80230,93788.74,24.69,-0.2655,-0.9443,-0.2107,-0.57,-0.26,-0.32,46.976,-6.191,0.002
80240,93790.91,24.70,-0.2319,-0.9472,-0.2065,0.22,-0.66,0.13,46.914,-6.191,0.002
80250,93789.59,24.70,-0.2168,-0.9420,-0.1801,0.06,-0.17,0.09,46.852,-6.191,0.002
80260,93791.91,24.70,-0.2427,-0.9026,-0.1721,-0.23,-0.11,-0.30,46.790,-6.191,0.002
80270,93793.30,24.70,-0.2390,-0.9595,-0.1389,0.06,-0.38,0.30,46.728,-6.191,0.002
80280,93795.15,24.70,-0.2329,-0.9050,-0.2029,0.02,-0.26,-0.62,46.666,-6.191,0.002
80290,93794.69,24.70,-0.2546,-0.9231,-0.1702,-0.02,-0.39,-0.28,46.605,-6.191,0.002
80300,93797.93,24.70,-0.2197,-0.9712,-0.1531,0.03,-0.69,-0.22,46.543,-6.191,0.002
80310,93796.33,24.70,-0.2417,-0.9277,-0.1405,-0.10,-0.69,0.08,46.481,-6.191,0.002
80320,93805.53,24.70,-0.2294,-0.9568,-0.1791,0.31,-0.09,-0.14,46.419,-6.191,0.002
80330,93794.84,24.70,-0.2486,-0.9416,-0.1944,0.33,-0.42,-0.15,46.357,-6.191,0.002
80340,93798.27,24.70,-0.2208,-0.9378,-0.2191,-0.29,-0.16,-0.72,46.295,-6.191,0.002
80350,93798.39,24.70,-0.1896,-0.9405,-0.1797,0.13,-0.56,-0.25,46.233,-6.191,0.002
80360,93799.98,24.70,-0.2220,-0.9396,-0.2137,-0.16,-0.31,0.22,46.171,-6.191,0.002
80370,93799.37,24.70,-0.2382,-0.9235,-0.2188,0.09,-0.01,-0.68,46.109,-6.191,0.002
80380,93799.58,24.70,-0.2580,-0.9397,-0.1534,-0.28,-0.02,-0.11,46.047,-6.191,0.002
80390,93798.85,24.70,-0.2546,-0.9205,-0.1553,0.14,-0.62,-0.06,45.985,-6.191,0.002
80400,93797.60,24.70,-0.1944,-0.8979,-0.2171,-0.00,-0.07,-0.46,45.924,-6.191,0.002
80410,93802.79,24.70,-0.2528,-0.9518,-0.1968,0.12,-0.98,-0.31,45.862,-6.191,0.002
80420,93800.58,24.70,-0.2067,-0.9382,-0.1796,0.46,-0.89,-0.57,45.800,-6.191,0.002
80430,93805.26,24.70,-0.2058,-0.9121,-0.1909,0.32,-0.57,-0.22,45.738,-6.191,0.002
80440,93804.38,24.70,-0.2241,-0.9128,-0.1996,0.17,-0.81,-0.14,45.676,-6.191,0.002
80450,93807.49,24.70,-0.2539,-0.9396,-0.1881,0.20,-0.63,-0.29,45.614,-6.191,0.002
80460,93807.46,24.70,-0.2342,-0.9374,-0.1622,-0.03,-0.48,-0.62,45.552,-6.191,0.002
80470,93809.06,24.70,-0.2164,-0.9184,-0.1875,-0.26,0.15,-0.45,45.490,-6.191,0.002
80480,93807.31,24.70,-0.2440,-0.9160,-0.2009,0.36,-0.17,0.12,45.428,-6.191,0.002
80490,93811.08,24.71,-0.2214,-0.9511,-0.2160,0.42,-0.05,-0.48,45.366,-6.191,0.002
80500,93809.54,24.71,-0.2401,-0.9385,-0.1698,-0.19,-0.17,0.43,45.304,-6.191,0.002
80510,93811.42,24.71,-0.2208,-0.9589,-0.2011,-0.40,0.14,-0.17,45.243,-6.191,0.002
80520,93811.35,24.71,-0.1944,-0.9804,-0.1966,-0.09,-0.20,-0.23,45.181,-6.191,0.002
80530,93815.94,24.71,-0.2102,-0.9381,-0.1854,0.05,-0.28,-0.50,45.119,-6.191,0.002
80540,93806.85,24.71,-0.1764,-0.9293,-0.1940,0.15,-0.29,-0.73,45.057,-6.191,0.002
80550,93814.02,24.71,-0.2400,-0.9119,-0.1969,-0.35,-0.31,-0.19,44.995,-6.191,0.002
80560,93815.88,24.71,-0.2427,-0.9342,-0.1832,0.42,-0.23,-0.08,44.933,-6.191,0.002
80570,93810.95,24.71,-0.2216,-0.9402,-0.1889,0.34,-0.44,-0.07,44.871,-6.191,0.002
80580,93816.50,24.71,-0.2004,-0.9191,-0.1609,0.50,-0.19,-0.41,44.809,-6.191,0.002
80590,93812.91,24.71,-0.2309,-0.9749,-0.2118,-0.20,0.32,-0.18,44.747,-6.191,0.002
80600,93813.73,24.71,-0.2252,-0.9346,-0.1990,0.17,-0.22,0.26,44.685,-6.191,0.002
80610,93811.59,24.71,-0.2614,-0.9450,-0.1450,-0.16,-0.43,-0.17,44.623,-6.191,0.002
80620,93819.22,24.71,-0.1959,-0.9564,-0.1859,0.05,-0.80,-0.34,44.562,-6.191,0.002
80630,93818.44,24.71,-0.2406,-0.9072,-0.1717,0.45,-0.16,-0.23,44.500,-6.191,0.002
80640,93816.69,24.71,-0.1751,-0.9479,-0.2149,0.39,-0.23,0.07,44.438,-6.190,0.002
80650,93819.94,24.71,-0.2097,-0.9051,-0.2207,-0.17,-0.73,-0.43,44.376,-6.190,0.002
80660,93816.96,24.71,-0.2048,-0.9286,-0.1680,-0.41,-0.34,-0.38,44.314,-6.190,0.002
80670,93818.24,24.71,-0.2156,-0.9421,-0.2193,0.41,-0.12,0.09,44.252,-6.190,0.002
80680,93821.67,24.71,-0.2177,-0.9641,-0.1728,-0.06,-0.38,-0.73,44.190,-6.190,0.002
80690,93820.85,24.71,-0.2020,-0.9333,-0.2171,-0.28,-0.14,0.15,44.128,-6.190,0.002
80700,93822.08,24.71,-0.2510,-0.9286,-0.1750,0.84,-0.02,-0.22,44.066,-6.190,0.002
80710,93822.51,24.71,-0.2382,-0.9671,-0.2181,-0.18,-0.41,0.28,44.004,-6.190,0.002
80720,93819.41,24.71,-0.2351,-0.8987,-0.1434,-0.35,-0.24,-0.16,43.943,-6.190,0.002
80730,93825.06,24.71,-0.1914,-0.9498,-0.1697,0.09,-0.06,-0.45,43.881,-6.190,0.002
80740,93820.00,24.72,-0.2301,-0.9567,-0.2061,-0.36,0.07,-0.50,43.819,-6.190,0.002
80750,93826.82,24.72,-0.2464,-0.9334,-0.2070,-0.06,-0.02,0.25,43.757,-6.190,0.002
80760,93830.49,24.72,-0.2580,-0.9240,-0.2141,0.27,-0.14,-0.38,43.695,-6.190,0.002
80770,93824.63,24.72,-0.2159,-0.9230,-0.1835,-0.10,0.29,-0.01,43.633,-6.190,0.002
80780,93824.94,24.72,-0.2406,-0.9320,-0.1955,0.03,-0.07,-0.06,43.571,-6.190,0.002
80790,93831.12,24.72,-0.2377,-0.9322,-0.2041,0.30,-0.56,0.21,43.509,-6.190,0.002
80800,93831.42,24.72,-0.2576,-0.9816,-0.1697,0.27,-0.17,-0.41,43.447,-6.190,0.002
80810,93830.95,24.72,-0.2147,-0.9427,-0.2170,0.26,-0.40,-0.43,43.385,-6.190,0.002
80820,93832.07,24.72,-0.2469,-0.9405,-0.1674,-0.17,-0.92,0.06,43.323,-6.190,0.002
80830,93833.41,24.72,-0.1975,-0.9425,-0.1614,0.19,-0.37,-0.15,43.262,-6.190,0.002
80840,93829.19,24.72,-0.2012,-0.9473,-0.1620,0.32,-0.79,-0.35,43.200,-6.190,0.002
80850,93832.28,24.72,-0.2076,-0.9438,-0.1936,-0.45,-0.23,-0.29,43.138,-6.190,0.002
80860,93832.38,24.72,-0.2259,-0.9366,-0.2042,0.21,0.22,-0.09,43.076,-6.190,0.002
80870,93833.15,24.72,-0.2177,-0.8999,-0.1872,0.12,-0.22,-0.44,43.014,-6.190,0.002
80880,93835.84,24.72,-0.2208,-0.9060,-0.1982,0.69,-0.14,-0.30,42.952,-6.190,0.002
80890,93835.48,24.72,-0.2088,-0.9210,-0.2294,0.35,-0.47,0.05,42.890,-6.190,0.002
80900,93834.43,24.72,-0.2551,-0.9431,-0.2102,0.33,-0.38,0.22,42.828,-6.190,0.002
80910,93836.29,24.72,-0.2010,-0.9232,-0.1873,-0.24,-0.25,-0.19,42.766,-6.190,0.002
80920,93838.55,24.72,-0.2596,-0.9415,-0.1677,0.21,-0.29,0.19,42.704,-6.190,0.002
80930,93838.82,24.72,-0.2432,-0.9650,-0.2071,-0.07,-0.46,-0.34,42.643,-6.190,0.002
80940,93838.47,24.72,-0.2536,-0.9618,-0.1604,0.20,-0.55,-0.73,42.581,-6.190,0.002
80950,93840.70,24.72,-0.2378,-0.9174,-0.1506,0.44,-0.46,0.12,42.519,-6.190,0.002
80960,93841.30,24.72,-0.2504,-0.9100,-0.1811,0.44,-0.19,-0.21,42.457,-6.190,0.002
80970,93841.40,24.72,-0.2117,-0.9409,-0.1899,0.58,0.10,0.11,42.395,-6.190,0.002
80980,93840.74,24.72,-0.2159,-0.9344,-0.1715,0.15,-0.84,-0.53,42.333,-6.190,0.002
80990,93843.18,24.73,-0.2171,-0.9130,-0.1962,0.26,-0.23,-0.04,42.271,-6.190,0.002
81000,93844.53,24.73,-0.2208,-0.9270,-0.2337,0.30,0.45,0.08,42.209,-6.190,0.002
81010,93845.63,24.73,-0.2294,-0.9105,-0.1456,0.04,-0.40,0.03,42.147,-6.190,0.002
81020,93846.76,24.73,-0.2119,-0.9443,-0.1789,0.46,0.18,0.29,42.085,-6.190,0.002
81030,93846.86,24.73,-0.1945,-0.9264,-0.2099,0.30,-0.49,-0.02,42.024,-6.190,0.002
81040,93849.17,24.73,-0.2421,-0.9273,-0.2070,-0.39,-0.47,-0.21,41.962,-6.190,0.002
81050,93846.47,24.73,-0.2177,-0.9489,-0.1897,0.46,-0.48,-0.38,41.900,-6.190,0.002
81060,93849.28,24.73,-0.2344,-0.9049,-0.2025,-0.13,0.34,-0.01,41.838,-6.190,0.002
81070,93848.50,24.73,-0.2401,-0.9488,-0.1867,0.03,0.30,-0.42,41.776,-6.190,0.002
81080,93846.50,24.73,-0.2123,-0.9656,-0.2211,-0.45,-0.14,-0.74,41.714,-6.190,0.002
81090,93851.94,24.73,-0.2362,-0.9155,-0.2120,0.31,-0.47,-0.40,41.652,-6.190,0.002
81100,93848.93,24.73,-0.2330,-0.9749,-0.1764,0.27,-0.16,-0.87,41.590,-6.190,0.002
81110,93850.04,24.73,-0.2142,-0.9363,-0.1953,-0.34,-0.46,-0.28,41.528,-6.190,0.002
81120,93849.64,24.73,-0.2252,-0.9358,-0.1579,0.10,0.06,-0.31,41.467,-6.190,0.002
81130,93849.86,24.73,-0.2053,-0.9117,-0.1756,-0.08,-0.12,-0.07,41.405,-6.190,0.002
81140,93856.32,24.73,-0.2190,-0.9063,-0.2100,-0.35,-0.24,-0.48,41.343,-6.190,0.002
81150,93855.09,24.73,-0.2169,-0.8984,-0.2179,-0.27,-0.30,-0.21,41.281,-6.190,0.002
81160,93856.95,24.73,-0.2123,-0.9537,-0.1595,-0.33,0.03,-0.71,41.219,-6.190,0.002
81170,93863.55,24.73,-0.2407,-0.9353,-0.1749,-0.22,-0.46,-0.47,41.157,-6.190,0.002
81180,93856.83,24.73,-0.2280,-0.9563,-0.1952,-0.07,-0.42,-0.11,41.095,-6.189,0.002
81190,93851.43,24.73,-0.2344,-0.9613,-0.1948,0.23,-0.24,-0.29,41.033,-6.189,0.002
81200,93858.51,24.73,-0.2130,-0.9290,-0.1581,0.59,-0.04,0.11,40.971,-6.189,0.002
81210,93860.55,24.73,-0.2443,-0.9301,-0.2067,0.44,-0.17,-0.20,40.909,-6.189,0.002
81220,93857.28,24.73,-0.2169,-0.9337,-0.1925,0.17,-0.48,-0.42,40.848,-6.189,0.002
81230,93858.17,24.73,-0.2200,-0.9297,-0.1978,0.26,-0.05,-0.26,40.786,-6.189,0.002
81240,93862.01,24.74,-0.2452,-0.9216,-0.1702,0.13,0.19,0.12,40.724,-6.189,0.002
81250,93862.55,24.74,-0.2052,-0.9182,-0.2018,0.39,-0.29,0.02,40.662,-6.189,0.002
81260,93862.34,24.74,-0.2027,-0.9323,-0.2024,-0.40,-0.86,0.65,40.600,-6.189,0.002
81270,93860.63,24.74,-0.2474,-0.9108,-0.1654,0.16,-0.55,-0.38,40.538,-6.189,0.002
81280,93859.35,24.74,-0.2415,-0.9028,-0.1880,0.18,-0.55,-0.14,40.476,-6.189,0.002
81290,93866.27,24.74,-0.2308,-0.9331,-0.2047,-0.25,-0.27,-0.18,40.414,-6.189,0.002
81300,93859.17,24.74,-0.2395,-0.9066,-0.1887,0.17,-0.06,-0.56,40.352,-6.189,0.002
81310,93865.62,24.74,-0.2789,-0.9071,-0.2125,0.39,-0.71,0.12,40.291,-6.189,0.002
81320,93862.84,24.74,-0.2520,-0.9277,-0.1741,0.09,0.11,-0.30,40.229,-6.189,0.002
81330,93868.46,24.74,-0.2122,-0.9267,-0.2010,0.31,-0.07,-0.14,40.167,-6.189,0.002
81340,93869.34,24.74,-0.1915,-0.9327,-0.1834,0.18,-0.17,-0.39,40.105,-6.189,0.002
81350,93867.95,24.74,-0.2259,-0.9354,-0.1858,0.15,-0.40,0.25,40.043,-6.189,0.002
81360,93871.20,24.74,-0.2021,-0.9343,-0.2243,0.53,-0.38,0.06,39.981,-6.189,0.002
81370,93872.43,24.74,-0.2080,-0.9058,-0.1705,0.06,-0.34,-0.77,39.919,-6.189,0.002
81380,93870.39,24.74,-0.1850,-0.9300,-0.2124,0.49,-0.65,-0.12,39.857,-6.189,0.002
81390,93867.98,24.74,-0.2149,-0.9275,-0.1716,-0.09,-0.14,-0.11,39.795,-6.189,0.002
81400,93869.51,24.74,-0.2116,-0.9282,-0.2005,-0.18,0.01,0.11,39.733,-6.189,0.002
81410,93872.51,24.74,-0.2190,-0.8998,-0.2095,-0.04,-0.25,-0.15,39.672,-6.189,0.002
81420,93872.21,24.74,-0.2471,-0.9567,-0.2108,-0.04,-0.05,0.07,39.610,-6.189,0.002
81430,93872.67,24.74,-0.2411,-0.9379,-0.1990,0.27,-0.66,-0.81,39.548,-6.189,0.002
81440,93874.79,24.74,-0.2396,-0.9397,-0.1507,0.24,-0.51,0.01,39.486,-6.189,0.002
81450,93876.94,24.74,-0.1771,-0.9323,-0.1849,0.14,-0.71,-0.51,39.424,-6.189,0.002
81460,93877.18,24.74,-0.2454,-0.9319,-0.1998,0.21,-0.33,-0.71,39.362,-6.189,0.002
81470,93876.32,24.74,-0.2450,-0.9194,-0.2191,0.34,0.30,-0.15,39.300,-6.189,0.002
81480,93880.15,24.74,-0.2459,-0.8792,-0.2039,-0.03,-0.43,-0.15,39.238,-6.189,0.002
81490,93876.94,24.75,-0.2454,-0.9161,-0.1775,0.31,-0.15,0.15,39.176,-6.189,0.002
81500,93879.92,24.75,-0.2401,-0.9476,-0.1859,0.07,-0.18,-0.48,39.115,-6.189,0.002
81510,93884.08,24.75,-0.1884,-0.9410,-0.1826,-0.17,-0.78,-0.10,39.053,-6.189,0.002
81520,93879.03,24.75,-0.2360,-0.9160,-0.2162,-0.44,-0.46,-0.62,38.991,-6.189,0.002
81530,93879.28,24.75,-0.2473,-0.9250,-0.2235,-0.13,-0.40,-0.21,38.929,-6.189,0.002
81540,93882.38,24.75,-0.2299,-0.9088,-0.1829,-0.22,-0.13,-0.46,38.867,-6.189,0.002
81550,93884.94,24.75,-0.2196,-0.9251,-0.1922,0.23,-0.26,-0.16,38.805,-6.189,0.002
81560,93879.19,24.75,-0.2174,-0.8999,-0.1925,-0.14,-0.42,-0.39,38.743,-6.189,0.002
81570,93880.41,24.75,-0.2240,-0.9213,-0.1617,-0.01,-0.68,-0.55,38.681,-6.189,0.002
81580,93886.43,24.75,-0.2186,-0.9141,-0.2007,-0.09,-0.46,-0.18,38.619,-6.189,0.002
81590,93885.64,24.75,-0.2240,-0.9176,-0.1980,0.38,-0.64,-0.82,38.558,-6.189,0.002
81600,93886.17,24.75,-0.2335,-0.9565,-0.2223,0.07,-0.20,0.51,38.496,-6.189,0.002
81610,93885.88,24.75,-0.2394,-0.9397,-0.1985,0.33,-0.59,-0.52,38.434,-6.189,0.002
81620,93885.64,24.75,-0.1997,-0.9117,-0.2117,0.64,-0.60,0.06,38.372,-6.189,0.002
81630,93887.66,24.75,-0.2266,-0.9250,-0.1557,0.04,-0.01,-0.15,38.310,-6.189,0.002
81640,93893.40,24.75,-0.2221,-0.9317,-0.1746,-0.06,-0.36,-0.21,38.248,-6.189,0.002
81650,93889.14,24.75,-0.2590,-0.8916,-0.1976,-0.58,0.20,-0.27,38.186,-6.189,0.002
81660,93891.79,24.75,-0.2446,-0.8958,-0.1631,-0.32,-0.09,-0.06,38.124,-6.189,0.002
81670,93892.70,24.75,-0.2369,-0.9275,-0.2346,0.18,-0.20,0.09,38.063,-6.189,0.002
81680,93891.20,24.75,-0.2269,-0.9089,-0.1985,-0.17,-0.55,0.08,38.001,-6.189,0.002
81690,93892.01,24.75,-0.2300,-0.9007,-0.1574,0.23,-0.34,-0.54,37.939,-6.189,0.002
81700,93892.47,24.75,-0.2342,-0.9004,-0.1924,0.01,-0.10,-0.18,37.877,-6.189,0.002
81710,93893.51,24.75,-0.2292,-0.9760,-0.1868,0.38,-0.13,-0.18,37.815,-6.189,0.002
81720,93893.61,24.75,-0.2300,-0.9110,-0.2261,0.46,-0.64,0.19,37.753,-6.188,0.002
81730,93897.48,24.76,-0.2195,-0.9216,-0.1575,-0.22,0.05,-0.40,37.691,-6.188,0.002
81740,93894.83,24.76,-0.2368,-0.9444,-0.2234,0.05,0.17,-0.55,37.629,-6.188,0.002
81750,93897.15,24.76,-0.2244,-0.9566,-0.1939,-0.12,-0.26,-0.42,37.567,-6.188,0.002
81760,93899.27,24.76,-0.2172,-0.9417,-0.1955,-0.25,-0.02,-0.40,37.506,-6.188,0.002
81770,93898.34,24.76,-0.2042,-0.9111,-0.1762,-0.26,-0.74,-0.23,37.444,-6.188,0.002
81780,93896.73,24.76,-0.2322,-0.9671,-0.1787,0.26,-0.39,-0.19,37.382,-6.188,0.002
81790,93896.78,24.76,-0.1891,-0.9350,-0.1871,0.07,-0.32,0.06,37.320,-6.188,0.002
81800,93903.96,24.76,-0.2446,-0.9465,-0.1886,-0.09,-0.33,-0.32,37.258,-6.188,0.002
81810,93901.34,24.76,-0.2113,-0.8865,-0.1737,0.04,-0.06,0.08,37.196,-6.188,0.002
81820,93898.67,24.76,-0.2051,-0.8954,-0.2044,0.03,-0.06,-0.49,37.134,-6.188,0.002
81830,93904.17,24.76,-0.1959,-0.9080,-0.2046,-0.27,-0.35,-0.11,37.072,-6.188,0.002
81840,93901.04,24.76,-0.2141,-0.9318,-0.1871,0.21,0.33,-0.31,37.010,-6.188,0.002
81850,93903.93,24.76,-0.2294,-0.9273,-0.2212,0.36,-0.12,0.10,36.949,-6.188,0.002
81860,93906.29,24.76,-0.2078,-0.9453,-0.1873,0.07,-0.26,-0.05,36.887,-6.188,0.002
81870,93906.16,24.76,-0.2238,-0.9428,-0.1671,0.17,-0.46,-0.24,36.825,-6.188,0.002
81880,93907.13,24.76,-0.2042,-0.9133,-0.2117,0.24,0.11,0.01,36.763,-6.188,0.002
81890,93904.07,24.76,-0.2278,-0.9510,-0.1898,0.20,-0.04,-0.24,36.701,-6.188,0.002
81900,93906.44,24.76,-0.2280,-0.9392,-0.1888,0.44,-0.20,-0.62,36.639,-6.188,0.002
81910,93908.88,24.76,-0.2448,-0.9341,-0.1510,0.21,-0.88,-0.37,36.577,-6.188,0.002
81920,93907.98,24.76,-0.1893,-0.9622,-0.2000,-0.19,-0.34,0.36,36.515,-6.188,0.002
81930,93909.79,24.76,-0.2302,-0.9373,-0.1872,0.16,-0.75,0.22,36.454,-6.188,0.002
81940,93910.46,24.76,-0.2096,-0.9353,-0.1720,0.09,-0.08,-0.52,36.392,-6.188,0.002
81950,93914.56,24.76,-0.2254,-0.9359,-0.1993,0.19,-0.37,-0.16,36.330,-6.188,0.002
81960,93910.83,24.76,-0.2225,-0.9362,-0.1583,-0.32,-0.15,-0.96,36.268,-6.188,0.002
81970,93915.32,24.76,-0.2002,-0.9453,-0.1751,0.41,-0.18,-0.55,36.206,-6.188,0.002
81980,93913.69,24.77,-0.2181,-0.9211,-0.2165,0.04,-0.13,0.15,36.144,-6.188,0.002
81990,93912.97,24.77,-0.2101,-0.9405,-0.2027,-0.25,-0.05,-0.19,36.082,-6.188,0.002
82000,93911.55,24.77,-0.2303,-0.9170,-0.1923,-0.08,0.02,0.08,36.020,-6.188,0.002
82010,93914.52,24.77,-0.2242,-0.9605,-0.1942,0.24,-0.02,-0.11,35.959,-6.188,0.002
82020,93915.54,24.77,-0.1934,-0.9399,-0.1879,0.55,-0.35,-0.33,35.897,-6.188,0.002
82030,93918.28,24.77,-0.2104,-0.9296,-0.1741,-0.05,-0.45,-0.03,35.835,-6.188,0.002
82040,93920.27,24.77,-0.2223,-0.9389,-0.1639,-0.11,-0.31,-0.14,35.773,-6.188,0.002
82050,93920.16,24.77,-0.1929,-0.9505,-0.1891,0.54,-0.30,-0.13,35.711,-6.188,0.002
82060,93920.75,24.77,-0.2263,-0.8957,-0.1820,0.35,-0.39,-0.56,35.649,-6.188,0.002
82070,93920.55,24.77,-0.2046,-0.9451,-0.1849,0.06,-0.40,-0.03,35.587,-6.188,0.002
82080,93919.27,24.77,-0.2106,-0.9354,-0.1957,-0.13,-0.47,-0.40,35.525,-6.188,0.002
82090,93918.55,24.77,-0.1933,-0.9329,-0.1866,0.07,-0.48,0.06,35.463,-6.188,0.002
82100,93921.81,24.77,-0.2230,-0.9399,-0.2164,-0.16,0.67,-0.30,35.402,-6.188,0.002
82110,93920.63,24.77,-0.1993,-0.9348,-0.2123,0.68,0.10,-0.30,35.340,-6.188,0.002
82120,93924.00,24.77,-0.2143,-0.9372,-0.1917,0.07,-0.20,-0.01,35.278,-6.188,0.002
82130,93919.87,24.77,-0.2186,-0.9182,-0.2063,0.54,-0.36,-0.56,35.216,-6.188,0.002
82140,93920.63,24.77,-0.2270,-0.8914,-0.1580,0.64,-0.38,-0.70,35.154,-6.188,0.002
82150,93920.01,24.77,-0.2340,-0.9352,-0.1685,0.21,-0.33,0.31,35.092,-6.188,0.002
82160,93925.90,24.77,-0.2541,-0.9141,-0.1693,0.44,0.35,0.37,35.030,-6.188,0.002
82170,93926.68,24.77,-0.2172,-0.9003,-0.1896,0.16,-0.67,-0.17,34.968,-6.188,0.002
82180,93924.07,24.77,-0.2374,-0.9308,-0.2012,-0.03,0.11,-0.35,34.907,-6.188,0.002
82190,93928.92,24.77,-0.2322,-0.9456,-0.2021,-0.24,-0.54,-0.43,34.845,-6.188,0.002
82200,93926.02,24.77,-0.2409,-0.9178,-0.1682,0.36,-0.37,-0.02,34.783,-6.188,0.002
82210,93930.80,24.77,-0.2499,-0.9727,-0.1816,0.24,-0.21,0.23,34.721,-6.188,0.002
82220,93927.89,24.77,-0.2438,-0.9346,-0.2218,-0.11,-0.28,-0.88,34.659,-6.188,0.002
82230,93928.26,24.78,-0.2371,-0.9387,-0.1637,0.14,-0.45,-0.82,34.597,-6.188,0.002
82240,93932.45,24.78,-0.2281,-0.9540,-0.2091,0.44,-0.50,-0.40,34.535,-6.188,0.002
82250,93928.48,24.78,-0.2143,-0.9195,-0.1912,0.01,-0.39,-0.27,34.473,-6.187,0.002
82260,93933.73,24.78,-0.2335,-0.9121,-0.1810,0.28,-0.52,-0.03,34.412,-6.187,0.002
82270,93932.78,24.78,-0.2034,-0.9576,-0.2438,0.14,-0.14,0.50,34.350,-6.187,0.002
82280,93931.00,24.78,-0.2300,-0.9143,-0.2017,-0.12,-0.26,0.28,34.288,-6.187,0.002
82290,93936.35,24.78,-0.2375,-0.9660,-0.1623,0.23,0.17,-0.30,34.226,-6.187,0.002
82300,93934.34,24.78,-0.2070,-0.9788,-0.1751,0.38,-0.12,0.53,34.164,-6.187,0.002
82310,93937.23,24.78,-0.2789,-0.9096,-0.2288,0.14,-0.30,0.08,34.102,-6.187,0.002
82320,93938.59,24.78,-0.1784,-0.9438,-0.2368,0.24,0.13,-0.07,34.040,-6.187,0.002
82330,93943.19,24.78,-0.2192,-0.9117,-0.1828,0.24,0.22,-0.10,33.978,-6.187,0.002
82340,93935.49,24.78,-0.2102,-0.9480,-0.1751,0.19,-0.40,-0.14,33.917,-6.187,0.002
82350,93937.47,24.78,-0.2637,-0.9656,-0.2014,0.11,-0.39,0.02,33.855,-6.187,0.002
82360,93935.93,24.78,-0.2250,-0.9057,-0.1972,-0.54,-1.06,-0.15,33.793,-6.187,0.002
82370,93941.99,24.78,-0.2171,-0.9721,-0.2393,0.28,-0.01,-0.10,33.731,-6.187,0.002
82380,93939.03,24.78,-0.2374,-0.9627,-0.1865,0.74,-0.17,-0.50,33.669,-6.187,0.002
82390,93942.36,24.78,-0.1775,-0.9055,-0.2159,-0.13,-0.33,-0.08,33.607,-6.187,0.002
82400,93942.40,24.78,-0.2451,-0.9162,-0.1740,-0.04,-0.48,0.32,33.545,-6.187,0.002
82410,93944.85,24.78,-0.1821,-0.9435,-0.1763,-0.35,-0.60,-0.11,33.483,-6.187,0.002
82420,93943.70,24.78,-0.2138,-0.9475,-0.1871,-0.10,-0.13,-0.28,33.422,-6.187,0.002
82430,93944.43,24.78,-0.2462,-0.9162,-0.1830,-0.51,0.15,-0.07,33.360,-6.187,0.002
82440,93942.57,24.78,-0.2122,-0.9620,-0.1968,-0.17,-0.04,-0.57,33.298,-6.187,0.002
82450,93949.31,24.78,-0.2260,-0.9045,-0.1728,-0.20,-0.33,-0.33,33.236,-6.187,0.002
82460,93948.96,24.78,-0.1968,-0.9241,-0.2101,0.46,-0.35,-0.43,33.174,-6.187,0.002
82470,93947.01,24.78,-0.2194,-0.9175,-0.1908,-0.32,-0.26,0.35,33.112,-6.187,0.002
82480,93946.01,24.79,-0.1915,-0.9335,-0.1629,-0.11,-0.35,-0.57,33.050,-6.187,0.002
82490,93947.64,24.79,-0.2748,-0.9424,-0.1967,0.50,-0.07,0.17,32.989,-6.187,0.002
82500,93948.62,24.79,-0.2256,-0.9004,-0.1900,0.34,-0.44,-0.71,32.927,-6.187,0.002
82510,93948.34,24.79,-0.1962,-0.8945,-0.1675,-0.47,-0.38,-0.82,32.865,-6.187,0.002
82520,93945.01,24.79,-0.2558,-0.9088,-0.2018,0.50,-0.33,-0.36,32.803,-6.187,0.002
82530,93951.22,24.79,-0.2233,-0.9359,-0.1985,-0.10,-0.36,-0.31,32.741,-6.187,0.002
82540,93952.44,24.79,-0.2101,-0.9507,-0.2238,0.15,-0.05,-0.02,32.679,-6.187,0.002
82550,93947.03,24.79,-0.2462,-0.8978,-0.1453,0.37,-0.00,0.11,32.617,-6.187,0.002
82560,93954.98,24.79,-0.2081,-0.9410,-0.1714,-0.04,-0.21,-0.29,32.555,-6.187,0.002
82570,93959.46,24.79,-0.2525,-0.9010,-0.2107,0.54,-0.55,-0.01,32.494,-6.187,0.002
82580,93954.51,24.79,-0.2277,-0.9466,-0.1665,-0.08,-0.03,-0.22,32.432,-6.187,0.002
82590,93958.07,24.79,-0.1978,-0.9483,-0.1704,-0.05,-0.27,-0.15,32.370,-6.187,0.002
82600,93958.98,24.79,-0.2520,-0.9647,-0.2047,0.26,-0.48,-0.16,32.308,-6.187,0.002
82610,93961.77,24.79,-0.2328,-0.8924,-0.1837,-0.15,-0.43,-0.46,32.246,-6.187,0.002
82620,93957.21,24.79,-0.2304,-0.9289,-0.1585,-0.07,-0.00,-0.54,32.184,-6.187,0.002
82630,93953.42,24.79,-0.2080,-0.9265,-0.1819,-0.12,-0.42,-0.42,32.122,-6.187,0.002
82640,93958.54,24.79,-0.2144,-0.9258,-0.1642,-0.24,0.01,-0.15,32.060,-6.187,0.002
82650,93961.72,24.79,-0.2028,-0.9359,-0.1558,0.38,-0.10,0.17,31.999,-6.187,0.002
82660,93955.11,24.79,-0.2033,-0.9148,-0.2204,0.28,-0.41,-0.19,31.937,-6.187,0.002
82670,93957.57,24.79,-0.2358,-0.9553,-0.2152,-0.38,-0.17,0.07,31.875,-6.187,0.002
82680,93957.73,24.79,-0.2289,-0.9255,-0.1982,-0.16,0.23,-0.18,31.813,-6.187,0.002
82690,93964.56,24.79,-0.2267,-0.9442,-0.2010,-0.23,-0.27,-0.25,31.751,-6.187,0.002
82700,93962.89,24.79,-0.2082,-0.8976,-0.1951,-0.13,-0.21,-0.04,31.689,-6.187,0.002
82710,93964.61,24.79,-0.2212,-0.9471,-0.1797,-0.39,-0.69,0.04,31.627,-6.187,0.002
82720,93962.06,24.79,-0.2056,-0.9286,-0.1550,0.18,-0.05,-0.47,31.566,-6.187,0.002
82730,93967.55,24.80,-0.2312,-0.9194,-0.2026,0.39,-1.22,0.06,31.504,-6.187,0.002
82740,93964.76,24.80,-0.2272,-0.9143,-0.1723,0.53,-0.44,0.17,31.442,-6.187,0.002
82750,93967.06,24.80,-0.2589,-0.9652,-0.1793,0.28,-0.27,-0.25,31.380,-6.187,0.002
82760,93972.22,24.80,-0.2384,-0.9027,-0.2154,-0.32,-0.10,0.25,31.318,-6.187,0.002
82770,93971.79,24.80,-0.2287,-0.9146,-0.1859,0.09,0.09,-0.74,31.256,-6.187,0.002
82780,93971.93,24.80,-0.2471,-0.9206,-0.1979,-0.19,-0.67,0.02,31.194,-6.187,0.002
82790,93967.06,24.80,-0.2344,-0.9516,-0.1922,0.01,-0.06,-0.27,31.132,-6.186,0.002
82800,93973.47,24.80,-0.2533,-0.8995,-0.2004,-0.02,-0.08,-0.56,31.071,-6.186,0.002
82810,93975.34,24.80,-0.2341,-0.9735,-0.1764,0.47,-0.43,0.06,31.009,-6.186,0.002
82820,93972.04,24.80,-0.2531,-0.9571,-0.2135,-0.13,0.28,-0.43,30.947,-6.186,0.002
82830,93977.03,24.80,-0.2201,-0.9632,-0.1658,0.58,-0.01,0.34,30.885,-6.186,0.002
82840,93970.50,24.80,-0.2479,-0.9350,-0.2279,-0.16,-0.41,0.17,30.823,-6.186,0.002
82850,93971.93,24.80,-0.2494,-0.9374,-0.1824,0.64,-0.37,-0.54,30.761,-6.186,0.002
82860,93978.37,24.80,-0.1943,-0.9392,-0.1843,0.61,-0.07,0.11,30.699,-6.186,0.002
82870,93974.43,24.80,-0.2265,-0.9254,-0.1735,0.24,-0.50,0.08,30.638,-6.186,0.002
82880,93975.69,24.80,-0.2787,-0.9073,-0.1852,0.39,0.08,-0.43,30.576,-6.186,0.002
82890,93981.76,24.80,-0.2440,-0.9337,-0.2007,-0.15,-0.78,-0.39,30.514,-6.186,0.002
82900,93982.25,24.80,-0.1943,-0.9588,-0.1943,0.38,-0.28,0.15,30.452,-6.186,0.002
82910,93973.30,24.80,-0.2231,-0.9189,-0.1833,0.37,-0.51,-0.17,30.390,-6.186,0.002
82920,93975.25,24.80,-0.2130,-0.9341,-0.1769,0.20,-0.14,-0.31,30.328,-6.186,0.002
82930,93978.99,24.80,-0.2325,-0.9359,-0.1582,-0.28,0.28,0.48,30.266,-6.186,0.002
82940,93985.64,24.80,-0.2095,-0.8996,-0.2032,-0.28,-0.30,-0.18,30.205,-6.186,0.002
82950,93982.25,24.80,-0.2078,-0.9028,-0.1999,0.17,-0.47,-0.33,30.143,-6.186,0.002
82960,93980.48,24.80,-0.2309,-0.9436,-0.1810,0.76,-0.36,-0.50,30.081,-6.186,0.002
82970,93979.14,24.80,-0.2440,-0.9236,-0.1262,0.16,-0.05,-0.33,30.019,-6.186,0.002
82980,93982.05,24.81,-0.2252,-0.9392,-0.1704,0.04,-0.04,0.13,29.957,-6.186,0.002
82990,93984.64,24.81,-0.2061,-0.9301,-0.1756,-0.08,0.11,-0.16,29.895,-6.186,0.002
83000,93983.79,24.81,-0.2319,-0.9320,-0.1984,0.05,-0.32,-0.06,29.833,-6.186,0.002
83010,93982.85,24.81,-0.2251,-0.9167,-0.2030,0.39,-0.84,-0.17,29.771,-6.186,0.002
83020,93987.17,24.81,-0.2131,-0.9284,-0.1597,-0.01,-0.58,-0.71,29.710,-6.186,0.002
83030,93987.79,24.81,-0.2743,-0.9377,-0.1799,-0.21,-0.27,-0.42,29.648,-6.186,0.002
83040,93987.63,24.81,-0.2293,-0.9132,-0.2449,0.07,-0.54,-0.35,29.586,-6.186,0.002
83050,93988.51,24.81,-0.1614,-0.9064,-0.1896,-0.36,-0.62,-0.27,29.524,-6.186,0.002
83060,93986.94,24.81,-0.2457,-0.9251,-0.2247,0.03,-0.25,-0.14,29.462,-6.186,0.002
83070,93984.55,24.81,-0.2400,-0.9601,-0.1563,0.09,-0.49,0.38,29.400,-6.186,0.002
83080,93993.29,24.81,-0.2608,-0.9265,-0.1890,0.14,-0.29,-0.45,29.338,-6.186,0.002
83090,93989.88,24.81,-0.2344,-0.9202,-0.2196,-0.16,-0.06,0.11,29.277,-6.186,0.002
83100,93992.01,24.81,-0.2187,-0.9276,-0.2084,-0.13,-0.80,0.13,29.215,-6.186,0.002
83110,93992.04,24.81,-0.2234,-0.9690,-0.2115,-0.76,-0.06,0.28,29.153,-6.186,0.002
83120,93991.69,24.81,-0.2090,-0.9512,-0.1987,0.14,0.38,-0.15,29.091,-6.186,0.002
83130,93993.21,24.81,-0.2436,-0.9247,-0.1885,-0.08,-0.11,-0.18,29.029,-6.186,0.002
83140,93992.93,24.81,-0.2366,-0.9497,-0.2199,0.35,0.07,-0.09,28.967,-6.186,0.002
83150,93994.54,24.81,-0.2449,-0.9405,-0.1568,-0.26,-0.35,0.34,28.905,-6.186,0.002
83160,93997.97,24.81,-0.1841,-0.9287,-0.2058,0.06,0.14,0.50,28.844,-6.186,0.002
83170,94000.07,24.81,-0.2122,-0.8847,-0.1905,0.33,-0.27,-0.58,28.782,-6.186,0.002
83180,93996.75,24.81,-0.1985,-0.9623,-0.2036,-0.11,-0.26,-0.30,28.720,-6.186,0.002
83190,93996.94,24.81,-0.2395,-0.9294,-0.1749,0.62,-0.53,-0.38,28.658,-6.186,0.002
83200,94000.68,24.81,-0.2657,-0.9235,-0.2125,0.27,-0.89,-0.59,28.596,-6.186,0.002
83210,94000.83,24.81,-0.2423,-0.9298,-0.2062,0.50,-0.45,-0.49,28.534,-6.186,0.002
83220,94000.71,24.81,-0.2232,-0.9368,-0.2352,0.46,-0.51,0.03,28.472,-6.186,0.002
83230,94004.22,24.82,-0.1966,-0.9436,-0.1838,0.27,-0.43,0.02,28.411,-6.186,0.002
83240,94001.24,24.82,-0.2162,-0.9096,-0.2044,0.25,-0.19,-0.30,28.349,-6.186,0.002
83250,94003.82,24.82,-0.2257,-0.8907,-0.2229,-0.13,-0.21,-0.53,28.287,-6.186,0.002
83260,94003.20,24.82,-0.1997,-0.9323,-0.2103,0.88,-0.29,-0.10,28.225,-6.186,0.002
83270,93999.74,24.82,-0.2330,-0.9391,-0.1820,-0.25,0.10,-0.37,28.163,-6.186,0.002
83280,94007.12,24.82,-0.2408,-0.9233,-0.1968,0.11,-0.87,-0.47,28.101,-6.186,0.002
83290,94004.46,24.82,-0.2425,-0.9518,-0.2055,-0.25,-0.20,-0.46,28.039,-6.186,0.002
83300,94005.20,24.82,-0.2071,-0.9527,-0.1737,-0.32,-0.48,-0.39,27.978,-6.186,0.002
83310,94007.48,24.82,-0.1967,-0.9240,-0.2070,-0.13,-0.18,-0.05,27.916,-6.186,0.002
83320,94007.54,24.82,-0.2270,-0.9395,-0.1678,-0.29,-0.57,-0.19,27.854,-6.186,0.002
83330,94007.70,24.82,-0.2497,-0.9134,-0.1893,-0.08,-0.14,-0.58,27.792,-6.185,0.002
83340,94009.46,24.82,-0.2422,-0.9081,-0.1883,0.37,-0.45,-0.18,27.730,-6.185,0.002
83350,94008.04,24.82,-0.2704,-0.9405,-0.1951,0.20,-0.10,-0.23,27.668,-6.185,0.002
83360,94009.38,24.82,-0.2403,-0.9147,-0.2111,-0.02,-0.03,-0.18,27.606,-6.185,0.002
83370,94004.96,24.82,-0.2271,-0.9201,-0.1758,0.14,0.16,-0.02,27.545,-6.185,0.002
83380,94006.15,24.82,-0.2498,-0.9394,-0.1949,-0.24,-0.39,-0.35,27.483,-6.185,0.002
83390,94008.51,24.82,-0.2414,-0.9312,-0.1542,0.24,-0.58,-0.01,27.421,-6.185,0.002
83400,94015.93,24.82,-0.1944,-0.9439,-0.2076,0.20,-0.35,0.24,27.359,-6.185,0.002
83410,94006.51,24.82,-0.2166,-0.9115,-0.1864,0.04,0.06,-0.40,27.297,-6.185,0.002
83420,94016.40,24.82,-0.2179,-0.9314,-0.1855,0.28,-0.16,0.26,27.235,-6.185,0.002
83430,94008.35,24.82,-0.2317,-0.9397,-0.1968,0.28,0.08,-0.51,27.174,-6.185,0.002
83440,94012.70,24.82,-0.2207,-0.9371,-0.1619,-0.32,-0.21,-0.54,27.112,-6.185,0.002
83450,94017.08,24.82,-0.2291,-0.9146,-0.1685,-0.04,-0.58,-0.39,27.050,-6.185,0.002
83460,94020.91,24.82,-0.2480,-0.9599,-0.2107,0.27,-0.45,-0.61,26.988,-6.185,0.002
83470,94018.56,24.82,-0.2286,-0.9554,-0.1792,0.09,0.16,0.24,26.926,-6.185,0.002
83480,94019.55,24.83,-0.2189,-0.9548,-0.1946,-0.59,0.38,-0.29,26.864,-6.185,0.002
83490,94018.87,24.83,-0.2050,-0.9185,-0.1787,-0.07,-0.40,-0.81,26.802,-6.185,0.002
83500,94023.45,24.83,-0.1973,-0.9458,-0.1858,0.61,-0.07,-0.06,26.741,-6.185,0.002
83510,94021.98,24.83,-0.2325,-0.9358,-0.1533,0.31,-0.64,-0.21,26.679,-6.185,0.002
83520,94020.10,24.83,-0.2381,-0.8828,-0.1780,-0.02,-0.33,-0.01,26.617,-6.185,0.002
83530,94019.98,24.83,-0.2056,-0.9334,-0.2253,0.28,-0.29,0.12,26.555,-6.185,0.002
83540,94020.56,24.83,-0.2404,-0.9593,-0.1644,0.34,-0.29,-0.24,26.493,-6.185,0.002
83550,94021.17,24.83,-0.2303,-0.9281,-0.2070,-0.02,-0.54,-0.21,26.431,-6.185,0.002
83560,94020.06,24.83,-0.2351,-0.8985,-0.1995,0.48,-0.15,0.27,26.369,-6.185,0.002
83570,94020.18,24.83,-0.2093,-0.9487,-0.1912,0.49,-0.02,-0.99,26.308,-6.185,0.002
83580,94021.74,24.83,-0.1964,-0.9340,-0.2078,-0.55,-0.00,-0.87,26.246,-6.185,0.002
83590,94023.41,24.83,-0.1971,-0.8931,-0.2259,-0.50,-0.06,-0.34,26.184,-6.185,0.002
83600,94027.68,24.83,-0.1960,-0.9296,-0.1846,0.28,-0.24,-0.28,26.122,-6.185,0.002
83610,94028.55,24.83,-0.2321,-0.9501,-0.1854,-1.13,-0.47,-0.58,26.060,-6.185,0.002
83620,94025.21,24.83,-0.2456,-0.9550,-0.2083,0.40,-0.48,-0.21,25.998,-6.185,0.002
83630,94029.77,24.83,-0.2124,-0.9417,-0.1936,-0.12,-0.54,0.00,25.936,-6.185,0.002
83640,94027.06,24.83,-0.2434,-0.9286,-0.1526,0.57,-0.32,-0.10,25.875,-6.185,0.002
83650,94030.11,24.83,-0.2165,-0.9238,-0.1695,-0.07,0.28,0.05,25.813,-6.185,0.002
83660,94033.76,24.83,-0.2187,-0.9695,-0.1661,0.57,-0.44,-0.25,25.751,-6.185,0.002
83670,94028.94,24.83,-0.2302,-0.9344,-0.1700,0.03,-0.46,0.30,25.689,-6.185,0.002
83680,94033.19,24.83,-0.2076,-0.9360,-0.1905,0.12,-0.23,0.39,25.627,-6.185,0.002
83690,94032.00,24.83,-0.2302,-0.9628,-0.2049,0.14,-0.10,-0.49,25.565,-6.185,0.002
83700,94027.73,24.83,-0.2221,-0.9587,-0.2001,-0.23,0.01,0.03,25.504,-6.185,0.002
83710,94034.57,24.83,-0.2126,-0.9169,-0.2190,0.14,-0.47,0.10,25.442,-6.185,0.002
83720,94035.49,24.84,-0.2225,-0.8851,-0.1607,0.36,-0.42,-0.08,25.380,-6.185,0.002
83730,94032.68,24.84,-0.2448,-0.9217,-0.1941,0.17,-0.28,-0.37,25.318,-6.185,0.002
83740,94035.91,24.84,-0.2394,-0.9522,-0.1915,-0.14,-0.10,-0.49,25.256,-6.185,0.002
83750,94031.69,24.84,-0.2412,-0.9772,-0.1988,0.28,-0.30,-0.53,25.194,-6.185,0.002
83760,94040.17,24.84,-0.2139,-0.9511,-0.1665,0.20,-0.70,-0.51,25.132,-6.185,0.002
83770,94037.88,24.84,-0.1640,-0.9372,-0.2017,0.16,-0.62,-0.19,25.071,-6.185,0.002
83780,94040.69,24.84,-0.2258,-0.9211,-0.1953,0.57,-0.24,-0.23,25.009,-6.185,0.002
83790,94041.26,24.84,-0.2147,-0.9593,-0.1782,0.05,0.11,0.51,24.947,-6.185,0.002
83800,94040.93,24.84,-0.2124,-0.9356,-0.2089,-0.40,-0.41,-0.81,24.885,-6.185,0.002
83810,94042.13,24.84,-0.2258,-0.9320,-0.1601,-0.41,-0.25,-0.12,24.823,-6.185,0.002
83820,94039.35,24.84,-0.2166,-0.9404,-0.2126,0.19,-0.38,0.08,24.761,-6.185,0.002
83830,94048.19,24.84,-0.2419,-0.9352,-0.2204,-0.09,-0.54,-0.45,24.700,-6.185,0.002
83840,94045.18,24.84,-0.2277,-0.9543,-0.2040,-0.02,-0.28,0.01,24.638,-6.185,0.002
83850,94042.02,24.84,-0.2084,-0.8907,-0.1784,0.21,-0.17,-0.35,24.576,-6.185,0.002
83860,94042.13,24.84,-0.1916,-0.9270,-0.1987,0.60,0.10,-0.17,24.514,-6.184,0.002
83870,94046.86,24.84,-0.2134,-0.9530,-0.1998,0.27,-0.28,-0.05,24.452,-6.184,0.002
83880,94046.05,24.84,-0.2624,-0.9533,-0.1798,-0.37,-0.24,0.29,24.390,-6.184,0.002
83890,94045.15,24.84,-0.2459,-0.9169,-0.1970,0.01,0.24,-0.65,24.328,-6.184,0.002
83900,94045.67,24.84,-0.2506,-0.9429,-0.1814,0.08,-0.18,-0.22,24.267,-6.184,0.002
83910,94046.52,24.84,-0.2359,-0.9385,-0.2224,0.07,-0.35,-0.85,24.205,-6.184,0.002
83920,94043.94,24.84,-0.2695,-0.9593,-0.1762,-0.47,0.15,-0.06,24.143,-6.184,0.002
83930,94048.17,24.84,-0.2225,-0.9375,-0.1751,-0.80,-0.25,-0.11,24.081,-6.184,0.002
83940,94049.28,24.84,-0.2085,-0.9512,-0.2205,0.16,-0.40,-0.25,24.019,-6.184,0.002
83950,94046.36,24.84,-0.2431,-0.9453,-0.1620,0.01,-0.34,0.02,23.957,-6.184,0.002
83960,94055.12,24.84,-0.1763,-0.9382,-0.1857,0.16,-0.30,-0.43,23.896,-6.184,0.002
83970,94056.76,24.85,-0.2478,-0.9412,-0.1990,-0.53,0.14,-0.84,23.834,-6.184,0.002
83980,94052.78,24.85,-0.2622,-0.9476,-0.1845,-0.14,-0.39,-0.40,23.772,-6.184,0.002
83990,94053.23,24.85,-0.1958,-0.9018,-0.1733,0.36,-0.37,-0.33,23.710,-6.184,0.002
84000,94052.31,24.85,-0.2009,-0.9634,-0.1871,0.45,-0.71,-0.31,23.648,-6.184,0.002
84010,94052.30,24.85,-0.2307,-0.9432,-0.1578,0.30,-0.12,-0.13,23.586,-6.184,0.002
84020,94057.75,24.85,-0.2369,-0.9301,-0.1943,-0.05,-0.71,-0.11,23.525,-6.184,0.002
84030,94056.26,24.85,-0.2193,-0.9232,-0.1590,0.08,-0.05,-0.11,23.463,-6.184,0.002
84040,94055.36,24.85,-0.2483,-0.9337,-0.1918,0.66,0.04,-0.36,23.401,-6.184,0.002
84050,94055.63,24.85,-0.2179,-0.9507,-0.2052,-0.13,0.03,-0.44,23.339,-6.184,0.002
84060,94054.87,24.85,-0.2475,-0.9452,-0.1663,0.08,0.05,-0.44,23.277,-6.184,0.002
84070,94057.07,24.85,-0.2190,-0.9527,-0.1913,0.31,-0.13,-0.57,23.215,-6.184,0.002
84080,94060.29,24.85,-0.2368,-0.9379,-0.2313,-0.01,-0.12,0.15,23.153,-6.184,0.002
84090,94059.13,24.85,-0.2334,-0.9388,-0.2178,0.06,-0.45,-0.09,23.092,-6.184,0.002
84100,94061.82,24.85,-0.1978,-0.9705,-0.2142,0.21,-0.25,-0.28,23.030,-6.184,0.002
84110,94061.27,24.85,-0.2164,-0.9445,-0.2069,0.63,-0.23,-0.08,22.968,-6.184,0.002
84120,94061.45,24.85,-0.2442,-0.8759,-0.1790,0.09,0.05,0.08,22.906,-6.184,0.002
84130,94061.70,24.85,-0.2473,-0.9350,-0.2354,-0.13,-0.41,0.02,22.844,-6.184,0.002
84140,94060.45,24.85,-0.2434,-0.9054,-0.2078,0.01,-0.36,0.29,22.782,-6.184,0.002
84150,94062.77,24.85,-0.2234,-0.9335,-0.1856,-0.13,-0.20,-0.52,22.721,-6.184,0.002
84160,94070.95,24.85,-0.2092,-0.9685,-0.1780,0.31,-0.37,0.21,22.659,-6.184,0.002
84170,94065.89,24.85,-0.1979,-0.9411,-0.1749,0.09,-0.18,0.10,22.597,-6.184,0.002
84180,94067.68,24.85,-0.2476,-0.9286,-0.2200,0.10,-0.74,0.21,22.535,-6.184,0.002
84190,94066.40,24.85,-0.2371,-0.8892,-0.1737,-0.01,-0.83,-0.25,22.473,-6.184,0.002
84200,94067.87,24.85,-0.2448,-0.9443,-0.1812,0.82,-0.08,-0.78,22.411,-6.184,0.002
84210,94072.37,24.85,-0.2127,-0.9671,-0.1845,0.15,-0.11,-0.08,22.350,-6.184,0.002
84220,94072.96,24.86,-0.2364,-0.9238,-0.1616,-0.13,-0.50,-0.21,22.288,-6.184,0.002
84230,94070.13,24.86,-0.2092,-0.9312,-0.2062,-0.04,0.02,-0.65,22.226,-6.184,0.002
84240,94069.72,24.86,-0.2140,-0.9546,-0.2024,-0.05,-0.57,-0.57,22.164,-6.184,0.002
84250,94072.79,24.86,-0.2428,-0.9139,-0.1812,0.50,0.02,-0.27,22.102,-6.184,0.002
84260,94070.48,24.86,-0.2406,-0.9196,-0.1852,0.31,-0.06,0.04,22.040,-6.184,0.002
84270,94075.12,24.86,-0.2705,-0.9435,-0.1772,-0.06,0.10,-0.31,21.979,-6.184,0.002
84280,94074.51,24.86,-0.2521,-0.9518,-0.2026,0.32,-0.21,-0.15,21.917,-6.184,0.002
84290,94074.71,24.86,-0.2423,-0.9289,-0.2019,-0.42,-0.24,-0.11,21.855,-6.184,0.002
84300,94071.10,24.86,-0.2528,-0.9611,-0.1920,0.20,-0.14,-0.32,21.793,-6.184,0.002
84310,94076.65,24.86,-0.2171,-0.9421,-0.2271,-0.36,-0.37,-0.47,21.731,-6.184,0.002
84320,94073.66,24.86,-0.2517,-0.9432,-0.2248,0.21,-0.41,0.16,21.669,-6.184,0.002
84330,94077.46,24.86,-0.2109,-0.9437,-0.1808,-0.20,-0.05,0.27,21.607,-6.184,0.002
84340,94077.74,24.86,-0.2556,-0.9544,-0.1831,0.29,-0.10,0.19,21.546,-6.184,0.002
84350,94077.55,24.86,-0.2402,-0.9928,-0.1799,0.10,0.04,-0.06,21.484,-6.184,0.002
84360,94079.58,24.86,-0.2382,-0.9352,-0.1702,-0.04,0.02,-0.44,21.422,-6.184,0.002
84370,94084.01,24.86,-0.2228,-0.9640,-0.1833,0.43,-0.42,-0.06,21.360,-6.184,0.002
84380,94084.76,24.86,-0.2419,-0.9619,-0.1843,0.59,0.14,-0.44,21.298,-6.184,0.002
84390,94079.84,24.86,-0.2285,-0.9665,-0.1954,0.27,-0.49,-0.10,21.236,-6.184,0.002
84400,94077.91,24.86,-0.2199,-0.9060,-0.2107,-0.27,-0.16,0.06,21.175,-6.183,0.002
84410,94080.29,24.86,-0.2291,-0.9390,-0.2114,0.28,0.10,0.09,21.113,-6.183,0.002
84420,94080.75,24.86,-0.2083,-0.9185,-0.1980,-0.09,-0.01,-0.35,21.051,-6.183,0.002
84430,94084.50,24.86,-0.2298,-0.9317,-0.2097,0.04,-0.51,-0.34,20.989,-6.183,0.002
84440,94084.90,24.86,-0.1753,-0.8885,-0.1699,0.34,-0.18,-0.18,20.927,-6.183,0.002
84450,94088.96,24.86,-0.2420,-0.9420,-0.1850,0.66,-0.11,-0.24,20.865,-6.183,0.002
84460,94084.51,24.86,-0.2177,-0.9216,-0.1769,0.09,-0.52,-0.36,20.804,-6.183,0.002
84470,94084.42,24.87,-0.2243,-0.9546,-0.1827,-0.13,0.01,0.19,20.742,-6.183,0.002
84480,94085.65,24.87,-0.2034,-0.8998,-0.1794,0.05,-0.13,0.07,20.680,-6.183,0.002
84490,94085.13,24.87,-0.2604,-0.9197,-0.1901,0.25,-0.22,-0.37,20.618,-6.183,0.002
84500,94086.97,24.87,-0.2390,-0.9463,-0.1931,0.19,-0.33,-0.02,20.556,-6.183,0.002
84510,94088.10,24.87,-0.2566,-0.9170,-0.2152,0.51,0.07,0.02,20.494,-6.183,0.002
84520,94090.57,24.87,-0.2476,-0.9421,-0.1805,-0.07,0.37,-0.24,20.433,-6.183,0.002
84530,94092.84,24.87,-0.2163,-0.9387,-0.1551,0.18,-0.60,-0.15,20.371,-6.183,0.002
84540,94086.49,24.87,-0.2270,-0.9489,-0.1896,0.55,-0.23,-0.20,20.309,-6.183,0.002
84550,94088.19,24.87,-0.2433,-0.9451,-0.1812,0.44,-0.28,0.25,20.247,-6.183,0.002
84560,94089.58,24.87,-0.1957,-0.9216,-0.1650,-0.15,-0.00,0.44,20.185,-6.183,0.002
84570,94092.04,24.87,-0.2309,-0.9485,-0.2040,0.49,-0.21,-0.41,20.123,-6.183,0.002
84580,94093.77,24.87,-0.2116,-0.9434,-0.1947,0.43,-0.37,-0.58,20.062,-6.183,0.002
84590,94091.88,24.87,-0.2175,-0.9155,-0.1971,0.15,-0.36,0.25,20.000,-6.183,0.002
84600,94093.36,24.87,-0.2391,-0.9470,-0.1926,-0.34,-0.16,-0.06,19.938,-6.183,0.002
84610,94096.28,24.87,-0.1846,-0.9589,-0.1671,-0.52,-0.26,0.46,19.876,-6.183,0.002
84620,94098.66,24.87,-0.2221,-0.9158,-0.1641,0.13,-0.05,-0.12,19.814,-6.183,0.002
84630,94096.33,24.87,-0.2071,-0.9565,-0.1464,0.36,-0.32,-0.15,19.752,-6.183,0.002
84640,94096.54,24.87,-0.2745,-0.9307,-0.2084,0.40,-1.09,-0.17,19.691,-6.183,0.002
84650,94094.14,24.87,-0.2509,-0.9409,-0.1849,-0.48,-0.35,-0.58,19.629,-6.183,0.002
84660,94098.25,24.87,-0.2233,-0.9125,-0.1681,0.29,-0.10,-0.53,19.567,-6.183,0.002
84670,94101.24,24.87,-0.2171,-0.9582,-0.1862,-0.04,-0.30,-0.31,19.505,-6.183,0.002
84680,94100.99,24.87,-0.2815,-0.9228,-0.1580,0.46,-0.34,0.00,19.443,-6.183,0.002
84690,94106.55,24.87,-0.2374,-0.9256,-0.1825,-0.00,-0.17,-0.55,19.382,-6.183,0.002
84700,94103.47,24.87,-0.2267,-0.9274,-0.1862,0.57,-0.19,-0.50,19.320,-6.183,0.002
84710,94104.42,24.87,-0.2609,-0.9343,-0.2029,0.15,-0.22,-0.88,19.258,-6.183,0.002
84720,94106.76,24.88,-0.2353,-0.9658,-0.2131,0.50,-0.16,-0.36,19.196,-6.183,0.002
84730,94101.50,24.88,-0.2013,-0.9715,-0.2134,0.52,-0.39,-0.18,19.134,-6.183,0.002
84740,94107.94,24.88,-0.2159,-0.9156,-0.1835,-0.39,0.01,-0.46,19.072,-6.183,0.002
84750,94109.42,24.88,-0.2515,-0.9480,-0.1690,0.19,-0.35,0.31,19.011,-6.183,0.002
84760,94106.25,24.88,-0.2125,-0.9451,-0.1747,0.37,-0.92,-0.23,18.949,-6.183,0.002
84770,94105.47,24.88,-0.2403,-0.9715,-0.1844,0.64,-0.56,-0.41,18.887,-6.183,0.002
84780,94107.79,24.88,-0.2272,-0.9265,-0.1465,0.46,-0.07,-0.88,18.825,-6.183,0.002
84790,94109.78,24.88,-0.1997,-0.8901,-0.1770,0.49,-0.53,-0.02,18.763,-6.183,0.002
84800,94107.82,24.88,-0.2058,-0.8974,-0.1624,-0.18,-0.29,-0.35,18.701,-6.183,0.002
84810,94107.67,24.88,-0.2474,-0.9666,-0.1974,0.06,0.01,0.11,18.640,-6.183,0.002
84820,94108.36,24.88,-0.2709,-0.9378,-0.2070,0.05,-0.18,-0.07,18.578,-6.183,0.002
84830,94111.56,24.88,-0.2631,-0.9148,-0.1972,-0.13,0.06,-0.25,18.516,-6.183,0.002
84840,94111.03,24.88,-0.2052,-0.9268,-0.1814,-0.11,0.05,-0.54,18.454,-6.183,0.002
84850,94114.58,24.88,-0.2360,-0.9472,-0.2043,-0.07,-0.25,0.09,18.392,-6.183,0.002
84860,94117.52,24.88,-0.2294,-0.9598,-0.1960,0.09,0.15,-0.14,18.330,-6.183,0.002
84870,94109.89,24.88,-0.2404,-0.9370,-0.1685,0.19,-0.10,-0.18,18.269,-6.183,0.002
84880,94117.04,24.88,-0.2482,-0.9233,-0.1995,0.31,-0.42,-0.01,18.207,-6.183,0.002
84890,94108.58,24.88,-0.2284,-0.9655,-0.1747,-0.30,-0.06,-0.38,18.145,-6.183,0.002
84900,94114.55,24.88,-0.1520,-0.9502,-0.1940,0.57,0.05,-0.25,18.083,-6.183,0.002
84910,94112.48,24.88,-0.2163,-0.9264,-0.1979,-0.02,-0.29,-0.11,18.021,-6.183,0.002
84920,94117.08,24.88,-0.2418,-0.9190,-0.2242,0.10,0.15,-0.22,17.959,-6.183,0.002
84930,94115.98,24.88,-0.2468,-0.9426,-0.1687,0.49,-0.75,-0.24,17.898,-6.183,0.002
84940,94117.42,24.88,-0.2235,-0.9212,-0.1912,0.44,-0.57,-0.36,17.836,-6.182,0.002
84950,94124.05,24.88,-0.1877,-0.9403,-0.1794,-0.01,-0.25,-0.45,17.774,-6.182,0.002
84960,94125.78,24.88,-0.2539,-0.9285,-0.2016,0.34,-0.20,0.08,17.712,-6.182,0.002
84970,94120.85,24.89,-0.2018,-0.9415,-0.1964,0.31,0.21,-0.99,17.650,-6.182,0.002
84980,94120.97,24.89,-0.2180,-0.9522,-0.1893,0.06,0.05,-0.46,17.589,-6.182,0.002
84990,94121.05,24.89,-0.2326,-0.9488,-0.1824,0.11,-0.48,-0.15,17.527,-6.182,0.002
85000,94126.98,24.89,-0.2483,-0.9661,-0.2099,0.25,-0.38,-0.12,17.465,-6.182,0.002
85010,94120.79,24.89,-0.2290,-0.9077,-0.1968,-0.08,0.37,-0.37,17.403,-6.182,0.002
85020,94125.43,24.89,-0.2128,-0.9645,-0.1924,0.20,0.09,-0.71,17.341,-6.182,0.002
85030,94125.67,24.89,-0.2374,-0.9324,-0.2135,0.01,-0.08,-0.28,17.279,-6.182,0.002
85040,94124.53,24.89,-0.2013,-0.8752,-0.1984,-0.56,-0.51,-0.28,17.218,-6.182,0.002
85050,94129.36,24.89,-0.2198,-0.9254,-0.1807,-0.02,-0.18,-0.40,17.156,-6.182,0.002
85060,94130.61,24.89,-0.2436,-0.9353,-0.1758,-0.19,-0.33,0.10,17.094,-6.182,0.002
85070,94126.15,24.89,-0.2464,-0.9620,-0.2200,-0.12,-0.49,0.21,17.032,-6.182,0.002
85080,94130.42,24.89,-0.2055,-0.9247,-0.2197,-0.41,-0.21,-0.25,16.970,-6.182,0.002
85090,94129.58,24.89,-0.2457,-0.9537,-0.1872,0.28,0.25,-0.17,16.908,-6.182,0.002
85100,94124.70,24.89,-0.1941,-0.9437,-0.1822,-0.43,-0.33,0.35,16.847,-6.182,0.002
85110,94129.93,24.89,-0.2270,-0.9320,-0.1735,0.01,-0.41,0.50,16.785,-6.182,0.002
85120,94133.66,24.89,-0.2481,-0.9143,-0.2012,-0.34,-0.41,-0.21,16.723,-6.182,0.002
85130,94135.68,24.89,-0.2083,-0.9355,-0.1547,0.73,-0.52,0.12,16.661,-6.182,0.002
85140,94137.56,24.89,-0.2171,-0.9433,-0.1824,0.20,-0.14,-0.02,16.599,-6.182,0.002
85150,94135.80,24.89,-0.1890,-0.9251,-0.1835,0.08,-0.18,-0.21,16.538,-6.182,0.002
85160,94135.29,24.89,-0.2049,-0.9785,-0.2191,0.49,-0.14,-0.72,16.476,-6.182,0.002
85170,94135.28,24.89,-0.2559,-0.9139,-0.2058,0.57,-0.40,-0.30,16.414,-6.182,0.002
85180,94135.79,24.89,-0.2582,-0.9000,-0.2013,-0.16,0.14,-0.07,16.352,-6.182,0.002
85190,94138.87,24.89,-0.2261,-0.9550,-0.1623,0.23,-0.05,0.80,16.290,-6.182,0.002
85200,94138.88,24.89,-0.2198,-0.9048,-0.2256,-0.22,-0.19,-0.24,16.228,-6.182,0.002
85210,94135.93,24.89,-0.1760,-0.9759,-0.1817,-0.05,-0.04,0.18,16.167,-6.182,0.002
85220,94141.14,24.90,-0.2409,-0.8839,-0.1918,0.09,-0.25,0.02,16.105,-6.182,0.002
85230,94139.47,24.90,-0.2150,-0.8958,-0.2330,0.66,-0.79,-0.35,16.043,-6.182,0.002
85240,94137.23,24.90,-0.1988,-0.9456,-0.1805,0.89,0.17,-0.01,15.981,-6.182,0.002
85250,94139.87,24.90,-0.2307,-0.9663,-0.2163,-0.03,-0.32,-0.34,15.919,-6.182,0.002
85260,94144.47,24.90,-0.2543,-0.9253,-0.2101,0.31,-1.12,-0.42,15.858,-6.182,0.002
85270,94144.27,24.90,-0.2345,-0.9374,-0.2038,0.17,-0.50,-0.20,15.796,-6.182,0.002
85280,94139.00,24.90,-0.1838,-0.9497,-0.1674,-0.26,-0.07,-0.75,15.734,-6.182,0.002
85290,94144.09,24.90,-0.2263,-0.9437,-0.1793,0.13,0.06,-1.06,15.672,-6.182,0.002
85300,94146.57,24.90,-0.2526,-0.8799,-0.1841,0.59,0.05,-0.19,15.610,-6.182,0.002
85310,94143.88,24.90,-0.1977,-0.9310,-0.2189,-0.44,-0.09,0.03,15.548,-6.182,0.002
85320,94147.45,24.90,-0.2441,-0.9050,-0.1708,-0.01,-0.40,-0.82,15.487,-6.182,0.002
85330,94147.72,24.90,-0.2433,-0.9681,-0.1730,-0.37,-0.13,-0.86,15.425,-6.182,0.002
85340,94149.05,24.90,-0.2008,-0.9109,-0.1639,0.13,-0.16,0.06,15.363,-6.182,0.002
85350,94147.51,24.90,-0.2453,-0.9298,-0.2035,0.17,-0.29,-0.03,15.301,-6.182,0.002
85360,94146.07,24.90,-0.2150,-0.9299,-0.1766,-0.11,0.38,-0.42,15.239,-6.182,0.002
85370,94147.31,24.90,-0.2485,-0.9326,-0.2242,0.57,-0.74,0.11,15.178,-6.182,0.002
85380,94154.44,24.90,-0.2538,-0.9019,-0.2142,0.15,-0.42,0.12,15.116,-6.182,0.002
85390,94148.66,24.90,-0.2480,-0.9418,-0.1806,0.17,0.11,0.05,15.054,-6.182,0.002
85400,94148.26,24.90,-0.2378,-0.9394,-0.1914,-0.18,0.10,-0.17,14.992,-6.182,0.002
85410,94152.47,24.90,-0.1943,-0.9189,-0.1800,0.53,-0.29,-0.06,14.930,-6.182,0.002
85420,94153.70,24.90,-0.2331,-0.8996,-0.2020,-0.05,-0.73,0.16,14.868,-6.182,0.002
85430,94159.26,24.90,-0.2330,-0.9454,-0.2141,0.05,-0.37,-0.23,14.807,-6.182,0.002
85440,94158.02,24.90,-0.2198,-0.9399,-0.1827,-0.09,-0.34,0.09,14.745,-6.182,0.002
85450,94153.95,24.90,-0.2220,-0.9210,-0.1910,0.20,-0.19,-0.43,14.683,-6.182,0.002
85460,94155.29,24.90,-0.2170,-0.9237,-0.1859,-0.34,-0.57,-0.27,14.621,-6.182,0.002
85470,94155.88,24.91,-0.2608,-0.9260,-0.1907,-0.11,0.26,-0.66,14.559,-6.181,0.002
85480,94158.87,24.91,-0.2050,-0.9437,-0.1863,0.14,-0.21,-0.39,14.498,-6.181,0.002
85490,94156.69,24.91,-0.2210,-0.8969,-0.1610,0.09,-0.67,-0.11,14.436,-6.181,0.002
85500,94156.46,24.91,-0.2354,-0.9350,-0.1818,0.05,-0.84,-0.22,14.374,-6.181,0.002
85510,94160.98,24.91,-0.2253,-0.9531,-0.2223,0.07,-0.41,-0.42,14.312,-6.181,0.002
85520,94156.89,24.91,-0.2421,-0.9352,-0.2111,-0.05,-0.98,-0.04,14.250,-6.181,0.002
85530,94158.96,24.91,-0.2003,-0.9319,-0.1865,0.07,0.43,-0.11,14.188,-6.181,0.002
85540,94161.67,24.91,-0.2219,-0.9564,-0.1971,0.08,0.11,0.49,14.127,-6.181,0.002
85550,94159.82,24.91,-0.2503,-0.9113,-0.1813,0.21,-0.12,-0.14,14.065,-6.181,0.002
85560,94164.24,24.91,-0.1934,-0.9275,-0.2006,0.16,0.72,-0.01,14.003,-6.181,0.002
85570,94161.42,24.91,-0.1885,-0.9475,-0.1276,0.29,-0.27,-0.26,13.941,-6.181,0.002
85580,94165.74,24.91,-0.2344,-0.9353,-0.1828,-0.15,-0.06,-0.11,13.879,-6.181,0.002
85590,94162.92,24.91,-0.2320,-0.9243,-0.1661,0.20,-0.41,-0.29,13.818,-6.181,0.002
85600,94169.15,24.91,-0.2328,-0.9442,-0.1723,0.70,-0.36,-0.23,13.756,-6.181,0.002
85610,94169.41,24.91,-0.2580,-0.9235,-0.1742,0.42,-0.38,-0.83,13.694,-6.181,0.002
85620,94173.59,24.91,-0.2266,-0.9335,-0.1804,0.28,-0.41,0.17,13.632,-6.181,0.002
85630,94169.70,24.91,-0.2284,-0.9139,-0.1674,0.09,-0.18,0.35,13.570,-6.181,0.002
85640,94171.98,24.91,-0.2104,-0.9137,-0.1738,-0.04,-0.32,-0.71,13.509,-6.181,0.002
85650,94168.73,24.91,-0.2461,-0.9324,-0.1834,-0.05,-0.52,0.48,13.447,-6.181,0.002
85660,94174.17,24.91,-0.1980,-0.8568,-0.1970,0.04,-0.20,-0.52,13.385,-6.181,0.002
85670,94175.19,24.91,-0.2546,-0.9397,-0.1807,0.31,0.09,-0.02,13.323,-6.181,0.002
85680,94173.45,24.91,-0.2464,-0.9750,-0.2046,-0.25,-0.19,-0.10,13.261,-6.181,0.002
85690,94170.70,24.91,-0.1996,-0.8922,-0.1270,-0.23,-0.28,0.19,13.199,-6.181,0.002
85700,94171.56,24.91,-0.2167,-0.9043,-0.2219,0.24,-0.32,-0.49,13.138,-6.181,0.002
85710,94176.17,24.92,-0.1818,-0.9398,-0.1851,0.18,-0.41,0.11,13.076,-6.181,0.002
85720,94171.94,24.92,-0.2386,-0.9193,-0.1869,0.27,-0.22,-0.38,13.014,-6.181,0.002
85730,94171.95,24.92,-0.2205,-0.9496,-0.2093,-0.06,-0.16,-0.09,12.952,-6.181,0.002
85740,94175.03,24.92,-0.2339,-0.9502,-0.1997,0.13,0.37,0.18,12.890,-6.181,0.002
85750,94169.28,24.92,-0.1952,-0.9238,-0.1836,0.23,-0.28,-0.43,12.829,-6.181,0.002
85760,94174.98,24.92,-0.2023,-0.8954,-0.1708,0.32,-0.03,-0.31,12.767,-6.181,0.002
85770,94176.56,24.92,-0.2358,-0.8936,-0.2224,0.23,-0.70,0.16,12.705,-6.181,0.002
85780,94180.55,24.92,-0.2329,-0.9588,-0.1823,0.25,-0.32,0.30,12.643,-6.181,0.002
85790,94181.13,24.92,-0.2003,-0.9057,-0.1958,0.03,-0.34,-0.13,12.581,-6.181,0.002
85800,94179.50,24.92,-0.1735,-0.9306,-0.1759,-0.40,-0.24,-0.18,12.520,-6.181,0.002
85810,94175.87,24.92,-0.2397,-0.9475,-0.1800,-0.08,-0.38,-0.48,12.458,-6.181,0.002
85820,94181.08,24.92,-0.2530,-0.9454,-0.2120,0.15,-0.26,-0.52,12.396,-6.181,0.002
85830,94181.09,24.92,-0.2090,-0.9326,-0.2197,0.22,-0.67,-0.67,12.334,-6.181,0.002
85840,94183.51,24.92,-0.1952,-0.9397,-0.1998,0.21,-0.43,-0.04,12.272,-6.181,0.002
85850,94185.37,24.92,-0.2258,-0.9285,-0.1965,0.90,-0.32,-0.67,12.211,-6.181,0.002
85860,94182.33,24.92,-0.2128,-0.9434,-0.1855,0.31,-0.01,-0.16,12.149,-6.181,0.002
85870,94181.14,24.92,-0.2186,-0.9251,-0.2007,0.59,0.06,-0.04,12.087,-6.181,0.002
85880,94186.85,24.92,-0.1610,-0.9453,-0.1649,-0.04,-0.43,-0.08,12.025,-6.181,0.002
85890,94184.89,24.92,-0.2527,-0.9205,-0.1998,0.46,-0.35,-0.23,11.963,-6.181,0.002
85900,94185.56,24.92,-0.2033,-0.9538,-0.1826,0.45,-0.13,-0.65,11.902,-6.181,0.002
85910,94191.59,24.92,-0.2349,-0.9615,-0.1550,-0.47,-0.24,-0.24,11.840,-6.181,0.002
85920,94185.79,24.92,-0.2616,-0.9253,-0.1453,-0.11,-0.16,0.05,11.778,-6.181,0.002
85930,94185.76,24.92,-0.2016,-0.9398,-0.1797,0.04,-0.19,-0.25,11.716,-6.181,0.002
85940,94187.31,24.92,-0.2060,-0.9212,-0.1731,-0.25,-0.38,-0.12,11.654,-6.181,0.002
85950,94191.58,24.92,-0.2296,-0.8920,-0.1744,-0.46,0.02,-0.25,11.592,-6.181,0.002
85960,94189.91,24.93,-0.2423,-0.9275,-0.2162,-0.47,-0.76,-0.57,11.531,-6.181,0.002
85970,94195.10,24.93,-0.2253,-0.9416,-0.1650,0.16,-0.51,-0.22,11.469,-6.181,0.002
85980,94193.94,24.93,-0.1881,-0.9371,-0.2133,0.08,-0.09,-0.33,11.407,-6.181,0.002
85990,94194.68,24.93,-0.2410,-0.8823,-0.1854,0.10,0.03,-0.03,11.345,-6.181,0.002
86000,94194.03,24.93,-0.2316,-0.9423,-0.1988,0.30,-0.32,-0.15,11.283,-6.181,0.002
86010,94196.29,24.93,-0.2017,-0.9426,-0.2077,0.14,-0.74,-0.62,11.222,-6.180,0.002
86020,94194.95,24.93,-0.2180,-0.9373,-0.1860,-0.00,-0.60,-0.44,11.160,-6.180,0.002
86030,94197.49,24.93,-0.2371,-0.9707,-0.2012,0.19,-0.63,-0.01,11.098,-6.180,0.002
86040,94197.03,24.93,-0.2165,-0.9518,-0.2244,-0.07,-0.66,-0.17,11.036,-6.180,0.002
86050,94197.89,24.93,-0.2392,-0.9409,-0.1775,0.01,-0.42,-0.12,10.974,-6.180,0.002
86060,94201.56,24.93,-0.2182,-0.9224,-0.2147,0.17,-0.59,-0.38,10.913,-6.180,0.002
86070,94199.17,24.93,-0.2292,-0.9186,-0.2012,0.88,-0.07,-0.23,10.851,-6.180,0.002
86080,94199.22,24.93,-0.2637,-0.9410,-0.1544,0.22,-0.82,-0.18,10.789,-6.180,0.002
86090,94198.68,24.93,-0.2193,-0.9417,-0.1873,0.18,0.31,-0.06,10.727,-6.180,0.002
86100,94202.70,24.93,-0.2164,-0.9556,-0.2364,0.40,-0.19,-0.37,10.665,-6.180,0.002
86110,94201.19,24.93,-0.2068,-0.9698,-0.1988,0.14,-0.46,-0.22,10.604,-6.180,0.002
86120,94204.22,24.93,-0.2743,-0.9347,-0.1634,0.20,-0.11,-0.12,10.542,-6.180,0.002
86130,94202.57,24.93,-0.2100,-0.9498,-0.2125,0.40,-0.15,-0.39,10.480,-6.180,0.002
86140,94207.99,24.93,-0.2079,-0.9479,-0.1980,0.33,-0.28,-0.36,10.418,-6.180,0.002
86150,94205.55,24.93,-0.2342,-0.9183,-0.1914,-0.21,-0.40,0.02,10.356,-6.180,0.002
86160,94204.77,24.93,-0.2352,-0.9525,-0.1606,0.32,-0.26,-0.01,10.295,-6.180,0.002
86170,94205.06,24.93,-0.2027,-0.9019,-0.1785,-0.23,-0.11,0.09,10.233,-6.180,0.002
86180,94205.65,24.93,-0.2192,-0.9267,-0.1621,0.36,-0.47,-0.47,10.171,-6.180,0.002
86190,94201.78,24.93,-0.2293,-0.9237,-0.1771,0.34,-0.26,-0.52,10.109,-6.180,0.002
86200,94204.95,24.93,-0.2285,-0.9200,-0.2055,-0.07,-0.47,-0.62,10.047,-6.180,0.002
86210,94210.28,24.94,-0.2505,-0.9212,-0.2001,-0.23,0.08,-0.21,9.986,-6.180,0.002
86220,94210.50,24.94,-0.2728,-0.9454,-0.1913,-0.12,0.16,-0.38,9.924,-6.180,0.002
86230,94208.02,24.94,-0.2550,-0.9270,-0.2082,0.30,-0.04,-0.40,9.862,-6.180,0.002
86240,94212.15,24.94,-0.2304,-0.9200,-0.2014,0.01,-0.03,0.05,9.800,-6.180,0.002
86250,94211.21,24.94,-0.2668,-0.9549,-0.2186,-0.11,-0.53,-0.63,9.738,-6.180,0.002
86260,94206.70,24.94,-0.2454,-0.9203,-0.1732,0.27,-0.08,0.00,9.677,-6.180,0.002
86270,94212.29,24.94,-0.2304,-0.9343,-0.1791,0.15,-0.10,-0.43,9.615,-6.180,0.002
86280,94216.56,24.94,-0.2402,-0.9425,-0.1613,0.06,-0.43,0.12,9.553,-6.180,0.002
86290,94210.71,24.94,-0.2122,-0.9538,-0.1907,0.60,-0.65,-0.24,9.491,-6.180,0.002
86300,94214.29,24.94,-0.2369,-0.9225,-0.2070,-0.23,-0.73,0.35,9.429,-6.180,0.002
86310,94212.41,24.94,-0.2216,-0.9383,-0.2021,-0.31,0.18,-0.35,9.368,-6.180,0.002
86320,94216.48,24.94,-0.2518,-0.9467,-0.1911,-0.17,0.19,-0.09,9.306,-6.180,0.002
86330,94215.80,24.94,-0.2156,-0.9343,-0.1723,-0.13,-0.41,-0.33,9.244,-6.180,0.002
86340,94213.05,24.94,-0.2248,-0.9413,-0.2220,0.31,-0.72,-0.44,9.182,-6.180,0.002
86350,94217.18,24.94,-0.2450,-0.9258,-0.1873,0.08,-0.40,0.21,9.120,-6.180,0.002
86360,94222.41,24.94,-0.1902,-0.9626,-0.2193,0.02,0.18,-0.33,9.059,-6.180,0.002
86370,94218.05,24.94,-0.1840,-0.9352,-0.1711,0.22,-0.59,0.12,8.997,-6.180,0.002
86380,94218.72,24.94,-0.2315,-0.9336,-0.2056,0.05,-0.48,-0.42,8.935,-6.180,0.002
86390,94223.00,24.94,-0.2203,-0.9550,-0.2094,-0.18,-0.54,-0.15,8.873,-6.180,0.002
86400,94223.58,24.94,-0.2221,-0.9305,-0.1722,0.31,-0.31,0.11,8.811,-6.180,0.002
86410,94221.51,24.94,-0.2440,-0.9484,-0.1826,-0.55,-0.07,-0.28,8.750,-6.180,0.002
86420,94222.17,24.94,-0.2457,-0.9488,-0.1936,0.15,0.21,0.32,8.688,-6.180,0.002
86430,94230.52,24.94,-0.2247,-0.9446,-0.1623,-0.16,-0.08,-0.53,8.626,-6.180,0.002
86440,94229.11,24.94,-0.2125,-0.9239,-0.2011,0.40,-0.15,0.08,8.564,-6.180,0.002
86450,94226.64,24.94,-0.2414,-0.9163,-0.1937,0.15,-0.39,-0.19,8.502,-6.180,0.002
86460,94222.86,24.95,-0.2228,-0.9329,-0.1779,0.37,-0.24,0.26,8.441,-6.180,0.002
86470,94226.93,24.95,-0.2113,-0.9300,-0.1557,-0.06,-1.01,0.11,8.379,-6.180,0.002
86480,94228.28,24.95,-0.2314,-0.9572,-0.2343,0.17,-0.53,0.13,8.317,-6.180,0.002
86490,94233.78,24.95,-0.2121,-0.9301,-0.2027,-0.22,-0.26,0.27,8.255,-6.180,0.002
86500,94231.07,24.95,-0.2375,-0.9240,-0.1830,-0.20,0.09,-0.01,8.193,-6.180,0.002
86510,94232.33,24.95,-0.1994,-0.9050,-0.1764,0.35,-0.26,-0.41,8.132,-6.180,0.002
86520,94232.38,24.95,-0.2157,-0.9234,-0.1921,-0.13,-0.52,-0.19,8.070,-6.180,0.002
86530,94228.56,24.95,-0.2387,-0.9300,-0.1619,-0.62,-0.72,-0.04,8.008,-6.180,0.002
86540,94228.59,24.95,-0.2080,-0.9361,-0.1703,0.44,0.17,0.02,7.946,-6.180,0.002
86550,94229.95,24.95,-0.2311,-0.9117,-0.1864,-0.16,0.01,-0.32,7.884,-6.179,0.002
86560,94235.30,24.95,-0.2115,-0.9413,-0.1838,0.18,-0.44,-0.14,7.823,-6.179,0.002
86570,94230.43,24.95,-0.2751,-0.9368,-0.1814,0.16,-0.46,-0.34,7.761,-6.179,0.002
86580,94233.20,24.95,-0.2481,-0.9455,-0.1892,-0.17,-0.23,-0.37,7.699,-6.179,0.002
86590,94233.13,24.95,-0.2415,-0.9145,-0.2292,0.15,-0.37,0.19,7.637,-6.179,0.002
86600,94233.72,24.95,-0.2480,-0.9231,-0.1684,0.84,0.21,-0.65,7.575,-6.179,0.002
86610,94239.82,24.95,-0.2231,-0.9401,-0.2120,0.20,-0.35,-0.80,7.514,-6.179,0.002
86620,94234.66,24.95,-0.2323,-0.9321,-0.2069,0.21,-0.03,-0.32,7.452,-6.179,0.002
86630,94239.82,24.95,-0.2400,-0.9315,-0.1590,0.00,0.29,-0.76,7.390,-6.179,0.002
86640,94242.94,24.95,-0.2127,-0.9399,-0.2330,-0.12,-0.51,-0.67,7.328,-6.179,0.002
86650,94239.94,24.95,-0.2218,-0.9399,-0.1691,0.31,-0.34,-0.12,7.267,-6.179,0.002
86660,94240.82,24.95,-0.2298,-0.9347,-0.1874,0.26,-0.31,0.10,7.205,-6.179,0.002
86670,94239.82,24.95,-0.2422,-0.9469,-0.1841,0.31,-0.31,-0.35,7.143,-6.179,0.002
86680,94244.37,24.95,-0.2154,-0.9522,-0.2238,0.68,-0.43,-0.24,7.081,-6.179,0.002
86690,94237.57,24.95,-0.2148,-0.9315,-0.1762,0.34,-0.56,0.06,7.019,-6.179,0.002
86700,94243.75,24.95,-0.2414,-0.9380,-0.2184,0.42,-0.04,-0.07,6.958,-6.179,0.002
86710,94244.22,24.96,-0.2250,-0.9449,-0.2325,0.17,-0.30,-0.13,6.896,-6.179,0.002
86720,94246.73,24.96,-0.2236,-0.9597,-0.1759,0.17,-0.27,-0.17,6.834,-6.179,0.002
86730,94248.41,24.96,-0.2254,-0.9271,-0.1938,-0.10,-0.14,-0.16,6.772,-6.179,0.002
86740,94245.29,24.96,-0.1967,-0.9325,-0.1971,0.28,-1.01,-0.12,6.710,-6.179,0.002
86750,94242.15,24.96,-0.2287,-0.9522,-0.1810,0.43,0.15,-0.33,6.649,-6.179,0.002
86760,94245.55,24.96,-0.2559,-0.9333,-0.1662,-0.01,-0.62,0.30,6.587,-6.179,0.002
86770,94249.97,24.96,-0.2207,-0.8908,-0.2059,-0.01,-0.73,0.05,6.525,-6.179,0.002
86780,94247.28,24.96,-0.2116,-0.9062,-0.2158,0.09,-0.36,-0.53,6.463,-6.179,0.002
86790,94249.41,24.96,-0.1997,-0.9371,-0.1744,0.04,0.18,0.24,6.401,-6.179,0.002
86800,94250.38,24.96,-0.2391,-0.9309,-0.1877,-0.39,0.23,-0.40,6.340,-6.179,0.002
86810,94252.97,24.96,-0.2041,-0.8963,-0.1662,-0.27,-0.41,-0.26,6.278,-6.179,0.002
86820,94250.76,24.96,-0.2140,-0.9367,-0.1677,0.46,-0.34,-0.02,6.216,-6.179,0.002
86830,94253.83,24.96,-0.2269,-0.9299,-0.1815,-0.35,-0.07,-0.60,6.154,-6.179,0.002
86840,94251.76,24.96,-0.1804,-0.9519,-0.1875,0.21,-0.26,-0.08,6.092,-6.179,0.002
86850,94252.67,24.96,-0.2265,-0.9494,-0.1782,0.20,-0.36,-0.64,6.031,-6.179,0.002
86860,94249.11,24.96,-0.2493,-0.9681,-0.1694,0.30,0.05,-0.57,5.969,-6.179,0.002
86870,94254.10,24.96,-0.2431,-0.9581,-0.1826,-0.07,-0.41,-0.37,5.907,-6.179,0.002
86880,94249.12,24.96,-0.2233,-0.9472,-0.1680,-0.20,0.01,-0.05,5.845,-6.179,0.002
86890,94260.24,24.96,-0.2060,-0.9256,-0.1752,0.35,-0.48,-0.40,5.784,-6.179,0.002
86900,94259.37,24.96,-0.1970,-0.9170,-0.1998,-0.28,-0.11,-0.36,5.722,-6.179,0.002
86910,94259.40,24.96,-0.2329,-0.9390,-0.2001,-0.13,0.00,0.21,5.660,-6.179,0.002
86920,94256.86,24.96,-0.2270,-0.9152,-0.1793,-0.03,-0.22,-0.06,5.598,-6.179,0.002
86930,94258.31,24.96,-0.2086,-0.9398,-0.2052,0.47,-0.88,-0.90,5.536,-6.179,0.002
86940,94262.55,24.96,-0.2661,-0.9202,-0.1817,-0.22,0.05,-0.28,5.475,-6.179,0.002
86950,94261.37,24.96,-0.2300,-0.9543,-0.2045,0.56,-0.34,-0.03,5.413,-6.179,0.002
86960,94263.48,24.97,-0.2325,-0.9207,-0.1998,0.05,-0.43,-0.34,5.351,-6.179,0.002
86970,94263.64,24.97,-0.2415,-0.9081,-0.1702,0.04,-1.02,-0.09,5.289,-6.179,0.002
86980,94262.19,24.97,-0.2420,-0.9384,-0.1737,0.23,-0.25,-0.38,5.227,-6.179,0.002
86990,94262.09,24.97,-0.2405,-0.9510,-0.1884,0.23,-0.12,-0.88,5.166,-6.179,0.002
87000,94265.36,24.97,-0.2287,-0.9380,-0.1945,-0.15,-0.63,-0.20,5.104,-6.179,0.002
87010,94264.17,24.97,-0.2172,-0.9279,-0.1551,-0.45,0.57,-0.35,5.042,-6.179,0.002
87020,94267.31,24.97,-0.2478,-0.9150,-0.1927,0.29,0.08,-0.04,4.980,-6.179,0.002
87030,94267.49,24.97,-0.2061,-0.9349,-0.1927,-0.10,-0.58,-0.87,4.919,-6.179,0.002
87040,94264.85,24.97,-0.2231,-0.9218,-0.1701,0.20,-0.25,-0.10,4.857,-6.179,0.002
87050,94268.91,24.97,-0.2374,-0.9058,-0.1934,-0.27,-0.23,0.03,4.795,-6.179,0.002
87060,94270.68,24.97,-0.2385,-0.9296,-0.2020,0.51,-0.30,-0.02,4.733,-6.179,0.002
87070,94272.00,24.97,-0.2105,-0.9087,-0.1730,0.01,0.04,-0.71,4.671,-6.179,0.002
87080,94269.93,24.97,-0.2193,-0.9084,-0.1738,0.39,-0.24,-0.14,4.610,-6.179,0.002
87090,94270.02,24.97,-0.2290,-0.9425,-0.1932,-0.50,0.22,-0.11,4.548,-6.178,0.002
87100,94271.84,24.97,-0.2340,-0.9332,-0.1796,-0.26,-0.13,-0.43,4.486,-6.178,0.002
87110,94273.56,24.97,-0.1759,-0.9377,-0.1942,0.47,-0.41,0.10,4.424,-6.178,0.002
87120,94273.09,24.97,-0.1745,-0.9175,-0.2091,0.36,-0.20,0.11,4.362,-6.178,0.002
87130,94274.00,24.97,-0.2146,-0.9484,-0.1732,0.12,0.05,0.00,4.301,-6.178,0.002
87140,94275.15,24.97,-0.2193,-0.9534,-0.1947,-0.19,-0.18,-0.19,4.239,-6.178,0.002
87150,94271.88,24.97,-0.1991,-0.9094,-0.1841,0.11,-0.05,-0.07,4.177,-6.178,0.002
87160,94276.98,24.97,-0.2219,-0.9361,-0.1736,-0.05,-0.04,-0.32,4.115,-6.178,0.002
87170,94278.42,24.97,-0.2126,-0.9421,-0.1907,0.01,-0.62,-0.26,4.054,-6.178,0.002
87180,94272.47,24.97,-0.2246,-0.8936,-0.1918,0.28,-0.46,0.09,3.992,-6.178,0.002
87190,94278.92,24.97,-0.2481,-0.9194,-0.1832,-0.19,-0.15,-0.05,3.930,-6.178,0.002
87200,94278.75,24.97,-0.2303,-0.9498,-0.1925,0.16,-0.33,-0.34,3.868,-6.178,0.002
87210,94281.91,24.98,-0.1918,-0.9185,-0.1795,-0.01,-0.32,-0.11,3.806,-6.178,0.002
87220,94275.20,24.98,-0.2102,-0.8892,-0.1938,0.23,0.01,0.12,3.745,-6.178,0.002
87230,94278.60,24.98,-0.2309,-0.9226,-0.2058,0.23,-0.13,-0.59,3.683,-6.178,0.002
87240,94283.76,24.98,-0.2436,-0.9379,-0.1707,0.20,-0.25,-0.37,3.621,-6.178,0.002
87250,94282.46,24.98,-0.2275,-0.9163,-0.1785,0.07,-0.20,-0.11,3.559,-6.178,0.002
87260,94280.29,24.98,-0.2194,-0.9740,-0.2196,0.07,0.02,-0.03,3.497,-6.178,0.002
87270,94283.20,24.98,-0.2154,-0.9329,-0.1927,-0.29,-0.42,-0.46,3.436,-6.178,0.002
87280,94281.77,24.98,-0.2477,-0.9010,-0.1996,-0.20,-0.57,-0.42,3.374,-6.178,0.002
87290,94282.94,24.98,-0.2279,-0.9191,-0.1906,0.03,-0.49,0.02,3.312,-6.178,0.002
87300,94287.62,24.98,-0.2105,-0.9142,-0.1442,0.37,-0.51,-0.34,3.250,-6.178,0.002
87310,94291.52,24.98,-0.2208,-0.9461,-0.2133,0.74,-0.08,-0.73,3.189,-6.178,0.002
87320,94283.41,24.98,-0.2301,-0.9209,-0.2148,-0.62,0.34,0.11,3.127,-6.178,0.002
87330,94284.44,24.98,-0.2304,-0.9541,-0.2203,0.19,0.06,-0.32,3.065,-6.178,0.002
87340,94288.10,24.98,-0.2342,-0.8953,-0.1858,0.24,-0.28,0.02,3.003,-6.178,0.002
87350,94290.99,24.98,-0.2186,-0.9432,-0.2287,0.27,-0.32,-0.12,2.941,-6.178,0.002
87360,94289.17,24.98,-0.2013,-0.9127,-0.2054,0.07,-0.12,-0.28,2.880,-6.178,0.002
87370,94292.25,24.98,-0.2303,-0.9300,-0.1642,-0.11,-0.41,-0.32,2.818,-6.178,0.002
87380,94289.47,24.98,-0.2169,-0.9168,-0.1521,-0.04,-0.32,-0.01,2.756,-6.178,0.002
87390,94288.91,24.98,-0.2055,-0.9477,-0.1869,-0.12,0.22,0.20,2.694,-6.178,0.002
87400,94290.06,24.98,-0.2797,-0.9234,-0.1886,0.33,-0.01,0.18,2.633,-6.178,0.002
87410,94293.57,24.98,-0.1944,-0.8898,-0.1750,0.14,-0.07,-0.48,2.571,-6.178,0.002
87420,94293.26,24.98,-0.2133,-0.9482,-0.2057,0.12,-0.17,-0.64,2.509,-6.178,0.002
87430,94293.67,24.98,-0.2454,-0.9506,-0.1459,0.23,-0.56,-0.49,2.447,-6.178,0.002
87440,94291.69,24.98,-0.2293,-0.9331,-0.1882,-0.08,-0.44,0.27,2.385,-6.178,0.002
87450,94295.81,24.98,-0.2352,-0.9398,-0.2043,0.34,0.28,-0.19,2.324,-6.178,0.002
87460,94295.56,24.99,-0.2466,-0.9305,-0.2120,0.90,0.08,-0.57,2.262,-6.178,0.002
87470,94296.76,24.99,-0.1953,-0.9602,-0.1524,-0.25,-0.08,0.15,2.200,-6.178,0.002
87480,94297.82,24.99,-0.2606,-0.9257,-0.1664,0.33,-0.34,-0.51,2.138,-6.178,0.002
87490,94299.26,24.99,-0.2496,-0.9120,-0.1818,0.44,-0.77,0.07,2.077,-6.178,0.002
87500,94299.23,24.99,-0.2041,-0.9401,-0.2272,0.04,-0.26,-0.41,2.015,-6.178,0.002
87510,94293.59,24.99,-0.2147,-0.9474,-0.1806,0.03,-0.36,-0.21,1.953,-6.178,0.002
87520,94298.14,24.99,-0.2359,-0.8997,-0.1798,0.03,-0.17,-0.44,1.891,-6.178,0.002
87530,94302.40,24.99,-0.2625,-0.9236,-0.2031,0.03,-0.65,-0.28,1.829,-6.178,0.002
87540,94303.38,24.99,-0.2334,-0.8933,-0.1907,0.19,-0.36,-0.03,1.768,-6.178,0.002
87550,94304.47,24.99,-0.2511,-0.9360,-0.1557,-0.11,-0.13,-0.31,1.706,-6.178,0.002
87560,94307.84,24.99,-0.2136,-0.9571,-0.1991,-0.06,-0.31,-0.21,1.644,-6.178,0.002
87570,94304.88,24.99,-0.2318,-0.9094,-0.1737,0.51,-0.32,-0.26,1.582,-6.178,0.002
87580,94310.05,24.99,-0.2576,-0.9335,-0.1939,-0.08,0.01,0.20,1.521,-6.178,0.002
87590,94303.60,24.99,-0.2096,-0.9200,-0.1676,0.20,0.02,0.21,1.459,-6.178,0.002
87600,94304.65,24.99,-0.1998,-0.9366,-0.1656,-0.06,-0.34,-0.06,1.397,-6.178,0.002
87610,94308.45,24.99,-0.2315,-0.9238,-0.1953,-0.09,-0.26,-0.73,1.335,-6.178,0.002
87620,94305.62,24.99,-0.2367,-0.9424,-0.1837,0.38,-0.61,-0.45,1.273,-6.178,0.002
87630,94303.56,24.99,-0.2406,-0.9185,-0.1783,0.64,-0.28,-0.18,1.212,-6.177,0.002
87640,94305.48,24.99,-0.2402,-0.9095,-0.1986,-0.00,-0.52,-0.23,1.150,-6.177,0.002
87650,94310.40,24.99,-0.1915,-0.9298,-0.1876,0.18,-0.50,-0.33,1.088,-6.177,0.002
87660,94309.72,24.99,-0.1882,-0.9218,-0.2018,0.32,-0.63,-0.44,1.026,-6.177,0.002
87670,94312.12,24.99,-0.1897,-0.9616,-0.1874,-0.10,-0.73,-0.84,0.965,-6.177,0.002
87680,94308.44,24.99,-0.2347,-0.9386,-0.1918,0.29,-0.88,-0.08,0.903,-6.177,0.002
87690,94309.28,24.99,-0.2438,-0.9429,-0.1857,0.16,0.53,-0.24,0.841,-6.177,0.002
87700,94312.52,24.99,-0.2171,-0.9492,-0.1887,-0.45,-0.14,0.12,0.779,-6.177,0.002
87710,94308.67,25.00,-0.2047,-0.9801,-0.1679,0.01,-0.87,0.33,0.717,-6.177,0.002
87720,94317.47,25.00,-0.2204,-0.9046,-0.1649,0.38,-0.24,-0.22,0.656,-6.177,0.002
87730,94316.45,25.00,-0.2095,-0.9752,-0.2131,0.37,0.34,-0.69,0.594,-6.177,0.002
87740,94312.55,25.00,-0.1943,-0.9539,-0.2144,0.16,-0.47,-0.67,0.532,-6.177,0.002
87750,94322.02,25.00,-0.2203,-0.9497,-0.1646,0.61,-0.81,0.30,0.470,-6.177,0.002
87760,94321.33,25.00,-0.2254,-0.9451,-0.1607,0.14,-0.23,-0.32,0.409,-6.177,0.002
87770,94316.87,25.00,-0.2114,-0.9058,-0.2167,0.05,-0.19,-0.20,0.347,-6.177,0.002
87780,94317.69,25.00,-0.1816,-0.8986,-0.2049,0.95,-0.47,0.36,0.285,-6.177,0.002
87790,94316.20,25.00,-0.2553,-0.9410,-0.2126,-0.51,-0.21,0.15,0.223,-6.177,0.002
87800,94319.56,25.00,-0.2232,-0.9391,-0.1845,0.27,-0.31,-0.46,0.162,-6.177,0.002
87810,94319.80,25.00,-0.2473,-0.9827,-0.1665,-0.46,-0.97,-0.20,0.100,-6.177,0.002
87820,94325.17,25.00,-0.2319,-0.9480,-0.1876,-0.10,-0.59,0.18,0.038,-6.177,0.002
87830,94326.07,25.00,0.0337,1.0340,0.1114,-0.12,-0.42,-0.16,0.000,0.000,0.000
87840,94323.44,25.00,0.0715,1.0130,0.1086,0.31,-0.39,-0.16,0.000,0.000,0.000
87850,94320.90,25.00,0.0038,0.9935,0.1226,-0.26,-0.71,-0.33,0.000,0.000,0.000
87860,94320.69,25.00,0.0127,1.0042,0.0974,-0.19,-0.53,0.00,0.000,0.000,0.000
87870,94322.30,25.00,-0.0134,1.0253,0.1121,0.87,-0.23,-0.35,0.000,0.000,0.000
87880,94320.95,25.00,0.0074,1.0012,0.0711,0.45,0.04,-0.37,0.000,0.000,0.000
87890,94324.25,25.00,0.0266,1.0144,0.0971,-0.11,-0.72,-0.48,0.000,0.000,0.000
87900,94321.72,25.00,0.0307,0.9816,0.1028,-0.09,0.12,-0.31,0.000,0.000,0.000
87910,94319.18,25.00,0.0335,0.9808,0.1371,-0.00,-0.29,-0.13,0.000,0.000,0.000
87920,94317.08,25.00,0.0049,1.0222,0.1024,0.81,-0.20,-0.04,0.000,0.000,0.000
87930,94327.71,25.00,0.0338,0.9899,0.1115,0.58,-0.21,-0.32,0.000,0.000,0.000
87940,94317.63,25.00,0.0586,1.0148,0.0916,0.34,-0.19,-0.79,0.000,0.000,0.000
87950,94318.84,25.00,0.0265,1.0453,0.1161,0.52,-0.16,-0.58,0.000,0.000,0.000
87960,94324.38,25.00,-0.0189,0.9969,0.1191,-0.12,0.02,0.29,0.000,0.000,0.000
87970,94320.73,25.00,0.0469,1.0235,0.1141,-0.26,-0.36,-0.10,0.000,0.000,0.000
87980,94322.48,25.00,0.0277,0.9962,0.1190,0.46,-0.12,0.09,0.000,0.000,0.000
87990,94320.26,25.00,0.0158,1.0202,0.0928,-0.23,-0.12,-0.23,0.000,0.000,0.000
88000,94323.53,25.00,0.0049,1.0370,0.1527,0.78,0.32,-0.61,0.000,0.000,0.000
88010,94324.24,25.00,0.0194,0.9733,0.0825,-0.05,0.16,-0.44,0.000,0.000,0.000
88020,94325.57,25.00,0.0217,1.0012,0.1494,-0.27,-0.11,-0.06,0.000,0.000,0.000
88030,94323.53,25.00,0.0317,0.9928,0.1215,0.24,-0.50,-0.50,0.000,0.000,0.000
88040,94324.45,25.00,0.0297,1.0290,0.0812,-0.39,0.13,-0.27,0.000,0.000,0.000
88050,94322.84,25.00,0.0257,1.0155,0.1396,-0.13,-0.10,-0.92,0.000,0.000,0.000
88060,94321.10,25.00,0.0304,1.0469,0.1218,0.17,-0.07,-0.04,0.000,0.000,0.000
88070,94320.37,25.00,0.0020,0.9984,0.0850,-0.24,-0.12,-0.36,0.000,0.000,0.000
88080,94322.84,25.00,0.0071,1.0235,0.1034,0.68,-0.12,-0.67,0.000,0.000,0.000
88090,94326.87,25.00,0.0146,1.0226,0.1060,-0.31,-0.29,-0.39,0.000,0.000,0.000
88100,94327.26,25.00,0.0491,1.0202,0.1130,-0.12,-0.46,-0.59,0.000,0.000,0.000
88110,94324.25,25.00,0.0390,1.0298,0.1156,0.10,-0.66,-0.41,0.000,0.000,0.000
88120,94320.18,25.00,0.0302,1.0383,0.1303,0.70,-0.59,-0.30,0.000,0.000,0.000
88130,94320.42,25.00,0.0402,1.0003,0.1075,0.24,-0.31,-0.21,0.000,0.000,0.000
88140,94326.09,25.00,0.0114,1.0134,0.1052,0.02,-0.15,0.27,0.000,0.000,0.000
88150,94325.80,25.00,0.0107,0.9820,0.1039,0.68,-0.99,-0.40,0.000,0.000,0.000
88160,94325.90,25.00,0.0203,1.0020,0.1520,-0.24,-0.64,-0.76,0.000,0.000,0.000
88170,94323.15,25.00,0.0113,1.0327,0.0834,0.06,-0.26,0.14,0.000,0.000,0.000
88180,94323.66,25.00,0.0314,1.0080,0.0884,-0.26,-0.07,-0.32,0.000,0.000,0.000
88190,94320.12,25.00,0.0578,1.0181,0.1039,0.01,0.02,-0.28,0.000,0.000,0.000
88200,94321.89,25.00,-0.0106,1.0090,0.1153,-0.23,-0.53,-0.53,0.000,0.000,0.000
88210,94317.85,25.00,0.0171,1.0226,0.1422,-0.08,-0.42,0.03,0.000,0.000,0.000
88220,94319.66,25.00,0.0106,1.0237,0.1423,0.25,-0.55,-0.13,0.000,0.000,0.000
88230,94321.10,25.00,0.0409,1.0283,0.0650,0.29,-0.09,-0.32,0.000,0.000,0.000
88240,94324.43,25.00,0.0350,1.0112,0.1365,0.27,-0.17,-0.04,0.000,0.000,0.000
88250,94317.92,25.00,0.0083,0.9827,0.0939,-0.11,-0.20,-0.11,0.000,0.000,0.000
88260,94324.64,25.00,0.0273,0.9797,0.1256,0.57,-0.39,-0.30,0.000,0.000,0.000
88270,94322.74,25.00,0.0399,0.9980,0.0693,0.30,-0.05,-0.65,0.000,0.000,0.000
88280,94323.45,25.00,-0.0031,1.0177,0.1085,-0.16,-0.31,0.17,0.000,0.000,0.000
88290,94320.06,25.00,0.0662,0.9835,0.1031,-0.14,-0.36,-0.22,0.000,0.000,0.000
88300,94318.95,25.00,0.0675,0.9883,0.1211,0.45,-0.49,-0.35,0.000,0.000,0.000
88310,94322.78,25.00,0.0254,1.0170,0.0816,0.32,-0.06,-0.05,0.000,0.000,0.000
88320,94319.76,25.00,0.0053,1.0219,0.1182,0.26,0.10,-0.13,0.000,0.000,0.000
88330,94317.41,25.00,-0.0002,0.9947,0.1247,0.43,0.09,-0.29,0.000,0.000,0.000
88340,94317.61,25.00,0.0513,1.0276,0.1244,0.45,-0.03,-0.42,0.000,0.000,0.000
88350,94327.81,25.00,0.0181,1.0111,0.1225,0.26,-0.38,0.19,0.000,0.000,0.000
88360,94317.22,25.00,0.0111,0.9758,0.1015,0.28,0.10,-0.40,0.000,0.000,0.000
88370,94322.65,25.00,0.0217,1.0261,0.1101,0.32,-0.55,-0.56,0.000,0.000,0.000
88380,94322.43,25.00,0.0187,1.0083,0.1199,-0.22,-0.58,-0.15,0.000,0.000,0.000
88390,94321.02,25.00,0.0176,0.9864,0.0989,-0.40,-0.21,-0.44,0.000,0.000,0.000
88400,94326.05,25.00,0.0481,1.0011,0.1287,-0.05,0.03,-0.52,0.000,0.000,0.000
88410,94323.23,25.00,0.0188,0.9715,0.1163,-0.25,-0.11,0.06,0.000,0.000,0.000
88420,94320.72,25.00,0.0208,1.0083,0.1242,0.45,-0.31,-0.01,0.000,0.000,0.000
88430,94320.85,25.00,0.0182,0.9923,0.1202,0.02,-0.34,0.02,0.000,0.000,0.000
88440,94320.54,25.00,0.0297,1.0093,0.1247,0.27,-0.17,-0.05,0.000,0.000,0.000
88450,94326.48,25.00,0.0381,0.9964,0.1213,0.39,-0.08,-0.30,0.000,0.000,0.000
88460,94318.45,25.00,0.0222,1.0184,0.0516,0.21,-0.28,-0.28,0.000,0.000,0.000
88470,94319.86,25.00,0.0652,0.9845,0.1112,-0.05,-0.42,-0.31,0.000,0.000,0.000
88480,94320.92,25.00,0.0301,1.0277,0.1067,0.04,-0.21,-0.04,0.000,0.000,0.000
88490,94322.58,25.00,0.0373,0.9937,0.0986,-0.55,0.55,-0.26,0.000,0.000,0.000
88500,94322.64,25.00,0.0008,0.9817,0.1127,0.59,-0.91,-0.47,0.000,0.000,0.000
88510,94322.75,25.00,0.0055,0.9930,0.1121,-0.43,-0.04,-0.11,0.000,0.000,0.000
88520,94320.82,25.00,0.0418,0.9860,0.1306,0.20,-0.37,-0.39,0.000,0.000,0.000
88530,94320.03,25.00,0.0307,1.0120,0.1029,-0.30,-0.24,-0.30,0.000,0.000,0.000
88540,94323.24,25.00,0.0146,1.0156,0.0890,0.12,-0.00,-0.22,0.000,0.000,0.000
88550,94322.83,25.00,0.0260,1.0110,0.1210,-0.10,-0.32,-0.56,0.000,0.000,0.000
88560,94318.31,25.00,0.0334,1.0074,0.1405,-0.40,-0.48,-0.24,0.000,0.000,0.000
88570,94322.65,25.00,0.0413,1.0091,0.1431,0.05,-0.25,-0.32,0.000,0.000,0.000
88580,94319.24,25.00,-0.0043,1.0050,0.1333,-0.01,0.48,-0.46,0.000,0.000,0.000
88590,94322.91,25.00,0.0094,1.0364,0.1212,0.27,-0.69,0.27,0.000,0.000,0.000
88600,94320.92,25.00,0.0473,1.0131,0.1103,-0.25,-0.16,0.31,0.000,0.000,0.000
88610,94319.72,25.00,0.0257,1.0274,0.1146,-0.54,0.18,-0.81,0.000,0.000,0.000
88620,94318.81,25.00,0.0410,1.0095,0.0901,0.07,-0.49,-0.46,0.000,0.000,0.000
88630,94323.56,25.00,0.0048,1.0400,0.1123,-0.05,-0.16,-0.27,0.000,0.000,0.000
88640,94321.95,25.00,0.0169,0.9968,0.1381,-0.30,-0.35,-0.27,0.000,0.000,0.000
88650,94321.04,25.00,0.0182,1.0249,0.1450,-0.14,-0.02,-0.34,0.000,0.000,0.000
88660,94322.98,25.00,0.0400,1.0483,0.0922,-0.05,-0.30,-0.80,0.000,0.000,0.000
88670,94319.63,25.00,0.0204,1.0225,0.0865,0.19,-0.39,-0.02,0.000,0.000,0.000
88680,94323.92,25.00,0.0352,0.9979,0.0939,0.51,-0.18,-0.40,0.000,0.000,0.000
88690,94325.37,25.00,-0.0185,1.0096,0.1335,-0.24,-0.28,0.02,0.000,0.000,0.000
88700,94319.91,25.00,0.0506,0.9883,0.1122,-0.08,-0.17,-0.03,0.000,0.000,0.000
88710,94326.21,25.00,0.0348,1.0140,0.1019,0.33,-0.04,0.01,0.000,0.000,0.000
88720,94320.78,25.00,0.0183,0.9937,0.1136,0.28,-0.06,-0.28,0.000,0.000,0.000
88730,94321.26,25.00,0.0308,1.0054,0.0993,0.70,-0.11,-0.46,0.000,0.000,0.000
88740,94320.96,25.00,-0.0115,0.9794,0.1256,-0.17,-0.01,-0.51,0.000,0.000,0.000
88750,94322.72,25.00,0.0161,1.0375,0.1060,-0.20,0.06,0.17,0.000,0.000,0.000
88760,94320.95,25.00,0.0495,1.0366,0.1405,-0.05,-0.18,-0.52,0.000,0.000,0.000
88770,94317.05,25.00,0.0565,1.0147,0.0857,-0.20,0.12,0.25,0.000,0.000,0.000
88780,94318.90,25.00,0.0103,1.0029,0.0730,-0.01,-0.29,-0.41,0.000,0.000,0.000
88790,94322.90,25.00,-0.0186,1.0512,0.0789,0.48,0.34,-0.52,0.000,0.000,0.000
88800,94320.60,25.00,0.0396,1.0014,0.1315,0.03,-0.75,0.09,0.000,0.000,0.000
88810,94322.14,25.00,0.0069,1.0246,0.1242,0.01,-0.60,0.32,0.000,0.000,0.000
88820,94321.00,25.00,0.0092,1.0347,0.1154,0.27,-0.37,-0.49,0.000,0.000,0.000
88830,94324.44,25.00,-0.0018,1.0185,0.1255,-0.02,-0.48,-0.40,0.000,0.000,0.000
88840,94321.31,25.00,0.0218,1.0079,0.1145,0.72,-0.62,-0.11,0.000,0.000,0.000
88850,94322.00,25.00,0.0253,1.0126,0.0925,0.24,-0.07,-0.33,0.000,0.000,0.000
88860,94324.56,25.00,0.0320,1.0332,0.1340,-0.25,-0.22,-0.71,0.000,0.000,0.000
88870,94321.00,25.00,0.0060,0.9983,0.0616,-0.06,-0.32,0.11,0.000,0.000,0.000
88880,94326.66,25.00,0.0704,1.0113,0.1361,0.11,-0.22,-0.07,0.000,0.000,0.000
88890,94323.28,25.00,0.0402,1.0163,0.0960,0.23,0.08,-0.37,0.000,0.000,0.000
88900,94323.04,25.00,0.0225,1.0160,0.0948,0.13,-0.62,-0.18,0.000,0.000,0.000
88910,94319.92,25.00,-0.0023,1.0088,0.1223,0.04,-0.16,-0.50,0.000,0.000,0.000
88920,94319.69,25.00,0.0300,1.0378,0.1264,0.23,0.21,-0.06,0.000,0.000,0.000
88930,94322.57,25.00,0.0206,1.0170,0.0890,-0.01,-0.08,0.17,0.000,0.000,0.000
88940,94317.69,25.00,0.0044,0.9694,0.1135,0.23,-0.29,0.06,0.000,0.000,0.000
88950,94316.10,25.00,0.0148,1.0072,0.1405,0.62,-0.67,-0.30,0.000,0.000,0.000
88960,94324.45,25.00,0.0237,0.9901,0.1353,0.16,-0.46,-0.65,0.000,0.000,0.000
88970,94316.83,25.00,0.0154,0.9721,0.1365,-0.13,-0.27,-0.08,0.000,0.000,0.000
88980,94319.75,25.00,0.0508,0.9719,0.0922,0.05,-0.54,-0.13,0.000,0.000,0.000
88990,94325.95,25.00,0.0076,1.0483,0.1303,-0.38,-0.35,-0.65,0.000,0.000,0.000
89000,94319.15,25.00,0.0339,1.0238,0.0873,0.43,-0.22,-0.40,0.000,0.000,0.000
89010,94321.61,25.00,0.0124,0.9738,0.0928,-0.06,-0.61,-0.19,0.000,0.000,0.000
89020,94320.18,25.00,0.0254,0.9980,0.1114,0.05,-0.16,-0.30,0.000,0.000,0.000
89030,94319.52,25.00,0.0271,1.0382,0.0941,-0.21,-0.09,-0.21,0.000,0.000,0.000
89040,94320.26,25.00,0.0190,0.9838,0.1175,-0.16,-0.10,0.13,0.000,0.000,0.000
89050,94321.15,25.00,0.0533,1.0143,0.1011,-0.25,0.06,-0.27,0.000,0.000,0.000
89060,94319.60,25.00,-0.0002,0.9941,0.1172,0.75,-0.37,0.01,0.000,0.000,0.000
89070,94320.98,25.00,0.0221,0.9785,0.1247,-0.12,-0.30,0.12,0.000,0.000,0.000
89080,94319.66,25.00,-0.0134,0.9988,0.1067,-0.17,0.24,-0.21,0.000,0.000,0.000
89090,94321.54,25.00,0.0051,0.9973,0.1053,-0.16,0.02,-0.05,0.000,0.000,0.000
89100,94322.36,25.00,0.0609,0.9851,0.0914,-0.11,0.04,-0.62,0.000,0.000,0.000
89110,94322.69,25.00,0.0252,0.9969,0.1099,0.15,-0.09,-0.61,0.000,0.000,0.000
89120,94317.09,25.00,0.0553,1.0133,0.1666,0.19,-0.40,0.12,0.000,0.000,0.000
89130,94318.11,25.00,0.0319,0.9923,0.1136,0.06,-0.37,-0.42,0.000,0.000,0.000
89140,94324.90,25.00,0.0400,0.9635,0.1363,0.45,-0.44,-0.21,0.000,0.000,0.000
89150,94322.35,25.00,0.0431,0.9641,0.1178,-0.15,-0.30,0.17,0.000,0.000,0.000
89160,94319.73,25.00,0.0028,1.0186,0.1109,-0.24,-0.14,0.13,0.000,0.000,0.000
89170,94320.99,25.00,0.0599,0.9989,0.1304,0.37,-0.16,0.27,0.000,0.000,0.000
89180,94324.35,25.00,0.0501,0.9792,0.0945,0.20,0.08,0.54,0.000,0.000,0.000
89190,94319.77,25.00,-0.0122,0.9932,0.0676,0.47,-0.38,-0.67,0.000,0.000,0.000
89200,94318.24,25.00,-0.0073,1.0055,0.1160,-0.32,-0.06,-0.35,0.000,0.000,0.000
89210,94320.80,25.00,0.0170,0.9965,0.1108,0.37,-0.93,-0.44,0.000,0.000,0.000
89220,94323.76,25.00,-0.0049,1.0111,0.0911,0.39,-0.69,0.32,0.000,0.000,0.000
89230,94320.86,25.00,0.0258,0.9997,0.1010,0.12,-0.14,-0.17,0.000,0.000,0.000
89240,94323.23,25.00,0.0109,0.9937,0.0871,0.05,0.04,0.10,0.000,0.000,0.000
89250,94320.02,25.00,0.0008,0.9961,0.0965,-0.33,-0.49,-0.57,0.000,0.000,0.000
89260,94319.27,25.00,0.0092,1.0287,0.1332,0.18,-0.33,-0.28,0.000,0.000,0.000
89270,94318.15,25.00,0.0302,1.0239,0.0892,0.25,-0.59,-0.03,0.000,0.000,0.000
89280,94320.76,25.00,0.0175,0.9928,0.0971,0.54,-0.10,-0.64,0.000,0.000,0.000
89290,94319.59,25.00,0.0348,0.9894,0.0857,0.24,-0.29,-0.17,0.000,0.000,0.000
89300,94321.55,25.00,0.0224,1.0055,0.1294,-0.07,-0.03,0.27,0.000,0.000,0.000
89310,94321.91,25.00,0.0243,1.0116,0.1043,-0.33,-0.98,-0.30,0.000,0.000,0.000
89320,94323.99,25.00,0.0523,1.0261,0.1105,-0.10,-0.77,-0.35,0.000,0.000,0.000
89330,94323.83,25.00,-0.0163,1.0358,0.0629,0.22,-0.11,-0.69,0.000,0.000,0.000
89340,94320.24,25.00,0.0288,1.0185,0.1109,-0.24,-0.14,0.12,0.000,0.000,0.000
89350,94323.26,25.00,0.0504,0.9386,0.1064,-0.04,-0.39,0.38,0.000,0.000,0.000
89360,94321.52,25.00,0.0308,1.0132,0.0714,0.48,0.04,0.33,0.000,0.000,0.000
89370,94315.86,25.00,0.0377,0.9823,0.1337,0.51,-0.24,-0.40,0.000,0.000,0.000
89380,94322.76,25.00,-0.0074,1.0380,0.1097,0.08,-0.47,0.19,0.000,0.000,0.000
89390,94319.01,25.00,0.0412,0.9815,0.1071,-0.51,-0.33,0.15,0.000,0.000,0.000
89400,94322.79,25.00,0.0127,0.9925,0.1100,0.18,-0.38,-0.52,0.000,0.000,0.000
89410,94321.73,25.00,0.0366,0.9934,0.1408,0.44,-0.35,-0.28,0.000,0.000,0.000
89420,94322.70,25.00,0.0179,0.9914,0.0927,-0.34,-0.77,-0.61,0.000,0.000,0.000
89430,94320.68,25.00,0.0482,0.9915,0.1249,-0.52,0.08,-0.80,0.000,0.000,0.000
89440,94322.64,25.00,0.0230,1.0281,0.1220,0.25,-0.27,-0.51,0.000,0.000,0.000
89450,94320.55,25.00,-0.0157,0.9813,0.1232,0.16,-0.35,-0.09,0.000,0.000,0.000
89460,94320.59,25.00,0.0086,1.0220,0.1174,0.09,-0.16,-0.17,0.000,0.000,0.000
89470,94321.28,25.00,0.0192,1.0171,0.0989,0.29,-0.31,-0.44,0.000,0.000,0.000
89480,94322.59,25.00,0.0115,1.0013,0.1154,0.43,-0.53,0.21,0.000,0.000,0.000
89490,94320.12,25.00,0.0397,1.0172,0.1075,0.01,-0.76,0.16,0.000,0.000,0.000
89500,94322.58,25.00,0.0300,1.0002,0.1370,0.10,-0.45,0.11,0.000,0.000,0.000
89510,94316.79,25.00,0.0506,1.0156,0.1299,0.17,-0.31,-0.20,0.000,0.000,0.000
89520,94324.30,25.00,0.0133,1.0097,0.0939,0.12,-0.17,-0.42,0.000,0.000,0.000
89530,94323.44,25.00,0.0112,1.0264,0.1063,-0.00,-0.47,-0.16,0.000,0.000,0.000
89540,94322.30,25.00,0.0259,1.0182,0.1364,0.12,0.24,0.34,0.000,0.000,0.000
89550,94323.49,25.00,0.0007,1.0276,0.1133,0.04,-0.53,0.19,0.000,0.000,0.000
89560,94322.22,25.00,0.0146,0.9732,0.1275,0.44,-0.16,-0.35,0.000,0.000,0.000
89570,94320.34,25.00,0.0368,1.0528,0.1156,0.37,-0.40,-0.11,0.000,0.000,0.000
89580,94320.66,25.00,0.0081,1.0205,0.1360,-0.40,-0.20,-0.43,0.000,0.000,0.000
89590,94324.15,25.00,-0.0033,1.0085,0.0998,-0.31,0.16,-0.30,0.000,0.000,0.000
89600,94321.42,25.00,0.0358,1.0444,0.0900,0.50,-0.64,-0.19,0.000,0.000,0.000
89610,94321.90,25.00,0.0240,0.9991,0.0938,0.39,0.03,-0.65,0.000,0.000,0.000
89620,94320.26,25.00,0.0100,1.0223,0.1225,0.02,-0.30,-0.97,0.000,0.000,0.000
89630,94319.59,25.00,0.0302,0.9993,0.1482,0.18,0.24,-0.50,0.000,0.000,0.000
89640,94320.95,25.00,0.0229,0.9894,0.1301,-0.06,-0.12,-0.62,0.000,0.000,0.000
89650,94319.02,25.00,0.0473,1.0101,0.0956,0.46,-0.49,-0.38,0.000,0.000,0.000
89660,94322.23,25.00,0.0342,1.0150,0.1146,0.39,-0.17,-0.62,0.000,0.000,0.000
89670,94323.82,25.00,0.0300,1.0391,0.1456,0.13,-0.41,0.21,0.000,0.000,0.000
89680,94320.40,25.00,0.0602,1.0062,0.1266,0.30,-0.20,-0.81,0.000,0.000,0.000
89690,94323.56,25.00,0.0137,1.0299,0.1347,-0.01,-0.77,-0.57,0.000,0.000,0.000
89700,94323.09,25.00,0.0187,1.0021,0.1108,0.25,0.16,-0.43,0.000,0.000,0.000
89710,94323.71,25.00,0.0179,0.9949,0.1104,-0.21,-0.55,0.02,0.000,0.000,0.000
89720,94319.20,25.00,0.0317,1.0020,0.1082,-0.19,-0.34,0.16,0.000,0.000,0.000
89730,94320.28,25.00,0.0081,1.0349,0.1122,-0.33,-0.58,0.16,0.000,0.000,0.000
89740,94321.42,25.00,0.0329,0.9959,0.0998,-0.06,-0.29,0.03,0.000,0.000,0.000
89750,94317.95,25.00,0.0172,0.9918,0.1228,0.41,-0.83,-0.53,0.000,0.000,0.000
89760,94320.72,25.00,0.0508,1.0004,0.1215,0.66,-0.29,-0.21,0.000,0.000,0.000
89770,94324.47,25.00,0.0144,0.9980,0.1201,-0.10,-0.25,-0.14,0.000,0.000,0.000
89780,94316.07,25.00,0.0285,1.0304,0.1311,-0.00,-0.43,0.18,0.000,0.000,0.000
89790,94322.61,25.00,0.0595,1.0201,0.1011,0.38,-0.25,-0.08,0.000,0.000,0.000
89800,94325.63,25.00,0.0267,0.9802,0.1018,-0.11,-0.68,-0.29,0.000,0.000,0.000
89810,94316.88,25.00,0.0327,1.0330,0.0696,-0.32,-0.01,-0.20,0.000,0.000,0.000
89820,94319.43,25.00,0.0338,0.9996,0.0983,-0.40,-0.45,-0.05,0.000,0.000,0.000
89830,94318.93,25.00,0.0338,0.9757,0.1294,0.21,-0.34,-0.05,0.000,0.000,0.000
89840,94324.52,25.00,0.0367,0.9462,0.1170,0.40,-0.27,-0.42,0.000,0.000,0.000
89850,94321.46,25.00,0.0342,0.9985,0.0947,-0.06,-0.04,-0.38,0.000,0.000,0.000
89860,94320.14,25.00,0.0097,0.9967,0.1176,-0.02,-0.19,-0.30,0.000,0.000,0.000
89870,94323.02,25.00,-0.0037,1.0012,0.0972,0.11,-0.24,-0.39,0.000,0.000,0.000
89880,94318.75,25.00,0.0398,1.0079,0.1078,0.19,-0.11,-0.24,0.000,0.000,0.000
89890,94323.34,25.00,-0.0072,0.9949,0.0647,0.34,-0.26,-0.17,0.000,0.000,0.000
89900,94325.07,25.00,-0.0022,1.0072,0.1065,-0.20,-0.20,-0.06,0.000,0.000,0.000
89910,94321.80,25.00,0.0060,0.9941,0.0575,0.05,0.13,-0.24,0.000,0.000,0.000
89920,94318.41,25.00,0.0118,0.9953,0.1188,-0.17,-0.59,-0.41,0.000,0.000,0.000
89930,94325.58,25.00,0.0174,0.9845,0.1280,0.29,-0.21,0.35,0.000,0.000,0.000
89940,94322.52,25.00,0.0178,0.9776,0.1085,0.15,-0.32,-0.85,0.000,0.000,0.000
89950,94316.46,25.00,0.0439,1.0114,0.1122,-0.07,-0.42,-0.50,0.000,0.000,0.000
89960,94322.49,25.00,0.0061,0.9447,0.1048,0.28,-0.16,-0.33,0.000,0.000,0.000
89970,94318.54,25.00,0.0112,0.9974,0.1285,0.12,-0.06,-0.07,0.000,0.000,0.000
89980,94322.74,25.00,0.0665,1.0017,0.1028,0.56,-0.64,0.09,0.000,0.000,0.000
89990,94320.67,25.00,0.0381,1.0086,0.0900,0.11,0.21,-0.50,0.000,0.000,0.000
90000,94319.84,25.00,0.0179,1.0245,0.1126,-0.35,-0.10,-0.59,0.000,0.000,0.000
90010,94317.75,25.00,0.0545,1.0167,0.1188,-0.13,-0.01,-0.42,0.000,0.000,0.000
90020,94322.71,25.00,-0.0030,1.0086,0.0995,0.10,-0.63,-0.50,0.000,0.000,0.000
90030,94319.31,25.00,0.0250,1.0101,0.1238,0.31,-0.14,-0.56,0.000,0.000,0.000
90040,94321.12,25.00,0.0281,1.0092,0.1064,-0.38,-0.34,-0.51,0.000,0.000,0.000
90050,94317.35,25.00,0.0010,1.0048,0.1224,0.08,0.05,-0.23,0.000,0.000,0.000
90060,94326.49,25.00,0.0415,0.9983,0.1216,0.06,-0.48,-0.15,0.000,0.000,0.000
90070,94323.32,25.00,0.0333,1.0004,0.0841,0.64,0.39,-0.24,0.000,0.000,0.000
90080,94322.39,25.00,0.0217,0.9941,0.0898,-0.13,0.10,0.25,0.000,0.000,0.000
90090,94318.07,25.00,-0.0018,1.0136,0.0945,-0.19,0.17,-0.02,0.000,0.000,0.000
90100,94318.90,25.00,0.0261,0.9835,0.1117,0.12,-0.15,-0.28,0.000,0.000,0.000
90110,94321.26,25.00,0.0496,0.9881,0.1033,-0.08,-0.34,-0.40,0.000,0.000,0.000
90120,94326.02,25.00,0.0471,1.0053,0.1132,0.87,-0.57,-0.84,0.000,0.000,0.000
90130,94322.40,25.00,0.0024,1.0026,0.1389,-0.47,-0.22,0.19,0.000,0.000,0.000
90140,94323.76,25.00,0.0219,1.0204,0.1064,0.36,-0.01,-0.16,0.000,0.000,0.000
90150,94321.86,25.00,0.0192,1.0224,0.1117,-0.57,-0.65,-0.07,0.000,0.000,0.000
90160,94323.00,25.00,0.0219,0.9841,0.1149,0.60,-0.27,-0.14,0.000,0.000,0.000
90170,94317.07,25.00,0.0593,1.0408,0.1300,-0.05,-0.32,-0.31,0.000,0.000,0.000
90180,94322.25,25.00,0.0116,1.0141,0.1193,-0.29,-0.24,0.34,0.000,0.000,0.000
90190,94322.96,25.00,0.0302,1.0043,0.1015,-0.32,-0.49,-0.20,0.000,0.000,0.000
90200,94322.47,25.00,0.0263,1.0355,0.1243,0.22,0.31,-0.70,0.000,0.000,0.000
90210,94321.37,25.00,0.0121,0.9731,0.1121,-0.41,-0.10,-0.13,0.000,0.000,0.000
90220,94323.01,25.00,0.0289,1.0094,0.1117,-0.13,-0.58,-0.54,0.000,0.000,0.000
90230,94317.99,25.00,0.0340,0.9758,0.1123,0.06,-0.25,0.03,0.000,0.000,0.000
90240,94320.61,25.00,0.0273,1.0002,0.0958,-0.37,-0.67,-0.58,0.000,0.000,0.000
90250,94321.98,25.00,0.0440,1.0166,0.0786,0.38,-0.04,-0.45,0.000,0.000,0.000
90260,94320.09,25.00,0.0483,1.0114,0.1195,0.25,-0.17,0.42,0.000,0.000,0.000
90270,94324.12,25.00,0.0150,1.0047,0.0707,-0.40,-0.31,0.06,0.000,0.000,0.000
90280,94318.39,25.00,0.0188,0.9896,0.1135,0.14,-0.31,-0.44,0.000,0.000,0.000
90290,94322.80,25.00,-0.0030,1.0244,0.0970,0.25,0.20,-0.06,0.000,0.000,0.000
90300,94322.15,25.00,0.0111,1.0281,0.1022,-0.19,-0.22,0.03,0.000,0.000,0.000
90310,94319.79,25.00,0.0387,0.9996,0.1301,-0.13,-0.26,-0.38,0.000,0.000,0.000
90320,94318.23,25.00,0.0117,1.0104,0.1242,0.68,-0.06,-0.05,0.000,0.000,0.000
90330,94319.86,25.00,0.0451,1.0355,0.0988,-0.61,-0.29,-0.01,0.000,0.000,0.000
90340,94319.24,25.00,0.0643,1.0174,0.0705,-0.06,-0.15,-0.22,0.000,0.000,0.000
90350,94323.54,25.00,-0.0163,1.0387,0.1576,-0.35,-0.57,-0.21,0.000,0.000,0.000
90360,94328.48,25.00,0.0598,0.9856,0.0924,-0.25,-1.00,-0.38,0.000,0.000,0.000
90370,94319.59,25.00,0.0453,0.9980,0.1225,0.22,-0.56,-0.61,0.000,0.000,0.000
90380,94320.32,25.00,0.0053,0.9925,0.1065,0.09,-0.61,-0.08,0.000,0.000,0.000
90390,94326.63,25.00,0.0364,1.0058,0.1288,0.18,-0.21,-0.55,0.000,0.000,0.000
90400,94323.45,25.00,0.0236,1.0358,0.1527,-0.07,-0.07,0.39,0.000,0.000,0.000
90410,94323.22,25.00,0.0434,1.0211,0.1403,0.38,-0.09,-0.47,0.000,0.000,0.000
90420,94319.67,25.00,0.0391,1.0289,0.0933,0.38,0.05,-0.29,0.000,0.000,0.000
90430,94320.65,25.00,0.0110,1.0267,0.1131,0.01,-0.13,0.42,0.000,0.000,0.000
90440,94320.30,25.00,-0.0032,1.0288,0.1128,0.61,-0.84,-0.69,0.000,0.000,0.000
90450,94320.08,25.00,0.0836,1.0033,0.1056,0.01,-0.18,-0.15,0.000,0.000,0.000
90460,94319.66,25.00,0.0379,1.0208,0.1113,-0.31,-0.39,-0.38,0.000,0.000,0.000
90470,94321.01,25.00,0.0103,1.0723,0.1331,0.03,0.14,-0.39,0.000,0.000,0.000
90480,94327.79,25.00,0.0412,1.0002,0.1172,0.05,-0.36,0.24,0.000,0.000,0.000
90490,94322.56,25.00,0.0240,1.0141,0.0999,0.19,-0.46,0.00,0.000,0.000,0.000
90500,94322.82,25.00,-0.0097,0.9871,0.0898,0.13,-0.59,0.04,0.000,0.000,0.000
90510,94318.28,25.00,0.0076,1.0240,0.1362,-0.03,-0.53,-0.27,0.000,0.000,0.000
90520,94326.39,25.00,0.0260,1.0279,0.0899,-0.17,-0.45,-0.54,0.000,0.000,0.000
90530,94326.11,25.00,0.0316,0.9947,0.1105,0.25,-0.20,-0.36,0.000,0.000,0.000
90540,94322.51,25.00,0.0800,0.9989,0.1340,0.27,-0.42,-0.69,0.000,0.000,0.000
90550,94321.68,25.00,0.0210,1.0174,0.1218,0.43,-0.82,0.07,0.000,0.000,0.000
90560,94320.53,25.00,0.0409,1.0174,0.1356,-0.10,0.28,-0.03,0.000,0.000,0.000
90570,94323.22,25.00,0.0278,1.0295,0.1157,0.18,0.31,-0.85,0.000,0.000,0.000
90580,94323.90,25.00,0.0251,1.0365,0.1258,0.07,-0.24,0.71,0.000,0.000,0.000
90590,94322.70,25.00,0.0219,1.0465,0.1217,0.53,-0.47,-0.16,0.000,0.000,0.000
90600,94321.83,25.00,0.0103,0.9858,0.1173,-0.56,-0.31,-0.22,0.000,0.000,0.000
90610,94318.82,25.00,0.0642,1.0372,0.1245,-0.31,-0.60,0.09,0.000,0.000,0.000
90620,94318.69,25.00,0.0007,1.0129,0.1166,-0.68,-0.35,-0.06,0.000,0.000,0.000
90630,94323.04,25.00,0.0267,1.0296,0.1119,-0.01,-0.15,-0.46,0.000,0.000,0.000
90640,94318.51,25.00,0.0210,1.0175,0.1679,0.32,-0.36,-0.20,0.000,0.000,0.000
90650,94322.26,25.00,-0.0105,0.9927,0.0880,0.17,-0.07,-0.12,0.000,0.000,0.000
90660,94321.17,25.00,0.0163,1.0145,0.0802,-0.22,-0.54,-0.70,0.000,0.000,0.000
90670,94323.27,25.00,0.0298,0.9765,0.1146,0.35,-0.05,0.18,0.000,0.000,0.000
90680,94318.77,25.00,0.0538,0.9789,0.0930,0.38,-0.06,-0.86,0.000,0.000,0.000
90690,94319.77,25.00,-0.0279,1.0240,0.1471,0.09,-0.04,-0.45,0.000,0.000,0.000
90700,94326.08,25.00,0.0493,0.9844,0.0989,0.57,-0.16,-0.33,0.000,0.000,0.000
90710,94322.36,25.00,-0.0026,0.9863,0.0731,-0.16,-0.46,-0.25,0.000,0.000,0.000
90720,94323.66,25.00,-0.0022,1.0141,0.1424,0.18,-0.40,0.30,0.000,0.000,0.000
90730,94322.39,25.00,0.0006,1.0191,0.1008,-0.09,-0.31,-0.66,0.000,0.000,0.000
90740,94325.41,25.00,0.0291,1.0316,0.0956,0.21,0.06,-0.09,0.000,0.000,0.000
90750,94329.27,25.00,0.0530,1.0433,0.0718,0.90,-0.26,-0.22,0.000,0.000,0.000
90760,94317.75,25.00,0.0349,1.0052,0.0965,0.49,-0.82,-0.21,0.000,0.000,0.000
90770,94321.95,25.00,0.0174,1.0112,0.1095,0.39,-0.16,-0.06,0.000,0.000,0.000
90780,94318.00,25.00,0.0318,1.0104,0.1016,0.43,-0.18,-0.53,0.000,0.000,0.000
90790,94323.13,25.00,-0.0021,1.0295,0.1350,0.25,0.01,0.14,0.000,0.000,0.000
90800,94325.50,25.00,0.0537,0.9714,0.0954,-0.33,-0.32,-0.15,0.000,0.000,0.000
90810,94322.21,25.00,0.0520,1.0260,0.1143,0.15,-0.36,-0.60,0.000,0.000,0.000
90820,94324.24,25.00,0.0406,0.9893,0.1324,0.02,-0.42,-0.19,0.000,0.000,0.000
90830,94315.28,25.00,0.0382,1.0464,0.0940,0.22,-0.45,0.04,0.000,0.000,0.000
90840,94325.09,25.00,0.0026,1.0211,0.1466,0.35,-0.21,-0.24,0.000,0.000,0.000
90850,94320.39,25.00,0.0278,0.9866,0.0841,-0.03,0.62,-0.41,0.000,0.000,0.000
90860,94319.74,25.00,0.0420,1.0381,0.1308,0.10,-0.48,-0.12,0.000,0.000,0.000
90870,94319.80,25.00,0.0523,1.0027,0.1367,0.65,0.36,-0.27,0.000,0.000,0.000
90880,94323.29,25.00,0.0171,1.0516,0.1129,-0.11,-0.43,-0.42,0.000,0.000,0.000
90890,94322.51,25.00,0.0169,0.9911,0.1184,0.15,-0.33,0.04,0.000,0.000,0.000
90900,94319.18,25.00,0.0330,1.0374,0.1130,0.21,-0.38,-0.20,0.000,0.000,0.000
90910,94325.16,25.00,0.0117,0.9992,0.1109,0.53,-0.26,0.23,0.000,0.000,0.000
90920,94322.27,25.00,-0.0120,1.0248,0.1239,-0.31,0.10,-0.12,0.000,0.000,0.000
90930,94324.50,25.00,0.0080,0.9807,0.1265,0.38,-0.40,-0.28,0.000,0.000,0.000
90940,94321.23,25.00,-0.0330,1.0382,0.1212,0.40,0.38,-0.71,0.000,0.000,0.000
90950,94324.99,25.00,-0.0261,1.0092,0.0959,-0.09,-0.59,-0.51,0.000,0.000,0.000
90960,94317.97,25.00,0.0446,0.9936,0.1457,-0.02,-0.12,0.05,0.000,0.000,0.000
90970,94321.69,25.00,0.0176,1.0113,0.1148,0.39,-0.68,-0.15,0.000,0.000,0.000
90980,94322.63,25.00,0.0461,1.0259,0.0948,0.23,-0.20,-0.25,0.000,0.000,0.000
90990,94322.72,25.00,0.0573,1.0118,0.0997,-0.20,-0.70,-0.06,0.000,0.000,0.000
91000,94319.02,25.00,0.0070,1.0687,0.0889,0.21,-0.23,-0.47,0.000,0.000,0.000
91010,94321.27,25.00,0.0214,1.0062,0.1141,0.38,0.16,0.03,0.000,0.000,0.000
91020,94320.98,25.00,-0.0295,1.0329,0.1023,0.22,-0.39,-0.44,0.000,0.000,0.000
91030,94318.57,25.00,0.0491,1.0262,0.1135,0.26,0.09,0.09,0.000,0.000,0.000
91040,94324.50,25.00,0.0627,0.9932,0.1288,-0.45,-0.50,-0.34,0.000,0.000,0.000
91050,94322.24,25.00,0.0379,1.0056,0.0758,0.29,-0.58,-0.62,0.000,0.000,0.000
91060,94319.51,25.00,0.0275,1.0093,0.1133,0.04,-0.42,-0.39,0.000,0.000,0.000
91070,94322.81,25.00,0.0255,0.9819,0.1045,0.16,0.19,-0.16,0.000,0.000,0.000
91080,94321.01,25.00,0.0335,1.0106,0.1211,0.14,-0.17,0.10,0.000,0.000,0.000
91090,94320.42,25.00,0.0441,0.9970,0.1078,0.65,-0.23,0.05,0.000,0.000,0.000
91100,94323.43,25.00,0.0248,1.0131,0.1074,0.53,-0.28,-0.63,0.000,0.000,0.000
91110,94321.59,25.00,0.0055,1.0207,0.1142,0.35,-0.77,0.14,0.000,0.000,0.000
91120,94321.44,25.00,-0.0005,1.0150,0.1334,0.08,-0.74,-0.31,0.000,0.000,0.000
91130,94319.52,25.00,-0.0046,1.0298,0.1148,-0.43,-0.24,-0.17,0.000,0.000,0.000
91140,94318.86,25.00,0.0159,0.9830,0.0757,0.08,0.59,-0.50,0.000,0.000,0.000
91150,94326.59,25.00,0.0406,1.0060,0.1037,0.58,-0.33,-0.53,0.000,0.000,0.000
91160,94320.39,25.00,0.0148,1.0329,0.1064,0.75,-0.11,-0.40,0.000,0.000,0.000
91170,94321.62,25.00,0.0225,0.9835,0.1259,-0.06,-0.58,-0.10,0.000,0.000,0.000
91180,94322.15,25.00,0.0345,1.0332,0.1121,-0.09,-0.41,-0.33,0.000,0.000,0.000
91190,94314.96,25.00,0.0263,1.0262,0.0987,0.19,0.29,0.02,0.000,0.000,0.000
91200,94325.42,25.00,0.0100,1.0159,0.1125,-0.16,-0.42,0.10,0.000,0.000,0.000
91210,94322.25,25.00,0.0084,1.0079,0.1179,0.23,0.26,-0.20,0.000,0.000,0.000
91220,94320.61,25.00,0.0149,1.0172,0.1189,-0.26,-0.32,-0.17,0.000,0.000,0.000
91230,94325.15,25.00,0.0239,1.0204,0.1269,0.11,-0.59,0.09,0.000,0.000,0.000
91240,94327.06,25.00,0.0102,1.0560,0.0904,0.25,-0.41,-0.72,0.000,0.000,0.000
91250,94322.85,25.00,0.0139,0.9960,0.0997,0.22,0.17,0.20,0.000,0.000,0.000
91260,94319.41,25.00,0.0370,0.9848,0.0926,0.39,0.41,0.09,0.000,0.000,0.000
91270,94320.33,25.00,0.0113,1.0151,0.1183,-0.46,-0.50,-0.12,0.000,0.000,0.000
91280,94321.78,25.00,0.0218,1.0190,0.0699,0.17,-0.71,0.16,0.000,0.000,0.000
91290,94326.32,25.00,0.0254,1.0008,0.1113,0.70,-0.23,-0.18,0.000,0.000,0.000
91300,94323.17,25.00,0.0052,1.0261,0.0852,-0.13,-0.38,-0.24,0.000,0.000,0.000
91310,94322.16,25.00,0.0177,0.9962,0.1085,0.44,-0.46,-0.00,0.000,0.000,0.000
91320,94321.14,25.00,0.0236,1.0223,0.0712,0.27,-0.22,0.12,0.000,0.000,0.000
91330,94319.10,25.00,0.0354,1.0069,0.1169,0.05,-0.34,-0.75,0.000,0.000,0.000
91340,94321.24,25.00,0.0501,1.0063,0.1147,0.49,0.30,0.24,0.000,0.000,0.000
91350,94320.92,25.00,0.0194,1.0007,0.1383,0.32,-0.69,-0.24,0.000,0.000,0.000
91360,94319.81,25.00,0.0264,1.0311,0.1277,0.34,-0.27,-0.00,0.000,0.000,0.000
91370,94320.41,25.00,0.0263,1.0226,0.1098,-0.03,-0.57,-0.45,0.000,0.000,0.000
91380,94324.79,25.00,0.0642,1.0099,0.1262,0.26,0.47,-0.02,0.000,0.000,0.000
91390,94320.60,25.00,0.0154,1.0009,0.1040,-0.02,0.07,-0.44,0.000,0.000,0.000
91400,94320.60,25.00,0.0217,1.0454,0.0822,-0.14,-0.53,0.02,0.000,0.000,0.000
91410,94319.06,25.00,0.0325,1.0199,0.0941,-0.18,-0.38,-0.02,0.000,0.000,0.000
91420,94318.53,25.00,0.0264,0.9938,0.1237,-0.32,-0.25,0.29,0.000,0.000,0.000
91430,94319.67,25.00,0.0165,1.0284,0.0609,-0.12,-0.97,-0.01,0.000,0.000,0.000
91440,94320.27,25.00,0.0041,1.0138,0.1105,0.38,-0.23,-0.38,0.000,0.000,0.000
91450,94323.03,25.00,0.0141,1.0027,0.1302,0.38,-0.25,-0.06,0.000,0.000,0.000
91460,94324.17,25.00,0.0186,0.9953,0.1033,0.19,-0.04,-0.20,0.000,0.000,0.000
91470,94320.37,25.00,0.0085,1.0114,0.1166,-0.87,-0.31,0.26,0.000,0.000,0.000
91480,94322.63,25.00,0.0118,1.0199,0.1406,0.22,-0.08,-0.09,0.000,0.000,0.000
91490,94322.87,25.00,0.0359,1.0146,0.1291,0.08,-0.30,0.08,0.000,0.000,0.000
91500,94324.07,25.00,0.0311,0.9971,0.0783,-0.24,0.23,0.19,0.000,0.000,0.000
91510,94319.46,25.00,0.0075,1.0351,0.0915,0.32,0.52,0.11,0.000,0.000,0.000
91520,94323.03,25.00,0.0072,0.9618,0.0871,0.32,0.20,-0.39,0.000,0.000,0.000
91530,94318.01,25.00,0.0065,1.0171,0.0948,0.62,-0.61,-0.01,0.000,0.000,0.000
91540,94319.42,25.00,0.0372,0.9832,0.1425,-0.37,-0.34,-0.34,0.000,0.000,0.000
91550,94326.69,25.00,0.0286,0.9873,0.1320,-0.25,-0.47,-0.22,0.000,0.000,0.000
91560,94322.78,25.00,0.0253,1.0347,0.0940,-0.66,-0.42,0.19,0.000,0.000,0.000
91570,94319.33,25.00,0.0371,0.9648,0.1212,0.11,0.05,-0.25,0.000,0.000,0.000
91580,94321.63,25.00,0.0102,1.0133,0.1249,-0.08,-0.62,-0.35,0.000,0.000,0.000
91590,94323.26,25.00,0.0491,1.0375,0.1335,-0.13,-0.26,-0.29,0.000,0.000,0.000
91600,94322.99,25.00,0.0435,1.0034,0.1401,0.68,0.03,0.26,0.000,0.000,0.000
91610,94323.70,25.00,0.0098,1.0166,0.0989,0.32,-0.91,0.23,0.000,0.000,0.000
91620,94323.50,25.00,0.0602,1.0201,0.1237,0.13,-0.05,-0.26,0.000,0.000,0.000
91630,94318.84,25.00,-0.0067,1.0134,0.1127,-0.18,-0.22,-0.26,0.000,0.000,0.000
91640,94322.74,25.00,0.0439,0.9859,0.1460,0.32,-0.06,0.42,0.000,0.000,0.000
91650,94317.72,25.00,-0.0083,1.0108,0.1201,-0.08,-0.74,-0.47,0.000,0.000,0.000
91660,94327.38,25.00,-0.0253,1.0012,0.0997,0.08,0.14,-0.42,0.000,0.000,0.000
91670,94316.35,25.00,0.0198,1.0171,0.0587,0.11,0.09,-0.60,0.000,0.000,0.000
91680,94318.62,25.00,0.0775,1.0243,0.1446,0.29,-0.35,-0.07,0.000,0.000,0.000
91690,94323.47,25.00,0.0271,0.9990,0.1413,0.43,0.01,-0.55,0.000,0.000,0.000
91700,94317.73,25.00,0.0406,1.0202,0.1301,0.63,-0.16,-0.17,0.000,0.000,0.000
91710,94319.18,25.00,0.0041,1.0066,0.0866,0.30,-0.20,-0.25,0.000,0.000,0.000
91720,94317.19,25.00,0.0445,1.0233,0.0996,-0.06,-0.18,-0.10,0.000,0.000,0.000
91730,94320.44,25.00,0.0019,0.9852,0.1176,0.36,-0.54,-0.23,0.000,0.000,0.000
91740,94317.75,25.00,-0.0096,1.0047,0.1217,0.12,-0.43,0.18,0.000,0.000,0.000
91750,94319.64,25.00,0.0319,1.0009,0.1273,0.18,-0.82,-0.41,0.000,0.000,0.000
91760,94316.72,25.00,0.0357,1.0080,0.1381,0.34,-0.32,0.06,0.000,0.000,0.000
91770,94324.62,25.00,0.0165,0.9927,0.1184,-0.26,-0.52,-0.24,0.000,0.000,0.000
91780,94322.70,25.00,0.0243,1.0442,0.1074,0.11,-0.41,-0.25,0.000,0.000,0.000
91790,94316.87,25.00,0.0309,1.0183,0.0979,-0.47,-0.22,-0.29,0.000,0.000,0.000
91800,94319.50,25.00,0.0378,1.0318,0.1290,0.02,-0.15,-0.41,0.000,0.000,0.000
91810,94320.03,25.00,0.0221,1.0026,0.1090,-0.01,-0.07,-0.59,0.000,0.000,0.000
91820,94323.42,25.00,0.0083,1.0075,0.1116,-0.27,0.04,-0.00,0.000,0.000,0.000
91830,94320.45,25.00,0.0329,0.9917,0.0769,0.70,-0.30,-0.07,0.000,0.000,0.000
91840,94320.31,25.00,0.0482,1.0777,0.1229,0.05,0.06,0.24,0.000,0.000,0.000
91850,94320.58,25.00,-0.0048,1.0225,0.0857,0.01,-0.07,-0.69,0.000,0.000,0.000
91860,94321.49,25.00,0.0443,1.0134,0.1049,0.47,0.08,0.18,0.000,0.000,0.000
91870,94320.41,25.00,0.0374,1.0133,0.1213,-0.11,-0.25,-0.62,0.000,0.000,0.000
91880,94319.56,25.00,0.0715,1.0034,0.1182,0.16,-0.43,0.03,0.000,0.000,0.000
91890,94318.08,25.00,-0.0027,0.9993,0.1240,-0.18,-0.28,0.26,0.000,0.000,0.000
91900,94321.97,25.00,0.0443,1.0054,0.0941,0.27,-0.81,-0.35,0.000,0.000,0.000
91910,94322.30,25.00,0.0420,1.0111,0.1187,0.14,0.01,-0.09,0.000,0.000,0.000
91920,94318.90,25.00,0.0182,1.0249,0.0844,0.29,0.42,-0.34,0.000,0.000,0.000
91930,94323.11,25.00,0.0056,1.0040,0.1369,0.21,-0.61,-0.66,0.000,0.000,0.000
91940,94316.24,25.00,0.0056,1.0158,0.1092,0.07,-0.54,0.49,0.000,0.000,0.000
91950,94319.27,25.00,-0.0102,1.0315,0.1051,0.04,-0.22,-0.05,0.000,0.000,0.000
91960,94323.78,25.00,-0.0105,1.0064,0.0997,0.26,-0.00,-0.28,0.000,0.000,0.000
91970,94320.98,25.00,0.0596,0.9815,0.1018,0.25,0.13,0.13,0.000,0.000,0.000
91980,94325.04,25.00,0.0602,1.0096,0.1315,0.81,0.11,0.01,0.000,0.000,0.000
91990,94319.09,25.00,0.0278,1.0164,0.1185,0.23,-0.10,-0.03,0.000,0.000,0.000
92000,94321.54,25.00,0.0149,1.0190,0.0905,-0.18,-0.46,-0.55,0.000,0.000,0.000
92010,94326.68,25.00,-0.0126,0.9916,0.1283,0.13,-0.52,0.07,0.000,0.000,0.000
92020,94317.23,25.00,0.0070,0.9919,0.1029,-0.02,-0.17,0.47,0.000,0.000,0.000
92030,94323.24,25.00,0.0464,0.9985,0.1636,0.03,0.30,-0.05,0.000,0.000,0.000
92040,94319.88,25.00,0.0447,1.0110,0.1613,-0.02,-0.38,-0.26,0.000,0.000,0.000
92050,94324.16,25.00,-0.0007,0.9807,0.1231,-0.40,-0.20,0.07,0.000,0.000,0.000
92060,94316.75,25.00,0.0496,0.9928,0.0682,0.32,-0.49,-0.26,0.000,0.000,0.000
92070,94325.68,25.00,0.0575,1.0332,0.0923,-0.22,-0.19,-0.21,0.000,0.000,0.000
92080,94320.82,25.00,-0.0054,0.9918,0.1141,0.16,-0.25,-0.33,0.000,0.000,0.000
92090,94322.64,25.00,0.0510,0.9746,0.1337,0.15,-0.14,-0.09,0.000,0.000,0.000
92100,94324.14,25.00,0.0476,0.9896,0.1233,0.07,-0.23,0.08,0.000,0.000,0.000
92110,94320.41,25.00,0.0380,0.9958,0.0912,0.23,0.20,0.05,0.000,0.000,0.000
92120,94321.28,25.00,0.0003,0.9975,0.1217,0.25,-0.18,-0.02,0.000,0.000,0.000
92130,94321.95,25.00,0.0287,0.9955,0.0923,0.62,-0.71,0.18,0.000,0.000,0.000
92140,94319.23,25.00,-0.0023,0.9915,0.1295,-0.06,-0.22,-0.25,0.000,0.000,0.000
92150,94319.82,25.00,0.0278,1.0301,0.1171,0.37,-0.29,-0.44,0.000,0.000,0.000
92160,94316.92,25.00,0.0167,1.0190,0.1290,0.32,-0.03,-0.27,0.000,0.000,0.000
92170,94325.42,25.00,0.0035,1.0050,0.1488,-0.48,-0.26,-0.34,0.000,0.000,0.000
92180,94319.36,25.00,0.0051,0.9963,0.1124,-0.17,0.03,-0.15,0.000,0.000,0.000
92190,94324.68,25.00,0.0156,1.0590,0.0872,-0.07,0.22,-0.28,0.000,0.000,0.000
92200,94321.33,25.00,0.0185,0.9822,0.1173,-0.04,-0.40,-0.04,0.000,0.000,0.000
92210,94323.35,25.00,0.0150,0.9811,0.1018,0.03,-0.32,0.06,0.000,0.000,0.000
92220,94322.63,25.00,0.0394,1.0151,0.0994,0.65,-1.01,-0.14,0.000,0.000,0.000
92230,94322.75,25.00,0.0320,0.9978,0.1424,-0.62,-0.32,-0.13,0.000,0.000,0.000
92240,94320.80,25.00,0.0028,1.0303,0.1187,-0.23,-0.00,-0.17,0.000,0.000,0.000
92250,94321.22,25.00,0.0029,1.0074,0.1131,-0.03,-0.04,-0.31,0.000,0.000,0.000
92260,94320.22,25.00,0.0368,0.9562,0.1060,-0.10,0.47,-0.26,0.000,0.000,0.000
92270,94321.16,25.00,0.0428,1.0220,0.1336,0.32,-0.11,-0.32,0.000,0.000,0.000
92280,94322.14,25.00,0.0370,1.0075,0.1289,0.08,-0.05,-0.25,0.000,0.000,0.000
92290,94321.78,25.00,0.0372,1.0139,0.1352,-0.02,-0.61,-0.55,0.000,0.000,0.000
92300,94322.42,25.00,0.0169,1.0064,0.1100,-0.01,-0.59,-0.38,0.000,0.000,0.000
92310,94321.82,25.00,0.0315,1.0020,0.0859,0.31,-0.12,-0.08,0.000,0.000,0.000
92320,94320.07,25.00,0.0004,1.0119,0.1348,0.16,0.24,-0.81,0.000,0.000,0.000
92330,94328.15,25.00,0.0389,0.9806,0.1065,-0.38,0.30,-0.17,0.000,0.000,0.000
92340,94323.37,25.00,0.0246,0.9908,0.1008,-0.22,-0.24,-0.31,0.000,0.000,0.000
92350,94323.83,25.00,0.0647,1.0156,0.1116,0.01,-0.69,-0.23,0.000,0.000,0.000
92360,94326.29,25.00,0.0292,1.0245,0.0790,0.05,-0.62,-0.82,0.000,0.000,0.000
92370,94322.99,25.00,0.0347,0.9981,0.1359,0.29,-0.62,-0.21,0.000,0.000,0.000
92380,94319.27,25.00,-0.0181,0.9957,0.1278,0.08,-0.29,-0.61,0.000,0.000,0.000
92390,94323.09,25.00,0.0172,0.9999,0.1218,0.41,-0.02,-0.12,0.000,0.000,0.000
92400,94317.68,25.00,0.0489,0.9963,0.0958,-0.29,-0.49,-0.20,0.000,0.000,0.000
92410,94320.13,25.00,0.0299,1.0197,0.1182,-0.29,-0.29,-0.27,0.000,0.000,0.000
92420,94319.08,25.00,0.0400,1.0188,0.1236,-0.31,-0.05,-0.31,0.000,0.000,0.000
92430,94318.24,25.00,0.0087,1.0065,0.1113,0.01,0.05,-0.13,0.000,0.000,0.000
92440,94317.69,25.00,0.0254,1.0115,0.1504,0.48,-0.31,-0.52,0.000,0.000,0.000
92450,94318.31,25.00,0.0028,0.9822,0.1296,0.17,-0.23,-0.43,0.000,0.000,0.000
92460,94323.22,25.00,0.0324,1.0240,0.1180,-0.24,0.04,-0.11,0.000,0.000,0.000
92470,94321.06,25.00,0.0376,1.0268,0.1215,-0.19,-0.26,-0.11,0.000,0.000,0.000
92480,94317.70,25.00,0.0506,0.9860,0.1386,0.12,-0.50,-0.62,0.000,0.000,0.000
92490,94321.43,25.00,-0.0035,1.0256,0.1363,0.13,-0.11,-0.05,0.000,0.000,0.000
92500,94321.44,25.00,0.0031,0.9760,0.1226,0.09,-0.94,0.09,0.000,0.000,0.000
92510,94318.30,25.00,0.0137,0.9995,0.1099,0.20,-0.57,-0.14,0.000,0.000,0.000
92520,94320.89,25.00,0.0642,1.0028,0.0951,0.33,-0.12,-0.65,0.000,0.000,0.000
92530,94319.00,25.00,0.0556,1.0142,0.1116,-0.25,0.01,-0.38,0.000,0.000,0.000
92540,94315.76,25.00,0.0221,1.0280,0.1261,-0.48,-0.71,-0.47,0.000,0.000,0.000
92550,94319.24,25.00,0.0358,0.9914,0.1051,-0.24,-0.23,-0.67,0.000,0.000,0.000
92560,94323.50,25.00,0.0420,0.9799,0.1177,0.73,-0.42,-0.21,0.000,0.000,0.000
92570,94320.33,25.00,0.0246,1.0232,0.1115,-0.04,-0.02,0.23,0.000,0.000,0.000
92580,94319.25,25.00,0.0383,1.0018,0.0978,0.22,-0.80,-0.43,0.000,0.000,0.000
92590,94324.65,25.00,0.0119,0.9819,0.1088,-0.17,-0.32,0.73,0.000,0.000,0.000
92600,94321.44,25.00,0.0238,1.0222,0.1254,0.08,-0.12,-0.08,0.000,0.000,0.000
92610,94325.57,25.00,0.0156,1.0508,0.1001,0.41,-0.85,-0.47,0.000,0.000,0.000
92620,94321.29,25.00,0.0335,1.0167,0.1211,-0.45,-0.26,-0.12,0.000,0.000,0.000
92630,94317.57,25.00,0.0503,1.0032,0.1306,0.08,-0.20,0.50,0.000,0.000,0.000
92640,94323.37,25.00,0.0438,0.9913,0.1216,0.68,0.29,-0.22,0.000,0.000,0.000
92650,94318.89,25.00,0.0365,1.0052,0.1259,-0.00,-0.39,-0.28,0.000,0.000,0.000
92660,94323.48,25.00,0.0055,0.9883,0.1114,0.09,-0.31,-0.31,0.000,0.000,0.000
92670,94319.94,25.00,0.0256,0.9902,0.1208,-0.04,-1.06,0.15,0.000,0.000,0.000
92680,94318.72,25.00,0.0153,1.0453,0.1313,-0.44,-0.18,-0.20,0.000,0.000,0.000
92690,94324.87,25.00,-0.0059,1.0201,0.0971,0.03,-0.60,-0.33,0.000,0.000,0.000
92700,94318.49,25.00,0.0130,1.0015,0.1694,-0.04,-0.65,-0.43,0.000,0.000,0.000
92710,94322.76,25.00,0.0315,1.0012,0.0867,0.39,-0.59,-0.55,0.000,0.000,0.000
92720,94321.23,25.00,0.0408,0.9741,0.1152,0.26,0.43,0.00,0.000,0.000,0.000
92730,94321.38,25.00,0.0366,1.0154,0.1123,0.26,0.00,0.29,0.000,0.000,0.000
92740,94324.14,25.00,0.0163,1.0341,0.0814,0.32,-0.01,-0.10,0.000,0.000,0.000
92750,94320.20,25.00,0.0264,0.9773,0.1165,0.18,-0.13,0.02,0.000,0.000,0.000
92760,94323.79,25.00,0.0386,1.0067,0.1127,0.36,-0.39,-0.50,0.000,0.000,0.000
92770,94322.67,25.00,0.0267,1.0166,0.1119,0.63,-1.03,-0.47,0.000,0.000,0.000
92780,94319.52,25.00,0.0149,1.0102,0.0891,-0.58,-0.45,-0.45,0.000,0.000,0.000
92790,94324.37,25.00,0.0229,1.0276,0.1684,0.19,0.11,0.15,0.000,0.000,0.000
92800,94319.21,25.00,0.0423,0.9969,0.0791,0.12,-0.15,0.02,0.000,0.000,0.000
92810,94327.11,25.00,0.0316,0.9943,0.0816,0.32,-0.40,-0.31,0.000,0.000,0.000
92820,94320.34,25.00,-0.0081,0.9995,0.1080,0.11,0.14,-0.01,0.000,0.000,0.000
92830,94320.30,25.00,0.0127,0.9723,0.1472,-0.03,-0.38,-0.32,0.000,0.000,0.000
92840,94320.03,25.00,0.0153,0.9992,0.1233,-0.16,-0.83,-0.30,0.000,0.000,0.000
92850,94321.74,25.00,0.0060,0.9983,0.1349,0.08,-0.08,-0.43,0.000,0.000,0.000
92860,94325.57,25.00,0.0216,1.0050,0.1120,0.77,-0.18,-0.22,0.000,0.000,0.000
92870,94324.07,25.00,0.0122,0.9858,0.1065,0.07,0.33,-0.33,0.000,0.000,0.000
92880,94325.40,25.00,0.0238,1.0220,0.0883,-0.06,0.14,0.27,0.000,0.000,0.000
92890,94319.70,25.00,-0.0213,0.9866,0.1030,-0.05,-0.53,-0.05,0.000,0.000,0.000
92900,94316.09,25.00,0.0391,1.0342,0.1175,0.50,-0.67,-0.05,0.000,0.000,0.000
92910,94317.58,25.00,0.0188,1.0133,0.1117,0.15,-0.78,0.20,0.000,0.000,0.000
92920,94323.25,25.00,0.0322,1.0181,0.1104,0.18,-0.15,0.18,0.000,0.000,0.000
92930,94322.15,25.00,0.0530,1.0073,0.1078,-0.10,0.15,-0.16,0.000,0.000,0.000
92940,94319.13,25.00,0.0210,0.9931,0.1266,0.36,-0.34,-0.01,0.000,0.000,0.000
92950,94321.50,25.00,0.0237,1.0281,0.1132,0.42,0.00,-0.12,0.000,0.000,0.000
92960,94324.90,25.00,0.0256,1.0554,0.1047,0.10,-0.46,-0.44,0.000,0.000,0.000
92970,94319.80,25.00,0.0202,1.0163,0.1497,0.11,-0.20,-0.51,0.000,0.000,0.000
92980,94321.15,25.00,0.0021,1.0113,0.1061,0.27,-0.43,0.03,0.000,0.000,0.000
92990,94320.72,25.00,0.0469,1.0230,0.0985,0.21,-0.19,-0.01,0.000,0.000,0.000
93000,94324.81,25.00,0.0660,1.0503,0.0986,0.15,-0.46,-0.23,0.000,0.000,0.000
93010,94319.61,25.00,0.0225,1.0093,0.0557,0.50,-0.17,0.16,0.000,0.000,0.000
93020,94324.15,25.00,0.0516,1.0208,0.1260,0.18,0.26,0.28,0.000,0.000,0.000
93030,94317.92,25.00,0.0286,1.0325,0.0941,0.52,-0.14,-0.01,0.000,0.000,0.000
93040,94324.10,25.00,0.0162,0.9830,0.0839,0.13,0.06,0.02,0.000,0.000,0.000
93050,94320.33,25.00,0.0371,1.0269,0.1517,0.39,-0.34,-0.19,0.000,0.000,0.000
93060,94320.70,25.00,0.0315,1.0075,0.1148,0.36,0.10,0.00,0.000,0.000,0.000
93070,94324.19,25.00,0.0256,1.0058,0.1241,-0.06,-0.66,-0.13,0.000,0.000,0.000
93080,94322.47,25.00,-0.0091,1.0194,0.1038,0.29,-0.18,-0.29,0.000,0.000,0.000
93090,94323.50,25.00,0.0014,1.0002,0.1216,0.61,-0.49,-0.39,0.000,0.000,0.000
93100,94319.63,25.00,-0.0023,1.0183,0.1354,0.18,0.03,0.06,0.000,0.000,0.000
93110,94323.62,25.00,0.0024,0.9905,0.1327,-0.58,-0.61,-0.72,0.000,0.000,0.000
93120,94323.58,25.00,0.0168,1.0044,0.0802,0.55,0.26,-0.08,0.000,0.000,0.000
93130,94322.97,25.00,0.0079,1.0197,0.1217,-0.10,-0.21,-0.02,0.000,0.000,0.000
93140,94319.18,25.00,0.0105,1.0154,0.1059,0.20,-0.86,-0.11,0.000,0.000,0.000
93150,94320.45,25.00,0.0117,1.0118,0.1007,0.36,0.32,-0.19,0.000,0.000,0.000
93160,94325.41,25.00,0.0764,1.0191,0.1024,0.45,-0.39,-0.49,0.000,0.000,0.000
93170,94320.91,25.00,0.0233,0.9945,0.1088,-0.05,-0.33,-0.61,0.000,0.000,0.000
93180,94323.11,25.00,0.0589,1.0454,0.1069,0.04,0.07,-0.72,0.000,0.000,0.000
93190,94319.00,25.00,0.0161,1.0281,0.1197,0.37,0.23,-0.34,0.000,0.000,0.000
93200,94323.76,25.00,0.0065,0.9890,0.1320,-0.04,-0.83,0.22,0.000,0.000,0.000
93210,94317.97,25.00,0.0449,1.0089,0.1136,-0.23,-0.42,-0.65,0.000,0.000,0.000
93220,94325.39,25.00,0.0076,0.9496,0.0663,-0.65,-0.50,0.30,0.000,0.000,0.000
93230,94322.19,25.00,-0.0036,1.0317,0.1063,-0.05,-0.12,-0.59,0.000,0.000,0.000
93240,94321.44,25.00,0.0045,1.0064,0.1437,-0.39,-0.18,-0.68,0.000,0.000,0.000
93250,94322.97,25.00,-0.0018,1.0057,0.1272,-0.41,-0.34,-0.03,0.000,0.000,0.000
93260,94322.25,25.00,0.0281,1.0454,0.1146,0.44,-0.57,0.45,0.000,0.000,0.000
93270,94324.79,25.00,0.0053,0.9767,0.1015,0.12,0.23,0.21,0.000,0.000,0.000
93280,94320.49,25.00,0.0275,1.0401,0.0920,0.41,-0.48,-0.46,0.000,0.000,0.000
93290,94323.91,25.00,0.0094,1.0118,0.0983,-0.50,-0.54,0.58,0.000,0.000,0.000
93300,94319.83,25.00,0.0344,0.9892,0.0586,0.31,-0.70,-0.21,0.000,0.000,0.000
93310,94320.41,25.00,0.0098,1.0062,0.1027,-0.66,-0.01,-0.35,0.000,0.000,0.000
93320,94322.43,25.00,0.0730,1.0083,0.1130,0.07,-0.21,-0.14,0.000,0.000,0.000
93330,94324.38,25.00,0.0368,1.0419,0.1271,-0.08,-0.56,-0.04,0.000,0.000,0.000
93340,94318.25,25.00,0.0279,1.0280,0.0773,0.05,-0.51,-0.29,0.000,0.000,0.000
93350,94321.59,25.00,0.0063,1.0118,0.1005,-0.06,-0.95,-0.21,0.000,0.000,0.000
93360,94322.76,25.00,0.0331,0.9938,0.1367,0.10,-0.51,-0.63,0.000,0.000,0.000
93370,94323.92,25.00,0.0265,0.9817,0.0996,-0.49,-0.04,-0.30,0.000,0.000,0.000
93380,94323.13,25.00,0.0400,1.0194,0.1073,-0.01,-0.21,-0.29,0.000,0.000,0.000
93390,94322.53,25.00,0.0454,1.0142,0.0668,-0.37,-0.38,-0.03,0.000,0.000,0.000
93400,94317.54,25.00,0.0412,1.0113,0.1024,0.02,0.14,0.05,0.000,0.000,0.000
93410,94322.87,25.00,0.0211,1.0048,0.0682,0.17,-0.02,-0.07,0.000,0.000,0.000
93420,94323.44,25.00,0.0332,1.0091,0.1284,-0.01,-0.47,-0.47,0.000,0.000,0.000
93430,94321.73,25.00,0.0274,1.0107,0.1174,-0.40,-0.07,-0.37,0.000,0.000,0.000
93440,94321.98,25.00,0.0065,1.0085,0.1451,0.15,-0.66,-0.18,0.000,0.000,0.000
93450,94322.77,25.00,0.0194,1.0234,0.0881,-0.17,0.16,-0.24,0.000,0.000,0.000
93460,94322.04,25.00,0.0260,1.0051,0.0902,-0.20,0.15,-0.53,0.000,0.000,0.000
93470,94316.11,25.00,0.0364,1.0111,0.1056,-0.31,-0.62,0.09,0.000,0.000,0.000
93480,94321.58,25.00,0.0324,1.0036,0.0885,-0.15,-0.75,0.27,0.000,0.000,0.000
93490,94322.64,25.00,0.0717,1.0087,0.1487,-0.15,0.11,-0.44,0.000,0.000,0.000
93500,94322.98,25.00,0.0557,0.9985,0.1298,0.63,-0.27,0.14,0.000,0.000,0.000
93510,94320.40,25.00,0.0033,1.0077,0.0942,0.32,-0.51,-0.35,0.000,0.000,0.000
93520,94323.36,25.00,0.0368,1.0162,0.1010,0.05,-0.76,-0.02,0.000,0.000,0.000
93530,94320.84,25.00,-0.0006,1.0332,0.1395,0.11,-0.68,-0.12,0.000,0.000,0.000
93540,94322.21,25.00,0.0390,0.9833,0.1308,0.29,-0.23,-0.25,0.000,0.000,0.000
93550,94320.35,25.00,0.0080,0.9999,0.1135,-0.25,-0.50,-0.03,0.000,0.000,0.000
93560,94321.57,25.00,0.0078,1.0348,0.1482,0.49,-0.08,-0.54,0.000,0.000,0.000
93570,94322.89,25.00,0.0642,1.0203,0.0983,0.03,-0.06,0.04,0.000,0.000,0.000
93580,94321.67,25.00,0.0080,1.0103,0.1054,0.05,0.22,-0.32,0.000,0.000,0.000
93590,94322.62,25.00,0.0247,0.9701,0.1157,0.20,-0.47,-0.41,0.000,0.000,0.000
93600,94324.06,25.00,0.0761,1.0196,0.1285,0.26,-0.37,0.24,0.000,0.000,0.000
93610,94322.59,25.00,0.0201,1.0130,0.1468,0.19,-0.30,0.22,0.000,0.000,0.000
93620,94317.93,25.00,0.0044,1.0222,0.1056,0.54,-0.41,0.25,0.000,0.000,0.000
93630,94325.65,25.00,0.0031,1.0105,0.1293,-0.08,-0.18,-0.20,0.000,0.000,0.000
93640,94324.48,25.00,0.0374,1.0175,0.1348,-0.19,-0.44,-0.19,0.000,0.000,0.000
93650,94326.40,25.00,-0.0031,0.9809,0.1166,-0.15,-0.18,-0.00,0.000,0.000,0.000
93660,94328.25,25.00,0.0207,0.9822,0.1175,-0.14,-0.26,-0.31,0.000,0.000,0.000
93670,94319.71,25.00,0.0335,1.0128,0.0666,-0.15,-0.16,-0.45,0.000,0.000,0.000
93680,94322.75,25.00,0.0479,1.0159,0.0916,-0.17,-0.15,-0.41,0.000,0.000,0.000
93690,94319.37,25.00,0.0087,0.9912,0.1002,0.09,-0.13,-0.40,0.000,0.000,0.000
93700,94321.94,25.00,0.0510,0.9811,0.1020,0.15,0.03,-0.52,0.000,0.000,0.000
93710,94323.99,25.00,0.0637,1.0204,0.0957,0.07,-0.53,-0.33,0.000,0.000,0.000
93720,94323.08,25.00,0.0207,1.0096,0.0438,0.30,-0.23,-0.42,0.000,0.000,0.000
93730,94321.31,25.00,-0.0105,1.0080,0.1534,-0.03,-0.16,-0.31,0.000,0.000,0.000
93740,94317.25,25.00,0.0140,0.9864,0.1214,-0.59,-0.05,-0.23,0.000,0.000,0.000
93750,94319.95,25.00,0.0337,1.0230,0.0864,0.29,-0.23,-0.06,0.000,0.000,0.000
93760,94320.09,25.00,0.0283,0.9926,0.1399,0.10,-0.30,-0.20,0.000,0.000,0.000
93770,94326.00,25.00,0.0307,1.0012,0.1319,0.10,0.04,-0.09,0.000,0.000,0.000
93780,94325.58,25.00,0.0160,0.9836,0.1314,-0.09,-0.41,-0.28,0.000,0.000,0.000
93790,94321.18,25.00,0.0594,1.0112,0.0869,-0.00,-0.90,0.05,0.000,0.000,0.000
93800,94322.65,25.00,0.0178,1.0252,0.1270,-0.04,-0.34,0.46,0.000,0.000,0.000
93810,94326.85,25.00,0.0021,1.0238,0.1332,-0.08,-0.71,-0.35,0.000,0.000,0.000
93820,94322.11,25.00,0.0381,0.9942,0.1255,0.31,0.21,-0.43,0.000,0.000,0.000
93830,94319.27,25.00,0.0072,1.0119,0.1059,0.02,-0.68,-0.06,0.000,0.000,0.000
93840,94324.37,25.00,0.0216,1.0223,0.0843,0.07,-0.37,0.17,0.000,0.000,0.000
93850,94320.18,25.00,0.0181,0.9902,0.1018,-0.36,-0.70,-0.27,0.000,0.000,0.000
93860,94320.87,25.00,0.0421,1.0005,0.1074,0.03,0.09,-0.02,0.000,0.000,0.000
93870,94316.37,25.00,-0.0035,1.0031,0.1212,-0.09,-0.49,-0.38,0.000,0.000,0.000
93880,94320.65,25.00,0.0318,1.0015,0.0890,-0.41,0.44,-0.23,0.000,0.000,0.000
93890,94324.65,25.00,0.0283,1.0007,0.0944,0.39,-0.51,-0.31,0.000,0.000,0.000
93900,94325.39,25.00,0.0158,0.9894,0.1313,0.16,-0.94,-0.68,0.000,0.000,0.000
93910,94320.70,25.00,0.0317,1.0367,0.1492,0.68,-0.53,-0.77,0.000,0.000,0.000
93920,94320.73,25.00,-0.0187,1.0137,0.1142,0.08,-0.36,-0.15,0.000,0.000,0.000
93930,94322.66,25.00,0.0278,0.9838,0.1238,0.37,-0.52,-0.13,0.000,0.000,0.000
93940,94324.67,25.00,0.0232,0.9964,0.1029,0.26,-1.00,-0.07,0.000,0.000,0.000
93950,94323.24,25.00,0.0332,0.9911,0.0998,-0.06,-0.15,0.01,0.000,0.000,0.000
93960,94318.04,25.00,0.0173,1.0274,0.1004,-0.29,-0.17,0.03,0.000,0.000,0.000
93970,94320.80,25.00,0.0461,0.9701,0.1055,0.75,-0.45,-0.74,0.000,0.000,0.000
93980,94322.39,25.00,0.0229,0.9639,0.1130,0.17,0.29,-0.65,0.000,0.000,0.000
93990,94320.14,25.00,0.0183,1.0316,0.1172,0.49,-0.15,0.10,0.000,0.000,0.000
94000,94321.46,25.00,0.0192,0.9928,0.1248,-0.03,0.12,-0.66,0.000,0.000,0.000
94010,94319.20,25.00,0.0043,1.0196,0.0667,0.04,-0.62,0.12,0.000,0.000,0.000
94020,94321.92,25.00,0.0409,1.0131,0.1357,0.04,-0.44,-0.73,0.000,0.000,0.000
94030,94319.27,25.00,0.0391,1.0240,0.1026,0.35,-0.63,-0.35,0.000,0.000,0.000
94040,94322.80,25.00,0.0041,0.9909,0.1171,-0.27,-0.03,0.28,0.000,0.000,0.000
94050,94321.82,25.00,0.0513,1.0374,0.0953,-0.08,-0.43,-0.31,0.000,0.000,0.000
94060,94323.76,25.00,0.0186,0.9965,0.1100,-0.28,-0.47,-0.40,0.000,0.000,0.000
94070,94320.38,25.00,0.0331,1.0147,0.1325,0.24,0.02,-0.14,0.000,0.000,0.000
94080,94318.38,25.00,0.0056,1.0220,0.1268,0.37,0.15,-0.34,0.000,0.000,0.000
94090,94319.28,25.00,0.0409,1.0099,0.1215,0.61,-0.02,-0.39,0.000,0.000,0.000
94100,94321.90,25.00,0.0431,1.0433,0.0979,-0.53,-0.34,-0.07,0.000,0.000,0.000
94110,94319.40,25.00,0.0220,1.0273,0.1366,0.12,-0.64,-0.48,0.000,0.000,0.000
94120,94318.84,25.00,0.0631,1.0431,0.1143,-0.31,-0.57,-0.29,0.000,0.000,0.000
94130,94316.80,25.00,0.0273,1.0115,0.0952,0.48,0.53,-0.27,0.000,0.000,0.000
94140,94321.92,25.00,0.0355,1.0325,0.1056,0.16,-0.05,0.27,0.000,0.000,0.000
94150,94319.82,25.00,0.0176,0.9801,0.1094,0.30,-0.67,-0.31,0.000,0.000,0.000
94160,94325.78,25.00,0.0435,0.9844,0.0815,0.10,-0.70,-0.14,0.000,0.000,0.000
94170,94322.91,25.00,0.0180,0.9692,0.0959,-0.14,-0.34,-0.05,0.000,0.000,0.000
94180,94321.71,25.00,-0.0083,0.9702,0.0719,-0.28,-0.61,-0.16,0.000,0.000,0.000
94190,94326.40,25.00,0.0282,1.0272,0.0804,0.26,0.08,-0.25,0.000,0.000,0.000
94200,94328.53,25.00,0.0081,1.0428,0.1566,0.24,-0.21,-0.38,0.000,0.000,0.000
94210,94324.73,25.00,0.0026,0.9695,0.0927,-0.40,-0.43,-1.02,0.000,0.000,0.000
94220,94315.78,25.00,0.0497,0.9906,0.1411,0.10,-0.25,-0.28,0.000,0.000,0.000
94230,94320.86,25.00,0.0185,1.0254,0.1158,0.36,0.19,-0.36,0.000,0.000,0.000
94240,94322.19,25.00,-0.0053,0.9966,0.1347,0.30,0.05,0.02,0.000,0.000,0.000
94250,94324.01,25.00,0.0446,1.0115,0.0834,0.02,-0.38,-0.06,0.000,0.000,0.000
94260,94319.20,25.00,0.0495,1.0109,0.1383,0.19,0.02,-0.14,0.000,0.000,0.000
94270,94319.98,25.00,-0.0114,1.0059,0.1665,-0.03,0.01,-0.26,0.000,0.000,0.000
94280,94319.17,25.00,0.0417,0.9933,0.0913,0.65,-0.32,-0.40,0.000,0.000,0.000
94290,94321.20,25.00,0.0239,1.0232,0.1117,0.10,0.04,-0.35,0.000,0.000,0.000
94300,94321.81,25.00,0.0373,0.9806,0.1557,0.43,0.07,0.23,0.000,0.000,0.000
94310,94319.93,25.00,-0.0093,0.9687,0.1267,-0.32,-0.78,0.37,0.000,0.000,0.000
94320,94320.56,25.00,0.0259,0.9818,0.0863,0.04,-0.66,-0.68,0.000,0.000,0.000
94330,94323.66,25.00,0.0457,1.0044,0.1338,0.25,-0.52,-0.03,0.000,0.000,0.000
94340,94318.89,25.00,0.0083,0.9991,0.1534,0.15,-0.23,-0.16,0.000,0.000,0.000
94350,94324.99,25.00,0.0433,1.0122,0.0826,0.15,-0.06,-0.04,0.000,0.000,0.000
94360,94323.15,25.00,0.0093,1.0293,0.0958,-0.04,-0.83,-0.20,0.000,0.000,0.000
94370,94322.54,25.00,0.0281,0.9924,0.0828,-0.02,-0.06,-0.20,0.000,0.000,0.000
94380,94320.06,25.00,0.0230,1.0160,0.0982,0.19,0.03,-0.58,0.000,0.000,0.000
94390,94320.76,25.00,0.0049,0.9819,0.0722,-0.10,0.12,-0.27,0.000,0.000,0.000
94400,94320.62,25.00,0.0074,0.9987,0.0937,-0.21,-0.78,-0.17,0.000,0.000,0.000
94410,94322.46,25.00,0.0958,1.0316,0.1393,0.53,-0.25,0.62,0.000,0.000,0.000
94420,94322.21,25.00,0.0278,1.0014,0.1204,-0.04,-0.62,-0.35,0.000,0.000,0.000
94430,94319.12,25.00,0.0183,1.0180,0.0950,0.63,-0.29,-0.89,0.000,0.000,0.000
94440,94324.01,25.00,0.0270,0.9899,0.1455,0.31,-0.40,-0.42,0.000,0.000,0.000
94450,94318.41,25.00,0.0291,0.9794,0.1030,-0.07,-0.32,-0.25,0.000,0.000,0.000
94460,94322.30,25.00,0.0363,0.9857,0.0861,-0.01,-0.12,-0.49,0.000,0.000,0.000
94470,94324.63,25.00,0.0255,0.9825,0.1137,0.14,-0.27,-0.17,0.000,0.000,0.000
94480,94320.20,25.00,0.0284,1.0176,0.1028,0.15,-0.30,-0.36,0.000,0.000,0.000
94490,94322.03,25.00,0.0234,1.0180,0.1159,0.25,-0.72,0.51,0.000,0.000,0.000
94500,94319.12,25.00,0.0125,1.0273,0.0767,0.55,0.02,-0.15,0.000,0.000,0.000
94510,94321.64,25.00,0.0127,1.0296,0.0877,0.00,-0.01,0.11,0.000,0.000,0.000
94520,94323.00,25.00,0.0710,1.0389,0.0922,-0.11,0.23,-0.17,0.000,0.000,0.000
94530,94321.46,25.00,0.0160,1.0085,0.1299,-0.00,-0.33,-0.40,0.000,0.000,0.000
94540,94323.32,25.00,0.0354,1.0583,0.1503,0.30,-0.17,0.07,0.000,0.000,0.000
94550,94319.19,25.00,-0.0001,0.9812,0.1128,-0.32,0.67,0.21,0.000,0.000,0.000
94560,94318.75,25.00,0.0320,1.0239,0.0813,0.59,-0.06,-0.35,0.000,0.000,0.000
94570,94324.07,25.00,0.0617,1.0276,0.0819,0.20,-0.11,-0.23,0.000,0.000,0.000
94580,94320.53,25.00,0.0406,1.0113,0.1434,0.14,-0.11,-0.32,0.000,0.000,0.000
94590,94321.88,25.00,0.0027,0.9929,0.1232,-0.42,-0.21,-0.28,0.000,0.000,0.000
94600,94318.55,25.00,0.0171,0.9857,0.1083,0.41,-0.12,-0.62,0.000,0.000,0.000
94610,94320.72,25.00,0.0206,1.0024,0.1352,0.46,0.02,0.24,0.000,0.000,0.000
94620,94323.15,25.00,0.0602,1.0284,0.0999,-0.01,-0.11,-0.61,0.000,0.000,0.000
94630,94318.54,25.00,0.0254,1.0284,0.1362,0.07,-0.60,-0.25,0.000,0.000,0.000
94640,94320.12,25.00,0.0084,1.0212,0.1006,-0.06,-0.01,-0.55,0.000,0.000,0.000
94650,94322.08,25.00,0.0271,1.0095,0.1210,0.05,-0.69,0.08,0.000,0.000,0.000
94660,94322.41,25.00,0.0067,1.0141,0.1175,-0.02,-0.12,-0.99,0.000,0.000,0.000
94670,94320.70,25.00,0.0033,0.9998,0.1182,-0.10,0.06,-0.02,0.000,0.000,0.000
94680,94323.00,25.00,0.0048,1.0212,0.0861,0.11,-1.05,-0.47,0.000,0.000,0.000
94690,94322.73,25.00,0.0227,1.0022,0.1195,0.19,-0.43,0.08,0.000,0.000,0.000
94700,94324.11,25.00,0.0227,1.0240,0.1247,0.30,-0.07,-0.52,0.000,0.000,0.000
94710,94321.80,25.00,0.0301,1.0030,0.1240,-0.00,-0.90,0.17,0.000,0.000,0.000
94720,94319.41,25.00,0.0049,1.0012,0.1134,-0.15,-0.28,-0.15,0.000,0.000,0.000
94730,94325.37,25.00,-0.0083,1.0315,0.0934,0.78,0.07,-0.14,0.000,0.000,0.000
94740,94320.42,25.00,-0.0003,1.0236,0.1072,0.14,-0.72,-0.27,0.000,0.000,0.000
94750,94320.88,25.00,-0.0051,0.9944,0.1010,0.23,-0.54,-0.52,0.000,0.000,0.000
94760,94320.08,25.00,0.0260,0.9952,0.1111,0.00,0.04,-0.36,0.000,0.000,0.000
94770,94322.62,25.00,0.0430,1.0096,0.1047,0.27,-0.01,-0.12,0.000,0.000,0.000
94780,94324.73,25.00,0.0406,1.0320,0.0833,-0.12,0.10,-0.30,0.000,0.000,0.000
94790,94317.02,25.00,0.0338,1.0158,0.0953,0.29,-0.12,0.08,0.000,0.000,0.000
94800,94327.07,25.00,0.0204,1.0146,0.0936,-0.01,-0.06,-0.31,0.000,0.000,0.000
94810,94325.21,25.00,0.0180,1.0240,0.1100,-0.01,-0.10,-0.42,0.000,0.000,0.000
94820,94322.24,25.00,0.0346,0.9875,0.1007,0.50,0.36,-0.09,0.000,0.000,0.000
94830,94325.07,25.00,0.0135,1.0258,0.1271,-0.37,-0.18,-0.12,0.000,0.000,0.000
94840,94320.25,25.00,0.0624,1.0278,0.1303,-0.26,-0.41,0.22,0.000,0.000,0.000
94850,94324.38,25.00,0.0522,0.9873,0.1048,-0.21,-0.79,0.02,0.000,0.000,0.000
94860,94315.68,25.00,0.0542,1.0655,0.0781,0.35,0.26,-0.20,0.000,0.000,0.000
94870,94322.75,25.00,0.0325,1.0154,0.0835,0.47,-0.44,0.62,0.000,0.000,0.000
94880,94320.36,25.00,0.0436,1.0301,0.1446,-0.09,-0.43,-0.24,0.000,0.000,0.000
94890,94318.94,25.00,0.0187,1.0054,0.1499,0.03,-0.10,-0.03,0.000,0.000,0.000
94900,94322.94,25.00,0.0234,1.0209,0.1397,0.26,0.42,-0.12,0.000,0.000,0.000
94910,94326.92,25.00,0.0284,1.0403,0.1359,0.44,0.05,0.10,0.000,0.000,0.000
94920,94323.46,25.00,0.0065,1.0343,0.1150,0.22,-0.17,-0.22,0.000,0.000,0.000
94930,94325.17,25.00,0.0149,1.0048,0.0983,0.06,-0.03,-0.22,0.000,0.000,0.000
94940,94321.97,25.00,-0.0069,1.0075,0.0852,-0.14,-0.32,-0.38,0.000,0.000,0.000
94950,94322.58,25.00,0.0081,1.0245,0.1272,-0.44,-0.11,0.30,0.000,0.000,0.000
94960,94320.13,25.00,0.0146,1.0218,0.0771,-0.05,-0.59,0.34,0.000,0.000,0.000
94970,94320.92,25.00,0.0172,0.9923,0.1176,0.40,-0.56,-0.09,0.000,0.000,0.000
94980,94323.18,25.00,0.0541,1.0342,0.1195,0.28,-0.17,0.19,0.000,0.000,0.000
94990,94322.66,25.00,0.0033,0.9934,0.1131,0.58,-0.65,0.25,0.000,0.000,0.000
95000,94325.27,25.00,0.0224,1.0033,0.1212,-0.13,-0.17,0.11,0.000,0.000,0.000
95010,94317.59,25.00,0.0321,0.9914,0.0973,0.33,-0.45,-0.21,0.000,0.000,0.000
95020,94321.61,25.00,0.0051,0.9974,0.1126,0.24,0.14,-0.45,0.000,0.000,0.000
95030,94321.67,25.00,0.0462,1.0360,0.0940,0.23,-0.63,0.24,0.000,0.000,0.000
95040,94319.23,25.00,0.0415,1.0156,0.1174,-0.08,-0.04,-0.87,0.000,0.000,0.000
95050,94322.66,25.00,0.0193,1.0213,0.1246,-0.53,-0.39,-0.46,0.000,0.000,0.000
95060,94317.91,25.00,0.0069,0.9923,0.1017,0.12,0.15,-1.12,0.000,0.000,0.000
95070,94321.98,25.00,0.0446,0.9957,0.1431,0.48,-1.15,-0.09,0.000,0.000,0.000
95080,94321.10,25.00,-0.0039,1.0059,0.1059,-0.15,-0.70,-0.01,0.000,0.000,0.000
95090,94323.27,25.00,0.0222,1.0163,0.1263,-0.04,-0.33,-0.10,0.000,0.000,0.000
95100,94325.82,25.00,0.0510,1.0135,0.0924,0.18,-0.48,-0.48,0.000,0.000,0.000
95110,94325.47,25.00,0.0147,0.9641,0.0905,0.41,0.19,0.02,0.000,0.000,0.000
95120,94317.27,25.00,0.0382,1.0407,0.1122,0.10,0.09,0.11,0.000,0.000,0.000
95130,94326.58,25.00,0.0285,1.0027,0.1198,0.39,-0.21,-0.47,0.000,0.000,0.000
95140,94319.05,25.00,0.0278,0.9867,0.0794,0.33,-0.99,-0.67,0.000,0.000,0.000
95150,94322.50,25.00,0.0284,1.0169,0.0944,0.42,-0.22,-0.27,0.000,0.000,0.000
95160,94319.20,25.00,0.0042,1.0562,0.1126,0.40,-0.41,-0.09,0.000,0.000,0.000
95170,94320.40,25.00,-0.0091,0.9924,0.1276,0.14,-0.17,-0.37,0.000,0.000,0.000
95180,94325.06,25.00,0.0432,1.0181,0.1091,-0.00,-0.83,-0.55,0.000,0.000,0.000
95190,94321.17,25.00,0.0431,0.9902,0.1397,0.10,-0.39,-0.45,0.000,0.000,0.000
95200,94321.44,25.00,-0.0240,0.9779,0.1016,0.12,-0.52,-0.36,0.000,0.000,0.000
95210,94320.71,25.00,0.0431,1.0336,0.0925,0.07,-0.51,-0.23,0.000,0.000,0.000
95220,94322.95,25.00,-0.0285,1.0126,0.0878,-0.37,-0.15,-0.23,0.000,0.000,0.000
95230,94326.36,25.00,0.0472,1.0013,0.1112,0.24,-0.63,-0.45,0.000,0.000,0.000
95240,94322.51,25.00,0.0329,1.0491,0.1016,0.12,-0.03,-0.15,0.000,0.000,0.000
95250,94326.37,25.00,0.0230,1.0002,0.1154,0.10,-0.07,0.09,0.000,0.000,0.000
95260,94323.94,25.00,0.0280,0.9774,0.1025,0.34,-0.30,0.30,0.000,0.000,0.000
95270,94322.46,25.00,0.0328,1.0197,0.0945,0.30,-0.17,-0.06,0.000,0.000,0.000
95280,94319.57,25.00,0.0451,0.9948,0.1353,0.09,-0.10,-0.25,0.000,0.000,0.000
95290,94322.59,25.00,0.0122,1.0147,0.1131,-0.02,0.10,-0.16,0.000,0.000,0.000
95300,94324.16,25.00,0.0736,1.0089,0.0891,0.25,-0.48,0.01,0.000,0.000,0.000
95310,94323.63,25.00,0.0318,1.0125,0.0895,-0.35,-0.41,-0.13,0.000,0.000,0.000
95320,94327.08,25.00,0.0085,1.0236,0.0995,0.15,-0.01,-0.45,0.000,0.000,0.000
95330,94324.24,25.00,0.0175,0.9922,0.1180,0.42,0.14,-0.35,0.000,0.000,0.000
95340,94324.87,25.00,-0.0137,1.0242,0.1405,-0.15,-0.27,-0.11,0.000,0.000,0.000
95350,94323.27,25.00,0.0574,1.0216,0.0898,0.20,-0.20,0.37,0.000,0.000,0.000
95360,94325.33,25.00,0.0185,1.0472,0.1138,0.58,-0.82,-0.08,0.000,0.000,0.000
95370,94319.71,25.00,0.0290,1.0150,0.0867,-0.07,-0.35,-0.05,0.000,0.000,0.000
95380,94318.68,25.00,0.0073,1.0273,0.1561,0.11,-0.09,-0.49,0.000,0.000,0.000
95390,94321.51,25.00,0.0257,1.0339,0.1225,0.01,-0.56,-0.46,0.000,0.000,0.000
95400,94322.31,25.00,0.0172,1.0011,0.1101,0.31,-0.12,-0.38,0.000,0.000,0.000
95410,94320.11,25.00,0.0367,1.0392,0.1186,0.23,-0.42,-0.07,0.000,0.000,0.000
95420,94319.26,25.00,0.0351,1.0116,0.1242,0.10,-0.15,-0.66,0.000,0.000,0.000
95430,94320.15,25.00,0.0321,1.0274,0.1237,0.38,-0.03,0.53,0.000,0.000,0.000
95440,94318.29,25.00,0.0480,0.9957,0.1192,0.21,-0.27,-0.20,0.000,0.000,0.000
95450,94317.79,25.00,0.0405,1.0166,0.1366,0.47,0.07,0.08,0.000,0.000,0.000
95460,94322.91,25.00,0.0066,1.0124,0.1221,-0.08,-0.25,-0.53,0.000,0.000,0.000
95470,94323.70,25.00,-0.0241,1.0274,0.1196,0.24,-0.27,-0.10,0.000,0.000,0.000
95480,94320.37,25.00,0.0421,1.0420,0.1114,0.18,-0.21,-0.16,0.000,0.000,0.000
95490,94318.77,25.00,0.0157,0.9916,0.0799,0.34,-0.27,0.21,0.000,0.000,0.000
95500,94319.20,25.00,0.0284,0.9710,0.1220,-0.12,-0.60,-0.04,0.000,0.000,0.000
95510,94321.92,25.00,-0.0123,0.9790,0.1004,-0.37,-0.62,-0.43,0.000,0.000,0.000
95520,94322.98,25.00,0.0161,0.9949,0.1198,-0.05,0.21,-0.11,0.000,0.000,0.000
95530,94322.21,25.00,0.0090,1.0369,0.1428,-0.15,-0.40,0.32,0.000,0.000,0.000
95540,94322.27,25.00,0.0414,1.0011,0.0998,0.25,-0.30,-0.26,0.000,0.000,0.000
95550,94321.20,25.00,-0.0114,1.0021,0.1082,-0.50,0.26,-0.57,0.000,0.000,0.000
95560,94322.61,25.00,0.0314,1.0162,0.1020,-0.07,0.10,-0.26,0.000,0.000,0.000
95570,94317.15,25.00,0.0202,0.9915,0.0842,0.27,-0.60,-0.09,0.000,0.000,0.000
95580,94319.54,25.00,-0.0242,1.0258,0.0985,0.57,-0.39,-0.18,0.000,0.000,0.000
95590,94320.83,25.00,0.0327,1.0289,0.1283,0.18,-0.16,-0.04,0.000,0.000,0.000
95600,94319.42,25.00,0.0602,0.9788,0.0987,-0.01,-1.07,-0.40,0.000,0.000,0.000
95610,94329.23,25.00,0.0335,1.0256,0.1299,0.05,-0.30,-0.73,0.000,0.000,0.000
95620,94318.47,25.00,0.0343,1.0162,0.1520,-0.10,-0.17,-0.44,0.000,0.000,0.000
95630,94315.60,25.00,0.0207,0.9980,0.1069,0.50,-0.18,0.01,0.000,0.000,0.000
95640,94326.64,25.00,0.0039,1.0187,0.1199,0.58,-0.02,-0.35,0.000,0.000,0.000
95650,94319.34,25.00,0.0229,1.0211,0.1313,0.17,-0.65,-0.60,0.000,0.000,0.000
95660,94322.73,25.00,0.0095,0.9832,0.1085,-0.11,-0.47,0.12,0.000,0.000,0.000
95670,94320.85,25.00,0.0260,1.0085,0.1058,-0.01,-0.29,-0.19,0.000,0.000,0.000
95680,94315.79,25.00,0.0340,1.0359,0.1201,-0.20,-0.36,-0.41,0.000,0.000,0.000
95690,94320.68,25.00,0.0213,0.9997,0.0788,0.21,-0.39,-0.40,0.000,0.000,0.000
95700,94314.05,25.00,0.0194,1.0093,0.0811,-0.41,0.27,-0.05,0.000,0.000,0.000
95710,94318.84,25.00,0.0270,1.0249,0.1286,0.32,-0.24,-0.62,0.000,0.000,0.000
95720,94318.36,25.00,0.0021,1.0093,0.0797,0.34,-0.29,-0.35,0.000,0.000,0.000
95730,94320.75,25.00,0.0186,1.0191,0.1282,0.27,-0.52,-1.41,0.000,0.000,0.000
95740,94322.40,25.00,0.0119,0.9804,0.1033,-0.01,-0.10,-0.28,0.000,0.000,0.000
95750,94321.11,25.00,0.0178,1.0202,0.1355,-0.46,-0.62,0.10,0.000,0.000,0.000
95760,94319.67,25.00,-0.0006,1.0102,0.1222,0.34,-0.64,-0.16,0.000,0.000,0.000
95770,94320.02,25.00,0.0008,1.0040,0.1266,0.05,-0.10,0.16,0.000,0.000,0.000
95780,94321.23,25.00,0.0223,1.0187,0.1133,0.48,-0.17,-1.01,0.000,0.000,0.000
95790,94321.94,25.00,0.0173,1.0270,0.1216,-0.01,-0.65,0.16,0.000,0.000,0.000
95800,94320.50,25.00,0.0334,0.9936,0.0882,0.07,-0.71,-0.47,0.000,0.000,0.000
95810,94323.13,25.00,0.0187,1.0202,0.0845,0.19,-0.29,-0.29,0.000,0.000,0.000
95820,94323.50,25.00,0.0308,0.9958,0.1279,-0.20,-0.09,0.27,0.000,0.000,0.000
95830,94318.44,25.00,0.0592,1.0470,0.0736,0.54,-0.24,-0.27,0.000,0.000,0.000
95840,94321.12,25.00,0.0611,1.0146,0.1010,0.03,0.41,0.07,0.000,0.000,0.000
95850,94323.69,25.00,0.0292,0.9892,0.0927,0.11,-0.09,-0.29,0.000,0.000,0.000
95860,94319.60,25.00,0.0373,1.0261,0.0792,0.26,-0.39,-0.19,0.000,0.000,0.000
95870,94320.34,25.00,0.0316,0.9961,0.1273,0.07,-0.44,-0.51,0.000,0.000,0.000
95880,94321.56,25.00,0.0494,1.0496,0.0956,0.05,-0.27,0.19,0.000,0.000,0.000
95890,94320.77,25.00,0.0445,0.9842,0.1143,-0.11,-0.89,-0.23,0.000,0.000,0.000
95900,94323.32,25.00,0.0186,0.9531,0.1073,-0.10,-0.50,-0.38,0.000,0.000,0.000
95910,94319.29,25.00,0.0357,1.0377,0.1363,-0.12,0.13,-0.47,0.000,0.000,0.000
95920,94320.97,25.00,0.0318,0.9706,0.0857,0.17,-0.23,-0.20,0.000,0.000,0.000
95930,94321.10,25.00,0.0131,1.0010,0.1011,0.52,-0.46,-0.06,0.000,0.000,0.000
95940,94321.57,25.00,0.0309,1.0079,0.0743,0.40,-0.47,-0.29,0.000,0.000,0.000
95950,94324.36,25.00,0.0491,1.0186,0.0885,0.63,-0.12,-0.13,0.000,0.000,0.000
95960,94323.35,25.00,0.0390,1.0043,0.1332,-0.08,-0.06,0.36,0.000,0.000,0.000
95970,94315.56,25.00,0.0220,0.9884,0.1082,0.69,-0.55,-0.31,0.000,0.000,0.000
95980,94325.16,25.00,0.0467,1.0080,0.1171,0.27,-0.16,-0.23,0.000,0.000,0.000
95990,94322.31,25.00,0.0428,1.0347,0.0955,-0.08,-1.01,-0.13,0.000,0.000,0.000
96000,94320.10,25.00,0.0315,1.0251,0.1148,-0.13,-0.74,0.03,0.000,0.000,0.000
96010,94322.48,25.00,0.0280,1.0015,0.0995,0.43,-0.39,-0.41,0.000,0.000,0.000
96020,94320.51,25.00,-0.0036,1.0007,0.1365,-0.08,-0.12,-0.51,0.000,0.000,0.000
96030,94320.52,25.00,0.0078,1.0198,0.0874,0.37,-0.28,-0.16,0.000,0.000,0.000
96040,94324.37,25.00,0.0075,1.0130,0.1087,0.17,0.05,0.04,0.000,0.000,0.000
96050,94320.37,25.00,0.0149,1.0180,0.0713,-0.01,-0.15,0.32,0.000,0.000,0.000
96060,94318.17,25.00,0.0325,0.9934,0.1142,0.00,0.05,-0.29,0.000,0.000,0.000
96070,94321.26,25.00,0.0481,0.9913,0.1156,0.18,-0.39,-0.43,0.000,0.000,0.000
96080,94319.75,25.00,0.0225,0.9974,0.1243,0.08,-0.29,-0.24,0.000,0.000,0.000
96090,94318.05,25.00,0.0403,0.9823,0.1274,0.49,0.36,-0.25,0.000,0.000,0.000
96100,94319.89,25.00,0.0535,0.9948,0.1532,0.41,-0.30,-0.21,0.000,0.000,0.000
96110,94324.30,25.00,0.0171,1.0250,0.1009,-0.03,-0.23,-0.56,0.000,0.000,0.000
96120,94325.60,25.00,0.0215,0.9873,0.1030,-0.09,0.18,-0.31,0.000,0.000,0.000
96130,94318.96,25.00,0.0253,1.0136,0.1225,0.27,-0.47,-0.03,0.000,0.000,0.000
96140,94321.46,25.00,0.0349,1.0327,0.0942,0.54,-0.11,-0.28,0.000,0.000,0.000
96150,94321.38,25.00,0.0609,1.0229,0.1416,0.18,-0.38,-0.41,0.000,0.000,0.000
96160,94316.81,25.00,0.0292,1.0249,0.0673,0.10,-0.91,-0.47,0.000,0.000,0.000
96170,94320.33,25.00,0.0227,1.0118,0.0647,0.05,-0.20,0.58,0.000,0.000,0.000
96180,94319.13,25.00,0.0110,0.9998,0.1305,0.03,0.18,-0.47,0.000,0.000,0.000
96190,94324.35,25.00,0.0289,1.0001,0.1072,-0.34,-0.26,-0.04,0.000,0.000,0.000
96200,94318.21,25.00,0.0784,1.0375,0.1044,0.21,-0.53,-0.06,0.000,0.000,0.000
96210,94324.92,25.00,0.0281,0.9850,0.0945,0.34,-0.81,-0.01,0.000,0.000,0.000
96220,94320.77,25.00,0.0181,1.0222,0.1111,-0.34,-0.12,-0.16,0.000,0.000,0.000
96230,94320.73,25.00,0.0628,1.0146,0.0816,0.04,-0.54,-0.39,0.000,0.000,0.000
96240,94320.97,25.00,0.0028,1.0297,0.1034,-0.22,-0.31,-0.20,0.000,0.000,0.000
96250,94330.23,25.00,0.0058,0.9905,0.1289,0.23,-0.78,-0.33,0.000,0.000,0.000
96260,94324.82,25.00,0.0165,0.9943,0.1244,0.13,-0.56,-0.26,0.000,0.000,0.000
96270,94328.06,25.00,0.0120,1.0091,0.1007,-0.06,-0.65,-0.24,0.000,0.000,0.000
96280,94324.80,25.00,0.0553,1.0186,0.0814,-0.22,-0.37,-0.62,0.000,0.000,0.000
96290,94323.17,25.00,0.0150,1.0157,0.1298,0.02,-0.55,-0.02,0.000,0.000,0.000
96300,94320.40,25.00,0.0378,1.0098,0.1107,0.30,-0.35,0.01,0.000,0.000,0.000
96310,94320.24,25.00,0.0503,1.0026,0.0949,0.31,-0.00,-0.26,0.000,0.000,0.000
96320,94315.60,25.00,0.0339,1.0077,0.0956,0.27,-0.30,-0.09,0.000,0.000,0.000
96330,94326.05,25.00,0.0122,1.0175,0.0824,-0.31,-0.57,-0.26,0.000,0.000,0.000
96340,94320.37,25.00,0.0261,1.0119,0.1256,0.32,-0.82,-0.16,0.000,0.000,0.000
96350,94320.21,25.00,0.0119,1.0328,0.0760,-0.33,0.23,-0.33,0.000,0.000,0.000
96360,94326.10,25.00,0.0376,1.0044,0.0944,-0.46,-0.43,-0.18,0.000,0.000,0.000
96370,94320.76,25.00,0.0328,1.0360,0.1316,-0.09,-0.47,-0.84,0.000,0.000,0.000
96380,94325.16,25.00,-0.0039,1.0216,0.0895,-0.10,-0.58,-0.45,0.000,0.000,0.000
96390,94319.28,25.00,0.0028,0.9960,0.1270,0.40,-0.32,-0.73,0.000,0.000,0.000
96400,94322.33,25.00,0.0209,0.9927,0.1348,-0.02,0.16,-0.36,0.000,0.000,0.000
96410,94320.53,25.00,-0.0090,0.9976,0.0980,0.34,0.37,-0.20,0.000,0.000,0.000
96420,94321.09,25.00,0.0145,0.9800,0.1563,-0.26,-0.33,-0.42,0.000,0.000,0.000
96430,94322.63,25.00,0.0422,0.9886,0.1242,0.52,-0.59,-0.23,0.000,0.000,0.000
96440,94321.14,25.00,0.0201,0.9962,0.1015,0.07,0.12,-0.08,0.000,0.000,0.000
96450,94322.50,25.00,0.0055,1.0036,0.1266,-0.12,-0.18,-0.46,0.000,0.000,0.000
96460,94321.62,25.00,0.0224,1.0118,0.1101,-0.03,-0.14,-0.05,0.000,0.000,0.000
96470,94323.67,25.00,0.0222,0.9690,0.0774,0.16,-0.97,-0.56,0.000,0.000,0.000
96480,94322.77,25.00,0.0150,1.0153,0.0673,0.17,-0.48,-0.33,0.000,0.000,0.000
96490,94325.48,25.00,0.0209,0.9937,0.1235,0.03,-0.14,-0.28,0.000,0.000,0.000
96500,94322.19,25.00,0.0042,1.0164,0.1194,0.43,-0.29,0.05,0.000,0.000,0.000
96510,94322.01,25.00,0.0655,0.9543,0.1188,0.66,-0.09,-0.63,0.000,0.000,0.000
96520,94320.50,25.00,0.0362,1.0248,0.1010,0.17,-0.62,-0.42,0.000,0.000,0.000
96530,94323.25,25.00,0.0299,1.0008,0.1391,0.05,-0.43,-0.20,0.000,0.000,0.000
96540,94321.29,25.00,0.0108,1.0027,0.1014,0.23,-0.27,0.26,0.000,0.000,0.000
96550,94323.78,25.00,0.0548,0.9563,0.1109,0.27,0.18,-0.06,0.000,0.000,0.000
96560,94320.93,25.00,0.0090,0.9665,0.1147,0.19,-0.53,-0.57,0.000,0.000,0.000
96570,94322.27,25.00,0.0068,1.0036,0.1118,0.32,-0.33,0.15,0.000,0.000,0.000
96580,94322.35,25.00,0.0467,0.9754,0.0893,-0.16,-0.25,0.38,0.000,0.000,0.000
96590,94327.24,25.00,0.0069,1.0320,0.1017,0.12,-0.68,-0.17,0.000,0.000,0.000
96600,94323.17,25.00,0.0556,0.9932,0.1272,-0.11,-0.16,-0.19,0.000,0.000,0.000
96610,94318.63,25.00,0.0366,1.0132,0.0975,-0.08,-0.14,-0.30,0.000,0.000,0.000
96620,94318.27,25.00,0.0379,1.0474,0.0905,0.85,0.05,0.40,0.000,0.000,0.000
96630,94320.98,25.00,0.0367,1.0238,0.1290,0.20,-0.04,-0.40,0.000,0.000,0.000
96640,94320.36,25.00,0.0361,0.9874,0.1320,0.43,-0.23,-0.71,0.000,0.000,0.000
96650,94322.45,25.00,0.0222,1.0396,0.1363,-0.08,-0.65,-0.46,0.000,0.000,0.000
96660,94320.40,25.00,0.0580,1.0098,0.0938,-0.24,-0.29,-0.07,0.000,0.000,0.000
96670,94323.38,25.00,0.0428,1.0032,0.1320,0.58,-0.36,0.29,0.000,0.000,0.000
96680,94318.47,25.00,0.0522,1.0186,0.1621,0.59,0.00,-0.18,0.000,0.000,0.000
96690,94325.82,25.00,0.0430,0.9938,0.0986,-0.14,-0.53,-0.25,0.000,0.000,0.000
96700,94320.02,25.00,0.0265,1.0283,0.1576,-0.30,0.18,0.24,0.000,0.000,0.000
96710,94321.51,25.00,0.0738,1.0035,0.1312,0.22,-0.16,-0.18,0.000,0.000,0.000
96720,94318.10,25.00,0.0183,1.0436,0.1195,0.33,-0.66,-0.80,0.000,0.000,0.000
96730,94322.79,25.00,0.0163,1.0125,0.1301,0.30,-0.33,0.22,0.000,0.000,0.000
96740,94317.51,25.00,0.0372,1.0000,0.0864,-0.21,-0.97,-0.63,0.000,0.000,0.000
96750,94321.75,25.00,0.0196,0.9995,0.0924,0.20,-0.89,-0.36,0.000,0.000,0.000
96760,94325.92,25.00,0.0376,1.0095,0.0773,0.06,-0.38,-0.13,0.000,0.000,0.000
96770,94322.38,25.00,0.0049,1.0168,0.1185,-0.07,0.46,0.24,0.000,0.000,0.000
96780,94321.84,25.00,0.0014,1.0316,0.1446,-0.36,-0.47,-0.62,0.000,0.000,0.000
96790,94326.15,25.00,0.0203,0.9785,0.1128,-0.35,-0.79,-0.64,0.000,0.000,0.000
96800,94323.54,25.00,0.0099,1.0208,0.1053,0.34,-0.96,0.06,0.000,0.000,0.000
96810,94323.50,25.00,0.0061,1.0008,0.1165,-0.27,-0.76,-0.43,0.000,0.000,0.000
96820,94318.50,25.00,0.0447,0.9729,0.1194,-0.16,-0.31,-0.43,0.000,0.000,0.000
96830,94326.95,25.00,0.0197,1.0318,0.1010,0.22,-0.05,-0.07,0.000,0.000,0.000
96840,94321.20,25.00,0.0763,1.0214,0.1111,0.30,0.23,0.18,0.000,0.000,0.000
96850,94317.09,25.00,-0.0024,0.9870,0.0864,0.32,0.13,-0.35,0.000,0.000,0.000
96860,94322.11,25.00,0.0359,0.9986,0.0809,0.58,0.23,0.05,0.000,0.000,0.000
96870,94319.71,25.00,0.0471,1.0237,0.1285,0.24,0.38,0.11,0.000,0.000,0.000
96880,94320.77,25.00,0.0308,1.0184,0.1136,0.36,-0.23,-0.40,0.000,0.000,0.000
96890,94319.85,25.00,0.0139,1.0002,0.1224,0.23,0.09,-0.80,0.000,0.000,0.000
96900,94322.44,25.00,-0.0077,1.0157,0.1043,0.16,-0.17,0.33,0.000,0.000,0.000
96910,94320.92,25.00,0.0088,1.0390,0.1212,0.43,-0.08,0.42,0.000,0.000,0.000
96920,94325.81,25.00,0.0120,1.0056,0.1301,-0.01,-0.36,-0.06,0.000,0.000,0.000
96930,94318.62,25.00,-0.0103,1.0085,0.1060,0.27,-0.17,-0.98,0.000,0.000,0.000
96940,94321.76,25.00,0.0072,1.0174,0.1017,-0.10,-0.46,-0.39,0.000,0.000,0.000
96950,94317.85,25.00,0.0137,0.9695,0.0999,-0.44,0.04,-0.04,0.000,0.000,0.000
96960,94325.25,25.00,0.0083,0.9961,0.1280,-0.20,-0.38,-0.15,0.000,0.000,0.000
96970,94320.30,25.00,0.0206,1.0273,0.1407,-0.05,-0.95,-0.68,0.000,0.000,0.000
96980,94322.98,25.00,0.0322,1.0289,0.0961,-0.04,-0.21,0.32,0.000,0.000,0.000
96990,94321.79,25.00,0.0559,1.0102,0.1124,-0.59,0.11,0.10,0.000,0.000,0.000
97000,94318.07,25.00,0.0116,1.0354,0.1334,0.56,-0.57,-1.32,0.000,0.000,0.000
97010,94320.51,25.00,0.0341,0.9938,0.1109,0.28,-0.57,0.13,0.000,0.000,0.000
97020,94319.46,25.00,0.0196,1.0048,0.0779,-0.47,-0.07,-0.46,0.000,0.000,0.000
97030,94321.53,25.00,0.0229,1.0122,0.1162,0.54,-0.81,-0.42,0.000,0.000,0.000
97040,94323.30,25.00,0.0246,1.0219,0.1349,-0.20,-0.25,-0.35,0.000,0.000,0.000
97050,94321.03,25.00,0.0378,1.0451,0.1296,-0.08,0.38,-0.40,0.000,0.000,0.000
97060,94324.67,25.00,0.0395,1.0260,0.1087,0.06,-0.07,0.25,0.000,0.000,0.000
97070,94321.56,25.00,0.0600,0.9944,0.0939,-0.06,-0.37,0.00,0.000,0.000,0.000
97080,94320.62,25.00,0.0184,1.0038,0.0826,-0.09,0.48,-0.35,0.000,0.000,0.000
97090,94325.25,25.00,0.0178,1.0348,0.1253,0.25,0.29,-0.55,0.000,0.000,0.000
97100,94320.85,25.00,0.0138,1.0251,0.1135,0.17,-0.11,-0.65,0.000,0.000,0.000
97110,94318.59,25.00,0.0343,1.0009,0.1178,0.13,-0.17,0.23,0.000,0.000,0.000
97120,94321.17,25.00,-0.0026,1.0100,0.0988,0.25,-0.67,-0.29,0.000,0.000,0.000
97130,94321.07,25.00,0.0221,1.0083,0.0882,-0.02,0.02,-0.29,0.000,0.000,0.000
97140,94319.64,25.00,0.0612,1.0083,0.1130,-0.03,-0.22,0.19,0.000,0.000,0.000
97150,94318.33,25.00,0.0347,1.0059,0.1099,0.45,-0.21,-0.09,0.000,0.000,0.000
97160,94322.97,25.00,0.0160,1.0226,0.1405,-0.16,-0.46,-0.42,0.000,0.000,0.000
97170,94315.93,25.00,-0.0110,1.0217,0.0972,0.11,-0.38,-0.33,0.000,0.000,0.000
97180,94323.48,25.00,0.0299,0.9826,0.1102,-0.10,-0.57,-0.65,0.000,0.000,0.000
97190,94325.46,25.00,0.0143,1.0115,0.1152,0.22,-0.22,-0.42,0.000,0.000,0.000
97200,94320.89,25.00,0.0227,1.0006,0.1003,0.48,-0.32,-0.40,0.000,0.000,0.000
97210,94322.34,25.00,0.0181,1.0058,0.1395,0.02,-0.28,-0.61,0.000,0.000,0.000
97220,94318.81,25.00,0.0350,0.9979,0.0997,-0.15,-0.13,-0.04,0.000,0.000,0.000
97230,94320.24,25.00,0.0379,1.0035,0.1167,-0.13,-1.19,-0.08,0.000,0.000,0.000
97240,94324.46,25.00,0.0026,1.0187,0.0996,-0.22,0.10,0.04,0.000,0.000,0.000
97250,94323.34,25.00,0.0012,1.0426,0.1034,0.50,-0.43,-0.70,0.000,0.000,0.000
97260,94321.68,25.00,0.0087,1.0026,0.1334,-0.06,-0.92,0.57,0.000,0.000,0.000
97270,94320.12,25.00,0.0139,1.0073,0.1294,0.06,-0.06,0.36,0.000,0.000,0.000
97280,94320.65,25.00,0.0585,0.9920,0.0907,0.19,-0.62,-0.34,0.000,0.000,0.000
97290,94322.39,25.00,0.0567,0.9780,0.0857,-0.04,-0.26,-0.68,0.000,0.000,0.000
97300,94321.46,25.00,0.0385,0.9967,0.1016,0.49,-0.74,-0.92,0.000,0.000,0.000
97310,94316.97,25.00,0.0558,1.0166,0.1142,0.12,-0.10,-0.50,0.000,0.000,0.000
97320,94323.72,25.00,0.0085,1.0425,0.1320,0.35,-0.56,-0.13,0.000,0.000,0.000
97330,94321.84,25.00,-0.0135,0.9977,0.0931,0.18,-0.38,-0.09,0.000,0.000,0.000
97340,94322.33,25.00,0.0399,1.0135,0.0964,0.24,0.15,-0.38,0.000,0.000,0.000
97350,94321.55,25.00,0.0568,1.0050,0.1130,0.21,-0.32,-0.18,0.000,0.000,0.000
97360,94320.92,25.00,0.0054,1.0357,0.1592,-0.65,0.05,-0.23,0.000,0.000,0.000
97370,94322.17,25.00,0.0427,1.0103,0.1215,-0.13,-0.31,0.09,0.000,0.000,0.000
97380,94326.11,25.00,0.0210,1.0160,0.1220,-0.25,-0.33,-0.61,0.000,0.000,0.000
97390,94322.39,25.00,0.0412,0.9851,0.0842,-0.57,-0.06,-0.35,0.000,0.000,0.000
97400,94324.35,25.00,0.0358,1.0268,0.1304,0.10,-0.64,-0.14,0.000,0.000,0.000
97410,94322.63,25.00,0.0251,1.0286,0.1214,0.42,-0.25,-0.48,0.000,0.000,0.000
97420,94319.13,25.00,0.0167,1.0097,0.1468,-0.36,0.03,-0.36,0.000,0.000,0.000
97430,94319.26,25.00,-0.0064,1.0112,0.1314,0.27,-0.11,-0.46,0.000,0.000,0.000
97440,94317.07,25.00,0.0436,1.0262,0.1081,0.46,0.02,-0.08,0.000,0.000,0.000
97450,94322.38,25.00,0.0302,1.0027,0.0718,0.32,-0.26,0.12,0.000,0.000,0.000
97460,94325.44,25.00,0.0024,1.0434,0.1294,-0.08,-0.18,-0.34,0.000,0.000,0.000
97470,94317.57,25.00,0.0188,1.0302,0.1072,0.12,-0.66,-0.17,0.000,0.000,0.000
97480,94323.18,25.00,0.0230,0.9903,0.1439,-0.03,-0.50,-0.38,0.000,0.000,0.000
97490,94320.25,25.00,-0.0016,1.0458,0.1160,0.33,0.01,0.10,0.000,0.000,0.000
97500,94318.89,25.00,0.0213,1.0084,0.0831,0.40,0.25,-0.12,0.000,0.000,0.000
97510,94326.40,25.00,0.0281,1.0131,0.1151,0.12,-0.15,-0.60,0.000,0.000,0.000
97520,94323.26,25.00,0.0263,1.0006,0.0929,0.29,-0.46,0.09,0.000,0.000,0.000
97530,94323.18,25.00,0.0538,1.0389,0.1148,0.04,-0.18,-0.41,0.000,0.000,0.000
97540,94323.99,25.00,0.0300,1.0205,0.1028,0.38,-0.42,-0.27,0.000,0.000,0.000
97550,94323.17,25.00,0.0200,1.0143,0.0771,-0.08,-0.25,-0.16,0.000,0.000,0.000
97560,94324.84,25.00,0.0250,0.9878,0.0944,0.10,-0.65,0.29,0.000,0.000,0.000
97570,94321.20,25.00,0.0242,1.0329,0.1200,-0.05,-0.18,-0.25,0.000,0.000,0.000
97580,94323.42,25.00,0.0454,1.0095,0.1285,0.57,-0.29,-0.11,0.000,0.000,0.000
97590,94312.85,25.00,0.0341,0.9938,0.0988,0.41,0.23,0.10,0.000,0.000,0.000
97600,94322.14,25.00,0.0348,0.9988,0.1018,-0.67,-0.51,-0.45,0.000,0.000,0.000
97610,94318.32,25.00,-0.0070,1.0208,0.1153,0.16,-0.28,-0.24,0.000,0.000,0.000
97620,94323.04,25.00,0.0192,0.9971,0.0847,-0.14,0.21,-0.88,0.000,0.000,0.000
97630,94320.58,25.00,0.0584,1.0063,0.1146,0.24,-0.80,0.20,0.000,0.000,0.000
97640,94322.30,25.00,0.0291,1.0475,0.1106,0.49,0.21,-0.16,0.000,0.000,0.000
97650,94319.15,25.00,0.0315,1.0360,0.1574,-0.22,-0.46,0.27,0.000,0.000,0.000
97660,94323.04,25.00,0.0062,0.9718,0.1023,0.16,-0.88,-0.02,0.000,0.000,0.000
97670,94318.98,25.00,0.0106,1.0020,0.1396,0.12,-0.23,-0.32,0.000,0.000,0.000
97680,94322.26,25.00,0.0411,1.0236,0.0910,0.35,-0.38,-0.49,0.000,0.000,0.000
97690,94322.28,25.00,0.0223,0.9687,0.1230,-0.36,-0.21,-0.60,0.000,0.000,0.000
97700,94321.54,25.00,0.0284,1.0232,0.1101,0.81,0.03,-0.24,0.000,0.000,0.000
97710,94318.33,25.00,0.0520,0.9993,0.1093,0.78,-0.00,-0.35,0.000,0.000,0.000
97720,94323.31,25.00,0.0228,0.9807,0.1349,-0.14,0.36,0.10,0.000,0.000,0.000
97730,94324.97,25.00,0.0643,1.0051,0.1098,0.17,0.07,-0.19,0.000,0.000,0.000
97740,94321.21,25.00,0.0461,1.0047,0.1078,0.64,0.26,-0.08,0.000,0.000,0.000
97750,94318.97,25.00,0.0357,1.0025,0.0729,0.20,-0.47,-0.23,0.000,0.000,0.000
97760,94321.41,25.00,-0.0027,0.9929,0.1131,-0.23,-0.16,-0.21,0.000,0.000,0.000
97770,94320.93,25.00,0.0347,0.9894,0.0961,-0.39,0.00,0.03,0.000,0.000,0.000
97780,94319.60,25.00,0.0456,1.0059,0.0877,0.11,-0.96,-0.50,0.000,0.000,0.000
97790,94320.40,25.00,0.0039,0.9862,0.1168,-0.14,0.10,-0.58,0.000,0.000,0.000
97800,94321.25,25.00,0.0556,1.0117,0.1069,0.34,0.10,-0.17,0.000,0.000,0.000
97810,94319.93,25.00,0.0485,1.0220,0.1398,-0.58,-0.24,-0.12,0.000,0.000,0.000
97820,94321.80,25.00,0.0247,1.0134,0.1382,-0.75,-0.71,-0.44,0.000,0.000,0.000
97830,94320.95,25.00,0.0156,1.0423,0.0938,0.24,-0.71,0.04,0.000,0.000,0.000
97840,94321.39,25.00,0.0226,0.9814,0.1079,0.03,-0.15,0.31,0.000,0.000,0.000
97850,94322.01,25.00,-0.0098,1.0059,0.1057,-0.19,0.02,-0.82,0.000,0.000,0.000
97860,94318.47,25.00,0.0013,0.9991,0.0939,-0.40,-0.18,-0.01,0.000,0.000,0.000
97870,94323.96,25.00,-0.0008,1.0211,0.0875,0.07,-0.27,-0.27,0.000,0.000,0.000
97880,94325.69,25.00,0.0058,0.9958,0.1160,-0.04,-0.30,-0.22,0.000,0.000,0.000
97890,94320.75,25.00,0.0240,1.0112,0.1097,0.00,-0.61,-0.43,0.000,0.000,0.000
97900,94323.00,25.00,0.0251,1.0160,0.1208,0.02,-0.34,-0.20,0.000,0.000,0.000
97910,94314.20,25.00,0.0325,1.0435,0.0753,0.25,-0.61,-0.07,0.000,0.000,0.000
97920,94323.06,25.00,0.0580,1.0121,0.1315,-0.01,-0.21,-0.24,0.000,0.000,0.000
97930,94321.83,25.00,0.0546,1.0080,0.1003,0.14,-0.54,0.13,0.000,0.000,0.000
97940,94321.00,25.00,0.0179,1.0180,0.1219,-0.09,0.28,-0.37,0.000,0.000,0.000
97950,94320.69,25.00,0.0400,1.0175,0.1200,-0.10,0.12,-0.30,0.000,0.000,0.000
97960,94323.07,25.00,0.0657,1.0219,0.0957,0.38,-0.23,-0.48,0.000,0.000,0.000
97970,94319.07,25.00,0.0061,1.0055,0.1095,0.58,-0.78,-0.51,0.000,0.000,0.000
97980,94317.86,25.00,-0.0131,1.0450,0.1107,0.79,-0.62,-0.35,0.000,0.000,0.000
97990,94321.53,25.00,0.0078,1.0428,0.1556,0.10,0.34,0.09,0.000,0.000,0.000
98000,94321.40,25.00,0.0122,1.0356,0.1137,-0.55,-0.52,-0.11,0.000,0.000,0.000
98010,94322.73,25.00,0.0357,1.0132,0.0769,0.03,-0.25,-0.23,0.000,0.000,0.000
98020,94320.22,25.00,0.0486,1.0113,0.1636,0.23,-0.42,-0.31,0.000,0.000,0.000
98030,94325.31,25.00,0.0365,1.0258,0.1094,0.59,-0.20,-0.09,0.000,0.000,0.000
98040,94319.15,25.00,0.0096,1.0179,0.1054,-0.07,0.36,-0.58,0.000,0.000,0.000
98050,94318.93,25.00,0.0305,0.9914,0.1101,0.41,0.04,-0.33,0.000,0.000,0.000
98060,94326.00,25.00,-0.0037,1.0208,0.0975,0.34,0.12,-0.59,0.000,0.000,0.000
98070,94325.03,25.00,0.0132,1.0330,0.1063,0.05,-0.13,-0.11,0.000,0.000,0.000
98080,94320.09,25.00,-0.0084,1.0352,0.0952,0.21,-0.06,-0.32,0.000,0.000,0.000
98090,94321.44,25.00,0.0173,1.0210,0.1277,0.31,-0.40,-0.73,0.000,0.000,0.000
98100,94322.57,25.00,0.0283,0.9922,0.0864,-0.28,-0.10,-0.43,0.000,0.000,0.000
98110,94321.73,25.00,0.0111,0.9969,0.0972,0.21,-0.30,-0.01,0.000,0.000,0.000
98120,94326.03,25.00,0.0369,1.0368,0.1273,0.28,-0.44,-0.99,0.000,0.000,0.000
98130,94319.52,25.00,0.0104,0.9667,0.0966,0.22,-0.10,0.12,0.000,0.000,0.000
98140,94321.28,25.00,0.0170,1.0422,0.1454,0.20,-0.70,-0.11,0.000,0.000,0.000
98150,94323.49,25.00,0.0264,0.9826,0.1443,0.37,-0.19,-0.13,0.000,0.000,0.000
98160,94322.61,25.00,0.0163,0.9752,0.0862,0.31,0.19,0.10,0.000,0.000,0.000
98170,94324.81,25.00,-0.0072,1.0225,0.1151,0.40,0.15,-0.06,0.000,0.000,0.000
98180,94319.07,25.00,0.0214,1.0442,0.1089,0.35,-0.25,-0.46,0.000,0.000,0.000
98190,94316.57,25.00,0.0182,1.0045,0.1218,-0.17,0.04,0.08,0.000,0.000,0.000
98200,94324.56,25.00,0.0015,1.0019,0.1336,-0.00,-0.39,0.08,0.000,0.000,0.000
98210,94321.71,25.00,0.0115,0.9648,0.0904,0.12,-0.58,0.14,0.000,0.000,0.000
98220,94322.64,25.00,0.0253,0.9769,0.1437,-0.03,0.12,-0.12,0.000,0.000,0.000
98230,94320.88,25.00,0.0276,0.9991,0.1145,-0.11,0.18,0.10,0.000,0.000,0.000
98240,94317.38,25.00,0.0246,1.0611,0.1434,0.13,-0.56,-0.10,0.000,0.000,0.000
98250,94319.39,25.00,0.0110,0.9966,0.1114,0.01,-0.20,0.12,0.000,0.000,0.000
98260,94322.59,25.00,0.0350,1.0035,0.1195,0.39,-0.40,-0.24,0.000,0.000,0.000
98270,94321.42,25.00,0.0263,0.9807,0.1187,0.08,-0.66,0.07,0.000,0.000,0.000
98280,94324.39,25.00,0.0299,1.0117,0.1120,0.54,-0.47,-0.59,0.000,0.000,0.000
98290,94323.84,25.00,0.0163,0.9794,0.0823,0.56,-0.16,-0.76,0.000,0.000,0.000
98300,94321.05,25.00,0.0658,1.0081,0.1061,0.14,-0.27,-0.42,0.000,0.000,0.000
98310,94321.40,25.00,0.0196,1.0085,0.0930,-0.10,-0.35,-0.40,0.000,0.000,0.000
98320,94315.71,25.00,0.0396,1.0476,0.0707,0.29,-0.72,-0.31,0.000,0.000,0.000
98330,94320.02,25.00,0.0319,0.9910,0.1352,0.27,-0.26,-0.37,0.000,0.000,0.000
98340,94320.46,25.00,0.0196,0.9925,0.0701,-0.52,-0.24,-0.89,0.000,0.000,0.000
98350,94324.18,25.00,0.0312,1.0449,0.0924,0.24,-0.31,-0.51,0.000,0.000,0.000
98360,94321.03,25.00,0.0397,0.9702,0.0934,0.33,-0.47,-0.17,0.000,0.000,0.000
98370,94326.45,25.00,0.0098,1.0163,0.0735,-0.10,-0.45,-0.55,0.000,0.000,0.000
98380,94321.04,25.00,0.0423,1.0132,0.1124,0.18,-0.30,-0.05,0.000,0.000,0.000
98390,94323.06,25.00,0.0126,0.9810,0.1477,-0.06,-0.90,0.20,0.000,0.000,0.000
98400,94322.19,25.00,0.0161,1.0155,0.1256,0.13,-0.13,0.17,0.000,0.000,0.000
98410,94319.16,25.00,0.0216,1.0191,0.1132,-0.21,-0.16,-0.06,0.000,0.000,0.000
98420,94320.57,25.00,0.0190,1.0145,0.1130,-0.33,-0.84,-0.10,0.000,0.000,0.000
98430,94321.54,25.00,0.0394,1.0467,0.0788,0.07,0.07,-0.14,0.000,0.000,0.000
98440,94318.71,25.00,0.0286,1.0172,0.1333,0.01,-0.12,-0.25,0.000,0.000,0.000
98450,94319.83,25.00,0.0523,1.0131,0.1025,0.03,-0.42,0.23,0.000,0.000,0.000
98460,94320.26,25.00,-0.0192,1.0291,0.0806,0.33,-0.17,0.10,0.000,0.000,0.000
98470,94320.30,25.00,-0.0134,0.9913,0.1051,0.55,-0.46,-0.19,0.000,0.000,0.000
98480,94321.33,25.00,0.0197,1.0298,0.1024,0.24,-0.09,0.16,0.000,0.000,0.000
98490,94319.70,25.00,0.0370,0.9959,0.1064,0.37,0.11,0.17,0.000,0.000,0.000
98500,94324.94,25.00,0.0459,0.9794,0.1061,-0.56,-0.68,-0.01,0.000,0.000,0.000
98510,94320.02,25.00,0.0326,1.0091,0.0803,0.09,-0.04,0.14,0.000,0.000,0.000
98520,94323.93,25.00,0.0178,1.0002,0.0719,0.16,-0.26,-0.45,0.000,0.000,0.000
98530,94322.25,25.00,0.0272,1.0342,0.0831,0.11,-0.24,-0.62,0.000,0.000,0.000
98540,94317.08,25.00,0.0355,1.0094,0.1113,0.50,-0.05,-0.27,0.000,0.000,0.000
98550,94317.74,25.00,0.0440,1.0146,0.1157,-0.12,-0.80,-0.30,0.000,0.000,0.000
98560,94328.05,25.00,0.0134,1.0408,0.1236,0.12,-0.20,-0.49,0.000,0.000,0.000
98570,94318.69,25.00,0.0270,0.9936,0.0982,-0.20,-0.32,-0.51,0.000,0.000,0.000
98580,94320.24,25.00,0.0489,1.0318,0.1016,0.59,0.13,-0.38,0.000,0.000,0.000
98590,94322.33,25.00,-0.0020,1.0055,0.0916,0.26,-0.23,0.04,0.000,0.000,0.000
98600,94321.16,25.00,0.0424,1.0125,0.0894,-0.07,-0.30,-0.15,0.000,0.000,0.000
98610,94323.52,25.00,0.0358,0.9740,0.1202,0.04,-0.15,-0.30,0.000,0.000,0.000
98620,94318.97,25.00,0.0866,1.0287,0.1043,0.02,0.11,-0.34,0.000,0.000,0.000
98630,94318.44,25.00,0.0161,1.0298,0.1224,-0.01,-0.68,-0.13,0.000,0.000,0.000
98640,94322.04,25.00,0.0744,1.0005,0.0897,-0.27,-0.23,-0.27,0.000,0.000,0.000
98650,94323.22,25.00,0.0178,1.0209,0.1170,-0.01,-0.44,-0.33,0.000,0.000,0.000
98660,94320.13,25.00,0.0331,0.9952,0.1201,0.07,0.08,-0.66,0.000,0.000,0.000
98670,94320.50,25.00,0.0118,0.9974,0.1216,0.38,-0.39,-0.45,0.000,0.000,0.000
98680,94319.37,25.00,0.0210,0.9803,0.0842,0.14,0.47,-0.70,0.000,0.000,0.000
98690,94318.05,25.00,0.0284,0.9920,0.0808,0.35,-0.57,-0.12,0.000,0.000,0.000
98700,94321.01,25.00,0.0071,1.0241,0.1292,-0.27,-0.61,-0.08,0.000,0.000,0.000
98710,94322.19,25.00,0.0079,0.9982,0.1378,0.19,0.21,-0.25,0.000,0.000,0.000
98720,94319.84,25.00,0.0383,1.0009,0.1351,0.18,-0.24,-0.44,0.000,0.000,0.000
98730,94319.57,25.00,0.0165,1.0081,0.1259,-0.04,-0.54,-0.22,0.000,0.000,0.000
98740,94320.29,25.00,0.0060,1.0081,0.1261,0.78,-1.23,-0.12,0.000,0.000,0.000
98750,94317.59,25.00,0.0274,1.0076,0.1283,0.63,-0.07,0.05,0.000,0.000,0.000
98760,94319.22,25.00,0.0193,1.0151,0.1002,-0.48,-0.30,-0.36,0.000,0.000,0.000
98770,94324.62,25.00,0.0655,1.0251,0.1225,0.01,0.12,-0.67,0.000,0.000,0.000
98780,94327.14,25.00,0.0508,1.0061,0.0996,0.07,-0.30,-0.36,0.000,0.000,0.000
98790,94325.23,25.00,-0.0008,1.0316,0.1306,0.04,-0.02,-0.55,0.000,0.000,0.000
98800,94324.15,25.00,-0.0039,1.0021,0.1187,0.19,-0.00,-0.08,0.000,0.000,0.000
98810,94319.48,25.00,0.0217,1.0399,0.1275,0.04,-0.11,-0.12,0.000,0.000,0.000
98820,94315.89,25.00,0.0462,1.0277,0.1134,0.15,-0.30,-0.38,0.000,0.000,0.000
98830,94327.55,25.00,0.0445,1.0129,0.1075,0.31,-0.05,-0.37,0.000,0.000,0.000
98840,94319.41,25.00,0.0305,0.9917,0.1391,-0.33,-0.07,-0.47,0.000,0.000,0.000
98850,94318.92,25.00,0.0276,1.0319,0.1285,0.10,-0.06,-0.80,0.000,0.000,0.000
98860,94322.51,25.00,-0.0168,0.9529,0.1143,-0.25,0.04,0.12,0.000,0.000,0.000
98870,94320.83,25.00,0.0311,1.0125,0.0928,0.18,0.25,-0.18,0.000,0.000,0.000
98880,94324.31,25.00,0.0431,1.0186,0.1226,0.65,-0.67,-0.36,0.000,0.000,0.000
98890,94318.19,25.00,0.0271,1.0134,0.1114,0.07,0.20,-0.07,0.000,0.000,0.000
98900,94322.25,25.00,0.0152,1.0259,0.1301,-0.45,-0.59,-0.19,0.000,0.000,0.000
98910,94321.16,25.00,0.0335,1.0131,0.0601,0.04,0.18,-0.18,0.000,0.000,0.000
98920,94320.42,25.00,0.0151,1.0490,0.1011,0.03,-0.73,-0.26,0.000,0.000,0.000
98930,94326.11,25.00,0.0286,0.9866,0.0860,-0.07,-0.48,-0.25,0.000,0.000,0.000
98940,94326.92,25.00,0.0072,1.0104,0.1042,0.22,-0.07,-0.24,0.000,0.000,0.000
98950,94322.77,25.00,-0.0252,0.9698,0.1335,-0.39,-0.39,0.50,0.000,0.000,0.000
98960,94324.37,25.00,0.0037,1.0070,0.1265,0.12,-0.26,-0.42,0.000,0.000,0.000
98970,94320.57,25.00,0.0174,1.0216,0.1127,0.36,0.04,-0.38,0.000,0.000,0.000
98980,94320.69,25.00,0.0133,0.9773,0.1166,0.58,-0.43,-0.47,0.000,0.000,0.000
98990,94320.39,25.00,0.0169,0.9934,0.1256,-0.31,-0.40,-0.12,0.000,0.000,0.000
99000,94319.41,25.00,0.0020,1.0056,0.1029,0.20,0.22,-0.30,0.000,0.000,0.000
99010,94320.49,25.00,0.0129,0.9524,0.0783,0.61,-0.52,-0.33,0.000,0.000,0.000
99020,94319.12,25.00,-0.0083,0.9984,0.1112,0.22,-0.10,-0.82,0.000,0.000,0.000
99030,94324.96,25.00,0.0241,1.0068,0.1482,0.18,-0.04,-0.45,0.000,0.000,0.000
99040,94320.50,25.00,-0.0001,1.0079,0.1343,-0.29,-0.27,0.31,0.000,0.000,0.000
99050,94324.59,25.00,0.0700,1.0167,0.1327,-0.04,-0.09,0.03,0.000,0.000,0.000
99060,94319.33,25.00,0.0181,1.0200,0.1435,-0.25,-0.53,-0.17,0.000,0.000,0.000
99070,94322.91,25.00,0.0455,0.9923,0.1035,0.33,-0.07,0.27,0.000,0.000,0.000
99080,94320.96,25.00,0.0507,1.0198,0.1545,0.27,-0.17,-0.09,0.000,0.000,0.000
99090,94324.30,25.00,0.0878,1.0317,0.1080,-0.31,-0.50,-0.42,0.000,0.000,0.000
99100,94322.45,25.00,-0.0075,1.0337,0.1181,0.36,-0.22,-0.11,0.000,0.000,0.000
99110,94320.66,25.00,0.0332,0.9999,0.1441,-0.17,-0.16,-0.04,0.000,0.000,0.000
99120,94322.65,25.00,0.0199,1.0253,0.1309,-0.17,0.06,-0.54,0.000,0.000,0.000
99130,94324.76,25.00,0.0292,1.0110,0.1422,0.19,-0.16,-0.04,0.000,0.000,0.000
99140,94319.44,25.00,-0.0020,1.0024,0.1096,0.61,-0.20,-0.53,0.000,0.000,0.000
99150,94323.52,25.00,-0.0050,0.9835,0.0966,0.13,-0.06,-0.09,0.000,0.000,0.000
99160,94323.70,25.00,0.0279,0.9898,0.0964,0.14,0.38,-0.01,0.000,0.000,0.000
99170,94323.39,25.00,0.0503,1.0027,0.1202,-0.22,-0.58,0.32,0.000,0.000,0.000
99180,94320.98,25.00,0.0253,1.0146,0.1236,-0.01,-0.39,0.07,0.000,0.000,0.000
99190,94323.28,25.00,0.0009,1.0178,0.1332,-0.24,-0.34,-0.29,0.000,0.000,0.000
99200,94324.16,25.00,0.0041,1.0066,0.1123,-0.10,-0.03,0.01,0.000,0.000,0.000
99210,94321.18,25.00,0.0324,1.0334,0.1320,-0.12,-0.43,-0.33,0.000,0.000,0.000
99220,94322.85,25.00,0.0008,1.0169,0.0740,0.13,-0.49,-0.46,0.000,0.000,0.000
99230,94326.17,25.00,0.0215,1.0226,0.1404,0.61,-0.04,-0.17,0.000,0.000,0.000
99240,94322.47,25.00,-0.0076,1.0150,0.0888,-0.33,-0.16,-0.49,0.000,0.000,0.000
99250,94320.34,25.00,-0.0195,0.9852,0.1099,-0.12,-0.26,-0.28,0.000,0.000,0.000
99260,94322.53,25.00,0.0114,0.9998,0.1016,-0.29,-0.42,-0.26,0.000,0.000,0.000
99270,94317.04,25.00,0.0382,1.0300,0.0806,-0.30,-0.60,-0.10,0.000,0.000,0.000
99280,94317.23,25.00,0.0243,0.9797,0.1271,-0.16,-0.09,-0.06,0.000,0.000,0.000
99290,94323.48,25.00,0.0430,1.0420,0.1060,-0.06,-0.12,0.31,0.000,0.000,0.000
99300,94324.54,25.00,0.0515,0.9860,0.1125,0.49,-0.84,-0.13,0.000,0.000,0.000
99310,94318.79,25.00,0.0127,1.0214,0.1517,0.26,-0.08,-0.28,0.000,0.000,0.000
99320,94323.66,25.00,0.0249,1.0135,0.1505,-0.53,-0.90,-0.02,0.000,0.000,0.000
99330,94323.45,25.00,-0.0052,1.0488,0.0881,0.19,0.10,0.04,0.000,0.000,0.000
99340,94324.07,25.00,0.0391,1.0293,0.1157,-0.09,-0.02,-0.11,0.000,0.000,0.000
99350,94321.37,25.00,0.0528,0.9810,0.0858,0.20,-0.66,-0.70,0.000,0.000,0.000
99360,94320.98,25.00,0.0435,1.0101,0.0741,0.42,-0.28,0.18,0.000,0.000,0.000
99370,94320.96,25.00,0.0199,0.9863,0.0868,0.79,0.02,-0.10,0.000,0.000,0.000
99380,94324.59,25.00,0.0156,1.0218,0.1200,0.41,-0.22,-0.28,0.000,0.000,0.000
99390,94322.14,25.00,0.0332,1.0064,0.0999,-0.15,0.22,-0.10,0.000,0.000,0.000
99400,94324.14,25.00,0.0134,1.0225,0.0942,0.21,-0.72,-0.27,0.000,0.000,0.000
99410,94320.98,25.00,0.0382,1.0334,0.0871,0.01,-0.36,-0.24,0.000,0.000,0.000
99420,94326.89,25.00,0.0079,1.0225,0.1179,0.30,-0.49,-0.32,0.000,0.000,0.000
99430,94319.07,25.00,0.0187,1.0271,0.0967,0.46,-0.47,-0.13,0.000,0.000,0.000
99440,94322.15,25.00,-0.0127,1.0280,0.1067,0.27,-0.64,0.32,0.000,0.000,0.000
99450,94326.19,25.00,-0.0093,1.0094,0.0868,-0.24,-0.53,-0.78,0.000,0.000,0.000
99460,94322.63,25.00,0.0190,0.9696,0.1077,-0.27,0.26,-0.17,0.000,0.000,0.000
99470,94326.01,25.00,0.0249,0.9998,0.1194,0.08,-0.38,0.08,0.000,0.000,0.000
99480,94324.07,25.00,0.0091,1.0146,0.0901,0.10,-0.20,-0.36,0.000,0.000,0.000
99490,94322.15,25.00,0.0155,0.9917,0.1337,-0.04,0.26,-0.64,0.000,0.000,0.000
99500,94320.80,25.00,0.0020,0.9981,0.1146,0.50,-0.31,-0.27,0.000,0.000,0.000
99510,94324.79,25.00,0.0333,1.0122,0.1395,-0.06,-0.08,-0.67,0.000,0.000,0.000
99520,94321.82,25.00,0.0289,1.0480,0.0991,0.24,-0.14,0.10,0.000,0.000,0.000
99530,94322.29,25.00,0.0402,1.0112,0.1055,-0.28,-0.95,-0.51,0.000,0.000,0.000
99540,94327.52,25.00,0.0420,0.9669,0.1313,0.63,0.02,-0.40,0.000,0.000,0.000
99550,94318.01,25.00,0.0054,1.0132,0.1152,-0.19,-0.26,-0.47,0.000,0.000,0.000
99560,94324.04,25.00,0.0350,1.0007,0.1078,0.02,-0.42,-0.11,0.000,0.000,0.000
99570,94320.83,25.00,0.0447,1.0182,0.1119,-0.19,-0.08,-0.14,0.000,0.000,0.000
99580,94323.76,25.00,0.0365,1.0129,0.1184,0.50,0.25,0.02,0.000,0.000,0.000
99590,94318.67,25.00,0.0336,1.0366,0.1307,-0.06,-0.59,0.03,0.000,0.000,0.000
99600,94321.91,25.00,0.0406,1.0034,0.1749,-0.03,-0.41,-0.03,0.000,0.000,0.000
99610,94320.33,25.00,0.0623,0.9934,0.1008,0.17,-0.47,-0.68,0.000,0.000,0.000
99620,94320.58,25.00,0.0591,1.0174,0.1341,0.59,-0.36,-0.61,0.000,0.000,0.000
99630,94321.95,25.00,0.0203,1.0220,0.1038,0.25,-0.54,-0.82,0.000,0.000,0.000
99640,94318.84,25.00,0.0140,0.9842,0.1042,-0.23,0.10,-0.17,0.000,0.000,0.000
99650,94324.62,25.00,0.0407,1.0076,0.1004,0.08,-0.18,-0.30,0.000,0.000,0.000
99660,94324.34,25.00,0.0209,1.0116,0.1691,0.19,0.22,-0.23,0.000,0.000,0.000
99670,94321.47,25.00,0.0509,1.0157,0.1018,0.16,-0.40,-0.44,0.000,0.000,0.000
99680,94323.42,25.00,0.0526,0.9818,0.1318,-0.31,-0.44,-0.61,0.000,0.000,0.000
99690,94321.23,25.00,0.0378,0.9947,0.0722,-0.36,-0.37,-0.46,0.000,0.000,0.000
99700,94322.40,25.00,0.0083,0.9875,0.1218,0.04,0.00,0.10,0.000,0.000,0.000
99710,94323.27,25.00,0.0340,0.9913,0.0925,-0.27,-0.63,0.10,0.000,0.000,0.000
99720,94322.24,25.00,0.0420,1.0181,0.1005,0.05,-0.88,0.50,0.000,0.000,0.000
99730,94320.61,25.00,0.0514,0.9979,0.1048,-0.25,-0.12,0.33,0.000,0.000,0.000
99740,94322.69,25.00,0.0167,1.0126,0.1002,0.35,-0.45,-0.35,0.000,0.000,0.000
99750,94321.48,25.00,0.0172,1.0237,0.0945,-0.20,-0.42,-0.01,0.000,0.000,0.000
99760,94317.13,25.00,-0.0169,0.9590,0.1165,-0.45,-0.54,-0.61,0.000,0.000,0.000
99770,94318.59,25.00,0.0261,0.9655,0.0907,0.03,-0.77,-0.07,0.000,0.000,0.000
99780,94321.14,25.00,0.0259,1.0182,0.1463,0.44,0.48,0.03,0.000,0.000,0.000
99790,94320.62,25.00,0.0448,1.0300,0.0928,-0.19,-0.27,0.15,0.000,0.000,0.000
99800,94323.69,25.00,0.0297,0.9821,0.1325,0.24,-0.25,0.04,0.000,0.000,0.000
99810,94325.42,25.00,0.0259,0.9965,0.1235,0.29,-0.29,-0.45,0.000,0.000,0.000
99820,94324.49,25.00,0.0129,0.9905,0.1250,-0.04,-0.09,0.04,0.000,0.000,0.000
99830,94321.39,25.00,0.0140,1.0289,0.1012,0.14,-0.21,-0.40,0.000,0.000,0.000
99840,94319.11,25.00,0.0328,0.9717,0.1021,0.07,0.06,-0.23,0.000,0.000,0.000
99850,94325.09,25.00,0.0153,0.9824,0.0864,-0.18,-0.22,0.17,0.000,0.000,0.000
99860,94323.80,25.00,0.0247,1.0013,0.1050,-0.05,-0.39,-0.21,0.000,0.000,0.000
99870,94325.26,25.00,0.0007,1.0181,0.1500,0.29,-0.42,-0.04,0.000,0.000,0.000
99880,94319.02,25.00,0.0356,0.9952,0.1322,0.38,-0.37,-0.31,0.000,0.000,0.000
99890,94317.49,25.00,0.0646,0.9985,0.1175,-0.07,-0.05,-0.65,0.000,0.000,0.000
99900,94327.12,25.00,0.0087,1.0239,0.1161,0.33,-0.25,-0.62,0.000,0.000,0.000
99910,94321.28,25.00,-0.0103,1.0125,0.1078,0.30,-0.51,-0.33,0.000,0.000,0.000
99920,94322.16,25.00,0.0491,1.0327,0.1031,-0.38,-0.34,-0.23,0.000,0.000,0.000
99930,94324.24,25.00,0.0063,0.9938,0.0914,0.23,0.14,-0.13,0.000,0.000,0.000
99940,94324.55,25.00,0.0118,0.9953,0.1054,0.16,-0.97,-0.25,0.000,0.000,0.000
99950,94323.30,25.00,0.0334,1.0221,0.1067,0.04,-0.03,-0.60,0.000,0.000,0.000
99960,94326.76,25.00,0.0054,1.0226,0.1120,0.24,-0.88,-0.25,0.000,0.000,0.000
99970,94322.11,25.00,0.0543,1.0023,0.1220,0.40,0.42,-0.12,0.000,0.000,0.000
99980,94320.87,25.00,0.0075,1.0162,0.1474,-0.41,-0.37,-0.12,0.000,0.000,0.000
99990,94319.30,25.00,0.0076,1.0137,0.1439,0.09,-0.02,-0.40,0.000,0.000,0.000
100000,94317.00,25.00,0.0197,1.0020,0.1280,0.28,-0.46,-0.03,0.000,0.000,0.000
100010,94324.43,25.00,-0.0345,0.9816,0.1283,-0.12,0.05,-0.15,0.000,0.000,0.000
100020,94320.56,25.00,0.0224,1.0242,0.0881,-0.05,-0.30,0.29,0.000,0.000,0.000
100030,94323.49,25.00,0.0247,1.0087,0.1215,0.53,-0.34,-0.61,0.000,0.000,0.000
100040,94320.95,25.00,0.0176,1.0425,0.1305,0.08,-0.51,0.01,0.000,0.000,0.000
100050,94325.84,25.00,-0.0027,0.9842,0.1292,0.31,-0.24,-0.37,0.000,0.000,0.000
100060,94320.54,25.00,0.0123,1.0105,0.1093,0.34,-0.52,-0.26,0.000,0.000,0.000
100070,94323.05,25.00,0.0450,0.9825,0.1562,-0.33,-0.79,-0.41,0.000,0.000,0.000
100080,94323.66,25.00,0.0152,0.9817,0.1140,0.66,0.20,-0.23,0.000,0.000,0.000
100090,94322.52,25.00,0.0489,1.0199,0.1393,0.22,-0.23,-0.21,0.000,0.000,0.000
100100,94315.89,25.00,0.0155,0.9957,0.1199,-0.29,-0.09,-0.43,0.000,0.000,0.000
100110,94321.75,25.00,0.0565,1.0050,0.0896,0.18,-0.68,-0.20,0.000,0.000,0.000
100120,94319.14,25.00,0.0492,0.9789,0.1172,0.10,-0.33,-0.49,0.000,0.000,0.000
100130,94323.64,25.00,0.0185,0.9876,0.0831,-0.16,-0.40,-0.42,0.000,0.000,0.000
100140,94318.00,25.00,-0.0007,1.0138,0.0751,0.01,-0.26,-0.10,0.000,0.000,0.000
100150,94325.10,25.00,0.0221,1.0450,0.1388,-0.03,-0.36,-0.36,0.000,0.000,0.000
100160,94321.99,25.00,0.0245,1.0246,0.1393,0.23,-0.55,0.07,0.000,0.000,0.000
100170,94322.27,25.00,-0.0065,1.0029,0.1220,0.38,0.49,-0.49,0.000,0.000,0.000
100180,94325.17,25.00,-0.0079,1.0252,0.1118,0.19,0.04,-0.32,0.000,0.000,0.000
100190,94322.32,25.00,0.0393,1.0126,0.1331,-0.29,-0.14,-0.11,0.000,0.000,0.000
100200,94321.66,25.00,0.0385,1.0388,0.0988,0.49,0.04,0.12,0.000,0.000,0.000
100210,94319.73,25.00,0.0247,0.9994,0.1414,-0.21,-0.37,0.13,0.000,0.000,0.000
100220,94322.10,25.00,0.0204,0.9862,0.1321,0.28,-0.04,0.01,0.000,0.000,0.000
100230,94319.18,25.00,0.0114,1.0003,0.0864,0.21,-0.16,-0.18,0.000,0.000,0.000
100240,94326.96,25.00,0.0397,1.0352,0.1465,0.79,-0.04,0.11,0.000,0.000,0.000
100250,94321.65,25.00,0.0416,0.9879,0.1008,-0.48,-0.54,-0.57,0.000,0.000,0.000
100260,94318.48,25.00,0.0115,1.0155,0.0927,0.39,-0.64,-0.53,0.000,0.000,0.000
100270,94320.54,25.00,0.0341,1.0333,0.1020,0.05,-0.67,-0.72,0.000,0.000,0.000
100280,94320.41,25.00,0.0216,1.0068,0.0531,-0.10,-0.19,-0.81,0.000,0.000,0.000
100290,94324.29,25.00,0.0436,0.9963,0.0965,0.53,-0.41,-0.14,0.000,0.000,0.000
100300,94321.00,25.00,0.0127,1.0125,0.0904,0.29,-0.76,-0.48,0.000,0.000,0.000
100310,94321.78,25.00,0.0350,0.9871,0.1037,-0.03,-0.28,-0.20,0.000,0.000,0.000
100320,94319.15,25.00,-0.0184,0.9909,0.1137,0.53,-0.12,0.25,0.000,0.000,0.000
100330,94319.33,25.00,0.0122,1.0331,0.0889,-0.46,-0.84,-0.14,0.000,0.000,0.000
100340,94320.33,25.00,0.0647,1.0329,0.1533,0.49,-0.40,-0.32,0.000,0.000,0.000
100350,94321.16,25.00,0.0242,1.0080,0.1233,0.60,-0.16,-0.09,0.000,0.000,0.000
100360,94322.29,25.00,0.0147,1.0051,0.1012,-0.13,-0.03,0.03,0.000,0.000,0.000
100370,94321.99,25.00,0.0112,1.0066,0.0741,0.36,-0.07,0.08,0.000,0.000,0.000
100380,94319.04,25.00,0.0402,0.9692,0.1131,-0.14,-0.21,-0.32,0.000,0.000,0.000
100390,94322.93,25.00,0.0229,0.9882,0.1017,0.36,-0.33,-0.07,0.000,0.000,0.000
100400,94319.97,25.00,0.0496,1.0169,0.1104,-0.19,-0.17,-0.62,0.000,0.000,0.000
100410,94323.09,25.00,0.0527,0.9927,0.1246,-0.44,-0.34,0.02,0.000,0.000,0.000
100420,94318.70,25.00,0.0519,0.9924,0.1520,0.06,-0.19,0.12,0.000,0.000,0.000
100430,94325.94,25.00,0.0323,0.9927,0.1074,0.22,-0.42,0.65,0.000,0.000,0.000
100440,94325.16,25.00,-0.0108,1.0371,0.0836,0.03,-0.25,-0.14,0.000,0.000,0.000
100450,94321.68,25.00,0.0107,1.0043,0.0796,0.16,-0.26,-0.43,0.000,0.000,0.000
100460,94322.71,25.00,0.0127,1.0232,0.1072,0.48,-0.39,-0.26,0.000,0.000,0.000
100470,94324.04,25.00,0.0184,1.0377,0.1202,-0.35,-0.31,-0.17,0.000,0.000,0.000
100480,94319.33,25.00,0.0424,1.0307,0.1407,0.12,-0.61,-0.22,0.000,0.000,0.000
100490,94322.40,25.00,0.0552,1.0075,0.1088,-0.02,-0.38,-0.19,0.000,0.000,0.000
100500,94323.37,25.00,0.0248,1.0239,0.1123,-0.08,0.12,-0.22,0.000,0.000,0.000
100510,94321.55,25.00,0.0239,1.0067,0.0831,-0.11,-0.36,0.36,0.000,0.000,0.000
100520,94322.58,25.00,0.0442,0.9989,0.1261,0.13,-0.89,-0.59,0.000,0.000,0.000
100530,94315.46,25.00,0.0334,1.0110,0.1043,-0.34,-0.03,-0.93,0.000,0.000,0.000
100540,94316.50,25.00,-0.0105,1.0365,0.1254,0.05,-0.62,0.04,0.000,0.000,0.000
100550,94325.38,25.00,0.0404,1.0301,0.1251,-0.26,-0.69,0.09,0.000,0.000,0.000
100560,94322.97,25.00,-0.0204,1.0258,0.0963,-0.18,-0.22,-0.11,0.000,0.000,0.000
100570,94321.49,25.00,0.0532,0.9927,0.1178,-0.31,-0.47,-0.25,0.000,0.000,0.000
100580,94318.83,25.00,0.0133,0.9994,0.0971,0.51,-0.25,-0.06,0.000,0.000,0.000
100590,94318.80,25.00,0.0301,1.0072,0.1107,-0.12,0.10,-0.36,0.000,0.000,0.000
100600,94320.00,25.00,0.0137,1.0264,0.1011,-0.77,-0.13,-0.15,0.000,0.000,0.000
100610,94318.06,25.00,0.0146,1.0452,0.0986,0.18,-0.91,-0.24,0.000,0.000,0.000
100620,94323.06,25.00,0.0281,1.0096,0.1267,-0.11,-0.16,-0.64,0.000,0.000,0.000
100630,94317.63,25.00,0.0211,0.9953,0.1088,0.39,-0.62,-0.68,0.000,0.000,0.000
100640,94320.73,25.00,0.0134,1.0130,0.0820,-0.19,-0.21,0.14,0.000,0.000,0.000
100650,94316.89,25.00,0.0266,0.9857,0.0988,0.41,0.04,-0.13,0.000,0.000,0.000
100660,94318.31,25.00,0.0326,0.9944,0.1501,0.20,-0.17,0.17,0.000,0.000,0.000
100670,94320.95,25.00,0.0510,1.0329,0.1316,0.10,-0.25,-0.86,0.000,0.000,0.000
100680,94323.21,25.00,0.0134,1.0175,0.1412,-0.15,0.26,0.00,0.000,0.000,0.000
100690,94325.53,25.00,0.0368,1.0042,0.1092,-0.28,-0.35,0.10,0.000,0.000,0.000
100700,94322.06,25.00,0.0051,1.0288,0.1286,-0.10,-0.01,-0.38,0.000,0.000,0.000
100710,94322.31,25.00,0.0189,1.0238,0.1260,0.39,-0.48,0.06,0.000,0.000,0.000
100720,94316.96,25.00,0.0663,0.9994,0.0921,0.05,-0.82,-0.32,0.000,0.000,0.000
100730,94318.52,25.00,0.0137,1.0133,0.0817,-0.40,-0.21,-0.63,0.000,0.000,0.000
100740,94323.10,25.00,0.0163,1.0517,0.1507,-0.44,-0.48,-0.01,0.000,0.000,0.000
100750,94321.17,25.00,0.0152,1.0121,0.1689,-0.16,-0.54,-0.31,0.000,0.000,0.000
100760,94321.44,25.00,0.0524,0.9870,0.1130,0.48,-0.06,-0.53,0.000,0.000,0.000
100770,94319.58,25.00,0.0453,1.0008,0.1397,-0.05,-0.54,-0.22,0.000,0.000,0.000
100780,94320.17,25.00,0.0243,1.0268,0.1071,-0.10,-0.34,0.33,0.000,0.000,0.000
100790,94320.35,25.00,0.0363,1.0093,0.1084,0.32,0.13,-0.35,0.000,0.000,0.000
100800,94324.87,25.00,0.0261,0.9969,0.1012,0.52,-0.20,-0.29,0.000,0.000,0.000
100810,94321.46,25.00,0.0211,1.0394,0.1032,0.08,-0.39,-0.50,0.000,0.000,0.000
100820,94321.88,25.00,-0.0129,1.0346,0.1114,0.19,0.19,0.15,0.000,0.000,0.000
100830,94319.91,25.00,0.0131,1.0498,0.1207,0.02,-0.13,-0.15,0.000,0.000,0.000
100840,94321.07,25.00,0.0234,1.0009,0.1140,-0.03,-0.34,-0.14,0.000,0.000,0.000
100850,94322.14,25.00,0.0063,1.0139,0.0983,0.34,-0.70,0.04,0.000,0.000,0.000
100860,94318.42,25.00,0.0638,1.0128,0.1214,0.17,0.03,-0.38,0.000,0.000,0.000
100870,94325.27,25.00,-0.0127,0.9838,0.1123,0.15,-0.47,-0.11,0.000,0.000,0.000
100880,94318.26,25.00,0.0125,1.0046,0.1604,0.30,-0.47,-0.64,0.000,0.000,0.000
100890,94319.79,25.00,0.0223,1.0296,0.1313,-0.12,-0.26,-0.58,0.000,0.000,0.000
100900,94321.98,25.00,0.0275,0.9744,0.1537,0.18,-0.21,-0.09,0.000,0.000,0.000
100910,94322.98,25.00,0.0192,1.0255,0.1280,-0.01,0.03,-0.09,0.000,0.000,0.000
100920,94323.37,25.00,-0.0094,1.0090,0.1111,-0.26,-0.04,-0.24,0.000,0.000,0.000
100930,94320.94,25.00,0.0328,0.9684,0.1117,-0.12,-0.26,-0.37,0.000,0.000,0.000
100940,94320.42,25.00,0.0313,0.9859,0.1093,0.20,-0.24,-0.32,0.000,0.000,0.000
100950,94323.96,25.00,0.0472,1.0132,0.1200,-0.02,-0.18,-0.12,0.000,0.000,0.000
100960,94324.32,25.00,0.0473,1.0062,0.0966,0.04,-0.59,-0.60,0.000,0.000,0.000
100970,94322.78,25.00,0.0134,1.0173,0.1418,-0.31,-0.45,-0.64,0.000,0.000,0.000
100980,94321.33,25.00,0.0336,0.9863,0.1288,0.39,-0.43,-0.20,0.000,0.000,0.000
100990,94322.05,25.00,0.0344,1.0236,0.1140,-0.03,-0.18,-0.04,0.000,0.000,0.000
101000,94320.61,25.00,0.0254,0.9739,0.0817,0.48,-0.00,-0.22,0.000,0.000,0.000
101010,94321.68,25.00,0.0203,1.0558,0.0906,0.14,-0.16,-0.34,0.000,0.000,0.000
101020,94322.45,25.00,0.0205,0.9927,0.1058,0.02,-0.19,0.11,0.000,0.000,0.000
101030,94321.36,25.00,0.0178,1.0125,0.0743,-0.44,-0.23,-0.51,0.000,0.000,0.000
101040,94323.11,25.00,0.0211,0.9719,0.1155,0.16,-0.23,0.52,0.000,0.000,0.000
101050,94322.53,25.00,0.0158,1.0078,0.1195,-0.23,-0.56,-0.33,0.000,0.000,0.000
101060,94319.16,25.00,0.0469,1.0098,0.1197,-0.04,-0.24,-1.04,0.000,0.000,0.000
101070,94319.61,25.00,0.0238,1.0148,0.0979,0.20,-0.45,-0.50,0.000,0.000,0.000
101080,94319.92,25.00,0.0172,1.0262,0.1108,0.04,-0.12,-0.15,0.000,0.000,0.000
101090,94322.41,25.00,-0.0122,1.0086,0.1652,0.26,-0.44,-0.03,0.000,0.000,0.000
101100,94321.32,25.00,-0.0133,1.0197,0.0904,0.24,0.15,-0.31,0.000,0.000,0.000
101110,94321.82,25.00,0.0085,1.0228,0.1332,-0.02,-0.23,-0.09,0.000,0.000,0.000
101120,94325.65,25.00,0.0069,0.9932,0.1147,-0.12,-0.65,0.04,0.000,0.000,0.000
101130,94321.56,25.00,0.0082,1.0350,0.1096,0.07,-0.42,-0.07,0.000,0.000,0.000
101140,94322.93,25.00,0.0154,1.0036,0.1031,0.16,-1.00,-0.00,0.000,0.000,0.000
101150,94320.34,25.00,0.0318,1.0047,0.0845,0.41,-0.44,-0.21,0.000,0.000,0.000
101160,94320.72,25.00,0.0326,1.0165,0.1381,0.23,-0.06,-0.13,0.000,0.000,0.000
101170,94322.35,25.00,0.0280,1.0280,0.1062,-0.16,-0.15,-0.17,0.000,0.000,0.000
101180,94323.27,25.00,0.0247,1.0090,0.1371,-0.02,-0.75,-0.40,0.000,0.000,0.000
101190,94321.18,25.00,0.0178,0.9618,0.0925,0.67,-0.55,-0.36,0.000,0.000,0.000
101200,94320.66,25.00,0.0113,0.9716,0.0753,0.19,-0.22,-0.05,0.000,0.000,0.000
101210,94322.48,25.00,0.0265,1.0097,0.1597,0.04,0.17,-0.19,0.000,0.000,0.000
101220,94321.10,25.00,0.0200,1.0432,0.1012,0.52,-0.25,0.01,0.000,0.000,0.000
101230,94323.62,25.00,0.0262,0.9867,0.1085,-0.13,0.06,-0.17,0.000,0.000,0.000
101240,94323.24,25.00,0.0278,1.0478,0.0877,-0.08,-0.31,-0.12,0.000,0.000,0.000
101250,94324.88,25.00,-0.0148,0.9655,0.1438,-0.14,-0.25,0.01,0.000,0.000,0.000
101260,94323.13,25.00,0.0323,0.9981,0.1028,-0.06,-0.42,-0.07,0.000,0.000,0.000
101270,94322.91,25.00,0.0553,1.0158,0.1237,0.13,0.00,0.25,0.000,0.000,0.000
101280,94317.91,25.00,0.0224,1.0047,0.1193,0.08,-0.21,-0.10,0.000,0.000,0.000
101290,94319.35,25.00,-0.0095,0.9996,0.0980,-0.69,-0.19,0.11,0.000,0.000,0.000
101300,94325.27,25.00,0.0254,1.0250,0.1383,-0.20,-0.22,-0.16,0.000,0.000,0.000
101310,94322.44,25.00,0.0188,1.0405,0.1036,0.02,0.31,-0.37,0.000,0.000,0.000
101320,94324.18,25.00,0.0806,1.0092,0.1434,-0.09,-0.53,-0.36,0.000,0.000,0.000
101330,94319.11,25.00,0.0656,1.0091,0.1375,0.17,-0.16,-0.53,0.000,0.000,0.000
101340,94322.75,25.00,0.0599,1.0172,0.1225,0.64,-0.65,-0.59,0.000,0.000,0.000
101350,94322.66,25.00,0.0447,0.9777,0.1183,-0.15,-0.21,-0.44,0.000,0.000,0.000
101360,94321.52,25.00,0.0097,1.0080,0.1153,0.08,-0.06,0.41,0.000,0.000,0.000
101370,94318.90,25.00,0.0227,1.0163,0.0994,0.19,-0.20,-0.56,0.000,0.000,0.000
101380,94323.34,25.00,0.0142,1.0112,0.1212,0.05,-0.14,0.08,0.000,0.000,0.000
101390,94324.78,25.00,0.0370,0.9996,0.1083,0.32,-0.31,-0.12,0.000,0.000,0.000
101400,94321.31,25.00,0.0446,0.9965,0.1250,0.30,-0.47,-0.10,0.000,0.000,0.000
101410,94317.91,25.00,-0.0108,1.0113,0.1393,0.39,0.50,-0.22,0.000,0.000,0.000
101420,94317.01,25.00,0.0084,1.0181,0.0888,0.17,-0.27,-0.47,0.000,0.000,0.000
101430,94322.77,25.00,0.0297,0.9846,0.1092,-0.22,-0.84,0.04,0.000,0.000,0.000
101440,94323.74,25.00,0.0189,1.0049,0.0945,-0.08,0.13,-0.01,0.000,0.000,0.000
101450,94328.01,25.00,0.0332,1.0171,0.0899,0.22,0.22,-0.12,0.000,0.000,0.000
101460,94319.71,25.00,0.0159,1.0142,0.0904,0.14,-0.13,0.17,0.000,0.000,0.000
101470,94321.55,25.00,0.0289,1.0295,0.1013,-0.09,-0.43,-0.58,0.000,0.000,0.000
101480,94320.36,25.00,-0.0089,1.0018,0.0630,-0.11,-0.23,-0.60,0.000,0.000,0.000
101490,94321.09,25.00,0.0171,0.9874,0.0787,0.48,0.15,-0.14,0.000,0.000,0.000
101500,94322.28,25.00,0.0052,1.0214,0.1318,-0.38,-0.51,0.33,0.000,0.000,0.000
101510,94322.82,25.00,0.0448,1.0153,0.1186,0.21,-0.43,-0.09,0.000,0.000,0.000
101520,94323.81,25.00,-0.0021,1.0210,0.1371,0.51,-0.57,0.17,0.000,0.000,0.000
101530,94321.81,25.00,0.0269,1.0372,0.1169,0.22,-0.75,-0.22,0.000,0.000,0.000
101540,94321.43,25.00,0.0052,0.9952,0.0952,0.45,-0.06,0.04,0.000,0.000,0.000
101550,94322.64,25.00,0.0755,1.0185,0.1309,0.22,0.38,0.03,0.000,0.000,0.000
101560,94321.75,25.00,0.0224,0.9981,0.1064,0.43,0.11,0.30,0.000,0.000,0.000
101570,94325.22,25.00,0.0225,1.0253,0.0926,0.07,-0.33,0.08,0.000,0.000,0.000
101580,94327.75,25.00,0.0085,1.0029,0.1252,0.36,-0.51,0.38,0.000,0.000,0.000
101590,94321.39,25.00,-0.0102,1.0188,0.1325,0.17,0.11,-0.25,0.000,0.000,0.000
101600,94320.19,25.00,0.0263,1.0198,0.1240,-0.24,-0.13,-0.35,0.000,0.000,0.000
101610,94322.72,25.00,0.0649,1.0146,0.1072,-0.22,-0.45,0.11,0.000,0.000,0.000
101620,94324.10,25.00,0.0022,0.9832,0.0870,0.23,-0.20,-0.37,0.000,0.000,0.000
101630,94320.49,25.00,-0.0058,1.0098,0.1365,-0.34,-0.48,-0.41,0.000,0.000,0.000
101640,94322.92,25.00,0.0563,1.0035,0.0744,0.04,-0.36,-0.07,0.000,0.000,0.000
101650,94322.59,25.00,0.0088,1.0138,0.0633,0.66,0.03,-0.42,0.000,0.000,0.000
101660,94317.01,25.00,0.0255,1.0111,0.1303,0.33,0.29,-0.59,0.000,0.000,0.000
101670,94322.34,25.00,0.0163,1.0010,0.0910,0.28,-0.75,-0.01,0.000,0.000,0.000
101680,94322.08,25.00,0.0029,1.0114,0.1241,0.05,-0.29,-0.39,0.000,0.000,0.000
101690,94321.15,25.00,0.0113,1.0427,0.1204,0.24,-0.54,-0.29,0.000,0.000,0.000
101700,94322.13,25.00,0.0328,1.0466,0.0966,-0.03,-0.20,-0.53,0.000,0.000,0.000
101710,94323.04,25.00,0.0209,1.0061,0.1267,0.34,-0.16,-0.56,0.000,0.000,0.000
101720,94323.28,25.00,0.0436,1.0168,0.1012,-0.17,-0.58,-0.09,0.000,0.000,0.000
101730,94317.25,25.00,0.0580,1.0436,0.0754,0.09,-0.26,-0.60,0.000,0.000,0.000
101740,94321.83,25.00,0.0280,1.0644,0.0926,-0.07,0.01,-0.23,0.000,0.000,0.000
101750,94322.97,25.00,0.0317,0.9754,0.1219,0.18,-0.60,-0.72,0.000,0.000,0.000
101760,94323.87,25.00,0.0357,1.0524,0.1230,0.34,-0.30,-0.05,0.000,0.000,0.000
101770,94322.70,25.00,0.0208,0.9753,0.1168,-0.44,-0.47,-0.14,0.000,0.000,0.000
101780,94322.60,25.00,0.0207,0.9995,0.1128,0.15,-0.28,0.00,0.000,0.000,0.000
101790,94320.89,25.00,0.0258,1.0126,0.1202,-0.16,-0.12,-0.26,0.000,0.000,0.000
101800,94319.57,25.00,0.0440,1.0139,0.1268,0.47,0.06,-0.14,0.000,0.000,0.000
101810,94320.85,25.00,0.0205,1.0042,0.1097,-0.60,0.02,0.03,0.000,0.000,0.000
101820,94325.56,25.00,0.0440,1.0349,0.1181,0.06,-0.46,-0.55,0.000,0.000,0.000
101830,94327.26,25.00,0.0489,0.9844,0.1013,0.18,-0.66,-0.49,0.000,0.000,0.000
101840,94319.15,25.00,0.0249,1.0152,0.0849,-0.20,-0.20,0.33,0.000,0.000,0.000
101850,94324.88,25.00,0.0070,0.9819,0.0923,-0.04,-0.45,0.04,0.000,0.000,0.000
101860,94320.12,25.00,0.0303,0.9696,0.1465,0.10,-0.26,0.41,0.000,0.000,0.000
101870,94319.01,25.00,0.0291,1.0108,0.1163,-0.38,-0.13,0.20,0.000,0.000,0.000
101880,94322.35,25.00,-0.0085,1.0012,0.1052,-0.37,-0.12,-0.49,0.000,0.000,0.000
101890,94323.27,25.00,0.0367,0.9944,0.0993,-0.08,-0.47,-0.02,0.000,0.000,0.000
101900,94317.19,25.00,0.0073,0.9862,0.1077,0.40,-0.52,-0.84,0.000,0.000,0.000
101910,94319.56,25.00,-0.0092,0.9844,0.1173,0.21,-0.06,0.11,0.000,0.000,0.000
101920,94323.98,25.00,0.0092,1.0226,0.1318,-0.20,-0.45,-0.05,0.000,0.000,0.000
101930,94330.70,25.00,0.0068,1.0136,0.1170,0.06,-0.31,-0.43,0.000,0.000,0.000
101940,94322.91,25.00,0.0167,1.0089,0.0600,0.50,0.26,-0.31,0.000,0.000,0.000
101950,94322.83,25.00,-0.0086,1.0010,0.1195,-0.29,0.13,0.15,0.000,0.000,0.000
101960,94317.75,25.00,0.0398,0.9978,0.1153,0.34,-0.14,-0.42,0.000,0.000,0.000
101970,94325.71,25.00,-0.0152,1.0182,0.1324,-0.30,-0.81,-0.13,0.000,0.000,0.000
101980,94322.59,25.00,0.0715,1.0133,0.1210,-0.19,0.02,-0.41,0.000,0.000,0.000
101990,94324.78,25.00,-0.0240,0.9656,0.0835,0.48,-1.01,0.14,0.000,0.000,0.000
102000,94320.73,25.00,-0.0160,1.0487,0.0976,-0.10,-0.21,-0.13,0.000,0.000,0.000
102010,94323.89,25.00,0.0058,1.0244,0.1049,0.52,-0.36,-0.52,0.000,0.000,0.000
102020,94325.00,25.00,0.0456,0.9740,0.0950,0.39,-0.09,-0.53,0.000,0.000,0.000
102030,94325.53,25.00,0.0252,1.0048,0.1056,-0.15,-0.63,-0.10,0.000,0.000,0.000
102040,94324.20,25.00,0.0184,0.9635,0.0863,0.03,-0.30,0.05,0.000,0.000,0.000
102050,94318.91,25.00,0.0380,1.0358,0.1218,0.11,0.18,0.01,0.000,0.000,0.000
102060,94320.91,25.00,-0.0117,1.0158,0.1304,0.11,-0.39,-0.59,0.000,0.000,0.000
102070,94318.49,25.00,0.0322,1.0187,0.1114,-0.02,-0.66,0.14,0.000,0.000,0.000
102080,94317.48,25.00,0.0392,1.0157,0.0976,0.64,-0.06,-0.30,0.000,0.000,0.000
102090,94323.53,25.00,0.0303,1.0194,0.1381,0.01,-0.46,0.30,0.000,0.000,0.000
102100,94322.88,25.00,-0.0107,0.9917,0.0943,-0.01,-0.34,0.45,0.000,0.000,0.000
102110,94321.35,25.00,-0.0049,1.0276,0.1039,0.25,-0.48,0.28,0.000,0.000,0.000
102120,94319.49,25.00,0.0781,1.0131,0.0951,-0.65,0.16,0.01,0.000,0.000,0.000
102130,94317.47,25.00,0.0228,1.0093,0.1086,0.81,-0.47,-0.04,0.000,0.000,0.000
102140,94321.58,25.00,0.0327,1.0145,0.1263,-0.13,-0.61,-0.07,0.000,0.000,0.000
102150,94322.55,25.00,0.0117,1.0183,0.1241,-0.24,-0.09,-0.09,0.000,0.000,0.000
102160,94321.96,25.00,0.0339,1.0292,0.1133,0.22,0.06,-0.08,0.000,0.000,0.000
102170,94321.93,25.00,0.0281,0.9957,0.0840,0.07,-0.04,-0.10,0.000,0.000,0.000
102180,94321.85,25.00,-0.0162,1.0121,0.1065,0.32,-0.30,-0.57,0.000,0.000,0.000
102190,94320.63,25.00,0.0413,1.0199,0.0896,-0.10,-0.32,-0.44,0.000,0.000,0.000
102200,94319.23,25.00,-0.0080,1.0184,0.1304,0.43,-0.03,-0.17,0.000,0.000,0.000
102210,94319.18,25.00,0.0143,1.0131,0.1129,-0.42,-0.07,0.38,0.000,0.000,0.000
102220,94326.44,25.00,0.0685,1.0099,0.1242,0.30,-0.02,-0.15,0.000,0.000,0.000
102230,94322.05,25.00,0.0515,0.9846,0.1346,-0.05,-0.30,0.14,0.000,0.000,0.000
102240,94325.31,25.00,0.0224,1.0187,0.1222,0.57,-0.46,-0.27,0.000,0.000,0.000
102250,94323.71,25.00,0.0464,0.9910,0.1264,-0.50,0.14,-0.55,0.000,0.000,0.000
102260,94320.72,25.00,0.0261,0.9835,0.0863,0.01,0.08,0.14,0.000,0.000,0.000
102270,94323.18,25.00,0.0043,1.0384,0.1060,0.16,-0.49,-0.50,0.000,0.000,0.000
102280,94323.31,25.00,0.0371,0.9798,0.1198,0.20,-0.40,-0.09,0.000,0.000,0.000
102290,94325.63,25.00,0.0181,1.0139,0.1191,0.17,0.03,-0.48,0.000,0.000,0.000
102300,94320.65,25.00,0.0329,1.0013,0.1502,0.36,-0.12,-0.40,0.000,0.000,0.000
102310,94321.74,25.00,0.0697,1.0029,0.0938,-0.18,0.02,-0.30,0.000,0.000,0.000
102320,94322.07,25.00,0.0388,0.9926,0.1288,0.02,0.14,-0.11,0.000,0.000,0.000
102330,94324.80,25.00,0.0232,1.0295,0.0774,0.65,-0.05,-0.30,0.000,0.000,0.000
102340,94324.64,25.00,0.0318,0.9802,0.1005,0.20,-0.36,0.21,0.000,0.000,0.000
102350,94323.27,25.00,0.0332,0.9848,0.1225,-0.10,-0.32,0.43,0.000,0.000,0.000
102360,94320.12,25.00,-0.0022,1.0289,0.0834,-0.05,-0.63,-0.39,0.000,0.000,0.000
102370,94321.34,25.00,0.0494,1.0334,0.1293,0.21,-0.25,-0.23,0.000,0.000,0.000
102380,94325.91,25.00,0.0521,1.0150,0.1436,-0.04,0.03,-0.31,0.000,0.000,0.000
102390,94319.76,25.00,0.0519,1.0421,0.1283,0.13,-0.17,-0.66,0.000,0.000,0.000
102400,94324.10,25.00,0.0223,0.9912,0.1092,0.12,-0.40,-0.51,0.000,0.000,0.000
102410,94326.21,25.00,0.0125,0.9683,0.1405,0.48,-0.10,-0.30,0.000,0.000,0.000
102420,94322.00,25.00,0.0270,0.9947,0.1185,0.05,-0.18,0.13,0.000,0.000,0.000
102430,94321.93,25.00,0.0580,1.0023,0.1340,0.04,-0.01,-0.06,0.000,0.000,0.000
102440,94323.91,25.00,0.0248,1.0272,0.1154,0.08,0.11,-0.42,0.000,0.000,0.000
102450,94320.96,25.00,0.0155,1.0107,0.1037,0.01,-0.40,0.63,0.000,0.000,0.000
102460,94322.69,25.00,0.0175,0.9623,0.1339,0.12,-0.08,-0.40,0.000,0.000,0.000
102470,94325.80,25.00,0.0318,1.0182,0.1056,0.19,-0.34,-0.83,0.000,0.000,0.000
102480,94325.04,25.00,-0.0031,1.0195,0.1325,-0.24,-0.44,-0.00,0.000,0.000,0.000
102490,94323.19,25.00,0.0221,0.9767,0.1001,-0.00,-0.07,-0.36,0.000,0.000,0.000
102500,94321.91,25.00,0.0207,0.9870,0.0738,-0.04,-0.04,-0.26,0.000,0.000,0.000
102510,94321.48,25.00,0.0293,0.9875,0.0836,-0.01,-0.53,-0.12,0.000,0.000,0.000
102520,94322.43,25.00,-0.0093,1.0238,0.0971,0.38,-0.22,-1.03,0.000,0.000,0.000
102530,94320.71,25.00,0.0583,0.9975,0.1470,-0.14,0.30,-0.08,0.000,0.000,0.000
102540,94321.24,25.00,0.0502,0.9917,0.1363,0.31,-0.45,0.34,0.000,0.000,0.000
102550,94326.16,25.00,0.0331,1.0033,0.1476,0.36,-0.11,-0.14,0.000,0.000,0.000
102560,94323.65,25.00,-0.0040,1.0003,0.0944,0.21,-0.42,0.38,0.000,0.000,0.000
102570,94322.12,25.00,0.0351,1.0019,0.1070,0.06,-0.27,-0.69,0.000,0.000,0.000
102580,94318.42,25.00,0.0790,1.0039,0.1212,0.06,-0.13,-0.23,0.000,0.000,0.000
102590,94315.46,25.00,-0.0128,1.0377,0.1222,0.56,-0.60,-0.76,0.000,0.000,0.000
102600,94323.42,25.00,0.0303,1.0256,0.1086,0.01,-0.42,-0.44,0.000,0.000,0.000
102610,94320.66,25.00,0.0215,1.0034,0.1030,0.54,-0.97,-0.38,0.000,0.000,0.000
102620,94321.03,25.00,0.0287,1.0272,0.1052,0.30,-0.11,-0.52,0.000,0.000,0.000
102630,94325.17,25.00,0.0217,0.9942,0.1445,-0.33,-0.16,-0.36,0.000,0.000,0.000
102640,94320.42,25.00,0.0283,0.9489,0.1014,0.27,-0.28,0.10,0.000,0.000,0.000
102650,94319.99,25.00,0.0254,0.9985,0.1196,-0.10,-0.39,-0.58,0.000,0.000,0.000
102660,94321.11,25.00,0.0221,0.9741,0.0928,0.71,-0.39,-0.43,0.000,0.000,0.000
102670,94321.02,25.00,0.0425,0.9849,0.1396,0.03,-0.30,-0.36,0.000,0.000,0.000
102680,94321.55,25.00,0.0356,0.9911,0.1203,0.23,-0.28,-0.09,0.000,0.000,0.000
102690,94322.01,25.00,0.0405,0.9839,0.1384,0.09,-0.47,-0.30,0.000,0.000,0.000
102700,94318.17,25.00,0.0153,1.0274,0.1112,-0.05,0.40,-0.28,0.000,0.000,0.000
102710,94320.81,25.00,0.0614,1.0048,0.1158,0.41,0.27,-0.62,0.000,0.000,0.000
102720,94320.95,25.00,0.0254,1.0381,0.1111,-0.22,-0.52,-0.19,0.000,0.000,0.000
102730,94318.50,25.00,0.0275,1.0140,0.1238,0.18,-0.04,-0.29,0.000,0.000,0.000
102740,94326.20,25.00,0.0189,1.0057,0.1210,-0.14,-0.47,-0.63,0.000,0.000,0.000
102750,94323.20,25.00,0.0435,0.9725,0.1067,-0.13,-0.30,-0.74,0.000,0.000,0.000
102760,94322.38,25.00,-0.0069,1.0374,0.0995,-0.04,-0.07,0.12,0.000,0.000,0.000
102770,94325.79,25.00,0.0218,1.0119,0.1357,0.26,-0.29,-0.24,0.000,0.000,0.000
102780,94320.68,25.00,-0.0097,0.9974,0.1316,0.25,-0.34,-0.46,0.000,0.000,0.000
102790,94321.33,25.00,0.0267,0.9876,0.1332,0.12,-0.46,0.06,0.000,0.000,0.000
102800,94319.84,25.00,0.0077,0.9885,0.1185,0.18,-0.62,-0.32,0.000,0.000,0.000
102810,94318.30,25.00,-0.0030,0.9857,0.0846,-0.60,-0.56,-0.37,0.000,0.000,0.000
102820,94326.91,25.00,0.0282,1.0213,0.1053,0.20,-0.49,0.16,0.000,0.000,0.000
